-- phpMyAdmin SQL Dump
-- version 4.5.1
-- http://www.phpmyadmin.net
--
-- Host: 127.0.0.1
-- Generation Time: Nov 23, 2016 at 03:35 PM
-- Server version: 10.1.16-MariaDB
-- PHP Version: 5.5.38

SET SQL_MODE = "NO_AUTO_VALUE_ON_ZERO";
SET time_zone = "+00:00";


/*!40101 SET @OLD_CHARACTER_SET_CLIENT=@@CHARACTER_SET_CLIENT */;
/*!40101 SET @OLD_CHARACTER_SET_RESULTS=@@CHARACTER_SET_RESULTS */;
/*!40101 SET @OLD_COLLATION_CONNECTION=@@COLLATION_CONNECTION */;
/*!40101 SET NAMES utf8mb4 */;

--
-- Database: `acc`
--
CREATE DATABASE IF NOT EXISTS `acc` DEFAULT CHARACTER SET latin1 COLLATE latin1_swedish_ci;
USE `acc`;
--
-- Database: `acsi`
--
CREATE DATABASE IF NOT EXISTS `acsi` DEFAULT CHARACTER SET latin1 COLLATE latin1_swedish_ci;
USE `acsi`;

-- --------------------------------------------------------

--
-- Table structure for table `account1_tbl`
--

CREATE TABLE `account1_tbl` (
  `Account_no` varchar(12) NOT NULL,
  `First_Name` text NOT NULL,
  `Middle_Name` text NOT NULL,
  `Last_Name` text NOT NULL,
  `Balance` int(11) NOT NULL DEFAULT '25',
  `Created_Date` date NOT NULL,
  `Status` text NOT NULL,
  `Mobile` varchar(13) NOT NULL,
  `Photo` blob NOT NULL
) ENGINE=InnoDB DEFAULT CHARSET=latin1;

--
-- Dumping data for table `account1_tbl`
--

INSERT INTO `account1_tbl` (`Account_no`, `First_Name`, `Middle_Name`, `Last_Name`, `Balance`, `Created_Date`, `Status`, `Mobile`, `Photo`) VALUES
('0', '0', 'Tola', 'Gammada', 76893, '0000-00-00', 'married', '25634323', 0x30),
('0', '0', 'Girma', 'Gamo', 50000, '0000-00-00', 'married', '251124232', 0x30),
('0', '0', 'Lembo', 'Lata', 10983, '0000-00-00', 'married', '2147483647', 0x30),
('0', '0', 'Chekiso', 'Chala', 90000, '0000-00-00', 'disvorced', '2147483647', 0x30),
('0', '0', 'Bekele', 'Belete', 71128, '0000-00-00', 'single', '251442313', 0x30),
('0', '0', 'Hagos', 'Teklay', 25575, '0000-00-00', 'disvorced', '251632413', 0x30);

-- --------------------------------------------------------

--
-- Table structure for table `account_tbl`
--

CREATE TABLE `account_tbl` (
  `Account_no` int(12) NOT NULL,
  `First_Name` text NOT NULL,
  `Middle_Name` text NOT NULL,
  `Last_Name` text NOT NULL,
  `Balance` int(11) NOT NULL,
  `Created_Date` date NOT NULL,
  `Status` text NOT NULL,
  `Mobile` int(11) NOT NULL,
  `Photo` blob NOT NULL
) ENGINE=InnoDB DEFAULT CHARSET=latin1;

--
-- Dumping data for table `account_tbl`
--

INSERT INTO `account_tbl` (`Account_no`, `First_Name`, `Middle_Name`, `Last_Name`, `Balance`, `Created_Date`, `Status`, `Mobile`, `Photo`) VALUES
(1147483647, 'tilahun gg', 'fgtdgh', 'dfssa', 345, '2016-11-09', 'fsxvgfdg', 45675678, 0xffd8ffe000104a46494600010100000100010000ffdb0084000906071313121512121316161516181e1a18171819181a18181d1a1e191d1f1a1e181a1d28212020271d1a1e213221252a2b2e2e2e171f3338332d37282d2e2b010a0a0a0e0d0e1b10101b2d2520262d2d2d2d2d2f2d2d2d2d2d2d2d2d2d2d2d2d2d2d2d2d2d2d2d2d2d2d2d2d2d2d2d2d2d2d2d2d2d2d2d2d2d2d2d2d2d2d2d2dffc000110800cd00f603011100021101031101ffc4001c0000010501010100000000000000000000050003040607010208ffc4004c100002010203050306080c06000603000001020304110012210506133141225161071432718191152342525393a1d1162433546264728292b1c1d243a2a3b2e2f01734c2d3e1f16373b3ffc4001b01000105010100000000000000000000000400010203050607ffc4003a110001030302040404020a03010101000001000203041121123105134151226171a1143281911542062333525362b1c1d1f063e1f1a27243ffda000c03010002110311003f00dc70924b0924b0924b0925e4b6124876dbdb90d2c6659982a8f793dc073274c3388032ac8a27c8ed2d0b27deade992a0da6cd1c445d6954d9defc8cce3d11fa235d7a7a5812493bae868787f460b9eae3b0f454cacad792d7202afa28bd944efb28d35ea4dc9ea4e0473c95d0d353c716464fba9dbaab9aa153223e757191c5c37658e51dc4dad7163a9c4a0b175951c505a1bdc8b597aaea447a55a9863e1e56e1ce999d8293aa38ce4901869cf98c4a4682db854d2544ac9b952baf7170535b1b6e4b0bc203bf0e3903e4074e633017e856fa72beb883252db0e889aaa18e50e207888b5d33e64d5133f9b46f202c4a85524804dc036b81ed386734bdd76852655329e20267004047697c9f56119a5e142a05cf11c660395f2a5fc3a8e7df8b994af280a8fd20a668b3413f444e0f27a9ce5aa9391f469dd476412406939e834d072c5e2848dcacb77e9181f230044e5f27346888fc4a96ced9402f0a58d98ea4ae9e89eb890a36a1dff00a493daf609da3f27745212b7994817bacb1bf2b772dafaf2c39a3628b7f486a4f40a23f93880b141e76ac00275a7750189173e89e87bce18d132d7054c7e92545ec5a3ec85cde4f6e334752729058196191172daf7322dd40b7536c56684f428d8bf499bf9989a9b75f69d33c52f0b8bc037428438517bdb29b35afd2ddfcb1030cadb75b2bc5750ccd73492356fe6aa556ad9d83a956b92548208b9ee6d7df81a40e072b729cc4630184108c6ebb4514b1ccec59f3b048950b1be5211c9bf473e8804e80e2d8434104acee26e91ed7460580c93d3e896f0d53c4c94f60ad086567594c8ec5f570d25974e994003537c3cef20d94386533256f35dd7a5adb200302addb22345b46c04720cf18e42f668fc637b5d7beda83d462f6c846eb32a285ae25ccb077b1f55a1eeb6fcb4202d4319a9fd113dad2447a2cca2feacc39f8f43192db7d973357417778459ddbbfa2d3a9aa96450e8432b0b820dc107b8e0819d96339a5a6c53c0e1d32ee124961249612496124961249612496124bce6c24dba05bd1bc31d24799aed231b471aeaf2374000f1235c45ef0d088829ccc6dd3bac777836ec8d2996560f500d96dac74dd72a0e4d277b74234d45c0324b6f55d4d1500736cdc37dddff005d956f31249249249249d6e4f79381b55cdcadd1106b34b70acdb336bc4d22d33c37a7925840466fc91165770c05cdcb13af31cfa8c10c9013a4ac39e8a66339dabc40127cd04955e9ea1b292af0c8729e44146d0dbd9cb14e58f5a6c0da9a6009bdc651da1a0a9ac79658235a78651f1cc5cac245ee756e7adf402c3969adc86b1ef38165932cf4f48c0253a9cddbc95cb66ee0534015e757a9ea481d85e5fe1839987f17ab04474cd1beeb22ab8dcefc330d466516823753c3898e60b1f602a83986a96d785989f11ecc161a1b8586f95f265c549aea198ba29512801807cd90804065cc06a089123ed2faec2daa04051735c57bf82257b5ee8391266924620dc119480b637ffbcf0e5e1372cec8926c819234621b2397d4686f9b420fed7d98af5750ace58eaa4a512abe7161d9cb60001cef7c2be14834029b9280de460faba051a7a397358f3d756fb30ae916a09f02b84e16450a42a92b2c9629750df1645812b9bdb89978bdd51cb270bd494ec81d5833cb7b4729bb7e50dafae8a56fa81604007ad82b82a562d1651b69c1095305446b2e57d0c833370ec5f35f9dc00501bfa407ab117461dd15b154c909f0b8dd55ab7724c522cd48cf4f203d81259e3b916ca24172a4dc8b30372743c8e05752d8dd856d47c6cc8ce5d40b83d552379686489d525a7e0305b1b5cac8c2f79037237b8d01d3024e1dbb82e93864f1961d2eb83b7703b2174d033b04417662028ef24d80f7e296309700b467943185dd82b6edc4a688cb18ca51178702ac7e948b60d234fd48606e01ea011a6a549668b2e6e8b9f33c381eb9cf4f4555a5aa789b321b1d41075041e6a41d083dc702b5e5bb2e867a764acb1fbab9ee96f3b535da205a0e72d3dc931027592124ea9debcd7d5ae0b8a5ea365cdd7f0fcd9fbf43dfd7cd6c3b376847322c9130746170c3affdeec1c0df21736f8dcc3a5db85341c2515dc2492c2492c2492c2492c2492c24904de5dbb1d2426592e4f2441e93b1e4a0622f7e90ae82174aed2162fb7f6e4a646791af52da3303a53afd147fa5af69ba5c81a927004b2fdd7574140d77ff009febea856c2a2e34d92c09cae51093676504aa6841d6dd083e239e2a89a1cecad1e23218a0bb7ff14daaa38a59ca47960b4598a1cc42caa999e307a0041173c8823c3163a305d6083a7aa9238038ddde2dfcbba174b4ef23aac6accec46555be6bfb3977dfc3a6296b497616a544d13185d25bebd9693b1f7202a49555ac27990163166cc808d6d21e6cde1cba6ba1c68474fe2f1eeb8dade2fe1d14f86ab7556d10d13c0102cab94055d6324329b2ba8e839a9018007b36c15a34e560ba4d78443656ca78ce6e20ca6ff1616c8bdd92e495f1e87980b845d752634844696955142a8d012475b5c93d7d7ecc44ab13b970d649740c2b24bb87492c2492c24972d8492e65c24941add92921bb0b3e5ca1c7a405c30b5c5b4201d74d30e1c46144b41ca17b5e96a428ed870a6fd8439b98018adcdf25f3d97d2655d00b8c49a42ade1d6c2f15a904b0a53a46932b0b0566b2a85b02ccd62548240e59b31f591073413e2d95d14ef8c831e0acef6b6e94f4d219e883868f568cd9a440430cc8d6b48841234b30d34bf212580b0ea62e8e978bb2a5bcaa9fbaa5c950e6358ae786a4b2af4048009d3d43fa73c04e2ed8ae9a38a30fe637a8f646377f67968a794c0182c6724929cb08be8da9f49ed7cb636079f4c5d1b3c2490b2ebea01918c6bf17c81ba074f50c8e1d095606e083a83ff7df8a03b49bad79236cacb1182ae9ba7bd269d8ca80884906a205e497d38f10f9bc815e9cb965b191cb8b85cc57d07e53bfe53dfc8ad9a86a524557460cac2e181b820e0dbdf2b9b735cd363d149c24c96124961249612496124a356d62448d24872a28258f701ae189b052634bdc1a3aac3f79b78de693ce5ae1d81f364fa18cff008a7a711fa7773f9b80a592c6e575341420f83a753dcf64028363493217468ec18039e4552b9b91398f2274bf7e286c45e3502b5a5ae8e99c18e69f2b26aaa8e4a790a480a4887975046a0823df718816ba33e6ae64b0d4c7e1c828f334f5c618a26124af1fc73645560737f88e076940b5befc13732101bf558e1b1d197ba41600f872b43d85bb31d2c078078921369a4072b95b6aa8c7d017ca7c57506e41c1b142d8f0b99afe212551d5d3b299474cd2f62365e1952afc30384aa54d955ad99dc120df973e57b62f27bacd009569a5a654408a005516000007bb151b939440006c9e1849d770924b0925c2d8492f124c17526d86b84c480a3c7b4e163659509ee0ca4fbaf86d41475b54a0f8929ae838492ee12496124bcb0c3592506b3676621d1b2483930eb7b5c32f220d87bb423120eb6ea05bd90814ec6a0acb21059010533267b16b229b9202fa445ee4b8e82d89dc69c2af25d9553de7dcbf3832c9058cf19172000b35c5f503b2b28ea4686e395f41aa200e1a86eb7386715746395265aa85bc5b4de6c9c5e27196e240c6c808d0048fe4e835f13cb00cafb85d370fa70c25cdb58eddfeebceccd8ceca2775510823b4f22c41fbd559b99f50388c711f98ecacaaaf6b7f56d3e3f2e8bb241244e66854aa2b91aebc3279c4fd0e86dd43037eb872d2d25c3655b258ea59ca90e55dbc9fef22c0eb193f8accd64049fc5e53a98893f21b9a9ffe6c54527d960f10a371b93f30f71dd6b2ad7c14b097ac2492c2492c2497336124b2af28db796591a9af7820b198749653ac7083f69f00c79ae0599f7c2dbe1d4ce167f57607a752b33aca9691d9d8dd98dc9e5eef01c80e834c67b9da8dcaec608442c0c6a9bb1aae25cf1ce8c6395402c96ce85492aeb7d0f32083cc1f7db13da2e084256d3c8f2d7c5823a742a4d3d44f54128d504ad9ad1338bc91a7cdce3e4d85cdef6b103a6260978d010ce8e3a53cf26d7196f42569db13600a78b870012052a662080f3b73ca0fc9402c403a377d89274628c31ab8dacad92a24d476ecac5b3e901712c2f68d81ba1046bdd63cac6fa74371d74993842b5b9b846123b0c40e775302db27061d3a5849258492f2cd6c32470b30df3f29c119a1a2b330d0cc75507f40726fdae5ebc092d469366a026abd386acc3696d39a76cd3caf21fd2248f60e43d980dd239dbacf7cae76e542ca3b8623750b9473626f5d5d291c299b2dfd062590f865274f658e2d64cf6abe39dedeab62dcbdf886b064238738d4c64df301cca1ea3c398fb707c7307ad38a76bfd55baf8b91095f0c92ee1d24b09251ab691645cac011fc8f783cc1f11ae15c84c45d04594d2aba18d8adcb46c2f97537cacc7d120deec79def72c48c4edab2aabf2d5437b3765ab636a88d3e3d2f7b0b0980bdd40e8ebc85fd448370a35453822e16df07e28e84e890f84fb2a6a6d08e5bcf59f18d18548a99414420002e4f254b8d40d4923a6040f1bbba745bc69a468d14e3e6c9775b211b476949333b3b7a6f9c85d16f6b0b2f80d0786297485c569c148c880006df75dd9d52aa592404c520cb20e66dd197f494ea3da3913878cd8d942b698bc6b1b8dbfc2da3c9dede6991a9e660d3416ed0d44b1b0ba4aa4f30475f51d2f8d18df7c2e2eba9f43b58d8ff005ea15c81c5a805dc2492c24957f7cb6e1a4a669145e43d8897e73b6805baf7fb3107bacd445243cd9003b75585edb948221cd7e1962ef7fca4adac8e4f5b1ec83dca4f538cd91d7f085dad0c3a19cd237dbc8052a5dd893845d0e6911434b0946574561981527d3d39db958f3c48d39b5c2ae3e2ec3296b859a717ff007640556fc8e280d37b2d67481add57d96b1ba7b0fcca2064392795334845b3aa5c058631d5d9ad72397f09c6b53c218dbae038bf113513691f2ab46caa57331d42e403364e576b92849d09e4588001cf7b03ae0871c2c8603756655d315abd76f84926a6a95404b10a07327403da70c481ba6240dd57ab77fb67c66c6a558f72067fb5411f6e206560eaaa35118eaa2a794cd9c4db8ac3c4c725bfdb887c431445546553fca46fdacebe6f48e4c6cb791c665cc0ff00862f636f9ddf7b778c533cf7166a1aa6a2e2cd59a1c0256694b0924b0ac92584927609d9195d18ab2905581d411c88c49ae20dc2935e41bad6f6579568040a6a124e372611a82a48f940960003ddd35f5e0f6d4b40cad46d5b74e57bff00c5da6fa09eddfd8feec37c53537c737b229b37ca6d0486ccef113f48b61fc4a481ed38b05430ab9b551956ea5ab49143c6c194ea194820fa88c5c083b2bc10764f61d3a6a7a70c0a90083ff79f43e386d93117dd05da357243619628e21a090e660b61a5d065b03a8163dddf8b1ad077dd54e710b35f287bb4e156b828064fcba2dc0563c9f2dcdaf701b53dab1ea4e01aa87370baae05c4b02293e880cf530c11a0822490b282d512a0909622e5511c144ca6e35049cbed3412d636c07d56844d7d4ca79cf2dcfca0db0876d211e48990fc632932a840aaa6e40b5b4d46a400072b62b7dac0847d2095ae735e31d2e728b6ed6d9784a4eb72f4dcc0ff001207233afee31cc3c0fe8e2d8a42b3b88d2b6e47477b3bfed6f54550b222ba9bab00411c883a838d019cae39cd2d758a93874cbce6c249645e50b6de7a972a7b348322771a890731df91416f58c072baf7f2d9741c3a9aed68eae3ff00c8ff002a87b19034f1836f4b40c6cac47a2ac7b99aca7c0e048f2fcae92b6ec81c598c591ade3ae9629a2cad3c46319c47236668598905437ca5216e2ff248efc5d33cb5d8599c3a9593c4e0e03b5fba27ba347e713495f242812000e445ca8f374246b6009ce4f21a1e4316d3c7cc7ea2109c56a3e129f90c7124ff004ecb42d9f4b2ca59967cca2c331d43b8bf11e337ba2eb94653f24f3eba2e75859722d6ea370558e8e8d6350aa2c07b492752493a924ea4e2a26eae6b74a917c25255ddf2deb8a862ccdda91b48e31cd8f7f828b8b9f11d4e2a9240c0a99660c0b0ddbfbc53d5b169e42c3a27245f52ff005373e38ce9252f5932cee7ee84df152a6e95f092bae804e25627652009d9157dd9ab1134ed03ac6a2e4b0b1b77e53dab7b312e4bed7b29fc3bed7b2814749248c1638d9c9e8a093f67f3c308dc545b13895a20f256328bd4d9adafc58b7fbb060a516478a116dd5136f6ca7a69da07e6a746b101c1d4117f5fbc1eec09230b4a06488b0d9448e95d94baa3145366600955f5b721888693b2886388b84d91863751375e70d6099741c3dd3dd1add8de79e89f344c4a13da889391bee3fa43ede58ba298b70888672c2b7cddddb11d542b3c47b2c391e6a7aa91de31a4c76a175aec7878d411418929a85b5e90c91322d81e62fcae35171d45c0b8ea30ed758a8b85c2ae55c113421d816958e475737792f759212074e7a0014101b90be247a8e8a2c79610e6ee164dbc9b3e6a491e88b318c3e741736607456f13616f5a9c654cd2d3a47d177bc3e58a7673de3c4067c932fbb5541433a04bfa2aee8aedea463727c39e21c975b2af1c569c3b173dcf44c2c52d2caa6442185898dbe52b0b1523a5d6e35e5ae180731d62ac798eae03a0ff00ead6bc986d2ecc9465b308887889f950c9aa1f65ede1a634223f9571bc462b11277dfd42bde7c5cb350edbdb4053c124edca342deb2390f69d3db88b9d605590b35bc37cd7cffb6676b2231ed6b2ca6fce49acc6fea4ca3df8cc94f45dc70e60b97f4d87a050eab67cb1653246c81d732e604665e648f50d4f8620637046b2a6192f620db053615dd80b9666200b9b924d8017fb311b171522638586c3c232b6fa3a37d9f4f146a5422a9ced90bb194ebc830f48e83c728ea31b5046036dd579bd75499a632147f62ecf68c667cb9dc02c1015406dad96e45ef7b916be9893cdcaa236d822a3115626a56d30c70135ecbe73defdb86aeaa49af75be58c7722936b7afd23e2c719733f5b962cf2eb7a08714a1d740c2493a29242bc408d92f973e539737cdcd6b5fc312d0eeca7cb71cd9685e4db75675956aa64e1a80722b0edb13f2ac755035d4d89f560ca689d7b947d240e06e569b830f9a3cf9a8357b5e9a1d249e18cf733a29f75ef886a63556648daa28deba1fcea1fe3186e733ba42a23eea5acb4d52b60619d7b814907f5187258edd2d51bd3f49471c4b9228d116f72aaa145cf5b0eb6c4834016b614dac0365987953d82b13473c30e546cc2465f4735c65b802c2faebd7d7cc3a88c0c859f550e6e02a065c07640692b9864c9612705685e47b6c14a96a627b1329651fa682ff6a5ff008060ca57e74a3e8a4b1d2b695c1eb4d261849207b6e98c79aa51b215038842c77283d2398a1370ba81c8e5b75be26d3f9552f161a82a76fe6c9964a55acbb71207ce84801c466de9580170467e5a5c8e84e06a968396ee16cf05a8d2f31bfe57aa43cd4f104a89525aa9a519c9909586f7b11d59ca9162341f66052e0d1a9d9256fb6192773a1610d68c5bafaa035150ceecec7b4ec58fac9bf5c0ae7171b95b7142d8981a3a2b56e6ed631494f313f937e0486fce39ae509f0570decb60a81dd573fc4e9c12e6f7171ebd56e898d0be5722a93e53ea418e9e96fa4f2ddfff00d510cee7dd6f762998ec3bad3e18cf1b9fd87b9d96335957c491e43cdd8b7aae6f6f672c66b9f775d76f141a610cf2ff00d56aa7daeb2432c94e8e93c4dc6fca29452e0ac8e8ac2fe8dfb1af31ced8284808bb560cb44e8e56879bb5d8ff001752b71145556acf2471aad3a677c8b94339272b155d336a5b4f9a34c3c1fac7dd478a9f84a6e5871cf7e8168eaea5ca2a3bc535f3831c802137bb02ca343d4779b8eb8d0e975c81395648f90f5620aeb597ac24908dec9ca5154baf3586420f8846b7db8ae4c34955cc6cc257cd58c82b00a584922dbad411cf550c329211dac72f33a1216e395c8b5ff973c5913412af8181ef00adee9a058d4246a1514582816000e806355ad16b2da0d16b2ae6f5efa434774038937d18360be2edd3d5cff9e2a9666b76544d52182cb2fdb7bdd575370f29543fe1c7744f6db56fde27013e6739674950f77540e342480a2e49b0005c9274b01d7148b9c2a45ce02375bbb52468edc489de2179a246bbc4395d85ac4026c6c4d8e2d31e15cea7b0b84151b29041208e441b11ea235c5409190a9d442b66c2f2815505848dc74f9ae7b63d5273fe2be0865416ee8a8ea9c375a86c5db54f5b11c8430b5a48dc0b8bf4653d0fb41c18d735e168b256c8db043ea370e859245587217d73024b21fd0cc4851e0343dd88981bb283a99842c836f6c97a599a1939af223930e8c3d7f6104633e466836593347a1d643b10552b06e13db68d291f4807bc11fd717407c615f4c7f5817d1831aab71770924c56d38910a1e47d5a771d7a83afb30af6ca622e2cab71acaf23c06467556224cca990c6c2e05c28258836e7a5893cc03370691eaaa8dce6baf7d9629b72096195e95dd8ac0ecaaa4e80137040f106fedc634a08716f45e9140e64918987cc464f751aa685a358dce52241719581b5ad706dc88bf23883a3205d110d5b247168dc291b1bb4cf0fd346c83f6c76d3fcea07b71384e6c86e20d1a1afec7dbaadeb7476979cd1c135ee59066fda5ecb7da0e34a375dba970f551f2a670f359ef94baebd54d63f90a6083bf3cedaff0092feebe079dd92b67854776347ef3aff0040b36119c016baec0b80dd118361553289129e52845c365396ddf73a5add71688df6b808192ba983ace70b8f65a2f937a444a0791df219e53974bb111e9942f33da563a6b83e91a435723c7a612cfa6f80aebb0239eedc4bf0edd8cda1f5e525987b5bd83053ec561c61c3051c5c415c95f0924277ae1325154c6bcda1900f5956b7db8ae4176955ca2ec217cd58c82b04eea56cda0927916289733b1b01fcc9f0005cfab126b4bb01498c2e360b4edc1dca7a77351540075b88d010d96fa1724697b682dd09f61d0c1a4ddcb4a9e9f49b952bca06f779b2f0213f1ee356fa253d7f68f41d39f75de79748b052a99f40b0599d0ec4a8a8532a0194b119e491133b73201918663aebebc08d8dcfca0044f7e545da3b2e681b24d1b213a8cc3461deadc8fb09c41cc23755be370dc225ba7f16d35511ff009688badf97118848c7f135ff007713885aee3d15908b5dc7a28bb0769706a2395b55bda5b9f491f470ddf7524ebd40384c778afdd263eceb9ea99db540609e583e8dca83de2fd93ed5b1f6e23236cec284adb3ac9dd9bb02a275cf1c6720ff00118aa47fc6e403ecc26c6e29db0bddd13a054d04e8fe8496ccaca4323af5d5490ca6da8f0e870fe261521ae2375b2eeb6df4ac844aa32b0d1d3e6b7f507983f7634a2935356b4526b68599f94ed9724756653729358ab1e8540529ecb5fd4de0700d4b4ebbaceac8c87dd5388c0d64191647b712445da14ed23aa287b9663603b2d6b9f1361edc5d07ce15f4dfb4057d168e0f2c6aadbdd7bc24971b092556db71461f2162824bb33312b120e474165673dcd7e773d01b1b7b5d52eb0215237db65c695d03858de392060388e563bc2a756901e56cbaf81c033306bb95d1f0ea877c29634ec7a6500a6db8045295868e26428514459998dec482ccc0d97e5788e78ab983495a4689c646dcb8df73b2ae455052459073560c3d86ff00f46056bbc575b92c5784b076b2da3c9954009534e3945392bfb128ccbfd71a309dc2e238936ee6bfb8f7182b3bdf3a9cf2d5bf57ab29eca74cbf6671efc0f31dd6ef0b8f2c1d9b7fb941f65ed6e05c88a176b821e48f33211c8a9b8b77eb7c50c934ad3aaa2e7eee23d36532bb684334664e23c322a653000c617b0b011d8fc58b7356046ba62d2f6b85ee4792063a59207e92d0e6937be2e3d56b5b1b6138a5a45565531c42e7e30312c031b3248b604eb62186831a3090c6d8ae3ab8f36773bcd1dd852318eec4937606e41d558ad810ab71a6848bf7e24edd0f19b84506194d335132a296621401724f2007324e189b04c4d85d629bf7bfef525a1a662900362c34697d7d42f875ebced8026a8be02cd9eab360a884e0459eb42f240b171a52cc38d94045fd1bddc8e9cc2e0ca402eb428ad7f35a36d9da2b4f0493bf28d6f6ef3c82fb4903db831ced22e5683dc1a095805755bcb23c8e6eee7331f13dde03901dc3192f76a37586f7171b945661c5d9f130e74b2bab8fd19f2b2bff001a95f762dc96615df347851f656dc921531e924279c320cd19f103e49fd25b1bdb9e199216eea31ca46eac2767249b3e67a1490f1255e244c4174112b310879c8a0b29e57efc5c5a1ccbb55e5ad7464b3aaa753d33cacb1c6a5d9cd82aea49c0ad6926c840c25d8575de66869e449658c4d552431928c41a7465508c5ac7e34e6522d703bef82a4d2cc9dd18f2d664eeaa3b536a4b3b6799cb91cafe8a8ee551a28f5018a1ce738a15ef73ca21bc6bc28e9694fa70c45a4fd179d8c993d6aa57da4e2521c00a731c009cdc8db8696a95c9f8b7b249dd94fcafdd3afaae3ae143216b94a9a52c785b6d6d1c72ae49634916f7caea196e391b1d3ffbc691b3b70b55cd0e162b16f283b1d69aad950658dc0740392df42a3da0fb08c6754b74bd64d5b34bd5681c0e860af9b83bf6d4c5609d8b53f25275317f529e1d3a72b60c867b784a3e9ea6de12b6c8a40791bdc5f07ad35ece1924236fb3a26752c154ddf2940c47867561fcbd789300baae4274acf7ca4d245e680c6ac8f14cad22bdcb7c6a95b924906e5472247671456825b72b73f475e1b3e81d5662c7192bba002f23093b85c2d4fc9954fe34c2facd49139ee2613c1ffe31a501f17d1717c49966fa388fbe55176e3dd54fcf9aa1cf892eab7ff2fd981a638f5256ef0e69123ae360020b8156ca7228b3b04e59885f7903fae26ccb8043d49b44e776bafa1e672b270ccc61161901e194600006d996f70798bf507ae36d8069d9797c8ebbcdd17a0a611c6a8ba80399d49f1f6f3c31c94ed160a461292c9bcb0ef1b66f318cd868d2dbadfd143e1f28feee03a9908c2cfac948f085971c00b30ae5b09257df24bb399aa5e620e58d0a83dece4683d80fbc77e0ca561d5747d1c6755ca31e57ebf2c30c00fe51cbb7a92d61fc4c0feee2756ec595d5afd8059591805659b9463762a8a4b6e1bcb1c80c7322066628d6b91947a4ba303de062e86e0a220241b594dafdc8ac49591622c8a7b3212a8aca791ed11ad8ea3a1d30ef85d74f240e0708cc5bb557e6b4a9114491259a52c264053d05cc1836b600ded7b75e78b444f0d16c221b13830018456b688488cb493530ab902892449235353a76950063c3b9d4d80cde18b08be1bba996dc59bbf740b6deebd4b414815519e38de360258fe4c8c4004b6ba1e9cb9629922710153342e2d0a3ec7dd79e12f53534d214806658c0cdc593e42f62fd907563dc2dd6d866445b92a30c24788aac574cef23bc97cecc59afa1bb1d74c50fb93728792e4dd316c442ac2de772abf8f450484ddb2e562799284a93edb5fdb8d485da98b6e07ea8c5d655e50aba492b65590e9131541d15743f6e86fe3806a1d772ccaa7173f2ab58a10cbaa70ae9c2d9fc8f6dc32c0d4ee6ed05b2fec3721ec208f55b1a54cfbb6c56b5249a9b62b43be0946281b7636685d56e6e2c6d6be5f956cda5eddf893775078bb55337c78126cc9d62ba90165b3021cd990e639b56bf2cdaf3e78aaa1ae2c24ad0e0f286d532cb1938c62bd182e2e104e55b3776acc660901b130ca97f01306b7f9bedc1b138000f92e6eae22f91ed03a83ec82ed43f154de2921f7cd28fe98a1e7c2d5a74a6d2c83cc7f40866285a4a66c817a88077cb18ff003ae2d8be6083adfd83bd0afa35765a9767719c9d066b10abf3547203a9ea4fa801b01c6d85e685b9ba228b6000d00e984a4b8d863b265f35ef5d5996b2a5db9999c7b149503dc0632a575de5624c4990a138a950931d0fab0e149abe8dd9d0848a345d02a281ec031b0c0005bccb06ecb2ff002bf27e3512f4105fdacee0ff00b4601aa3e3016756fce020ab1c34b1c2ef109e79a3122892fc18d49205d4105db4d41200e5cf11f0c62f650b3631ab751aa779aad865e3b46bd122b44a07700807db8add23956f99e54cd867cf00a29bb4e496a69082c6373ab23733c36b6a7e49d7d56c64c83495646ee60d0513dee76a4a4828a263948938ad972b390e6ea3af0f35f4ea029e58b24258dd215b3131b0342f3bc3b8cd4948955c7cce0ae7005ac588b1461add4db5ebcf4e5883a2d0dd40e545f018dba814406cc6da94b4cf23e59938a59b8648640c819bb23f2b6b103e51bfb2cb195a2eac2c32b012554b6a6da62cab4c5e182219614562ac05ee598a9f4d8ea4e0792537b0d90b2ca6f66a723de8a8232cc52a107c99d43fb9f4707c73619b29033949b3387cd95e36b51c2d0a5540ad1a3c8636898e6caea01ba39d59483d75074ea30ef68b6a09e460b6a0b46f24925e8987cd9dc0f5658dbf9b1c154a7c28ca33e042fca7eeca80f5ead63740e96d09242e607a74f77be15110f99575508b17accf00ace2b830932bd791c948af65e8616bfb19305529b391b44487adc463456b266b518a1084063c891703d9717f7e15ec988255577a763a43b36a752cc20233b1bb5940d0740341a0b72efc427792c28be1ac0da967aac18e31cecbd25a90c3273b22dc4cb4f01fd3987ffc0ff5c5e7e40b2ed7a87fa0feebced65b470787157f86573ffab0a416684f46f06479f4fe885e285a8a4ecb6b4d11ee910fb997138fe7083ac1781fe857d2326daa75255a78c30d082ea083dc45f1bad86470b8695e6c4e5762db54ec72acf1927a075274173d7b8613a191a2e5a535c268edea5fce22fe35fbf12f8794fe529890b01de7a222aea3276d4caccacba8218e6d08f5db19d2504e5d86958f346759b218b49212004624e8058e2b7504edc9695572ddd92349202414604684107dd871c3e722e1a53f2ddd9697e4d7781f2cb1554b60a14c6643636d41504f3b5869d2fee3e9e9671f334ad1a57bbf3215e550acb3c3242c24f8b2a7210d6cad717b7ed9c55514131370d2aaab61245901a3ad9a38d619e9f8d01ed2a4818150d7bb4720ed2dfc3438a63a698e0b6eaa6970c3861386868a4d43d4d393d1e31320f00c855adeb1897e1d21fca523131db028caec310c0d0d3d55319a5d26767643c3d08893b2459b9b1bf862cf8099adb341babb925adb34e54eaed8de71470c734f179cc2ae124e321523376636d6e6eb6b3f42bae19d492168046558602f658ee1046d895d2a430cd3a8801b2179e328a0684801aed946806b6bdb407150a59ce0aab932bacd2708d6dbd9cc20a7a7a3a88e38e267762f3a062e194ac872df5bdd801cae3bb169a494b406056c90b8340621fb6b61c137e30f550c725871c44af286726c1d1405be6e6c0680f5d70efe1d2bb3a4aaa480385ee8504a38b558aa2a587d25a18fd7952ee7d571880a091bf94aadac63761750f695454546ad1da388595234cb144090340395cf53a938a64a59ef62d55bf5bbd168be4d2a62868b2c92223348ec5598023928b83e0b83a9e8a50dcb4ad0a51a59950bca36f1472c4d4b08673994b38174b0ed5835f537b78623514b39160d2a152fd4db059c47452b10ab1b963a0001249ee0300ba82602e5a56772ddd978f377f98dee38714131ce929b94e5a0f9228a38a59a79dd23b20440e429373998807bac07b704d3d0cadc96947d1c7a4dcad4d76ed2fe7117f1afdf828c120c969fb23ee17a976dd3292ad3c4083620badc11d39e1086422e1a52b840f7db69c326ceabe1ca8e447ae5606d98db5b628a88dec61d42c8de1d9aa67aac088c6295e8cd2b96c3291d91ca5a72f0c0a3ff00ccdecbc4bfcc609b12d16590f95ad9df7f2feebd6f0c3973afd1d5d447f6a30f7ebeec4a6dade6555c35c0bfd5a0a8941b24ccac6374cc9a9466ca6c480082d653726d6bdefd3962a6c45c305173d7881fa5ed36eea1d6d2c911b3a346dcc660472ea3bfd634c3692c22ead1332a18ed26eb44de1f3433bbc9e7399c2b9c822c9db553a6637ebd7adf1daf0f7543a01cbd36f3baf369835af20ae6c0928d6a612be7372e14661165edf675b1bdb5e989d5b2a8c44bad61d956dd2a13c544a4a9f3bba920e90731a77e2f8fe2dcc0e1a7dd221abcfe23fadfba0fbf1669acfe5f74d662f51c942a435eafb241e50f437efc55232af4381d364acdba97b6528d6a260de759848d7ca21cb7b9e5737b775f10a6f8a7460b74dade6939acba85f88feb7ee83efc5fa6b3f97dd46cde895a87f5bf741f7e1015bd34a7f0953b6d2c0d1d308d6a1a478b242bf176639dc00faf7def6e98c9f89969f59c5eeae646d7efb05361f26d54402d5310ef02373f69618a8f15a93d94ed10d82234be4c17fc6aa91bc115507bce638a1d5b3bf1a93dda360a5566e0d0c71b1e1b31b7a4f2393ebf4d47b2e3039738f5ca7e69be555b7436425654494d519cc34d9b225d94f6df5cc4aab9b11c8db14c7348e7904a225b3180b46eadf3f937a13e8acb19ef491bf935c62f6bdedf94943f35db595736bee0345f929a561fa5107f7b295fb7df825bc42767e6ba4030ee15576951494f95a4bb2e619805456b5f5b5a46d7d6312fc66a01c80ad6d2c6fd958685a8fcd6a0a9a9c84c41ae22cde916196c6dd35be0ed73492b1c34df3641ba36b2ed43ff0011fd6fdd07df8d0d15bfcbeeabf0a43cc7beafdd07df87d359fcbee9acc443609a3f384286a732e6619c4597b2acdd0df9027d9816b05488fc7a6de4a4d6b10e5f31fd6fdd07df82432b2df97dd310d5dfc47f5bf741f7e25a6b7f97dd2f0a93b322a279a255f3accd2281710dae580d6c6f6efc5155f16d89c5fa6dd6d74e34af3b465a279a473e75767626c21b5cb13a5cf2c3c0cab110034dac93b4dd2da2614d9954d0717e31e28cf1720e4d988193a5af7bf7e3138d3e5166cb6f2b2d7e08c0faa16556d9542b3c7225823a0e20958da3b680c6ee745bdaea4f5b8eb7c60c6d0f6d97555750ea795afdef823fba815746632012a6e2fd974716e5cd0918a5cdd2568413897e5047aab86e46cde34d0c5d0523c97f169ec07b803edc1b08bd8792e77884a1a5cefe6b7d826f7fa972d456a5b4124332faa4528c7f8881884e3753e1527eccfa8fee10bddba7192790a9914a70ca6758c7688605a572154762dd49bf2eb8840dc128ae2923b98d60df7bdafec98db714863472d070d58c6a909bac66d9b2f2eba9be6624dee71196e6c55bc39d1826300dc8b927aab247145352d2cd24fc33c2e111c367b98495bdc1eeb63a9e0d55288f4b5babeab8ee2b086d4b82e434b4cac18566aa411f10fcc6bf3b1a93cd50f610e8fdd6700dbdd4bdb9b3a9bce2526ab2e66cf9784e6c24ed8d41d74618aa92aa71100d65ed84ee6b542f30a6fcf3fd07feec142a6abf85ee1474b570d052fe79fe83fdf88bea6a4820c7ee9c35bdd4fdb7474ed2e76aab71151ff22e74645d79f5e7e181692a276c7a5acbd93b80503cc29bf3cff41ffbb067c4d4ff000fdd474b52f30a6fcf3fd07fbf11755548de3f74b483856adc2d9a259167273c54e1a281b295ccc492f258eb619b20f531c72f53299a62eb58764611a1ba5688a315055aee1d242f6fb111358124af2198dfd8a19bdcadcf911883d38dd677e49140acab03a2a8b5945ace45ac8157dcabfb2bc80f07ce51753f205ab8c141069ba8815c10c011e201fb082308f64950779b6605cc3b2a3f6e99011fb26024e2978b2b98fb2a56c59a2549e92594266747475f8d042e7ecf66daf6afc875d30770ea890481bb90a5551873753549f30a6fcf3fd07feec751f1353fc2f70802c6f75df30a6fcf3fd07feec235353fc2f709b4b54ed95454e38ac2aaf9617bfc538ca1c70f373d6d9f978e02ab9e77696b996cf7526b5aa00a0a6fcf3fd07feec182a6a40fd97b851d2d5df30a6fcf3fd07feec39aaa9fe17b84b4b511d81474e930956ab37095a42382e34553adc9e8483e3cb015654ccf8f43996be37526b5b743450537e79fe83fdf829951501a072fdd3102e9bdf2548a8a9a147ce2591e62d94adc28c83b24dfafb79e393e313ba592ce1623a2e9bf4762b3dcfec10ba9d9931869e388065e1091943c798bc8ced98c658313c328a0db972eb8ce7b4968b2d58a7844f23e4bef618e880d4c4c8c55d4ab0e608b11ecc0b6375b41ed31ea69b85acf932a43c7a93c8451c108f584bb8fe2fe98d280788fa2e2f88bfc2df324fba6bca6d07e331b01a54412417fd34f8c41eb2c00f661a76fba7e172d9847621df4d9675b1dc3473425954c8aac858855cc8c08198e82ea586bdf81a31705a17455ae0d7325dec73f54eca8b1d3c91b491bbbc91b2ac6f9f2641202ccc3b22e1ed60493ecc338686107750648e9a76c8d69005ef746375538f4d2d3e755689c4ca5cd942b0c8e2fd350a71adc1aab92f58bfa494e758907552fe04fd6a93eb7fe38eacf10b8fd9bbecb98d088ed4d91c48e093ce2985a3e1313276498cd858e5d4e42b7180a96b794e734b4e4dd3965d0ef813f5aa4fadff8e0efc47fe377d93684be04fd6a93eb7fe3863c43fe377d93e853b686c8cd1c0de714c2c86324c872928cc743975ecb2dfbb01d3d6f29ee1a0e729166140f813f5aa4fadff8e0dfc40ff0ddf64da13726c37678a18e6864799b28e1be7282d76722c340a0fb6d802b78a5d858d0412ae863b1d6760b66d9342904290a0b2a2e503d5d7dbcfdb8c05226e6ea65f093257c24905deb5060604023adc02a0779cc8ca078900788e788393b77544f24e7f1dabb9bf646a4dfe51eb99bfdc7d670341f3b917523f56d5aa0382c20d770e9205bc50c79752a09ef62b7f68c41f90a4ddd65dbd9b39bb2f1d89537d1cbdc776a3db8a9ae747207b7a2362734b74b93345b34491ac82a699430bd9a4b30f0232f3074c76107150f603a09599243a1c414ff00c09fad527d6ffc7177e223f86efb281629d4db1f2d3cdf8c537c61440dc5ecf64e72b7cbcfb2a6de18067abe64cd21871e49c36c141f813f5aa4fadff8e0efc47fe377d93684be04fd6a93eb7fe384788ffc6efb25a110a2d91c3a79cf9c535e5cb12b893b20021dd7365e642ae9dc4e009eaf9b2b2cc3e1c90a4d6d82809b00b10ab534a589b0025d493d2d9705c9c4835a7c0428e8ec866fa3716b453c5a885529d077b0b5fdecd6f66388aa7f366baee78447f0f486477aa76af64c150eccac41fc9a9bae591a24505624600d800ba960351d74c318daeeb643c7552400348b839b7607baaf6cca70f3c684f64b824f2ecaf698f3d3b209c0cd1e35b33bf4d3136b5c6deab68f26501f333330b3544af31f533103ec17f6e3422c32eb8de24f1ced3fba004e794aa267a332a0bc94eeb32fee1b9ff2dfdd894c2edbf655f0f974cb63b1b8fbac6b683986767898a83db8c8f9b22861f635bd98ce75daeb85d9d3b5b514fa5fb8c7d91dae9c5959e38e47a8894c54eb0a894315b3392ab9c28652cbccb5c5ac05f05388b6dbac785ae0e203880d3975f083eef54f9b552f1410a4b45329d0857ecb5c781b1fddc534f21865056a71084555312dc9dc2b34dbad54ac470c100d81cf18b8e86c5afa8d7db8efa2e250968b9f65e7a584153a8f60543534d0b462e19658fb71fa43b2c346ea841e9e860596b22150d95bb6c709f49d2877e0d557d18fe38ffbb078e23001bfb2869297e0d557d18fe38ffbf0ff0088c1fe84b4153d377ea1a99a3318cc92875edc7c9972b6b9b4d5579db003eb636d48906c458e14834e9b280776aabe8c7d647fdd82cd7c16c1f651d0579dd2de2a7a19a692a2395a504c6a102108aa7b42ece3b4586bcfd1163a9c7215b5cd92624ad414ae2d01aac157e576303e2a95cfedbaaffb4360435406c138a175f28256f955ac6fc9c70c63d4ce7de481f662a356e3b0573689837285cbbfbb498dc54e5f05486df6a938afe21eacf858c265f7c6b1bf2b2acb6e4582ab0f53c59197d8461c5438a5f0b1af1b0f7a65a4926962552d2803b64b65d6f7e85bdbf6f5664ae6124277c01ed00f44fcfbff00b458dc54e5f058e2b7da84e11a993aa42922f54e537944da2bce70ff00b51c7ffa54610a99131a38ca9c7ca5d437e563527be3668efefcdf65b160aa71dd57f04de8575f7ce17167494778d5effbcd50bfcb121334eea069a41b20d411f1ea1d69d495619c29b2dad60dab39d0923af336b636b82d708dc633b2aab21768b9dd19fc1aaafa31f591ff00763a43c420e87d966692a7d4eefd48a786311eb7791fb71f3621579b7cd5bfef6038eb21f8873c9c600c29969b281f83555f463f8e3fefc1df88c1dfd9434392fc1aaafa31fc717f7e18f1287fd0968288ed4d83502382148c1c8a59fb718f8c90dc8b16e8a145fc0e01a6ac8b5be5775db1d029169b5935b3766c94b9eae74012042cbda4399f922f649ea6fecc53c57884661d2c394451d3ba599ac1d554f771247a9e2dae41259eea32bca1955fb6ca09e2302141b9b1b5f1c8c40b9fa8aedb8839b1402318db1e88854c06994310ea2189a2843a323bcaf72d2e5e414076b5cdfb0a39e26f1a77ec818099dda46ee209f41d10ad8f031590a0ed3858231fa531b1f7206f7fbaa8c755a1c4240d2d1db27e8be83d9b4621863897d18d028fdd16c6930002c57112c9a9e5c7aa913c01d4ab0bab0b11de0e1c8b82145a74907a85f3fef1ecae16788fa54ae63e5ce2725a26bf75c95fde18cf959ecbb2e1b3873bc9c3ff00aeaa5ec69aa248de500b225972462cd3496d38ac3b6c8058904d8d9540d4d9d8f711754d5c1132411f53924ec0792af6d113662f3a38673725d196e7da06077075ee56dd33e20c0c8c83656883355d3c722a979a202295541662a07c5c961af20549ef518ea7825730374498f55c3f18a330d4123629ed974d510ca928a798e53a8e13f694e8cbcbaa923db8d8aa9e9e488b0385d64b5a46ebbb5760cb1caea90cac97ba308dcdd4ea390e601b11de30f4b5d13a31ac8ba6730dd44f8267fcde6faa93fb704fc5d37ef04d6288ec2d9b3711a378250b2a346498dc004eaac6eb6d1c2eb802ba785cc0e611706ea4d04143be08a8fcde6faa7fbb059ada73183a85d369283beefd59636a59f99d784fdfeac70f3d3ba495c7cd6eb2a236b46548a4dd2ab724705d6ca4f6d2417b0bd876799e83ae18f0f38f1048d6c7d1781bb153d6297eaa43fd305b784c7d5e150788f92706ebcfd629bea9feec10de114dd640a07883ba05e977665fa1a8fab7fedc5ede1746d197dd40d7c87a22bb47779cd2d2a8825cc38b9ad1b66f485b3767bb95fa72c26d252bdee638e02a85548d37424eebcdf433fd53ff006e22fe15484dc48ae1c424fdd5e4eebd47d14df52ff76297708a7e920560e207a85e0eec54f4865faa93fb702bb8533a3c2b07100770bd56ee95646e5382ee56daa2bb29b80743945f9dbd60e04140eb5ee15a2b635ca0d8754afad2ce343fe13dbf96347840e44fa9e3087ab95af8ec1148b63543305e04a09206b1b81ae97248d078e3ab96ae00d3670d964692a6edbd9f2b4ef92098a25913e2dfd18c0507d1eb6bfb703d14f03221a88b9c9527037503e099ff00379beaa4fedc17f174dfbc1474953f626c490ca1a582511a02ec0c6e3305d728b8d4b1b0b0ef3816b2ae1e5911b85ce149ad37516b28ea647691e098b3b163f1727537d3b38b21a8a78e30d0e1809ac6f74c6f74dc08a3a11e90f8da8b7cf23b29fbabcfd98e438a5573a4206cbabfd1fa4d00caefa277656ce08912968cb447ce258892ac642bf111dc80bdda120f6ce056b2cd0a75351cc91c6d83e107a5baaac5671559d262c1b3e690369773a962bcae6fcfb8f71c0afd45c415bd4cd8831af8c0db757bf277b173d546ac3b34c865934ff1a5f454f8aa01ed0705c4cc807a2e7389d4dda5dd5c6c3d07f95af01833aae72d8b04e612759bf94ed96aa52afe430e0545b98473d97f5ab6a3c6d81a5675fbad5e1d39fd98dc1b8f55985352a475052a340a4824365171c896cac4291d4024dc74d70235a1aeb15d4cd33e5803a3b67cae8ed651b49969c544089978ab1aa4e45b2939ccac87e4df52d6bdc68717bda48b5c2caa799909e616926f6271bfa20dbb7b58d3ce1fb5918149029218a373b11c986841ef18a609396f17cad6e25462a62371902e158b684d3c4f97ce246520323891ece8daab0d7a8fb6e3a63bba47534d107691f65e792b5ec758a9b056cb3531512c9c582ee2ced778cfa40eba953afa89c52f8e186a2f605aef62a3725a847c2337d34bf58ff7e348414dd87d935cae8da538b1e34bf58ff7e20fa7a62d200098175d11dbb5b2e7595659024ca1c0123d81e4ea35e8e0fbc603a28e1d2e63c0b8f252713d10ef8466fa697eb1fefc1e20a6ec3eca372a76c1dab20a98b3cb2152e15817622cdd93a13e3816b29e0e53b4817b5d49a4dd45aaab9d1de3334b7462a7e31fe4923bfc316c1153ba369206dd9312414dfc2337d34bf58ff7e2de453761f64d772e7c2337d34bf58ff7e172698741f64b53914afae9452d2912c973c5b9cef736603537d719f043099e4040b0b7453738e90867c2337d34bf58ff007e343934c7361f650b94be119be9a5fac7fbf0b914dd87d93ddca66c5a89a4a88a3e34b667507e31f95ee7af70c0d56c819138b40bdbb2769374d6d0db12bcb238964019d8801d80009361607bb0f4d4f0089b7036ec989374c7c2537d34bf58ff007e2fe453761f609ae513d8d5d2a896769642234b282ec4191eeaba13adbb4dfbb806ae385c5b1b40173eca4d250bf8466fa697eb1fefc1c20a6ec147514be119be9a5fac7fbf08c14d6d87d92b945f6956cb0c2909964e2bda490e76ba023b11def71a1cc4788c67411432ca642069181e7e6a6490178d9bb4248636ac9a591953b312348d696520d9753c97d23ea1cf9604e2d2c113035805d17434d2544a1a154f654a25ab46a839b34859c9d03b124804f452d607c0e3936383a405cbbaaa8b934a5917408c54700df3484a891a5a98e5192691c5c2c400ecb01e8e84eac4d85b0412deeb1d8d97f77716046c3b9f541a89b3caf3cb62a9f18e00b0624f65001d19ac2df341eec50d1a9c4ad4a83c98442d3bff00a4adb770b63b53d30327e5a526594f5ccfd3d82c3d98d08db619dfaae3ab2612498d8602b3e2c4225849287b4685278de1905d1d4ab0f03867341162a71c858e0e1b8582ef26ca78d9e27d65a6b2b1b7e5212408e5fddb8436e5751d09c67cb1aec387d50c1fcaef63d9446da67cd929d6f7bb673617c97b88d48d725c190dfab770c479874691ba23e11a2a1d3bec074f5eebc556c56542d9d199555e4419b346ae0156370030b1172b7b123d786742437757338835cfd3a6c09b027ad91ddd1dbf204f33e2f0ee6f0b9b5958f38c93c9589d0f46efbd81b41501ae0d7ecb1f8df0e2efd7c633d47f7534ef15646f669183236aac0731d0e9cbfa63b01434d2c7a9bf4cae3f5106ca6ed8db35032cd14cdc197551604a37ca8c9cbcc1e5de2dcf5381e969a279e5482ce1e672149ce3d10dfc24aafa66f72fdd83ff000ea73d3dca86b722341b7aa658a44e29e227c6a1b2dd9468e9cbbbb43f64e00a9a48a191aeb784e0e5483aed43bf092afe99bdcbf760f1c3a9edb7ba8eb725f84957f4edee5fbb11770ea7b6dee96b2896dedbb52b22b24ac1258d2402cb61716617b7470d80e8a9617821e320f72a6e27a21bf84957f4cdee5fbb077e1d4fdbdca86b72e8de4abfa76f72fdd84787538dc7b9483ca215db7aa569e9984ad99f8998d975b35874c03051c4e9ded2303cca9b9e6c10efc24abfa66f72fdd83ff0e80f4f72a05e6e97e1255fd337b97eec2fc3a9fb7b94b5b913d8db7aa4acf2bca4ac711b68be9b90a9d3c49fddc0159470b5cc630649efd14d8e3b9433f092abe99bdcbf760e1c3a9fb7ba86b297e12557d3b7b97eec31e1f4e371ee52d4e44b6bedda988470f14f102e694d96f99b509cbe4adbda4e03a4a38a62e791e1be37537b8a1df84957f4edee5fbb06fe1d4fdbdca86a7227b2b6d54046a89a5631a68a9d91c4908d1795ec07689eef5e33ea69e2d6218878bd760a6d26d7299d9bb5ab27725aa0a228cf2c84285451ccf2e7dc3fe855915353477b67d54e26be4700d19556deddbcd59286b9e14632c40f303ab35be537336e5603a5cf1b3ca6472ef386d10a48b511e23bff0084fd6ec58e3456c924ca56e648a68c0b753c330b766e798736b8be53a62463005ec858eba59252d738373b11fdee86edbab49995915c10803172acd230b8cc72817360078db1548e0f20351f470ba9e33cc371b8f256fdc3ddde34eb1b0f8ba62249cf479fe4457ea2317bd8f3cdd186098a3e8b0f88d61b17f5760790ff00b5b1a0c18b9c5ef0924b0924b09254cdff00ddf69916a2101a786fd93ca58c839e23df717b7ac8eb8a656dc5c23e86a030e876c7d8f759344eb04ab2a82d04aac39f682b0cae971c9d6f6f1d0f2380ada0dfa2e9ee6a612c27c433ebd8fd517a0a52bc37e246cb0b00b2e65b494cc0e75906b940f47b42fda2a01d317b7a1be1674b264b749b9e9d9de4ab959b342af163659226257300c329f9ac1c5c683427981ebc0ce6119695b705507feae51677f556addfdbdc5410ca903540b08e49a356e281a08d98f261d09e7c8eb8d4a2acc863dc47d573dc5b8572ddcd8c63b29d47bc1918c33d3c02226ce82150558681b2f2257b8f8e3a39284399cc85e4bba65737a88c14ded2ae785f29a7a4604028e204caea7930f0387a581b337e7703d45d339da53106f1ba307482995872221507de35e5821fc31ae04171fba6d79c052f6aed10991e3a6a5e0ca3325e042411a3213dead71eab77e04a583592c7bdd71e6a4e3d40503e1c3f9bd2fd4260dfc387ef9fb951d47b0449b6b97a5cfc0a72d0c9948e0a90a920254807976835edde300fc208ea3965c6ce1dd4b55c6c877c387f37a4fa84c1e3878b7ed1df72a3abc92f874fe6f49f509863c3c7efbbee96af2446b76b914f4cdc0a6ed713430ae51660341d2fd70143480cef6ea38f3522fc0c21c36e1fcde93ea13077e1ff00ceefba62e37d92f870fe6d49f50985f878fdf77dca6d5dc22351b5ca52c7f114c1a662c5782a1722765495ea736620f7633e3a512ce435c4b475ba917586c86fc387f37a4fa85c1ff0007e777dd475f9223b2f6a765e7929e98247e8da1405a437c8a0f4b5b313d00f1c05534f69044c7924ef9e8a40f55064de066259a0a5249b926052493cc9382dbc39ad6e1e7e85475953365d634ac49829123419a490c0b645f57527901d4e06ab84442cd7b8b8ec2ea40dfa27576b3d43948e0a64823b91c4894a429ccb31e42e75b0ebefc51353b29e3d6f79d5eaa6cbbde0345d56f7bb78965f88a75548148272a84e330f9640e9dc3a73f572f5554e93175da709e1421fd63fe6fe8bcec6d931494c64004b306b1899da300725171d49e44e84902e0e86b8e30e6dfaa7acab923a8d27c2def6ba8a76d34292431d3ac249d4179cb230d3300ee42b8e5702f636c3195cd1a55cce1ed9dc252fd5f4096c2a17251a35bcd21cb4ca7a11ce63dca9d0f7fec9c344c272546bea5a2ec07c23e6ff00016e5badb11292048535b0bb375663cd8ffdd05874c6831ba42e3a79b9af2efb7a23389aa52c2492c2492c24972d8492ca77ff0076842cf50aa4d34a6f3aa8b985fa4ea3dbda1dc4f8586919d7a7f45b741564d9b7f10dbcfcbfc2a343688c94f31b472e56e22ea05af92551f2d35371cf5d2c46066d9a4b5df42b79e79c04ecf99bb8ebe8896ef6c894c8f1f65e391190f0dc32b6a0dc15b8bad835cfa3996fa9086714647a20ebab58e0d2010e6f742f68ece0a0cb0bf16126d9c020ab7cd743aa9ee3d7c0e98add1969bb765a14b56251cb9459d6fa11e48d6c4dbf0bda3ad40cc0058e762c2dd02cb94dc8e99f5234b836c68527139231a6f60b1f89f04b9e64231d91ff0084614c94f534a0457ccacaeef6bfcb437ed21e6429d7d78de8e37b873a07dcae5de349b3828db48c30b0068e36561747596528ebdea6fef1cc7f32298c93e39841ed60a1b744e6cddaf4cc3cde4a644899ae0e790847b5831b9b80791b74f5614f473c7795afb91ee126b9a71651ab67862768e4a240ca6c7e365f7837e446bed18b69d92ccc044bec131b0e8a4ec4da74ed2704d32a24c3231e248477adee7e785d7a027db55652ccc6f34bee46d8526b8765064ae814956a240ca4823892e841b11cf04430ccf607365c1f20a24b4745e7e12a7fcc93eb65fbf161a5a8fe27b04da9bd911aeaf8053d3134aa41e2597892766cc2fadfaf8e00869e533bc07e4790532e6e91843be12a7fcc93eb25fbf07fc2d41fff00a7b0512e6df64f50cf0cb2244944859d828f8c97af5e7c873c533c7342c2f326de413b483d13bb576cd334842d32ba463871b7124d517407436d79fb710a5a39797ab5d89c9c24e70dacbcecd9219a411a51a6ba9265942aa8e6c4df40312a96cb0335193d864a605a4ecbded0db34c7e252995a28d8e4bbc82f7b5dac0f5234bea0587862b82866fda1759c7c93b9c36b2eecd10cb998d2247127e525324b957c39eac7a28d4e98aea0c90f84484bbb271a7b29a2b60688e68162a246273bbb82e7b82a9bc8f606c35b72d300d448603adeff0012be185f338358dbdd52f7837878a383047c1a606e12f7673f3a46d6e4745d40b0e7a11815356f9dd92bb2e1dc21b4edd4fcbbbf65122a245668a73c390852afcd14b00d67001d08602e3d1f117c0e1ad183ba2a4a891cd12c596f51d71d948a6a56a52d2ca46628c8918656e20752096ca48e1ebd7d2205ba913637962e4a1e7905616b180f99b6dff6a1d1419ef24c58a29009172f237c98949d4b1ff28d7b818b1ba8ea2aea89844ce5c783fd3ccad9370b769a1bd4d42815122d828e50c7a65897bb41afabdb83e36585cae4ab2a43ce861c0f73dd5c80c5a805dc2492c2492c2492c2492c24931342181520107420f5070ad8b240db237591ef9eea0a6be8c6909ba38059a95cf8736889e63fadb30924400f25d050d7b8bb07c5d7f9bfed55e9e53166a69ee237cac248ceab62591d08233c7725b2f79cc2cc31483a3c2edbbad69636d45a78c646e0f5f2f545e96a82cb167e14b34ecb1c8cb728f116f49d7917703bb41a9ed5ad6070045d02e81f2025b70d6e403b83d8792ada6c995d5dd236650d97b20b1245ee0002e6c399e971df81b94e2090b69b5f1334b243923fdba91b2b6dbc2382ea258413785f400f528c3b48deaef37070441592d3bb050f59c320ab1a9b83d08576d855946f13471f1a60d7cd4b23c4181f9f18cab736eaad7d751ddaccae33481f70d3dffcae46ab87cb07ccdb85c6d8b48c85e2157215fca461a212c7e06331dc8f117c690af9efa5c47adb0b3cb1abd53cf45522382433a15d125768ef6e91b304b65ee2469de30e63a8a7bc8db107b2605aec143eb69a922731c8958ac3a1687dfe872f1182227d4ccdbb5cdb754c6c14eda7e673279d91524921250ad1021801666ba11db1adc697071543f1313fe1c103a84e749ca157a1f9b57fc707f660cd15a73a8289d088d71a4f37a6cc2a72fc66501a1cde90bdc94b1d795bedc0708a9e73c348bf5523a6c875e87e6d5ff1c1ff00b78334d68fcc1378115a4f34822e3e5a90650d1a02d167008b348bd816b5ca5f5f48faf00c82a2a24e512319f252f08ca89b3a86967711c69564f33db80051d589c9a0f1c5f3cd530b6ee737d144692a4cf574512bd345e70c18f6a4468c193f42e5755bf7017b751ce8e4d4ca44cf207af44f768c05261ddca7cb9992a83684425a1ce477b590645f1623ae2a93894e096ea1ea14c301d8287bcdb768a3cab1ab4c631d98032f9b46ddeccaa0bb7b4df5b9d7190fe206326c6e4f55b147c1e59b2ef08550a996a2b5b3c8e32a0d59ac9142a7400002ca39000024dba9c6639ef94dc95d2c71d3d0b6cc06e7a7529ce0c0b1e658a4a841a3cbdb85549d00b0cc2c79eb63aea05c6240340bdaeabe74f249a0b8309e982a3ef14e9249c646fca804a1f4a32005ca4db5160083d478e2a9483908ba063a306378f94efdeea350508605dce4896c1980b924f2441d5cfd80dce9cd46c27253d4d5b63f0b078bfdcad67727750dd2a6a23c8507c441cc42a75cc7be43cc93aff207c710b5cae3eb2b4baed69bdf73dd68118c105666cbde1924b0924b0924b0924b0924b0925cb612498a9843a9560083a1045c107a11856c276920dc2cb37b372cc018c4865a524b18c5ccb4e4f378efcd4f329ffd81648ac31b2dba4e217dcd9dec7d7fcaa2240d0491cca4491870c8e2f95b29be53a765b4d54ea3c702692d371b2e8c4cda98cb36779a31b42bdea20514e322a3334912139d40374d39b27362c2fdb624f216bdcf2f6dd8b369a9d94f2913e6e307a2f34b179cc323d42c99a1ca4ca8999cab5c056e59ac6c731d4283aea30cd687b7c4a72c869a402122cee97c5d03afa3096749524427b2c84861fb487b4a7d7ec38a1cd2dc85a9054f3c163db67229b3f7ba742bc4b4c17d12e48917f666539c7b6e3c317c55af60b1c84155703824b96f84ab343bc3b3aaff00f321e193e9328bdfc5d059bd6ca31a54fc55d1e1a6debb2c0a8e07511e5a2eac745b1e09e0c86a92a9147c594c9c54f00d9f503e69fe96c122b6cf0f8b1dfb1594fa77b70e05354bba7c00cd9e4962705648c45a91eacd7b83a8201b62f9b881988c588d8aa832c826d0dde82250ed3c991b937049b7e8b768656f02060e87894b21d2d68d5eaa0635eaba9a97cde981a870a38994f0b56ed0bdc66d2d88c334ed9e476917f548816096cfdde81d78a6694c60dbf224193bd53b46e7d434c29b89ccd3a6c2fea9c306e8d576e8f19b8acee89a2a442200aa0e4a06736ebab7537c09071130b48033dd398c94ded9a6a486310f9e253c67d38c59a6908e798ab127d405b5c086becfd6fc9f64547472c9f234aafb6f8d1528228a9de47e5c694e53ecf943d402e03aae28e97aff0085af4dfa3f2b85e436558dafbc353500891ed19e71a7653da06ac7f689c67c93bdfe8ba0a5e1d4f01f08b94d5253c49089e552e19ca2460d85d4024bb8d40d4582ea7bc622d680dd4e4a6964926e447e1c5c9ff08a53cb0cd492875580ac8a73287e1dc860848b93f391ad7e6a6da362e058e67659f20960aa69b97e36eaa2556d00917051cca4a70cb9bac6aa4862b1a69724804c8c2e6da0eb883a4006906e89868dce939920d22f7b753ea545a1d964e5690310ff00938d47c64dfb22da2fe991ea07116463772b6aab8005acdc6e7a05aaee8ee6652b5154abc451f150afe4e01a1d3bdfbdbbfbf9e0e645d4ae56aeb4bbc0c3ea7babdc6317959abddb0c92ee124961249612496124961249612496124b96c24970a8eec2482ce77f776a38525ac82d19b7c6c59418a617e4c97b03fa435f6eb81e48c6eb5686a1ce2237e7b1ea166d5b4a12286ae22d1f10b00a09cc853995934363ef1de70239b6c85d25354739c61945fcd11d8756f572474eeeeb2e6674a8576ce090076813da16000b15200b5f1646fd63c486aca765392f68c7643782d3d52c4ecb999f865c2017b1b672ab604ff3c53990d8a2d920829b9ad1f4beca56d1a78cc79638d6331d4b421fd276014769ce9739ae6c00001b789b5f18007aa1609e563dce2ebddb7f451b79b652d34dc3562c3286b9b5f5e9a69d3c315cd1861b05a14152f9d85cedf642069623423af5f7e2a3769dd18e6b1cdc84528f786ae3f42aa603bb88c47b9ae3ecc4b9ae184349c369a4dd811587ca1578166956507989234208ee2140c5adaa782829381d31ee13bff8833150be6d47d926df124817b5ecb9b4d7169af9466e861c029efb94d547941da0da098463b92341fee07151a979ca2a2e074a3704a095db62a25fcacf2be9c8bb5bf86f6fb314991c8e650d3c4000c0a0a0b72d30c513f2dedd158ab367474d1a48c826690f643dc22d9237375520b1bc96e6076791be080c0d1a96245532d4ca630748df0a6515a7a39f32229537051028baa3ba9b0ea023a5f99129b9ec8c4859cc42cd7a7ac6e924faa8943064a27a870248da45430b0205c66b3870d7045c8d39826fd2d16f85a8a91c66aa11b7c240dd09adaf79428364453d98d06545f103993fa4c49f1c52e909c2d38289911b8c9ea4ee88474ab0c74f2583bcfe8661748ac72df27cb3d7536f038b9ac0005953d53a5739bb01eff55b2eeaeebc54d790932cee2ef33eac6fd07cd1e030646d017315552e91d6d80e8acb6c5a84480c249770924b0924b0924b0925ffd9),
(2147483647, 'miki', 'beki', 'nike', 909090, '0000-00-00', 'single', 912121212, 0x73686966652e6a7067);

-- --------------------------------------------------------

--
-- Table structure for table `admin_tbl`
--

CREATE TABLE `admin_tbl` (
  `Admin_Id` int(11) NOT NULL,
  `Admin_Name` varchar(20) NOT NULL,
  `Admin_Password` varchar(20) NOT NULL
) ENGINE=InnoDB DEFAULT CHARSET=latin1;

--
-- Dumping data for table `admin_tbl`
--

INSERT INTO `admin_tbl` (`Admin_Id`, `Admin_Name`, `Admin_Password`) VALUES
(35, 'shife', 'shife'),
(36, 'almaze', 'almaze'),
(37, 'miki', 'miki');

-- --------------------------------------------------------

--
-- Table structure for table `credit_tbl`
--

CREATE TABLE `credit_tbl` (
  `Loan_no` varchar(14) NOT NULL,
  `Credit_no` varchar(14) NOT NULL,
  `Credited_amount` double NOT NULL,
  `Credited_date` date NOT NULL,
  `Credited_branch` varchar(50) NOT NULL,
  `Contact_person` varchar(20) NOT NULL,
  `Contact_phone` int(11) NOT NULL
) ENGINE=InnoDB DEFAULT CHARSET=latin1;

--
-- Dumping data for table `credit_tbl`
--

INSERT INTO `credit_tbl` (`Loan_no`, `Credit_no`, `Credited_amount`, `Credited_date`, `Credited_branch`, `Contact_person`, `Contact_phone`) VALUES
('100000000001', '000000000001', 500, '0000-00-00', 'tabese', 'Hagos', 2147483647),
('100000000001', '000000000002', 500, '0000-00-00', 'guma', 'pop', 2147483647),
('100000000001', '000000000003', 500, '0000-00-00', 'DebraEba', 'Hagos', 2147483647),
('100000000001', '000000000004', 10000, '0000-00-00', 'denaba', 'zad', 2147483647);

-- --------------------------------------------------------

--
-- Table structure for table `debit_tbl`
--

CREATE TABLE `debit_tbl` (
  `Loan_no` varchar(14) NOT NULL,
  `Credit_no` varchar(20) NOT NULL,
  `Debit_no` varchar(14) NOT NULL,
  `Debited_amount` double NOT NULL,
  `Debited_date` text NOT NULL,
  `Debited_branch` varchar(50) NOT NULL
) ENGINE=InnoDB DEFAULT CHARSET=latin1;

-- --------------------------------------------------------

--
-- Table structure for table `deposit_tbl`
--

CREATE TABLE `deposit_tbl` (
  `Account_no` int(11) NOT NULL,
  `Deposit_no` int(11) NOT NULL,
  `Deposited_amount` double NOT NULL,
  `Deposited_date` date NOT NULL,
  `Deposited_branch` text NOT NULL
) ENGINE=InnoDB DEFAULT CHARSET=latin1;

--
-- Dumping data for table `deposit_tbl`
--

INSERT INTO `deposit_tbl` (`Account_no`, `Deposit_no`, `Deposited_amount`, `Deposited_date`, `Deposited_branch`) VALUES
(2147483647, 2147483647, 25, '0000-00-00', 'dires');

-- --------------------------------------------------------

--
-- Table structure for table `feedback_tbl`
--

CREATE TABLE `feedback_tbl` (
  `Feedback_Id` int(11) NOT NULL,
  `Name` varchar(20) NOT NULL,
  `Email` varchar(20) NOT NULL,
  `Mobile` varchar(10) NOT NULL,
  `Feedback` varchar(200) NOT NULL
) ENGINE=InnoDB DEFAULT CHARSET=latin1;

--
-- Dumping data for table `feedback_tbl`
--

INSERT INTO `feedback_tbl` (`Feedback_Id`, `Name`, `Email`, `Mobile`, `Feedback`) VALUES
(10, 'shifex', 'zad143@yahoo.com', '0910101010', 'well done speak now!'),
(11, 'sani', 'sani@yahoo.com', '0910203040', 'anch lij lemndenew project tolo tolo yemet ser?chiger ale inde/ inenegeger atdeberbegn isheeeeeeeeee\r\n\r\nanch lij lemndenew project tolo tolo yemet ser?chiger ale inde/ inenegeger atdeberbegn isheeeeee');

-- --------------------------------------------------------

--
-- Table structure for table `loan_tbl`
--

CREATE TABLE `loan_tbl` (
  `Account_no` varchar(12) NOT NULL,
  `Loan_no` varchar(12) NOT NULL,
  `Loan_amount` double NOT NULL
) ENGINE=InnoDB DEFAULT CHARSET=latin1;

--
-- Dumping data for table `loan_tbl`
--

INSERT INTO `loan_tbl` (`Account_no`, `Loan_no`, `Loan_amount`) VALUES
('100000000001', '100000000001', -3056),
('100000000001', '100000000002', 2588),
('100000000002', '100000000003', 2533),
('100000000001', '100000000004', 2599),
('100000000002', '100000000005', 2222),
('100000000001', '100000000006', 898989);

-- --------------------------------------------------------

--
-- Table structure for table `news_tbl`
--

CREATE TABLE `news_tbl` (
  `News_Id` int(11) NOT NULL,
  `News_Title` varchar(1000) NOT NULL,
  `News_Date` date NOT NULL
) ENGINE=InnoDB DEFAULT CHARSET=latin1;

--
-- Dumping data for table `news_tbl`
--

INSERT INTO `news_tbl` (`News_Id`, `News_Title`, `News_Date`) VALUES
(62, 'Grameen Foundation Celebrates Innovation in Combating Poverty to Mekonnen holding the award.\r\nThe following is Micro- finance Excellenece Award news Grameen Foundation dispatched through its website - December 2007 eNewsletter\r\n', '2006-05-15'),
(64, 'ACSI has been very innovative in the way it has used, adapted and replicated credit models, always ensuring that what is functional and effective in the local context is used and incorporated in the design of products and processes. This is a combination of home grown solutions, an intimate understanding of the context, and maximizing the learning and experiences from other countries. ', '2006-05-15'),
(66, 'There is no secret behind the success of Amhara Credit and Saving Institution other than effort. Effort so as to have shared vision, to attain financial self-sufficiency and to have effective organizational system.\r\nSetting the vision statement alone will not contribute to organizational transformation. Any organization has to have shared vision at least among its workers if it has to undergo change.\r\nHaving taken this seriously into account, ACSI tried to communicate its vision to the extent of becoming shared among its workers, managing bodies, clients, stakeholders, local government and the people of the region at large that made them contribute their part so as to attain its vision. This shared vision also enabled especially workers to become committed, efficient and to work with a sense of ownership.\r\n', '2006-05-15'),
(67, 'fffffccccccccccccccccccccccccccccccccccccccccccccccccccccccccccccccccccccccccccccccccccccccccccccccccccccccccccccccccccccccccccccccccccccccccccccccccccccccccccccccccccccccccccccccccccccccccccccccccccccccccccccccnmmfffffccccccccccccccccccccccccccccccccccccccccccccccccccccccccccccccccccccccccccccccccccccccccccccccccccccccccccccccccccccccccccccccccccccccccccccccccccccccccccccccccccccccccccccccccccccccccccccccccccccccccccccccnmmfffffccccccccccccccccccccccccccccccccccccccccccccccccccccccccccccccccccccccccccccccccccccccccccccccccccccccccccccccccccccccccccccccccccccccccccccccccccccccccccccccccccccccccccccccccccccccccccccccccccccccccccccccnmmfffffccccccccccccccccccccccccccccccccccccccccccccccccccccccccccccccccccccccccccccccccccccccccccccccccccccccccccccccccccccccccccccccccccccccccccccccccccccccccccccccccccccccccccccccccccccccccccccccccccccccccccccccnmm', '2006-08-15');

-- --------------------------------------------------------

--
-- Table structure for table `report_tbl`
--

CREATE TABLE `report_tbl` (
  `Report_no` int(14) NOT NULL,
  `Deposit_no` varchar(14) NOT NULL,
  `Withdraw_no` int(14) NOT NULL,
  `Credit_no` int(14) NOT NULL,
  `Deposit-no` int(14) NOT NULL,
  `Date` date NOT NULL
) ENGINE=InnoDB DEFAULT CHARSET=latin1;

--
-- Dumping data for table `report_tbl`
--

INSERT INTO `report_tbl` (`Report_no`, `Deposit_no`, `Withdraw_no`, `Credit_no`, `Deposit-no`, `Date`) VALUES
(1, 'shife', 0, 0, 0, '0000-00-00');

-- --------------------------------------------------------

--
-- Table structure for table `user_tbl`
--

CREATE TABLE `user_tbl` (
  `User_Id` int(11) NOT NULL,
  `UserName` varchar(20) NOT NULL,
  `PassWord` varchar(20) NOT NULL,
  `Mobile` int(11) NOT NULL,
  `Email` varchar(20) NOT NULL
) ENGINE=InnoDB DEFAULT CHARSET=latin1;

--
-- Dumping data for table `user_tbl`
--

INSERT INTO `user_tbl` (`User_Id`, `UserName`, `PassWord`, `Mobile`, `Email`) VALUES
(96, 'weyni', 'weyni', 2147483647, 'zad@yahoo.com'),
(97, 'gamo', '123456789', 2147483647, 'ddd@yahoo.c'),
(98, 'martazeki', 'marta12345', 2147483647, 'abbba@yahoo.com'),
(99, 'sanisophi', 'sani123456', 2147483647, 'ggg@gmail.com');

-- --------------------------------------------------------

--
-- Table structure for table `withdraw_tbl`
--

CREATE TABLE `withdraw_tbl` (
  `Account_no` int(11) NOT NULL,
  `Withdraw_no` int(11) NOT NULL,
  `Withdrawed_amount` double NOT NULL,
  `Withdrawed_date` date NOT NULL,
  `Withdrawed_branch` text NOT NULL
) ENGINE=InnoDB DEFAULT CHARSET=latin1;

--
-- Indexes for dumped tables
--

--
-- Indexes for table `account1_tbl`
--
ALTER TABLE `account1_tbl`
  ADD KEY `Created_Date` (`Created_Date`),
  ADD KEY `Mobile` (`Mobile`),
  ADD KEY `Mobile_2` (`Mobile`);

--
-- Indexes for table `account_tbl`
--
ALTER TABLE `account_tbl`
  ADD PRIMARY KEY (`Account_no`);

--
-- Indexes for table `admin_tbl`
--
ALTER TABLE `admin_tbl`
  ADD PRIMARY KEY (`Admin_Id`);

--
-- Indexes for table `credit_tbl`
--
ALTER TABLE `credit_tbl`
  ADD PRIMARY KEY (`Credit_no`);

--
-- Indexes for table `debit_tbl`
--
ALTER TABLE `debit_tbl`
  ADD PRIMARY KEY (`Debit_no`);

--
-- Indexes for table `deposit_tbl`
--
ALTER TABLE `deposit_tbl`
  ADD PRIMARY KEY (`Deposit_no`),
  ADD UNIQUE KEY `Person_Id` (`Account_no`),
  ADD UNIQUE KEY `Deposit_no_2` (`Deposit_no`),
  ADD KEY `Deposit_no` (`Deposit_no`),
  ADD KEY `Account_no` (`Account_no`),
  ADD KEY `Account_no_2` (`Account_no`),
  ADD KEY `Account_no_3` (`Account_no`);

--
-- Indexes for table `feedback_tbl`
--
ALTER TABLE `feedback_tbl`
  ADD PRIMARY KEY (`Feedback_Id`);

--
-- Indexes for table `loan_tbl`
--
ALTER TABLE `loan_tbl`
  ADD PRIMARY KEY (`Loan_no`),
  ADD KEY `Account_no` (`Account_no`),
  ADD KEY `Account_no_2` (`Account_no`);

--
-- Indexes for table `news_tbl`
--
ALTER TABLE `news_tbl`
  ADD PRIMARY KEY (`News_Id`);

--
-- Indexes for table `report_tbl`
--
ALTER TABLE `report_tbl`
  ADD PRIMARY KEY (`Report_no`);

--
-- Indexes for table `user_tbl`
--
ALTER TABLE `user_tbl`
  ADD PRIMARY KEY (`User_Id`);

--
-- Indexes for table `withdraw_tbl`
--
ALTER TABLE `withdraw_tbl`
  ADD PRIMARY KEY (`Withdraw_no`);
ALTER TABLE `withdraw_tbl` ADD FULLTEXT KEY `Withdrawed_branch` (`Withdrawed_branch`);

--
-- AUTO_INCREMENT for dumped tables
--

--
-- AUTO_INCREMENT for table `admin_tbl`
--
ALTER TABLE `admin_tbl`
  MODIFY `Admin_Id` int(11) NOT NULL AUTO_INCREMENT, AUTO_INCREMENT=38;
--
-- AUTO_INCREMENT for table `feedback_tbl`
--
ALTER TABLE `feedback_tbl`
  MODIFY `Feedback_Id` int(11) NOT NULL AUTO_INCREMENT, AUTO_INCREMENT=12;
--
-- AUTO_INCREMENT for table `news_tbl`
--
ALTER TABLE `news_tbl`
  MODIFY `News_Id` int(11) NOT NULL AUTO_INCREMENT, AUTO_INCREMENT=68;
--
-- AUTO_INCREMENT for table `user_tbl`
--
ALTER TABLE `user_tbl`
  MODIFY `User_Id` int(11) NOT NULL AUTO_INCREMENT, AUTO_INCREMENT=100;--
-- Database: `add`
--
CREATE DATABASE IF NOT EXISTS `add` DEFAULT CHARACTER SET latin1 COLLATE latin1_swedish_ci;
USE `add`;

-- --------------------------------------------------------

--
-- Table structure for table `student`
--

CREATE TABLE `student` (
  `student_id` int(11) NOT NULL,
  `fname` varchar(100) NOT NULL,
  `lname` varchar(100) NOT NULL,
  `email` varchar(100) NOT NULL,
  `age` int(5) NOT NULL
) ENGINE=InnoDB DEFAULT CHARSET=latin1;

--
-- Dumping data for table `student`
--

INSERT INTO `student` (`student_id`, `fname`, `lname`, `email`, `age`) VALUES
(101, 'Pius', 'Fiifi', 'fiifi@gmail.com', 436),
(102, 'Stephen', 'Appiah', 'stev@gmail.com', 44),
(103, 'Kirpal', 'Darkoh-Atobrah', 'kad@yahoo.com', 23),
(104, 'Tilahun', 'Gedefaw', 'dty', 34);

--
-- Indexes for dumped tables
--

--
-- Indexes for table `student`
--
ALTER TABLE `student`
  ADD PRIMARY KEY (`student_id`);
--
-- Database: `admin_opac`
--
CREATE DATABASE IF NOT EXISTS `admin_opac` DEFAULT CHARACTER SET latin1 COLLATE latin1_swedish_ci;
USE `admin_opac`;

-- --------------------------------------------------------

--
-- Table structure for table `admin`
--

CREATE TABLE `admin` (
  `username` varchar(12) NOT NULL,
  `id` int(11) NOT NULL,
  `password` varchar(50) NOT NULL
) ENGINE=MyISAM DEFAULT CHARSET=latin1;

--
-- Dumping data for table `admin`
--

INSERT INTO `admin` (`username`, `id`, `password`) VALUES
('admin', 1, '0192023a7bbd73250516f069df18b500');

-- --------------------------------------------------------

--
-- Table structure for table `book_stat`
--

CREATE TABLE `book_stat` (
  `id` int(11) NOT NULL,
  `book_id` int(11) NOT NULL
) ENGINE=MyISAM DEFAULT CHARSET=latin1;

--
-- Dumping data for table `book_stat`
--

INSERT INTO `book_stat` (`id`, `book_id`) VALUES
(1, 1),
(2, 1),
(3, 6),
(4, 5),
(5, 5),
(6, 6),
(7, 7),
(8, 6),
(9, 7),
(10, 6),
(11, 5),
(12, 1),
(13, 5),
(14, 6),
(15, 7),
(16, 7),
(17, 1),
(18, 1),
(19, 5),
(20, 1),
(21, 1),
(22, 1),
(23, 11),
(24, 10),
(25, 3),
(26, 3),
(27, 1),
(28, 4),
(29, 5),
(30, 5),
(31, 17),
(32, 1),
(33, 1),
(34, 15),
(35, 10),
(36, 10),
(37, 10),
(38, 12),
(39, 19),
(40, 18),
(41, 13),
(42, 1),
(43, 1),
(44, 2),
(45, 1),
(46, 1),
(47, 2),
(48, 5),
(49, 9),
(50, 13),
(51, 11),
(52, 16),
(53, 18),
(54, 19),
(55, 1),
(56, 1),
(57, 4),
(58, 6),
(59, 1),
(60, 4),
(61, 5),
(62, 4),
(63, 9),
(64, 3),
(65, 6),
(66, 1),
(67, 1),
(68, 1),
(69, 9),
(70, 1),
(71, 9),
(72, 6),
(73, 5),
(74, 32),
(75, 32),
(76, 1),
(77, 2),
(78, 1),
(79, 1),
(80, 4),
(81, 2),
(82, 5),
(83, 1),
(84, 9),
(85, 3),
(86, 4),
(87, 8),
(88, 9),
(89, 2),
(90, 5),
(91, 7),
(92, 10),
(93, 1),
(94, 1),
(95, 2),
(96, 3),
(97, 40),
(98, 5),
(99, 3),
(100, 4),
(101, 5),
(102, 1),
(103, 40),
(104, 40),
(105, 40),
(106, 40),
(107, 40),
(108, 40),
(109, 4),
(110, 4),
(111, 9),
(112, 5),
(113, 5),
(114, 45),
(115, 45),
(116, 5),
(117, 43),
(118, 43),
(119, 45),
(120, 7),
(121, 43),
(122, 5),
(123, 43),
(124, 43),
(125, 1),
(126, 14),
(127, 1),
(128, 1),
(129, 1),
(130, 1),
(131, 1),
(132, 1),
(133, 3),
(134, 2),
(135, 4),
(136, 5),
(137, 9),
(138, 3),
(139, 4),
(140, 4),
(141, 5),
(142, 6),
(143, 4),
(144, 2),
(145, 5),
(146, 5),
(147, 4),
(148, 7),
(149, 2),
(150, 5),
(151, 4),
(152, 2),
(153, 5),
(154, 9),
(155, 10),
(156, 4),
(157, 3),
(158, 7),
(159, 8),
(160, 10),
(161, 3),
(162, 4),
(163, 7),
(164, 5),
(165, 9),
(166, 10),
(167, 8),
(168, 4),
(169, 9),
(170, 2),
(171, 7),
(172, 5),
(173, 45),
(174, 5),
(175, 45),
(176, 45),
(177, 1),
(178, 1),
(179, 3),
(180, 2),
(181, 5),
(182, 6),
(183, 7),
(184, 43),
(185, 4),
(186, 4),
(187, 1),
(188, 44),
(189, 40),
(190, 7),
(191, 1),
(192, 2),
(193, 9),
(194, 8),
(195, 1),
(196, 1),
(197, 1),
(198, 10),
(199, 10),
(200, 1),
(201, 1),
(202, 10),
(203, 11),
(204, 1),
(205, 1),
(206, 10),
(207, 1),
(208, 1),
(209, 1),
(210, 10),
(211, 1),
(212, 18),
(213, 2),
(214, 12),
(215, 42),
(216, 1),
(217, 12),
(218, 2),
(219, 12),
(220, 42),
(221, 12),
(222, 2),
(223, 12),
(224, 14),
(225, 14),
(226, 16),
(227, 5),
(228, 18),
(229, 18),
(230, 8),
(231, 2),
(232, 7),
(233, 17),
(234, 17),
(235, 46),
(236, 12),
(237, 8),
(238, 1),
(239, 5),
(240, 40),
(241, 5),
(242, 7),
(243, 9),
(244, 10),
(245, 1),
(246, 9),
(247, 8),
(248, 9),
(249, 5),
(250, 3),
(251, 4),
(252, 9),
(253, 10),
(254, 4),
(255, 2),
(256, 1),
(257, 9),
(258, 2),
(259, 7),
(260, 2),
(261, 1),
(262, 19),
(263, 5),
(264, 45),
(265, 6),
(266, 45),
(267, 6),
(268, 6),
(269, 43),
(270, 2),
(271, 45),
(272, 2),
(273, 12),
(274, 1),
(275, 12),
(276, 12),
(277, 1),
(278, 6),
(279, 1),
(280, 6),
(281, 8),
(282, 1),
(283, 9),
(284, 8),
(285, 1),
(286, 1),
(287, 1),
(288, 3),
(289, 11),
(290, 12),
(291, 1),
(292, 1),
(293, 1),
(294, 1),
(295, 3),
(296, 1),
(297, 3),
(298, 5),
(299, 5),
(300, 1),
(301, 1),
(302, 3),
(303, 1),
(304, 1),
(305, 5),
(306, 1),
(307, 4),
(308, 7),
(309, 6),
(310, 6),
(311, 5),
(312, 4),
(313, 3),
(314, 2),
(315, 8),
(316, 4),
(317, 4),
(318, 1),
(319, 1),
(320, 8),
(321, 7),
(322, 5),
(323, 7),
(324, 10),
(325, 5),
(326, 4),
(327, 9),
(328, 9),
(329, 5),
(330, 18),
(331, 10),
(332, 12),
(333, 18),
(334, 17),
(335, 18),
(336, 19),
(337, 3),
(338, 1),
(339, 6),
(340, 7),
(341, 1),
(342, 10),
(343, 44),
(344, 2),
(345, 8),
(346, 2),
(347, 8),
(348, 6),
(349, 6),
(350, 5),
(351, 1),
(352, 8),
(353, 18),
(354, 10),
(355, 15),
(356, 17),
(357, 16),
(358, 1),
(359, 10),
(360, 11),
(361, 1),
(362, 2),
(363, 2),
(364, 4),
(365, 44),
(366, 12),
(367, 12),
(368, 15),
(369, 15),
(370, 1),
(371, 10),
(372, 2),
(373, 2),
(374, 4),
(375, 45),
(376, 15),
(377, 12),
(378, 2),
(379, 1),
(380, 4),
(381, 1),
(382, 4),
(383, 4),
(384, 4),
(385, 8),
(386, 1),
(387, 2),
(388, 15),
(389, 8),
(390, 2),
(391, 8),
(392, 1),
(393, 1),
(394, 15),
(395, 4),
(396, 1),
(397, 14),
(398, 5),
(399, 1),
(400, 15),
(401, 4),
(402, 2),
(403, 48),
(404, 49),
(405, 14),
(406, 3),
(407, 12),
(408, 2),
(409, 45),
(410, 15),
(411, 12),
(412, 3),
(413, 5),
(414, 44),
(415, 8),
(416, 1),
(417, 48),
(418, 47),
(419, 3),
(420, 9),
(421, 1),
(422, 49),
(423, 44),
(424, 12),
(425, 12),
(426, 12),
(427, 1),
(428, 2),
(429, 6),
(430, 8),
(431, 14),
(432, 1),
(433, 49),
(434, 3),
(435, 2),
(436, 3),
(437, 49),
(438, 3),
(439, 1),
(440, 4),
(441, 2),
(442, 1),
(443, 1),
(444, 1),
(445, 1),
(446, 6),
(447, 8),
(448, 12),
(449, 8),
(450, 2),
(451, 6),
(452, 7),
(453, 1),
(454, 1),
(455, 1),
(456, 4),
(457, 1),
(458, 5),
(459, 3),
(460, 1),
(461, 47),
(462, 3),
(463, 45),
(464, 4),
(465, 48),
(466, 50),
(467, 50),
(468, 50),
(469, 16),
(470, 1),
(471, 3),
(472, 4),
(473, 50),
(474, 50),
(475, 49),
(476, 2),
(477, 17),
(478, 50),
(479, 47),
(480, 49),
(481, 48),
(482, 44),
(483, 7),
(484, 17),
(485, 12),
(486, 47),
(487, 17),
(488, 19),
(489, 50),
(490, 50),
(491, 50),
(492, 16),
(493, 2),
(494, 3),
(495, 1),
(496, 50),
(497, 50),
(498, 50),
(499, 53),
(500, 50),
(501, 47),
(502, 50),
(503, 50),
(504, 50),
(505, 49),
(506, 47),
(507, 4),
(508, 2),
(509, 2),
(510, 2),
(511, 2),
(512, 6),
(513, 15),
(514, 47),
(515, 50),
(516, 2),
(517, 2),
(518, 45),
(519, 2),
(520, 7),
(521, 2),
(522, 7),
(523, 53),
(524, 2),
(525, 7),
(526, 7),
(527, 7),
(528, 6),
(529, 2),
(530, 53),
(531, 8),
(532, 4),
(533, 5),
(534, 44),
(535, 4),
(536, 8),
(537, 9),
(538, 4),
(539, 2),
(540, 5),
(541, 48),
(542, 2),
(543, 48),
(544, 49),
(545, 47),
(546, 3),
(547, 2),
(548, 2),
(549, 12),
(550, 1),
(551, 3),
(552, 11),
(553, 1),
(554, 48),
(555, 3),
(556, 44),
(557, 50),
(558, 17),
(559, 6),
(560, 2),
(561, 8),
(562, 9),
(563, 5),
(564, 3),
(565, 8),
(566, 1),
(567, 9),
(568, 1),
(569, 47),
(570, 2),
(571, 5),
(572, 44),
(573, 8),
(574, 48),
(575, 4),
(576, 4),
(577, 1),
(578, 1),
(579, 8),
(580, 1),
(581, 8),
(582, 11),
(583, 1),
(584, 2),
(585, 3),
(586, 3),
(587, 10),
(588, 2),
(589, 19),
(590, 10),
(591, 1),
(592, 12),
(593, 9),
(594, 51),
(595, 1),
(596, 4),
(597, 5),
(598, 2),
(599, 47),
(600, 2),
(601, 44),
(602, 1),
(603, 4),
(604, 6),
(605, 49),
(606, 48),
(607, 4),
(608, 3),
(609, 4),
(610, 1),
(611, 2),
(612, 2),
(613, 4),
(614, 2),
(615, 10);

-- --------------------------------------------------------

--
-- Table structure for table `books`
--

CREATE TABLE `books` (
  `accession_no` int(11) NOT NULL,
  `copies` varchar(10) NOT NULL,
  `copyright_year` int(11) NOT NULL,
  `date_received` varchar(20) NOT NULL,
  `title` varchar(100) NOT NULL,
  `author` varchar(100) NOT NULL,
  `publisher_name` varchar(100) NOT NULL,
  `place_publication` text NOT NULL,
  `isbn_no` varchar(50) NOT NULL,
  `shelf_no` int(11) NOT NULL,
  `availability` varchar(20) NOT NULL,
  `subject` varchar(50) NOT NULL,
  `subclass_2` varchar(200) NOT NULL,
  `subclass_3` varchar(50) NOT NULL,
  `subclass_4` varchar(50) NOT NULL,
  `remarks` text NOT NULL,
  `status` varchar(50) NOT NULL,
  `call_number` varchar(50) NOT NULL,
  `section` varchar(30) NOT NULL
) ENGINE=MyISAM DEFAULT CHARSET=latin1;

--
-- Dumping data for table `books`
--

INSERT INTO `books` (`accession_no`, `copies`, `copyright_year`, `date_received`, `title`, `author`, `publisher_name`, `place_publication`, `isbn_no`, `shelf_no`, `availability`, `subject`, `subclass_2`, `subclass_3`, `subclass_4`, `remarks`, `status`, `call_number`, `section`) VALUES
(2, '2', 1972, '7/13/1984', 'ABC''s of Boolean Algebra', 'Waters, Farl J.', 'Howard W. Sams Co.', 'Indianapolis', '0-8273 -1155-10', 0, '0', 'Algebra', 'sub22', 'sub32', 'sub42', 'out', 'R', 'QA-10.3-L99-1972', 'kenyan'),
(3, '3', 1978, '7/13/1985', 'ABC''s of Electronics', 'Waters, Farl J.', 'Howard W. Sams', 'Indiana', '0-8273 -1155-11', 0, '0', 'Electronics', 'sub23', 'sub33', 'sub43', 'in', 'E', 'TK-7815-W3-1978', ''),
(4, '4', 1962, '7/13/1986', 'ABC''s of Computer Programming', 'Lytel, Allan1', 'Taraporevala Sons and Co., Private ltd.', 'Bombay', '0-8273 -1155-121', 0, '0', 'Computer Programming1', 'sub24', 'sub34', 'sub44', 'out', 'R', 'QA-76-L98-19621', 'feasibility'),
(5, '5', 1965, '7/13/1987', 'ABC''s of Silicon Controlled Rectifiers', 'Lytel, Allan', 'Taraporevala Sons and Co., Private ltd.', 'Bombay', '0-8273 -1155-13', 0, '0', 'Electronics', 'sub25', 'sub35', 'sub45', 'in', 'E', 'TK-2798-L98-1965', 'magazine'),
(6, '6', 1977, '7/13/1988', 'Aids to Psycholinguistic Teaching', 'Bush, Vilma Jo', 'Charles E. Merrill', 'Columbus', '0-8273 -1155-14', 0, '0', 'Psychology', 'sub26', 'sub36', 'sub46', 'out', 'E', 'P-31-138-1977', 'kenyan'),
(7, '7', 1964, '7/13/1989', 'Aims in Education', 'Holleins, T H B ed.', 'University Place', 'Machester', '0-8273 -1155-15', 0, '0', 'English', 'sub27', 'sub37', 'sub47', 'in', 'E', 'L13-41-H72-1964', 'kenyan'),
(8, '8', 1973, '7/13/1990', 'Air Conditioning Metal Lay out', 'Kaberlein, Joseph J.', 'Glencoe Publishing', 'Encino, California', '0-8273 -1155-16', 0, '0', 'Electronics', 'sub28', 'sub38', 'sub48', 'out', 'E', 'TS-250-K12-1973', 'feasibility'),
(9, '9', 1976, '7/13/1991', 'Airframe and Powerplant Mechanics, general handbook', 'US Department of Transportation', 'Aviation Maintenance', 'Aviation Maintenance', '0-8273 -1155-17', 0, '0', 'Electronics', 'sub29', 'sub39', 'sub49', 'in', 'E', 'TJ-164-A3-1976', 'feasibility'),
(10, '10', 1991, '7/13/1992', 'Alternating Current Fundamentals', 'Duff, John R.', 'Delmar Publisher Inc.', 'New York', '0-8273 -1155-18', 0, '0', 'Electronics', 'sub30', 'sub40', 'sub50', 'out', 'E', 'TK-1141-D8-1991', 'circulation'),
(11, '11', 1976, '7/13/1993', 'Air Pollution', 'Stern, Arthur Cecil', 'Academic Press', 'New York', '0-8273 -1155-19', 0, '0', 'Science', 'sub31', 'sub41', 'sub51', 'in', 'E', 'TD-883-S8-1976', 'circulation'),
(12, '12', 1978, '7/13/1994', 'Analog System for Microprocessors and Microcomputers', 'Gorrith, Patrick H.', 'Reston Publishing', 'Virginia', '0-8273 -1155-20', 0, '0', 'Computer Hardware', 'sub32', 'sub42', 'sub52', 'out', 'E', 'TS-158.6-G19-1978', 'circulation'),
(13, '13', 2000, '7/13/1995', 'Analytic Chemistry: An Introduction', 'Douglas, A', 'Books/Cole', 'Australia', '981-243-789-3', 0, '0', 'Chemistry', 'sub33', 'sub43', 'sub53', 'in', 'E', 'Cir.-QD-11.2-A5-2000', 'circulation'),
(14, '14', 2002, '7/13/1996', 'Analytic Geometry', 'Ebaez, Edwin D.', 'Mutya Pub. House', 'Valenzuela City', '971-821-036-9', 0, '0', 'Geometry', 'sub34', 'sub44', 'sub54', 'out', 'L', 'Fil-QA-551-I2-2002', 'circulation'),
(15, '15', 1997, '7/13/1997', 'An Approach to Literature', 'Romero, Perlita P.', 'Katha Pub. Co. Inc.', 'Quezon City', '971-514-076-5', 0, '0', 'Literature', 'sub35', 'sub45', 'sub55', 'in', 'R', 'Fil-PN-59-R6-1997', 'circulation'),
(16, '16', 1962, '7/13/1998', 'Analytical Chemistry of Polymers', 'Kline, Gordon M.', 'Interscience Publishers', 'New York', '0-8273 -1155-24', 0, '0', '	Chemistry', 'sub36', 'sub46', 'sub56', 'out', 'E', 'QD-139.P6-K68-1962', 'circulation'),
(17, '17', 1994, '7/13/1999', 'The ARRL UHF/ Microwave Projects', '', 'American Radio Relay League', 'USA', '087-259-449-1', 0, '0', 'Electronics', 'sub37', 'sub47', 'sub57', 'in', 'E', 'TK-9956-A7-1994', 'circulation'),
(18, '18', 1992, '7/13/2000', 'Audel Automated Machines and Tool Making', 'Miller, Rex et al.', 'Wiley Publishing Inc.', 'Indianapolis', '0-764-55528-6', 0, '0', 'Electronics', 'sub38', 'sub48', 'sub58', 'out', 'E', 'Cir.-TJ-213-M5-1992', 'circulation'),
(19, '19', 2004, '7/13/2001', 'Audel HVAC Fundamentals, Volume1: heating systems, furnaces and boilers', 'Brumbaugh, James E.', 'Wiley Publishing Inc.', 'Indianapolis, Indiana', '0-764-54206-0', 0, 'borrowed', 'Electronics', 'sub39', 'sub49', 'sub59', 'in', 'E', 'Cir.-TH-7227-B7-2004', 'circulation'),
(49, '', 123123, '2012-01-11 16:51:56', '1313', '1313', '231231', '23123123131', '31321', 0, '0', '123131', '123131', '', '', '', 'L', '123123123', 'references'),
(47, '', 111, '2012-01-11 01:03:01', '1', '11', '11', '111', '1111', 0, '0', '11', '1111', '', '', '', 'E', '111', 'references'),
(48, '', 3, '2012-01-11 16:51:23', '3123123', '232', '3', '23', '232', 0, '0', '32', '3', '', '', '', 'L', '232', 'references'),
(44, '', 0, '2011-12-06 09:09:50', 'Add Learning Resources', 'Add Learning Resources', 'Add Learning Resources', 'Add Learning Resources', '1233131', 0, '0', 'Add Learning Resources', 'Add Learning Resources, Add Learning Resources,Add Learning Resources,Add Learning Resources,Add Learning Resources', '', '', '', 'E', '1231313', 'magazine'),
(45, '', 0, '2011-12-06 09:10:37', 'Add Learning ', 'Add Learning ', 'Add Learning ', 'Add Learning ', 'Add Learning ', 0, '0', 'Add Learning ', 'Add Learning ', '', '', '', 'E', 'Add Learning ', 'kenyan'),
(50, '', 2000, '2016-02-28 16:20:47', 'Titus', 'Kamba', 'Nation', 'Kenya', '7987889', 4, 'borrowed', 'Tourism', 'Geography', '', '', '', 'E', '67678-998', 'magazine'),
(51, '', 1990, '2016-02-28 23:11:11', 'Kis', 'Kaleli', 'Longhorn', 'Hum', '67567788', 0, '', 'Hot', 'gor', '', '', '', 'E', 'eroror', 'kenyan'),
(52, '', 1990, '2016-02-28 23:11:19', 'Kis', 'Kaleli', 'Longhorn', 'Hum', '67567788', 0, '', 'Hot', 'gor', '', '', '', 'E', 'eroror', 'kenyan'),
(53, '', 1990, '2016-02-28 23:28:36', 'Julz', 'Jay A', 'Publisher', 'ghg', '7887888', 0, '', 'Hun', 'hus', '', '', '', 'E', 'uuuu', 'kenyan');

-- --------------------------------------------------------

--
-- Table structure for table `config`
--

CREATE TABLE `config` (
  `id` int(11) NOT NULL,
  `title` varchar(100) NOT NULL,
  `sub_title` varchar(100) NOT NULL,
  `copyright` varchar(70) NOT NULL,
  `logo` varchar(100) NOT NULL,
  `header_title` varchar(50) NOT NULL,
  `address` varchar(100) NOT NULL,
  `phoneNumber` varchar(100) NOT NULL,
  `EmailAddress` varchar(100) NOT NULL
) ENGINE=MyISAM DEFAULT CHARSET=latin1;

--
-- Dumping data for table `config`
--

INSERT INTO `config` (`id`, `title`, `sub_title`, `copyright`, `logo`, `header_title`, `address`, `phoneNumber`, `EmailAddress`) VALUES
(1, 'Online Public Access Catalog', 'This is demo site', '2016 OPAC. All Rights Reserved.', '', '', 'JKUAT Karen', '496-952-9652', 'faith.kioko@gmail.com');

-- --------------------------------------------------------

--
-- Table structure for table `users`
--

CREATE TABLE `users` (
  `user_id` int(11) NOT NULL,
  `username` varchar(100) NOT NULL,
  `password` varchar(100) NOT NULL,
  `firstname` varchar(100) NOT NULL,
  `lastname` varchar(100) NOT NULL
) ENGINE=InnoDB DEFAULT CHARSET=latin1;

--
-- Dumping data for table `users`
--

INSERT INTO `users` (`user_id`, `username`, `password`, `firstname`, `lastname`) VALUES
(2, 'admin', 'admin', 'john', 'smith'),
(3, 'lib', 'lib', 'Kal', 'lib');

--
-- Indexes for dumped tables
--

--
-- Indexes for table `admin`
--
ALTER TABLE `admin`
  ADD PRIMARY KEY (`id`);

--
-- Indexes for table `book_stat`
--
ALTER TABLE `book_stat`
  ADD PRIMARY KEY (`id`);

--
-- Indexes for table `books`
--
ALTER TABLE `books`
  ADD PRIMARY KEY (`accession_no`);

--
-- Indexes for table `config`
--
ALTER TABLE `config`
  ADD PRIMARY KEY (`id`);

--
-- Indexes for table `users`
--
ALTER TABLE `users`
  ADD PRIMARY KEY (`user_id`);

--
-- AUTO_INCREMENT for dumped tables
--

--
-- AUTO_INCREMENT for table `admin`
--
ALTER TABLE `admin`
  MODIFY `id` int(11) NOT NULL AUTO_INCREMENT, AUTO_INCREMENT=2;
--
-- AUTO_INCREMENT for table `book_stat`
--
ALTER TABLE `book_stat`
  MODIFY `id` int(11) NOT NULL AUTO_INCREMENT, AUTO_INCREMENT=616;
--
-- AUTO_INCREMENT for table `books`
--
ALTER TABLE `books`
  MODIFY `accession_no` int(11) NOT NULL AUTO_INCREMENT, AUTO_INCREMENT=54;
--
-- AUTO_INCREMENT for table `config`
--
ALTER TABLE `config`
  MODIFY `id` int(11) NOT NULL AUTO_INCREMENT, AUTO_INCREMENT=5;
--
-- AUTO_INCREMENT for table `users`
--
ALTER TABLE `users`
  MODIFY `user_id` int(11) NOT NULL AUTO_INCREMENT, AUTO_INCREMENT=4;--
-- Database: `arjunphp_demo`
--
CREATE DATABASE IF NOT EXISTS `arjunphp_demo` DEFAULT CHARACTER SET latin1 COLLATE latin1_swedish_ci;
USE `arjunphp_demo`;

-- --------------------------------------------------------

--
-- Table structure for table `trn_employee`
--

CREATE TABLE `trn_employee` (
  `emp_id` int(34) NOT NULL,
  `emp_name` varchar(21) NOT NULL,
  `emp_salary` varchar(45) NOT NULL
) ENGINE=InnoDB DEFAULT CHARSET=latin1;

-- --------------------------------------------------------

--
-- Table structure for table `tyyu`
--

CREATE TABLE `tyyu` (
  `name` varchar(34) NOT NULL,
  `id` int(21) NOT NULL,
  `adress` varchar(45) NOT NULL
) ENGINE=InnoDB DEFAULT CHARSET=latin1;

--
-- Dumping data for table `tyyu`
--

INSERT INTO `tyyu` (`name`, `id`, `adress`) VALUES
('tilahun', 3345, 'adama'),
('gedefaw', 3245, 'markos');
--
-- Database: `assignment`
--
CREATE DATABASE IF NOT EXISTS `assignment` DEFAULT CHARACTER SET latin1 COLLATE latin1_swedish_ci;
USE `assignment`;

-- --------------------------------------------------------

--
-- Table structure for table `article_tbl`
--

CREATE TABLE `article_tbl` (
  `a_id` int(10) UNSIGNED NOT NULL,
  `loca_id` int(10) NOT NULL,
  `title` varchar(100) NOT NULL,
  `content` text NOT NULL,
  `status` char(10) NOT NULL,
  `note` varchar(100) NOT NULL
) ENGINE=InnoDB DEFAULT CHARSET=latin1;

--
-- Dumping data for table `article_tbl`
--

INSERT INTO `article_tbl` (`a_id`, `loca_id`, `title`, `content`, `status`, `note`) VALUES
(2, 1, 'Student Entry', 'link to other page', 'Private', 'ttt'),
(3, 1, 'Teachers Entry', 'link to teacher entry', 'Public', 'for teacher');

-- --------------------------------------------------------

--
-- Table structure for table `facuties_tbl`
--

CREATE TABLE `facuties_tbl` (
  `faculties_id` int(10) UNSIGNED NOT NULL,
  `faculties_name` varchar(50) NOT NULL,
  `note` varchar(100) NOT NULL
) ENGINE=InnoDB DEFAULT CHARSET=latin1;

--
-- Dumping data for table `facuties_tbl`
--

INSERT INTO `facuties_tbl` (`faculties_id`, `faculties_name`, `note`) VALUES
(2, 'Science and Technology', 'Part of science'),
(3, 'Law', 'part of Law');

-- --------------------------------------------------------

--
-- Table structure for table `location_tb`
--

CREATE TABLE `location_tb` (
  `loca_id` int(10) UNSIGNED NOT NULL,
  `l_name` varchar(100) NOT NULL,
  `description` text NOT NULL,
  `note` varchar(150) NOT NULL
) ENGINE=InnoDB DEFAULT CHARSET=latin1;

--
-- Dumping data for table `location_tb`
--

INSERT INTO `location_tb` (`loca_id`, `l_name`, `description`, `note`) VALUES
(1, 'left menu', 'link to other page', 'menu');

-- --------------------------------------------------------

--
-- Table structure for table `stu_score_tbl`
--

CREATE TABLE `stu_score_tbl` (
  `ss_id` int(10) UNSIGNED NOT NULL,
  `stu_id` int(10) NOT NULL,
  `faculties_id` int(10) NOT NULL,
  `sub_id` int(10) NOT NULL,
  `miderm` float NOT NULL,
  `final` float NOT NULL,
  `note` varchar(100) NOT NULL
) ENGINE=InnoDB DEFAULT CHARSET=latin1;

--
-- Dumping data for table `stu_score_tbl`
--

INSERT INTO `stu_score_tbl` (`ss_id`, `stu_id`, `faculties_id`, `sub_id`, `miderm`, `final`, `note`) VALUES
(2, 1, 2, 2, 40, 40, 'top score'),
(6, 1, 2, 3, 30, 34, 'good'),
(7, 1, 2, 4, 40, 39, 'top'),
(8, 1, 2, 5, 57, 40, 'good'),
(9, 1, 2, 6, 54, 39, 'good'),
(10, 2, 2, 1, 48, 40, 'good'),
(11, 2, 2, 2, 60, 40, 'good'),
(12, 2, 2, 3, 57, 40, 'good'),
(13, 2, 2, 4, 57, 40, 'good'),
(15, 2, 2, 5, 48, 40, 'good'),
(16, 2, 2, 6, 59, 39, 'good'),
(17, 3, 2, 1, 53, 34, 'good'),
(18, 3, 2, 2, 40, 40, 'good'),
(19, 3, 2, 3, 48, 40, 'good'),
(20, 3, 2, 4, 40, 34, 'good'),
(21, 3, 2, 5, 49, 34, 'good'),
(22, 3, 2, 6, 54, 34, 'good'),
(23, 4, 2, 1, 59, 40, 'good'),
(24, 4, 2, 2, 53, 40, 'good'),
(25, 4, 2, 3, 59, 40, 'good'),
(26, 4, 2, 4, 58, 40, 'good'),
(27, 4, 2, 5, 58, 40, 'good'),
(28, 4, 2, 6, 59, 40, 'good');

-- --------------------------------------------------------

--
-- Table structure for table `stu_tbl`
--

CREATE TABLE `stu_tbl` (
  `stu_id` int(10) UNSIGNED NOT NULL,
  `f_name` varchar(50) NOT NULL,
  `l_name` varchar(50) NOT NULL,
  `gender` char(10) NOT NULL,
  `dob` date NOT NULL,
  `pob` varchar(100) NOT NULL,
  `address` varchar(100) NOT NULL,
  `phone` varchar(50) NOT NULL,
  `email` varchar(70) NOT NULL,
  `note` varchar(100) NOT NULL
) ENGINE=InnoDB DEFAULT CHARSET=latin1;

--
-- Dumping data for table `stu_tbl`
--

INSERT INTO `stu_tbl` (`stu_id`, `f_name`, `l_name`, `gender`, `dob`, `pob`, `address`, `phone`, `email`, `note`) VALUES
(1, 'Momrrr', 'Vannak', 'Male', '1991-03-01', 'Takeo Province  ', '  Phnom Penh', '088 9 666 120', 'vannakkmum@gmail.com  ', 'Student'),
(2, 'Chon', 'Phearak', 'Male', '1990-05-04', 'Takeo Province  ', '  Phnom Penh', '015 66 77 33', 'phearakchon@yahoo.com  ', 'Student'),
(3, 'Soa', 'Muny', 'Male', '1988-05-05', 'Takeo Province   ', '   Phnom Penh', '097 69 90 123', 'munysoa@gmail.com   ', 'Student'),
(4, 'Sok', 'Cheatha', 'Female', '1989-06-06', 'Kompot', 'Phnom Penh', '099 77 66 55 ', 'cheatasok@gmail.com', 'Student');

-- --------------------------------------------------------

--
-- Table structure for table `sub_tbl`
--

CREATE TABLE `sub_tbl` (
  `sub_id` int(10) UNSIGNED NOT NULL,
  `faculties_id` int(10) NOT NULL,
  `teacher_id` int(10) NOT NULL,
  `semester` varchar(10) NOT NULL,
  `sub_name` varchar(100) NOT NULL,
  `note` varchar(100) NOT NULL
) ENGINE=InnoDB DEFAULT CHARSET=latin1;

--
-- Dumping data for table `sub_tbl`
--

INSERT INTO `sub_tbl` (`sub_id`, `faculties_id`, `teacher_id`, `semester`, `sub_name`, `note`) VALUES
(1, 2, 1, '1', 'Web Programming', 'HTML and CSS'),
(2, 2, 2, '1', 'OOP and C++', 'Part of C Language'),
(3, 2, 3, '2', 'English for Computing', 'part 2'),
(4, 2, 4, '2', 'Network', 'part2'),
(5, 2, 5, '2', 'VB.Net', 'part 2'),
(6, 2, 6, '2', 'Database', 'part 2');

-- --------------------------------------------------------

--
-- Table structure for table `teacher_tbl`
--

CREATE TABLE `teacher_tbl` (
  `teacher_id` int(10) UNSIGNED NOT NULL,
  `f_name` varchar(30) NOT NULL,
  `l_name` varchar(30) NOT NULL,
  `gender` char(10) NOT NULL,
  `dob` date NOT NULL,
  `pob` varchar(100) NOT NULL,
  `address` varchar(100) NOT NULL,
  `degree` varchar(50) NOT NULL,
  `salary` float NOT NULL,
  `married` char(10) NOT NULL,
  `phone` varchar(50) NOT NULL,
  `email` varchar(50) NOT NULL,
  `note` varchar(100) NOT NULL
) ENGINE=InnoDB DEFAULT CHARSET=latin1;

--
-- Dumping data for table `teacher_tbl`
--

INSERT INTO `teacher_tbl` (`teacher_id`, `f_name`, `l_name`, `gender`, `dob`, `pob`, `address`, `degree`, `salary`, `married`, `phone`, `email`, `note`) VALUES
(1, 'Hang', 'Sovann', 'Male', '1985-03-05', 'Kandal Province', 'Phnom Penh', 'Master', 1500, 'No', '015 871 787', 'sovannhang@gmail.com', 'Teacher and Staff'),
(2, 'Pheng', 'Tola', 'Male', '1986-03-08', 'Kompong Cham Province', 'Phnom Penh', 'Bachelor', 1500, 'Yes', '016 572 393', 'tolapheng@gmail.com', 'Teacher and Staff'),
(3, 'Sann', 'Vannthoeun', 'Male', '1990-07-03', 'Kandal Province', 'kankal', 'Bachelor', 1000, 'Yes', '087 666 55 ', 'vannthoeunsann@gmail.com', 'English'),
(4, 'Tang', 'Hay', 'Male', '0000-00-00', 'Kroches', 'Phnom Penh', 'Bachelor', 1000, 'Yes', '099 77 66 33', 'haytang@gmail.com', 'network'),
(5, 'Chi', 'Kim  Y', 'Male', '0000-00-00', 'Phnom Penh', 'Phnom Penh', 'Bachelor', 1500, 'Yes', '097 66 55 423', 'kimychi@gmail.com', 'VB'),
(6, 'Sann', 'Sotherath', 'Male', '1985-02-01', 'Kandal Province', 'Phnom Penh', 'Bachelor', 1300, 'Yes', '012 33 44 55', 'sotherathsann@gmail.com', 'Database');

-- --------------------------------------------------------

--
-- Table structure for table `users_tbl`
--

CREATE TABLE `users_tbl` (
  `u_id` int(10) UNSIGNED NOT NULL,
  `username` varchar(50) NOT NULL,
  `password` varchar(30) NOT NULL,
  `type` char(10) NOT NULL,
  `note` varchar(100) NOT NULL
) ENGINE=InnoDB DEFAULT CHARSET=latin1;

--
-- Dumping data for table `users_tbl`
--

INSERT INTO `users_tbl` (`u_id`, `username`, `password`, `type`, `note`) VALUES
(1, 'admin', 'admin', 'creator', 'creator'),
(2, 'everyone', 'viewonly', 'visitor', 'visitor'),
(4, 'vannak', 'vannak', 'creator', 'assignment\r\n');

--
-- Indexes for dumped tables
--

--
-- Indexes for table `article_tbl`
--
ALTER TABLE `article_tbl`
  ADD PRIMARY KEY (`a_id`);

--
-- Indexes for table `facuties_tbl`
--
ALTER TABLE `facuties_tbl`
  ADD PRIMARY KEY (`faculties_id`);

--
-- Indexes for table `location_tb`
--
ALTER TABLE `location_tb`
  ADD PRIMARY KEY (`loca_id`);

--
-- Indexes for table `stu_score_tbl`
--
ALTER TABLE `stu_score_tbl`
  ADD PRIMARY KEY (`ss_id`);

--
-- Indexes for table `stu_tbl`
--
ALTER TABLE `stu_tbl`
  ADD PRIMARY KEY (`stu_id`);

--
-- Indexes for table `sub_tbl`
--
ALTER TABLE `sub_tbl`
  ADD PRIMARY KEY (`sub_id`);

--
-- Indexes for table `teacher_tbl`
--
ALTER TABLE `teacher_tbl`
  ADD PRIMARY KEY (`teacher_id`);

--
-- Indexes for table `users_tbl`
--
ALTER TABLE `users_tbl`
  ADD PRIMARY KEY (`u_id`);

--
-- AUTO_INCREMENT for dumped tables
--

--
-- AUTO_INCREMENT for table `article_tbl`
--
ALTER TABLE `article_tbl`
  MODIFY `a_id` int(10) UNSIGNED NOT NULL AUTO_INCREMENT, AUTO_INCREMENT=4;
--
-- AUTO_INCREMENT for table `facuties_tbl`
--
ALTER TABLE `facuties_tbl`
  MODIFY `faculties_id` int(10) UNSIGNED NOT NULL AUTO_INCREMENT, AUTO_INCREMENT=4;
--
-- AUTO_INCREMENT for table `location_tb`
--
ALTER TABLE `location_tb`
  MODIFY `loca_id` int(10) UNSIGNED NOT NULL AUTO_INCREMENT, AUTO_INCREMENT=2;
--
-- AUTO_INCREMENT for table `stu_score_tbl`
--
ALTER TABLE `stu_score_tbl`
  MODIFY `ss_id` int(10) UNSIGNED NOT NULL AUTO_INCREMENT, AUTO_INCREMENT=29;
--
-- AUTO_INCREMENT for table `stu_tbl`
--
ALTER TABLE `stu_tbl`
  MODIFY `stu_id` int(10) UNSIGNED NOT NULL AUTO_INCREMENT, AUTO_INCREMENT=5;
--
-- AUTO_INCREMENT for table `sub_tbl`
--
ALTER TABLE `sub_tbl`
  MODIFY `sub_id` int(10) UNSIGNED NOT NULL AUTO_INCREMENT, AUTO_INCREMENT=7;
--
-- AUTO_INCREMENT for table `teacher_tbl`
--
ALTER TABLE `teacher_tbl`
  MODIFY `teacher_id` int(10) UNSIGNED NOT NULL AUTO_INCREMENT, AUTO_INCREMENT=7;
--
-- AUTO_INCREMENT for table `users_tbl`
--
ALTER TABLE `users_tbl`
  MODIFY `u_id` int(10) UNSIGNED NOT NULL AUTO_INCREMENT, AUTO_INCREMENT=5;--
-- Database: `ayu`
--
CREATE DATABASE IF NOT EXISTS `ayu` DEFAULT CHARACTER SET latin1 COLLATE latin1_swedish_ci;
USE `ayu`;

-- --------------------------------------------------------

--
-- Table structure for table `appointment`
--

CREATE TABLE `appointment` (
  `appo_no` int(11) NOT NULL,
  `appo_reason` varchar(255) NOT NULL,
  `appo_date` date NOT NULL,
  `MRN` int(20) NOT NULL,
  `user_id` varchar(10) NOT NULL
) ENGINE=InnoDB DEFAULT CHARSET=latin1;

--
-- Dumping data for table `appointment`
--

INSERT INTO `appointment` (`appo_no`, `appo_reason`, `appo_date`, `MRN`, `user_id`) VALUES
(1, 'A computer virus is a program or piece of code that is loaded onto your computer without your knowledge and runs against your wishes. Viruses can also replicate themselves. All computer viruses are man-made. A simple virus that can make a copy of itself o', '2015-05-31', 2, '11');

-- --------------------------------------------------------

--
-- Table structure for table `bed`
--

CREATE TABLE `bed` (
  `bed_no` int(11) NOT NULL,
  `room_no` int(11) NOT NULL,
  `status` varchar(50) NOT NULL,
  `MRN` int(20) NOT NULL
) ENGINE=InnoDB DEFAULT CHARSET=latin1;

--
-- Dumping data for table `bed`
--

INSERT INTO `bed` (`bed_no`, `room_no`, `status`, `MRN`) VALUES
(1, 1, 'assigned', 5),
(2, 1, 'ready', 0),
(3, 1, 'ready', 0),
(4, 1, 'ready', 0),
(5, 1, 'ready', 0),
(1, 2, 'ready', 0),
(2, 2, 'ready', 0),
(3, 2, 'ready', 0),
(4, 2, 'ready', 0),
(5, 2, 'ready', 0);

-- --------------------------------------------------------

--
-- Table structure for table `department`
--

CREATE TABLE `department` (
  `dep_id` varchar(20) NOT NULL,
  `dep_name` varchar(50) NOT NULL
) ENGINE=InnoDB DEFAULT CHARSET=latin1;

--
-- Dumping data for table `department`
--

INSERT INTO `department` (`dep_id`, `dep_name`) VALUES
('dental', 'Dental Clinik'),
('eye', 'Eye Clinik'),
('IPP', 'IPP Case Team'),
('MCH', 'Mother and Child'),
('OR', 'Operation Room');

-- --------------------------------------------------------

--
-- Table structure for table `doctor`
--

CREATE TABLE `doctor` (
  `user_id` varchar(10) NOT NULL,
  `qualification` varchar(30) NOT NULL,
  `dep_id` varchar(10) NOT NULL
) ENGINE=InnoDB DEFAULT CHARSET=latin1;

--
-- Dumping data for table `doctor`
--

INSERT INTO `doctor` (`user_id`, `qualification`, `dep_id`) VALUES
('11', 'PHD', 'MCH'),
('12', 'masters', 'dental'),
('13', 'PHD', 'eye'),
('14', 'Physeoterapy specialist', 'IPP'),
('15', 'Opertation specialist', 'OR');

-- --------------------------------------------------------

--
-- Table structure for table `image`
--

CREATE TABLE `image` (
  `id` int(11) NOT NULL,
  `image_id` varchar(10) NOT NULL,
  `location` varchar(255) NOT NULL
) ENGINE=InnoDB DEFAULT CHARSET=latin1;

--
-- Dumping data for table `image`
--

INSERT INTO `image` (`id`, `image_id`, `location`) VALUES
(1, '11', 'upload/Tedy Afro.jpg'),
(2, '13', 'upload/283513_294493267323361_574388335_n.jpg'),
(3, '12', 'upload/Copy of DSC_0124.JPG'),
(4, '14', 'upload/23.PNG'),
(5, '15', 'upload/Copy of DSC_0124.JPG');

-- --------------------------------------------------------

--
-- Table structure for table `inpatient`
--

CREATE TABLE `inpatient` (
  `no` int(11) NOT NULL,
  `MRN` int(20) NOT NULL,
  `room_no` int(11) DEFAULT NULL,
  `bed_no` int(11) DEFAULT NULL,
  `diseaseName` varchar(50) NOT NULL,
  `entry_date` date NOT NULL,
  `out_date` date DEFAULT NULL,
  `status` varchar(10) NOT NULL,
  `payStatus` varchar(10) NOT NULL,
  `user_id` varchar(10) NOT NULL
) ENGINE=InnoDB DEFAULT CHARSET=latin1;

--
-- Dumping data for table `inpatient`
--

INSERT INTO `inpatient` (`no`, `MRN`, `room_no`, `bed_no`, `diseaseName`, `entry_date`, `out_date`, `status`, `payStatus`, `user_id`) VALUES
(0, 5, 1, 1, 'Malaria', '2015-06-01', '0000-00-00', 'on', 'unpaid', '11');

-- --------------------------------------------------------

--
-- Table structure for table `lab_order`
--

CREATE TABLE `lab_order` (
  `lab_order_no` int(11) NOT NULL,
  `lab_id` varchar(20) NOT NULL,
  `description` varchar(255) NOT NULL,
  `status` varchar(10) NOT NULL,
  `viewStatus` varchar(10) NOT NULL,
  `payStatus` varchar(10) NOT NULL,
  `MRN` int(20) NOT NULL,
  `user_id` varchar(10) NOT NULL,
  `order_date` date NOT NULL
) ENGINE=InnoDB DEFAULT CHARSET=latin1;

--
-- Dumping data for table `lab_order`
--

INSERT INTO `lab_order` (`lab_order_no`, `lab_id`, `description`, `status`, `viewStatus`, `payStatus`, `MRN`, `user_id`, `order_date`) VALUES
(1, 'hematology', 'A computer virus is a program or piece of code that is loaded onto your computer without your knowledge and runs against your wishes. Viruses can also replicate themselves. All computer viruses are man-made. A simple virus that can make a copy of itself o', 'checked', 'viewed', 'paid', 2, '11', '2015-05-31'),
(2, 'hematology', 'A computer virus is a program or piece of code that is loaded onto your computer without your knowledge and runs against your wishes. Viruses can also replicate themselves. All computer viruses are man-made. A simple virus that can make a copy of itself o', 'checked', 'viewed', 'paid', 2, '11', '2015-05-31'),
(3, 'stool', 'A computer virus is a program or piece of code that is loaded onto your computer without your knowledge and runs against your wishes. Viruses can also replicate themselves. All computer viruses are man-made. A simple virus that can make a copy of itself o', 'unchecked', 'not_viewed', 'unpaid', 2, '11', '2015-05-31'),
(4, 'stool', 'The marketing process involves five steps. The first four steps create value for customers. First, marketers need to understand the marketplace and customer needs and wants. Next, marketers design a customer-driven marketing strategy with the goal of gett', 'checked', 'viewed', 'paid', 3, '11', '2015-05-31'),
(5, 'urinalysis', 'The marketing process involves five steps. The first four steps create value for customers. First, marketers need to understand the marketplace and customer needs and wants. Next, marketers design a customer-driven marketing strategy with the goal of gett', 'checked', 'viewed', 'paid', 3, '11', '2015-05-31'),
(6, 'hematology', 'A computer virus is a program or piece of code that is loaded onto your computer without your knowledge and runs against your wishes. Viruses can also replicate themselves. All computer viruses are man-made. A simple virus that can make a copy of itself o', 'checked', 'viewed', 'paid', 4, '11', '2015-05-31'),
(7, 'stool', 'A computer virus is a program or piece of code that is loaded onto your computer without your knowledge and runs against your wishes. Viruses can also replicate themselves. All computer viruses are man-made. A simple virus that can make a copy of itself o', 'checked', 'viewed', 'paid', 4, '11', '2015-05-31'),
(8, 'stool', 'Do it.', 'unchecked', 'not_viewed', 'paid', 4, '11', '2015-05-31');

-- --------------------------------------------------------

--
-- Table structure for table `lab_result`
--

CREATE TABLE `lab_result` (
  `result_no` int(11) NOT NULL,
  `report` varchar(255) NOT NULL,
  `lab_order_no` int(11) NOT NULL,
  `user_id` varchar(10) NOT NULL,
  `status` varchar(10) NOT NULL
) ENGINE=InnoDB DEFAULT CHARSET=latin1;

--
-- Dumping data for table `lab_result`
--

INSERT INTO `lab_result` (`result_no`, `report`, `lab_order_no`, `user_id`, `status`) VALUES
(1, 'A computer virus is a program or piece of code that is loaded onto your computer without your knowledge and runs against your wishes. Viruses can also replicate themselves. All computer viruses are man-made. A simple virus that can make a copy of itself o', 1, '55', 'unchecked'),
(2, 'A computer virus is a program or piece of code that is loaded onto your computer without your knowledge and runs against your wishes. Viruses can also replicate themselves. All computer viruses are man-made. A simple virus that can make a copy of itself o', 2, '55', 'unchecked'),
(3, 'The marketing process involves five steps. The first four steps create value for customers. First, marketers need to understand the marketplace and customer needs and wants. Next, marketers design a customer-driven marketing strategy with the goal of gett', 4, '55', 'unchecked'),
(4, 'The marketing process involves five steps. The first four steps create value for customers. First, marketers need to understand the marketplace and customer needs and wants. Next, marketers design a customer-driven marketing strategy with the goal of gett', 5, '55', 'unchecked'),
(5, 'A computer virus is a program or piece of code that is loaded onto your computer without your knowledge and runs against your wishes. Viruses can also replicate themselves. All computer viruses are man-made. A simple virus that can make a copy of itself o', 6, '55', 'unchecked'),
(6, 'A computer virus is a program or piece of code that is loaded onto your computer without your knowledge and runs against your wishes. Viruses can also replicate themselves. All computer viruses are man-made. A simple virus that can make a copy of itself o', 7, '55', 'unchecked');

-- --------------------------------------------------------

--
-- Table structure for table `laboratory`
--

CREATE TABLE `laboratory` (
  `lab_id` varchar(20) NOT NULL,
  `lab_name` varchar(50) NOT NULL,
  `charge` int(11) NOT NULL
) ENGINE=InnoDB DEFAULT CHARSET=latin1;

--
-- Dumping data for table `laboratory`
--

INSERT INTO `laboratory` (`lab_id`, `lab_name`, `charge`) VALUES
('hematology', 'Hematology Test', 150),
('stool', 'Stool Test', 50),
('urinalysis', 'Urinalysis Test', 100);

-- --------------------------------------------------------

--
-- Table structure for table `medicine_order`
--

CREATE TABLE `medicine_order` (
  `order_no` int(11) NOT NULL,
  `MRN` int(20) NOT NULL,
  `medicine_name` varchar(50) NOT NULL,
  `quantity` varchar(50) NOT NULL,
  `user_id` varchar(10) NOT NULL
) ENGINE=InnoDB DEFAULT CHARSET=latin1;

-- --------------------------------------------------------

--
-- Table structure for table `patient`
--

CREATE TABLE `patient` (
  `MRN` int(20) NOT NULL,
  `date` date NOT NULL,
  `fname` varchar(50) NOT NULL,
  `lname` varchar(50) NOT NULL,
  `gender` varchar(6) NOT NULL,
  `age` int(3) NOT NULL,
  `grandFathername` varchar(50) NOT NULL,
  `occupation` varchar(50) NOT NULL,
  `region` varchar(50) NOT NULL,
  `wereda` varchar(50) NOT NULL,
  `kebele` varchar(50) NOT NULL,
  `patientType` varchar(15) NOT NULL,
  `diseaseName` varchar(50) DEFAULT NULL,
  `dep_id` varchar(20) NOT NULL,
  `user_id` varchar(10) NOT NULL
) ENGINE=InnoDB DEFAULT CHARSET=latin1;

--
-- Dumping data for table `patient`
--

INSERT INTO `patient` (`MRN`, `date`, `fname`, `lname`, `gender`, `age`, `grandFathername`, `occupation`, `region`, `wereda`, `kebele`, `patientType`, `diseaseName`, `dep_id`, `user_id`) VALUES
(1, '2015-05-31', 'abebe', 'kebede', 'M', 25, 'Alemu', 'driver', 'amhara', 'DB', '01', 'inpatient', 'Malaria', 'dental', '22'),
(2, '2015-05-31', 'Zemenu', 'Getnet', 'M', 4, 'Tesema', 'Student', 'Amhara', 'DB', '06', 'regular', 'Malaria', 'MCH', '22'),
(3, '2015-05-31', 'Kebede', 'Tesema', 'M', 45, 'Alula', 'Driver', 'Tigray', 'Shire', '09', 'inpatient', 'Malaria', 'MCH', '22'),
(4, '2015-05-31', 'Jemal', 'Ahmed', 'M', 3, 'Muhammed', 'kid', 'Amhara', 'Dessie', 'Kocha', 'regular', 'HIV', 'MCH', '22'),
(5, '2015-06-01', 'Asfaw', 'Arage', 'M', 18, 'Kebede', 'student', 'Amhara', 'Dessie', 'Kocha', 'inpatient', 'Malaria', 'MCH', '22');

-- --------------------------------------------------------

--
-- Table structure for table `patient_history`
--

CREATE TABLE `patient_history` (
  `history_no` int(11) NOT NULL,
  `MRN` int(20) NOT NULL,
  `date` date NOT NULL,
  `symptom` varchar(255) NOT NULL,
  `past_illness` varchar(255) NOT NULL,
  `physicalExamination` varchar(255) NOT NULL,
  `generalApperance` varchar(255) NOT NULL,
  `diseaseName` varchar(50) NOT NULL,
  `treatment` varchar(255) NOT NULL
) ENGINE=InnoDB DEFAULT CHARSET=latin1;

--
-- Dumping data for table `patient_history`
--

INSERT INTO `patient_history` (`history_no`, `MRN`, `date`, `symptom`, `past_illness`, `physicalExamination`, `generalApperance`, `diseaseName`, `treatment`) VALUES
(3, 5, '2015-06-01', 'The Patient Information Management System is being developed for Ayu General Hospital. ', 'nope', 'The Patient Information Management System is being developed for Ayu General Hospital.  ', 'The Patient Information Management System is being developed for Ayu General Hospital. ', 'Malaria', 'The Patient Information Management System is being developed for Ayu General Hospital. '),
(4, 5, '2015-06-01', 'Diarrhea and sneeze', '', ' Good', 'Looks nothing', 'Malaria', 'better');

-- --------------------------------------------------------

--
-- Table structure for table `patient_referal`
--

CREATE TABLE `patient_referal` (
  `refer_no` int(11) NOT NULL,
  `referTo` varchar(50) NOT NULL,
  `reasonForReferal` varchar(255) NOT NULL,
  `user_id` varchar(10) NOT NULL,
  `MRN` int(20) NOT NULL
) ENGINE=InnoDB DEFAULT CHARSET=latin1;

-- --------------------------------------------------------

--
-- Table structure for table `room`
--

CREATE TABLE `room` (
  `room_no` int(11) NOT NULL,
  `roomType` varchar(30) NOT NULL,
  `category` varchar(20) NOT NULL,
  `user_id` varchar(10) NOT NULL
) ENGINE=InnoDB DEFAULT CHARSET=latin1;

--
-- Dumping data for table `room`
--

INSERT INTO `room` (`room_no`, `roomType`, `category`, `user_id`) VALUES
(1, '1st Level', 'medical', '33'),
(2, '2nd Level', 'medical', '33');

-- --------------------------------------------------------

--
-- Table structure for table `user`
--

CREATE TABLE `user` (
  `user_id` varchar(10) NOT NULL,
  `fname` varchar(50) NOT NULL,
  `lname` varchar(50) NOT NULL,
  `sex` varchar(6) NOT NULL,
  `phone_Tel_No` int(11) NOT NULL,
  `worktype` varchar(15) NOT NULL,
  `username` varchar(15) NOT NULL,
  `password` varchar(255) NOT NULL,
  `status` varchar(3) NOT NULL
) ENGINE=InnoDB DEFAULT CHARSET=latin1;

--
-- Dumping data for table `user`
--

INSERT INTO `user` (`user_id`, `fname`, `lname`, `sex`, `phone_Tel_No`, `worktype`, `username`, `password`, `status`) VALUES
('1', 'Shambel', 'Getaneh', 'M', 915464949, 'admin', 'mymy', 'e10adc3949ba59abbe56e057f20f883e', 'on'),
('11', 'Solomon', 'Getachew', 'M', 911562345, 'doctor', 'mymy', 'e10adc3949ba59abbe56e057f20f883e', 'on'),
('12', 'Temam', 'Hussein', 'M', 911562345, 'doctor', 'mema', 'e10adc3949ba59abbe56e057f20f883e', 'on'),
('123', 'Tilahun', ' ged', 'm', 21345, 'admin', 'tyyu', 'tyyu', 'tyy'),
('13', 'Bini', 'lala', 'M', 911562345, 'doctor', 'bini', 'e10adc3949ba59abbe56e057f20f883e', 'on'),
('14', 'Gossa', 'Getaneh', 'M', 918175732, 'doctor', 'gossa', 'e10adc3949ba59abbe56e057f20f883e', 'on'),
('15', 'Nur', 'Hussein', 'M', 911562345, 'doctor', 'nur', 'e10adc3949ba59abbe56e057f20f883e', 'on'),
('22', 'Abrehet', 'Yisak', 'F', 918175732, 'data_recorder', 'mymy', 'e10adc3949ba59abbe56e057f20f883e', 'on'),
('33', 'Mulunesh', 'Belete', 'F', 918175732, 'leasing_nurse', 'mymy', 'e10adc3949ba59abbe56e057f20f883e', 'on'),
('44', 'Adino', 'Wondim', 'M', 918175732, 'pharmacist', 'mymy', 'e10adc3949ba59abbe56e057f20f883e', 'on'),
('55', 'Ahenafi', 'Kirub', 'M', 911562345, 'lab_technician', 'mymy', 'e10adc3949ba59abbe56e057f20f883e', 'on'),
('66', 'Dareselam', 'Seid', 'F', 922564087, 'clerk', 'mymy', 'e10adc3949ba59abbe56e057f20f883e', 'on');

-- --------------------------------------------------------

--
-- Table structure for table `vis`
--

CREATE TABLE `vis` (
  `vis_no` int(11) NOT NULL,
  `bp` varchar(20) NOT NULL,
  `pr` varchar(20) NOT NULL,
  `temp` varchar(20) NOT NULL,
  `rr` varchar(20) NOT NULL,
  `remark` varchar(255) NOT NULL,
  `date` datetime NOT NULL,
  `MRN` int(20) NOT NULL
) ENGINE=InnoDB DEFAULT CHARSET=latin1;

--
-- Indexes for dumped tables
--

--
-- Indexes for table `appointment`
--
ALTER TABLE `appointment`
  ADD PRIMARY KEY (`appo_no`),
  ADD KEY `user_id` (`user_id`),
  ADD KEY `MRN` (`MRN`);

--
-- Indexes for table `bed`
--
ALTER TABLE `bed`
  ADD KEY `room_no` (`room_no`,`MRN`);

--
-- Indexes for table `department`
--
ALTER TABLE `department`
  ADD PRIMARY KEY (`dep_id`);

--
-- Indexes for table `doctor`
--
ALTER TABLE `doctor`
  ADD KEY `user_id` (`user_id`,`dep_id`),
  ADD KEY `dep_id` (`dep_id`);

--
-- Indexes for table `image`
--
ALTER TABLE `image`
  ADD PRIMARY KEY (`id`),
  ADD KEY `image_id` (`image_id`);

--
-- Indexes for table `inpatient`
--
ALTER TABLE `inpatient`
  ADD PRIMARY KEY (`no`),
  ADD KEY `MRN` (`MRN`,`room_no`,`user_id`),
  ADD KEY `user_id` (`user_id`);

--
-- Indexes for table `lab_order`
--
ALTER TABLE `lab_order`
  ADD PRIMARY KEY (`lab_order_no`),
  ADD KEY `lab_id` (`lab_id`,`MRN`,`user_id`),
  ADD KEY `user_id` (`user_id`),
  ADD KEY `MRN` (`MRN`);

--
-- Indexes for table `lab_result`
--
ALTER TABLE `lab_result`
  ADD PRIMARY KEY (`result_no`),
  ADD KEY `lab_order_no` (`lab_order_no`,`user_id`),
  ADD KEY `user_id` (`user_id`);

--
-- Indexes for table `laboratory`
--
ALTER TABLE `laboratory`
  ADD PRIMARY KEY (`lab_id`);

--
-- Indexes for table `medicine_order`
--
ALTER TABLE `medicine_order`
  ADD PRIMARY KEY (`order_no`),
  ADD KEY `MRN` (`MRN`,`user_id`),
  ADD KEY `user_id` (`user_id`);

--
-- Indexes for table `patient`
--
ALTER TABLE `patient`
  ADD PRIMARY KEY (`MRN`),
  ADD KEY `dep_id` (`dep_id`,`user_id`),
  ADD KEY `user_id` (`user_id`);

--
-- Indexes for table `patient_history`
--
ALTER TABLE `patient_history`
  ADD PRIMARY KEY (`history_no`),
  ADD KEY `MRN` (`MRN`);

--
-- Indexes for table `patient_referal`
--
ALTER TABLE `patient_referal`
  ADD PRIMARY KEY (`refer_no`),
  ADD KEY `user_id` (`user_id`,`MRN`),
  ADD KEY `MRN` (`MRN`);

--
-- Indexes for table `room`
--
ALTER TABLE `room`
  ADD PRIMARY KEY (`room_no`),
  ADD KEY `user_id` (`user_id`);

--
-- Indexes for table `user`
--
ALTER TABLE `user`
  ADD PRIMARY KEY (`user_id`);

--
-- Indexes for table `vis`
--
ALTER TABLE `vis`
  ADD PRIMARY KEY (`vis_no`),
  ADD KEY `MRN` (`MRN`);

--
-- AUTO_INCREMENT for dumped tables
--

--
-- AUTO_INCREMENT for table `appointment`
--
ALTER TABLE `appointment`
  MODIFY `appo_no` int(11) NOT NULL AUTO_INCREMENT, AUTO_INCREMENT=2;
--
-- AUTO_INCREMENT for table `image`
--
ALTER TABLE `image`
  MODIFY `id` int(11) NOT NULL AUTO_INCREMENT, AUTO_INCREMENT=6;
--
-- AUTO_INCREMENT for table `lab_order`
--
ALTER TABLE `lab_order`
  MODIFY `lab_order_no` int(11) NOT NULL AUTO_INCREMENT, AUTO_INCREMENT=9;
--
-- AUTO_INCREMENT for table `lab_result`
--
ALTER TABLE `lab_result`
  MODIFY `result_no` int(11) NOT NULL AUTO_INCREMENT, AUTO_INCREMENT=7;
--
-- AUTO_INCREMENT for table `medicine_order`
--
ALTER TABLE `medicine_order`
  MODIFY `order_no` int(11) NOT NULL AUTO_INCREMENT;
--
-- AUTO_INCREMENT for table `patient`
--
ALTER TABLE `patient`
  MODIFY `MRN` int(20) NOT NULL AUTO_INCREMENT, AUTO_INCREMENT=6;
--
-- AUTO_INCREMENT for table `patient_history`
--
ALTER TABLE `patient_history`
  MODIFY `history_no` int(11) NOT NULL AUTO_INCREMENT, AUTO_INCREMENT=5;
--
-- AUTO_INCREMENT for table `patient_referal`
--
ALTER TABLE `patient_referal`
  MODIFY `refer_no` int(11) NOT NULL AUTO_INCREMENT;
--
-- AUTO_INCREMENT for table `vis`
--
ALTER TABLE `vis`
  MODIFY `vis_no` int(11) NOT NULL AUTO_INCREMENT;
--
-- Constraints for dumped tables
--

--
-- Constraints for table `appointment`
--
ALTER TABLE `appointment`
  ADD CONSTRAINT `appointment_ibfk_1` FOREIGN KEY (`MRN`) REFERENCES `patient` (`MRN`),
  ADD CONSTRAINT `appointment_ibfk_2` FOREIGN KEY (`user_id`) REFERENCES `user` (`user_id`);

--
-- Constraints for table `bed`
--
ALTER TABLE `bed`
  ADD CONSTRAINT `bed_ibfk_1` FOREIGN KEY (`room_no`) REFERENCES `room` (`room_no`);

--
-- Constraints for table `doctor`
--
ALTER TABLE `doctor`
  ADD CONSTRAINT `doctor_ibfk_1` FOREIGN KEY (`user_id`) REFERENCES `user` (`user_id`),
  ADD CONSTRAINT `doctor_ibfk_2` FOREIGN KEY (`dep_id`) REFERENCES `department` (`dep_id`);

--
-- Constraints for table `image`
--
ALTER TABLE `image`
  ADD CONSTRAINT `image_ibfk_1` FOREIGN KEY (`image_id`) REFERENCES `user` (`user_id`),
  ADD CONSTRAINT `image_ibfk_2` FOREIGN KEY (`image_id`) REFERENCES `user` (`user_id`);

--
-- Constraints for table `inpatient`
--
ALTER TABLE `inpatient`
  ADD CONSTRAINT `inpatient_ibfk_1` FOREIGN KEY (`MRN`) REFERENCES `patient` (`MRN`),
  ADD CONSTRAINT `inpatient_ibfk_2` FOREIGN KEY (`user_id`) REFERENCES `user` (`user_id`);

--
-- Constraints for table `lab_order`
--
ALTER TABLE `lab_order`
  ADD CONSTRAINT `lab_order_ibfk_1` FOREIGN KEY (`lab_id`) REFERENCES `laboratory` (`lab_id`),
  ADD CONSTRAINT `lab_order_ibfk_2` FOREIGN KEY (`user_id`) REFERENCES `user` (`user_id`),
  ADD CONSTRAINT `lab_order_ibfk_3` FOREIGN KEY (`MRN`) REFERENCES `patient` (`MRN`);

--
-- Constraints for table `lab_result`
--
ALTER TABLE `lab_result`
  ADD CONSTRAINT `lab_result_ibfk_1` FOREIGN KEY (`lab_order_no`) REFERENCES `lab_order` (`lab_order_no`),
  ADD CONSTRAINT `lab_result_ibfk_2` FOREIGN KEY (`user_id`) REFERENCES `user` (`user_id`);

--
-- Constraints for table `medicine_order`
--
ALTER TABLE `medicine_order`
  ADD CONSTRAINT `medicine_order_ibfk_1` FOREIGN KEY (`MRN`) REFERENCES `patient` (`MRN`),
  ADD CONSTRAINT `medicine_order_ibfk_2` FOREIGN KEY (`user_id`) REFERENCES `user` (`user_id`);

--
-- Constraints for table `patient`
--
ALTER TABLE `patient`
  ADD CONSTRAINT `patient_ibfk_1` FOREIGN KEY (`user_id`) REFERENCES `user` (`user_id`),
  ADD CONSTRAINT `patient_ibfk_2` FOREIGN KEY (`dep_id`) REFERENCES `department` (`dep_id`);

--
-- Constraints for table `patient_history`
--
ALTER TABLE `patient_history`
  ADD CONSTRAINT `patient_history_ibfk_1` FOREIGN KEY (`MRN`) REFERENCES `patient` (`MRN`);

--
-- Constraints for table `patient_referal`
--
ALTER TABLE `patient_referal`
  ADD CONSTRAINT `patient_referal_ibfk_1` FOREIGN KEY (`MRN`) REFERENCES `patient` (`MRN`),
  ADD CONSTRAINT `patient_referal_ibfk_2` FOREIGN KEY (`user_id`) REFERENCES `user` (`user_id`);

--
-- Constraints for table `room`
--
ALTER TABLE `room`
  ADD CONSTRAINT `room_ibfk_1` FOREIGN KEY (`user_id`) REFERENCES `user` (`user_id`);

--
-- Constraints for table `vis`
--
ALTER TABLE `vis`
  ADD CONSTRAINT `vis_ibfk_1` FOREIGN KEY (`MRN`) REFERENCES `patient` (`MRN`);
--
-- Database: `bcc`
--
CREATE DATABASE IF NOT EXISTS `bcc` DEFAULT CHARACTER SET latin1 COLLATE latin1_swedish_ci;
USE `bcc`;

-- --------------------------------------------------------

--
-- Table structure for table `admin`
--

CREATE TABLE `admin` (
  `id` int(11) NOT NULL,
  `username` varchar(30) NOT NULL,
  `password` varchar(30) NOT NULL
) ENGINE=InnoDB DEFAULT CHARSET=latin1;

--
-- Dumping data for table `admin`
--

INSERT INTO `admin` (`id`, `username`, `password`) VALUES
(1, 'admin', 'admin');

-- --------------------------------------------------------

--
-- Table structure for table `choices`
--

CREATE TABLE `choices` (
  `id` int(11) NOT NULL,
  `question` varchar(300) NOT NULL,
  `opt` varchar(100) NOT NULL
) ENGINE=InnoDB DEFAULT CHARSET=latin1;

--
-- Dumping data for table `choices`
--

INSERT INTO `choices` (`id`, `question`, `opt`) VALUES
(1, 'QID-AZX65BQM', '3'),
(2, 'QID-AZX65BQM', '4'),
(3, 'QID-AZX65BQM', '5'),
(4, 'QID-AZX65BQM', '6'),
(5, 'QID-JGUKIBZW', 'science'),
(6, 'QID-JGUKIBZW', 'math'),
(7, 'QID-JGUKIBZW', 'eng ang'),
(8, 'QID-JGUKIBZW', 'lang'),
(9, 'QID-OBV66VJY', 'k'),
(10, 'QID-OBV66VJY', 'l'),
(11, 'QID-OBV66VJY', 'm'),
(12, 'QID-OBV66VJY', 'n'),
(13, 'QID-FP3ED0SF', 'l'),
(14, 'QID-FP3ED0SF', 'j'),
(15, 'QID-FP3ED0SF', 'k'),
(16, 'QID-FP3ED0SF', 'f'),
(17, 'QID-4YMHFF0R', 'h'),
(18, 'QID-4YMHFF0R', 'j'),
(19, 'QID-4YMHFF0R', 'u'),
(20, 'QID-4YMHFF0R', 'y');

-- --------------------------------------------------------

--
-- Table structure for table `courses`
--

CREATE TABLE `courses` (
  `id` int(11) NOT NULL,
  `course_code` varchar(30) NOT NULL,
  `course_description` varchar(100) NOT NULL
) ENGINE=InnoDB DEFAULT CHARSET=latin1;

--
-- Dumping data for table `courses`
--

INSERT INTO `courses` (`id`, `course_code`, `course_description`) VALUES
(2, 'BSIS', 'Bachelor Of Science in Information Systems'),
(3, 'BSIT', 'Bachelor of Science in Information Technology'),
(4, 'BSOA', 'bla bla');

-- --------------------------------------------------------

--
-- Table structure for table `facilatator`
--

CREATE TABLE `facilatator` (
  `id` int(11) NOT NULL,
  `username` varchar(30) NOT NULL,
  `password` varchar(30) NOT NULL,
  `firstname` varchar(30) NOT NULL,
  `lastname` varchar(30) NOT NULL
) ENGINE=InnoDB DEFAULT CHARSET=latin1;

--
-- Dumping data for table `facilatator`
--

INSERT INTO `facilatator` (`id`, `username`, `password`, `firstname`, `lastname`) VALUES
(3, 'n', 'n', 'm', 'n'),
(4, 'a', 'a', 'a', 'a');

-- --------------------------------------------------------

--
-- Table structure for table `instruction`
--

CREATE TABLE `instruction` (
  `id` int(11) NOT NULL,
  `instruction` text NOT NULL
) ENGINE=InnoDB DEFAULT CHARSET=latin1;

--
-- Dumping data for table `instruction`
--

INSERT INTO `instruction` (`id`, `instruction`) VALUES
(1, 'sabat lang asta matapos ang exam');

-- --------------------------------------------------------

--
-- Table structure for table `question`
--

CREATE TABLE `question` (
  `id` int(11) NOT NULL,
  `question` varchar(300) NOT NULL,
  `answer` varchar(300) NOT NULL,
  `course` varchar(100) NOT NULL,
  `cat` varchar(100) NOT NULL,
  `qid` varchar(100) NOT NULL
) ENGINE=InnoDB DEFAULT CHARSET=latin1;

--
-- Dumping data for table `question`
--

INSERT INTO `question` (`id`, `question`, `answer`, `course`, `cat`, `qid`) VALUES
(1, '1+2', '3', 'BSIT', 'Math', 'QID-AZX65BQM'),
(2, 'What is Science', 'science', 'BSIT', 'Science', 'QID-JGUKIBZW'),
(3, 'kkkkkkk', 'k', 'BSIT', 'English', 'QID-OBV66VJY'),
(4, 'lllllll', 'l', 'BSIT', 'History', 'QID-FP3ED0SF'),
(5, 'hhhhhh', 'h', 'BSIT', 'Geography', 'QID-4YMHFF0R'),
(6, 'what is that', '', 'BSIT', 'Essay', '');

-- --------------------------------------------------------

--
-- Table structure for table `reference`
--

CREATE TABLE `reference` (
  `id` int(11) NOT NULL,
  `reference_number` varchar(30) NOT NULL,
  `owner` varchar(11) NOT NULL
) ENGINE=InnoDB DEFAULT CHARSET=latin1;

--
-- Dumping data for table `reference`
--

INSERT INTO `reference` (`id`, `reference_number`, `owner`) VALUES
(1, 'BCC-6PA4ZJE4', 'used'),
(2, 'BCC-TJFHK6PA', 'used'),
(4, 'BCC-HMMFBBKS', 'used'),
(5, 'BCC-2QKH5RBQ', 'used'),
(6, 'BCC-HYE7KQFC', 'used'),
(7, 'BCC-LDSB703G', 'used');

-- --------------------------------------------------------

--
-- Table structure for table `score`
--

CREATE TABLE `score` (
  `id` int(11) NOT NULL,
  `passing` int(11) NOT NULL
) ENGINE=InnoDB DEFAULT CHARSET=latin1;

--
-- Dumping data for table `score`
--

INSERT INTO `score` (`id`, `passing`) VALUES
(1, 100);

-- --------------------------------------------------------

--
-- Table structure for table `student`
--

CREATE TABLE `student` (
  `id` int(11) NOT NULL,
  `refnumber` varchar(300) NOT NULL,
  `firstname` varchar(100) NOT NULL,
  `lastname` varchar(100) NOT NULL,
  `middlename` varchar(100) NOT NULL,
  `course` varchar(100) NOT NULL,
  `username` varchar(100) NOT NULL,
  `status` varchar(30) NOT NULL,
  `score` int(11) NOT NULL,
  `easy` text NOT NULL,
  `facilatator` varchar(100) NOT NULL,
  `duration` varchar(100) NOT NULL
) ENGINE=InnoDB DEFAULT CHARSET=latin1;

--
-- Dumping data for table `student`
--

INSERT INTO `student` (`id`, `refnumber`, `firstname`, `lastname`, `middlename`, `course`, `username`, `status`, `score`, `easy`, `facilatator`, `duration`) VALUES
(3, 'BCC-6PA4ZJE4', 'l', 'l', 'l', 'BSIS', 'l', '', 0, '', 'a a', '100'),
(4, 'BCC-TJFHK6PA', 'argie', 'policarpio', 'blank', 'BSIT', 'bcc', 'ready', 10, 'my name is argie policarpio, ', 'a a', '100'),
(5, 'BCC-HMMFBBKS', 'm', 'm', 'm', 'BSIT', 'm', 'ready', 7, 'my name is argie', 'a a', '100'),
(6, 'BCC-2QKH5RBQ', 'k', 'k', 'k', 'BSIT', 'l', '', 0, '', 'a a', '100'),
(7, 'BCC-HYE7KQFC', 'argie', 'policarpio', 'none', 'BSIT', 'argie', '', 0, 'uyuuyuyuyuy', 'a a', '100'),
(8, 'BCC-LDSB703G', 'p', 'p', 'p', 'BSIT', 'p', 'ready', 25, 'dasdasdasasasasas', 'a a', '100');

-- --------------------------------------------------------

--
-- Table structure for table `subject`
--

CREATE TABLE `subject` (
  `id` int(11) NOT NULL,
  `subject` varchar(100) NOT NULL
) ENGINE=InnoDB DEFAULT CHARSET=latin1;

--
-- Dumping data for table `subject`
--

INSERT INTO `subject` (`id`, `subject`) VALUES
(2, 'Math'),
(3, 'Science'),
(4, 'English'),
(5, 'History'),
(6, 'Geography');

--
-- Indexes for dumped tables
--

--
-- Indexes for table `admin`
--
ALTER TABLE `admin`
  ADD PRIMARY KEY (`id`);

--
-- Indexes for table `choices`
--
ALTER TABLE `choices`
  ADD PRIMARY KEY (`id`);

--
-- Indexes for table `courses`
--
ALTER TABLE `courses`
  ADD PRIMARY KEY (`id`);

--
-- Indexes for table `facilatator`
--
ALTER TABLE `facilatator`
  ADD PRIMARY KEY (`id`);

--
-- Indexes for table `instruction`
--
ALTER TABLE `instruction`
  ADD PRIMARY KEY (`id`);

--
-- Indexes for table `question`
--
ALTER TABLE `question`
  ADD PRIMARY KEY (`id`);

--
-- Indexes for table `reference`
--
ALTER TABLE `reference`
  ADD PRIMARY KEY (`id`);

--
-- Indexes for table `score`
--
ALTER TABLE `score`
  ADD PRIMARY KEY (`id`);

--
-- Indexes for table `student`
--
ALTER TABLE `student`
  ADD PRIMARY KEY (`id`);

--
-- Indexes for table `subject`
--
ALTER TABLE `subject`
  ADD PRIMARY KEY (`id`);

--
-- AUTO_INCREMENT for dumped tables
--

--
-- AUTO_INCREMENT for table `admin`
--
ALTER TABLE `admin`
  MODIFY `id` int(11) NOT NULL AUTO_INCREMENT, AUTO_INCREMENT=2;
--
-- AUTO_INCREMENT for table `choices`
--
ALTER TABLE `choices`
  MODIFY `id` int(11) NOT NULL AUTO_INCREMENT, AUTO_INCREMENT=21;
--
-- AUTO_INCREMENT for table `courses`
--
ALTER TABLE `courses`
  MODIFY `id` int(11) NOT NULL AUTO_INCREMENT, AUTO_INCREMENT=5;
--
-- AUTO_INCREMENT for table `facilatator`
--
ALTER TABLE `facilatator`
  MODIFY `id` int(11) NOT NULL AUTO_INCREMENT, AUTO_INCREMENT=5;
--
-- AUTO_INCREMENT for table `instruction`
--
ALTER TABLE `instruction`
  MODIFY `id` int(11) NOT NULL AUTO_INCREMENT, AUTO_INCREMENT=2;
--
-- AUTO_INCREMENT for table `question`
--
ALTER TABLE `question`
  MODIFY `id` int(11) NOT NULL AUTO_INCREMENT, AUTO_INCREMENT=7;
--
-- AUTO_INCREMENT for table `reference`
--
ALTER TABLE `reference`
  MODIFY `id` int(11) NOT NULL AUTO_INCREMENT, AUTO_INCREMENT=8;
--
-- AUTO_INCREMENT for table `score`
--
ALTER TABLE `score`
  MODIFY `id` int(11) NOT NULL AUTO_INCREMENT, AUTO_INCREMENT=2;
--
-- AUTO_INCREMENT for table `student`
--
ALTER TABLE `student`
  MODIFY `id` int(11) NOT NULL AUTO_INCREMENT, AUTO_INCREMENT=9;
--
-- AUTO_INCREMENT for table `subject`
--
ALTER TABLE `subject`
  MODIFY `id` int(11) NOT NULL AUTO_INCREMENT, AUTO_INCREMENT=7;--
-- Database: `capstone`
--
CREATE DATABASE IF NOT EXISTS `capstone` DEFAULT CHARACTER SET latin1 COLLATE latin1_swedish_ci;
USE `capstone`;

-- --------------------------------------------------------

--
-- Table structure for table `activity_log`
--

CREATE TABLE `activity_log` (
  `activity_log_id` int(11) NOT NULL,
  `username` varchar(100) NOT NULL,
  `date` varchar(100) NOT NULL,
  `action` varchar(100) NOT NULL
) ENGINE=InnoDB DEFAULT CHARSET=latin1;

--
-- Dumping data for table `activity_log`
--

INSERT INTO `activity_log` (`activity_log_id`, `username`, `date`, `action`) VALUES
(1, 'jkev', '2013-11-18 15:25:33', 'Add Subject RIZAL'),
(2, 'jkev', '2013-11-18 15:27:08', 'Edit Subject RIZAL'),
(3, '', '2013-11-18 15:30:46', 'Edit Subject IS 221'),
(4, '', '2013-11-18 15:31:12', 'Edit Subject IS 222'),
(5, '', '2013-11-18 15:31:24', 'Edit Subject IS 223'),
(6, '', '2013-11-18 15:31:34', 'Edit Subject IS 224'),
(7, '', '2013-11-18 15:31:54', 'Edit Subject IS 227'),
(8, '', '2013-11-18 15:32:37', 'Add Subject IS 411B'),
(9, '', '2013-11-18 15:34:54', 'Edit User jkev'),
(10, 'jkev', '2014-01-17 13:26:18', 'Add User admin'),
(11, 'admin', '2016-11-15 20:08:45', 'Edit Subject IS 412'),
(12, 'admin', '2016-11-15 21:13:43', 'Edit Subject IS 412'),
(13, 'admin', '2016-11-16 05:17:26', 'Edit Subject Cosc 1234'),
(14, 'admin', '2016-11-16 05:17:43', 'Edit Subject cosc 2345'),
(15, 'admin', '2016-11-16 05:17:55', 'Edit Subject cosc 6578'),
(16, 'admin', '2016-11-16 05:18:09', 'Edit Subject cosc 8987'),
(17, 'admin', '2016-11-16 05:18:28', 'Edit Subject cosc 4565'),
(18, 'admin', '2016-11-16 05:23:01', 'Add User tile');

-- --------------------------------------------------------

--
-- Table structure for table `answer`
--

CREATE TABLE `answer` (
  `answer_id` int(11) NOT NULL,
  `quiz_question_id` int(11) NOT NULL,
  `answer_text` varchar(100) NOT NULL,
  `choices` varchar(3) NOT NULL
) ENGINE=InnoDB DEFAULT CHARSET=latin1;

--
-- Dumping data for table `answer`
--

INSERT INTO `answer` (`answer_id`, `quiz_question_id`, `answer_text`, `choices`) VALUES
(81, 32, 'john', 'A'),
(82, 32, 'smith', 'B'),
(83, 32, 'kevin', 'C'),
(84, 32, 'lorayna', 'D'),
(85, 34, 'Peso', 'A'),
(86, 34, 'PHP Hypertext', 'B'),
(87, 34, 'PHP Hypertext Preprosesor', 'C'),
(88, 34, 'Philippines', 'D'),
(89, 36, 'dfg', 'A'),
(90, 36, 'fg', 'B'),
(91, 36, 'fg', 'C'),
(92, 36, 'fg', 'D'),
(93, 37, '<br /><b>Notice</b>:  Undefined variable: a in <b>C:xampphtdocslmsedit_question.php</b> on line <b>8', 'A'),
(94, 37, '<br /><b>Notice</b>:  Undefined variable: b in <b>C:xampphtdocslmsedit_question.php</b> on line <b>8', 'B'),
(95, 37, '<br /><b>Notice</b>:  Undefined variable: c in <b>C:xampphtdocslmsedit_question.php</b> on line <b>9', 'C'),
(96, 37, '<br /><b>Notice</b>:  Undefined variable: d in <b>C:xampphtdocslmsedit_question.php</b> on line <b>9', 'D'),
(97, 38, 'h', 'A'),
(98, 38, 'hj', 'B'),
(99, 38, 'fgh', 'C'),
(100, 38, 'fgh', 'D'),
(101, 39, '<br /><b>Notice</b>:  Undefined variable: a in <b>C:xampphtdocslmsedit_question.php</b> on line <b>8', 'A'),
(102, 39, '<br /><b>Notice</b>:  Undefined variable: b in <b>C:xampphtdocslmsedit_question.php</b> on line <b>8', 'B'),
(103, 39, '<br /><b>Notice</b>:  Undefined variable: c in <b>C:xampphtdocslmsedit_question.php</b> on line <b>9', 'C'),
(104, 39, '<br /><b>Notice</b>:  Undefined variable: d in <b>C:xampphtdocslmsedit_question.php</b> on line <b>9', 'D'),
(105, 40, '<br /><b>Notice</b>:  Undefined variable: a in <b>C:xampphtdocslmsedit_question.php</b> on line <b>8', 'A'),
(106, 40, '<br /><b>Notice</b>:  Undefined variable: b in <b>C:xampphtdocslmsedit_question.php</b> on line <b>8', 'B'),
(107, 40, '<br /><b>Notice</b>:  Undefined variable: c in <b>C:xampphtdocslmsedit_question.php</b> on line <b>9', 'C'),
(108, 40, '<br /><b>Notice</b>:  Undefined variable: d in <b>C:xampphtdocslmsedit_question.php</b> on line <b>9', 'D'),
(109, 41, 'ashj', 'A'),
(110, 41, 'fughdfuig', 'B'),
(111, 41, 'fdhg', 'C'),
(112, 41, 'ghdfj', 'D'),
(113, 42, 'c', 'A'),
(114, 42, 'c#', 'B'),
(115, 42, 'vb.net', 'C'),
(116, 42, 'tyyu', 'D'),
(117, 43, 'elctronic', 'A'),
(118, 43, 'mechine', 'B'),
(119, 43, 'printer', 'C'),
(120, 43, 'scanner', 'D'),
(121, 44, 'wer', 'A'),
(122, 44, 'ert', 'B'),
(123, 44, 'ty', 'C'),
(124, 44, 'yu', 'D'),
(125, 45, 'prgram', 'A'),
(126, 45, 'mechine', 'B'),
(127, 45, 'computer', 'C'),
(128, 45, 'all', 'D'),
(129, 46, 'java', 'A'),
(130, 46, 'c++', 'B'),
(131, 46, 'php', 'C'),
(132, 46, 'ruby', 'D'),
(133, 47, 'program', 'A'),
(134, 47, 'mechine', 'B'),
(135, 47, 'language', 'C'),
(136, 47, 'operating system', 'D'),
(137, 50, 'ret', 'A'),
(138, 50, 'reter', 'B'),
(139, 50, 'fdgdf', 'C'),
(140, 50, 'gfdf', 'D'),
(141, 51, 'php', 'A'),
(142, 51, 'ajaz', 'B'),
(143, 51, 'angular', 'C'),
(144, 51, 'none', 'D'),
(145, 52, 'web', 'A'),
(146, 52, 'site', 'B'),
(147, 52, 'both', 'C'),
(148, 52, 'jquery', 'D'),
(149, 53, 't1', 'A'),
(150, 53, 'm1', 'B'),
(151, 53, 'y1', 'C'),
(152, 53, 'l1', 'D'),
(153, 54, 'adaam', 'A'),
(154, 54, 'adis', 'B'),
(155, 54, 'b/dr', 'C'),
(156, 54, 'gonder', 'D'),
(157, 55, '1', 'A'),
(158, 55, '2', 'B'),
(159, 55, '3', 'C'),
(160, 55, 'gezteh atayem?', 'D'),
(161, 56, 'ab', 'A'),
(162, 56, 'kb', 'B'),
(163, 56, 'tyyu', 'C'),
(164, 56, 'min', 'D'),
(165, 57, '12', 'A'),
(166, 57, '6', 'B'),
(167, 57, '5', 'C'),
(168, 57, '4', 'D'),
(169, 58, 'ashj', 'A'),
(170, 58, 'mechine', 'B'),
(171, 58, 'angular', 'C'),
(172, 58, 'gonder', 'D'),
(173, 59, 'ab', 'A'),
(174, 59, 'mechine', 'B'),
(175, 59, 'angular', 'C'),
(176, 59, 'gonder', 'D'),
(177, 60, '<br /><b>Notice</b>:  Undefined variable: a in <b>C:xampphtdocslmsedit_question.php</b> on line <b>8', 'A'),
(178, 60, '<br /><b>Notice</b>:  Undefined variable: b in <b>C:xampphtdocslmsedit_question.php</b> on line <b>8', 'B'),
(179, 60, '<br /><b>Notice</b>:  Undefined variable: c in <b>C:xampphtdocslmsedit_question.php</b> on line <b>9', 'C'),
(180, 60, '<br /><b>Notice</b>:  Undefined variable: d in <b>C:xampphtdocslmsedit_question.php</b> on line <b>9', 'D');

-- --------------------------------------------------------

--
-- Table structure for table `assignment`
--

CREATE TABLE `assignment` (
  `assignment_id` int(11) NOT NULL,
  `floc` varchar(300) NOT NULL,
  `fdatein` varchar(100) NOT NULL,
  `fdesc` varchar(100) NOT NULL,
  `teacher_id` int(11) NOT NULL,
  `class_id` int(11) NOT NULL,
  `fname` varchar(100) NOT NULL
) ENGINE=InnoDB DEFAULT CHARSET=latin1;

--
-- Dumping data for table `assignment`
--

INSERT INTO `assignment` (`assignment_id`, `floc`, `fdatein`, `fdesc`, `teacher_id`, `class_id`, `fname`) VALUES
(2, 'uploads/6843_File_Doc3.docx', '2013-10-11 01:24:32', 'fasfasf', 13, 36, 'Assignment number 1'),
(3, 'uploads/3617_File_login.mdb', '2013-10-28 19:35:28', 'q', 9, 80, 'q'),
(4, 'admin/uploads/7146_File_normalization.ppt', '2013-10-30 18:48:15', 'fsaf', 9, 95, 'fsaf'),
(5, 'admin/uploads/7784_File_ABSTRACT.docx', '2013-10-30 18:48:33', 'fsaf', 9, 95, 'dsaf'),
(6, 'admin/uploads/4536_File_ABSTRACT.docx', '2013-10-30 18:53:32', 'file', 9, 95, 'abstract'),
(10, 'admin/uploads/2209_File_598378_543547629007198_436971088_n.jpg', '2013-11-01 13:13:18', 'fsafasf', 9, 95, 'Assignment#2'),
(11, 'admin/uploads/1511_File_bootstrap.css', '2013-11-01 13:18:25', 'sdsa', 9, 95, 'css'),
(12, 'admin/uploads/4309_File_new  2.txt', '2013-11-17 23:21:46', 'test', 12, 145, 'test'),
(13, 'admin/uploads/5901_File_IS 112-Personal Productivity Using IS.doc', '2013-11-18 16:59:35', 'q', 12, 145, 'q'),
(15, 'admin/uploads/7077_File_win_boot_screen_16_9_by_medi_dadu-d4s7dc1.gif', '2013-11-25 10:38:45', 'afs', 18, 159, 'dasf'),
(16, 'admin/uploads/8470_File_win_boot_screen_16_9_by_medi_dadu-d4s7dc1.gif', '2013-11-25 10:39:19', 'test', 18, 160, 'assign1'),
(17, 'admin/uploads/2840_File_IMG_0698.jpg', '2013-11-25 15:53:20', 'q', 12, 161, 'q'),
(19, '', '2013-12-07 20:11:39', 'kevin test', 12, 162, ''),
(20, '', '2013-12-07 20:26:43', 'dasddsd', 12, 145, ''),
(21, '', '2013-12-07 20:26:43', 'dasddsd', 12, 162, ''),
(22, '', '2013-12-07 20:27:18', 'dasffsafsaf', 12, 162, ''),
(23, '', '2013-12-07 20:33:11', 'test', 12, 162, ''),
(24, 'admin/uploads/7053_File_win_boot_screen_16_9_by_medi_dadu-d4s7dc1.gif', '2013-12-07 20:39:05', 'kevin', 12, 0, 'kevin'),
(25, 'admin/uploads/2417_File_win_boot_screen_16_9_by_medi_dadu-d4s7dc1.gif', '2013-12-07 20:41:10', 'kevin', 12, 0, 'kevin'),
(26, 'admin/uploads/8095_File_win_boot_screen_16_9_by_medi_dadu-d4s7dc1.gif', '2013-12-07 20:43:25', 'kevin', 12, 0, 'kevin'),
(27, 'admin/uploads/4089_File_win_boot_screen_16_9_by_medi_dadu-d4s7dc1.gif', '2013-12-07 20:47:48', 'fasfafaf', 12, 0, 'fasf'),
(28, 'admin/uploads/2948_File_win_boot_screen_16_9_by_medi_dadu-d4s7dc1.gif', '2013-12-07 20:48:59', 'dasdasd', 12, 0, 'dasd'),
(29, 'admin/uploads/5971_File_win_boot_screen_16_9_by_medi_dadu-d4s7dc1.gif', '2013-12-07 20:50:47', 'dasdasd', 12, 0, 'dsad'),
(30, 'admin/uploads/6926_File_Resume.docx', '2014-02-13 11:27:59', 'q', 12, 167, 'q'),
(31, 'admin/uploads/3214_File_capstone (1).sql', '2016-11-15 16:53:42', 'Jose Harry Polonday', 5, 151, 'tyyu'),
(32, 'admin/uploads/2571_File_capstone (1).sql', '2016-11-15 16:58:32', 'tilahun', 5, 152, 'tyyu'),
(33, 'admin/uploads/9720_File_billofficee.php', '2016-11-15 17:26:10', 'wubet', 9, 187, 'tyyu'),
(34, 'admin/uploads/6329_File_changepasswords.php', '2016-11-15 17:26:23', 'fbhgfh', 9, 187, 'tilahun'),
(35, 'admin/uploads/4664_File_MaintenanceOrder.php', '2016-11-15 17:27:42', 'wubet', 9, 187, 'tilahun1'),
(36, 'admin/uploads/2950_File_2571_File_capstone (1).sql', '2016-11-15 20:31:00', '1234', 9, 195, 'tyyu'),
(37, '', '2016-11-16 05:29:44', '', 9, 0, ''),
(38, 'admin/uploads/4771_File_project-report---hanje-shu---city-guide-over-android.pdf', '2016-11-16 05:30:08', 'yayeh', 9, 197, 'android1'),
(39, 'admin/uploads/5594_File_-1631395095.js', '2016-11-16 13:13:18', 'rtt', 15, 203, 'assignment'),
(40, 'admin/uploads/5275_File_all.js', '2016-11-16 20:53:19', 'err', 9, 200, 'android'),
(41, 'admin/uploads/4001_File_defaulten.js', '2016-11-17 07:00:36', 'wert', 13, 206, 'java'),
(42, 'admin/uploads/7792_File_8.2.4.4_worksheet_-_mobile_device_information_revised.docx', '2016-11-18 12:10:02', 'assignment', 9, 199, 'assignment'),
(43, 'admin/uploads/1130_File_1376971514VABeanEffectiveVolunteerRPLtool2AV03VOL1A.doc', '2016-11-18 17:52:08', 'ass1', 9, 199, 'ass1'),
(44, 'admin/uploads/1878_File_grading.sql', '2016-11-19 08:58:19', 'assignment', 11, 205, 'assignment');

-- --------------------------------------------------------

--
-- Table structure for table `class`
--

CREATE TABLE `class` (
  `class_id` int(11) NOT NULL,
  `class_name` varchar(100) NOT NULL
) ENGINE=InnoDB DEFAULT CHARSET=latin1;

--
-- Dumping data for table `class`
--

INSERT INTO `class` (`class_id`, `class_name`) VALUES
(1, 'Computer science'),
(2, 'software engneering'),
(3, 'information system'),
(4, 'information technology'),
(5, 'computer engneering'),
(6, 'information system engneering'),
(7, 'mechanical engneering'),
(8, 'chemical engneering'),
(9, 'electrical engneering'),
(10, 'power engneering'),
(11, 'material engneering');

-- --------------------------------------------------------

--
-- Table structure for table `class_quiz`
--

CREATE TABLE `class_quiz` (
  `class_quiz_id` int(11) NOT NULL,
  `teacher_class_id` int(11) NOT NULL,
  `quiz_time` int(11) NOT NULL,
  `quiz_id` int(11) NOT NULL
) ENGINE=InnoDB DEFAULT CHARSET=latin1;

--
-- Dumping data for table `class_quiz`
--

INSERT INTO `class_quiz` (`class_quiz_id`, `teacher_class_id`, `quiz_time`, `quiz_id`) VALUES
(13, 167, 3600, 3),
(14, 167, 3600, 3),
(15, 167, 1800, 3),
(16, 185, 900, 0),
(17, 186, 3600, 9),
(18, 188, 3600, 9),
(19, 189, 3600, 9),
(20, 192, 3600, 9),
(21, 193, 3600, 9),
(22, 194, 3600, 9),
(23, 193, 1800, 10),
(24, 194, 1800, 10),
(25, 195, 3600, 11),
(26, 195, 1800, 11),
(27, 196, 1800, 11),
(28, 196, 1200, 12),
(29, 197, 1200, 12),
(30, 198, 1200, 12),
(31, 199, 3600, 13),
(32, 200, 3600, 13),
(33, 201, 3600, 13),
(34, 199, 180, 14),
(35, 200, 180, 14),
(36, 201, 180, 14),
(37, 203, 60, 15),
(38, 204, 60, 15),
(39, 199, 60, 16),
(40, 202, 720, 17),
(41, 205, 180, 18),
(42, 205, 60, 19);

-- --------------------------------------------------------

--
-- Table structure for table `class_subject_overview`
--

CREATE TABLE `class_subject_overview` (
  `class_subject_overview_id` int(11) NOT NULL,
  `teacher_class_id` int(11) NOT NULL,
  `content` varchar(10000) NOT NULL
) ENGINE=InnoDB DEFAULT CHARSET=latin1;

--
-- Dumping data for table `class_subject_overview`
--

INSERT INTO `class_subject_overview` (`class_subject_overview_id`, `teacher_class_id`, `content`) VALUES
(1, 167, '<p>Chapter&nbsp; 1</p>\r\n\r\n<p>Cha</p>\r\n');

-- --------------------------------------------------------

--
-- Table structure for table `content`
--

CREATE TABLE `content` (
  `content_id` int(11) NOT NULL,
  `title` varchar(100) NOT NULL,
  `content` mediumtext NOT NULL
) ENGINE=InnoDB DEFAULT CHARSET=latin1;

--
-- Dumping data for table `content`
--

INSERT INTO `content` (`content_id`, `title`, `content`) VALUES
(1, 'Mission', '<pre>\r\n<span style="font-size:16px"><strong>Mission</strong></span></pre>\r\n\r\n<p style="text-align:left"><span style="font-family:arial,helvetica,sans-serif; font-size:medium"><span style="font-size:large">&nbsp; &nbsp; &nbsp; &nbsp; &nbsp; &nbsp; &nbsp;</span></span>&nbsp; &nbsp;<span style="font-size:18px"> &nbsp; &nbsp; &nbsp; &nbsp; &nbsp; &nbsp; &nbsp; &nbsp; A leading institution in higher and continuing education commited to engage in quality instruction, development-oriented research sustinable lucrative economic enterprise, and responsive extension and training services through relevant academic programs to empower a human resource that responds effectively to challenges in life and acts as catalyst in the holistoic development of a humane society.&nbsp;</span></p>\r\n\r\n<p style="text-align:left">&nbsp;</p>\r\n'),
(2, 'Vision', '<pre><span style="font-size: large;"><strong>Vision</strong></span></pre>\r\n<p>&nbsp;&nbsp;&nbsp;&nbsp;&nbsp;&nbsp;&nbsp;&nbsp;&nbsp;&nbsp;&nbsp;&nbsp;&nbsp;<span style="font-size: large;">&nbsp; Driven by its passion for continous improvement, the State College has to vigorously pursue distinction and proficieny in delivering its statutory functions to the Filipino people in the fields of education, business, agro-fishery, industrial, science and technology, through committed and competent human resource, guided by the beacon of innovation and productivity towards the heights of elevated status. </span><br /><br /></p>'),
(3, 'History', '<pre><span style="font-size: large;">HISTORY &nbsp;</span> </pre>\r\n<p style="text-align: justify;">&nbsp;&nbsp;&nbsp;&nbsp;&nbsp;&nbsp;&nbsp;&nbsp;&nbsp;&nbsp;&nbsp; Carlos Hilado Memorial State College, formerly Paglaum State College, is a public educational institution that aims to provide higher technological, professional and vocational instruction and training in science, agriculture and industrial fields as well as short term or vocational courses. It was Batas Pambansa Bilang 477 which integrated these three institutions of learning: the Negros Occidental College of Arts and Trades (NOCAT) in the Municipality of Talisay, Bacolod City National Trade School (BCNTS) in Alijis, Bacolod City, and the Negros Occidental Provincial Community College (NOPCC) in Bacolod City, into a tertiary state educational institution to be called Paglaum State College. Approved in 1983, the College Charter was implemented effective January 1, 1984, with Mr. Sulpicio P. Cartera as its President. The administrative seat of the first state college in Negros Occidental is located at the Talisay Campus which was originally established as Negros Occidental School of Arts and Trades (NOSAT) under R.A. 848, authored and sponsored by Hon. Carlos Hilado. It occupies a five-hectare land donated by the provincial government under Provincial Board Resolution No. 1163. The renaming of the college to Carlos Hilado Memorial State College was effected by virtue of House Bill No. 7707 authored by then Congressman Jose Carlos V. Lacson of the 3rd Congressional District, Province of Negros Occidental, and which finally became a law on May 5, 1994</p>\r\n<p style="text-align: justify;">&nbsp;</p>\r\n<p style="text-align: justify;">&nbsp;&nbsp;&nbsp; Talisay Campus. July 1, 1954 marked the formal opening of NOSAT with Mr. Francisco Apilado as its first Superintendent and Mr. Gil H. Tenefrancia as Principal. There were five (5) full time teachers, with an initial enrolment of eighty-nine (89) secondary and trade technical students. The shop courses were General Metal Works, Practical Electricity and Woodworking. The first classes were held temporarily at Talisay Elementary School while the shop buildings and classrooms were under construction. NOSAT was a recipient of FOA-PHILCUA aid in terms of technical books, equipment, tools and machinery. Alijis Campus. The Alijis Campus of the Carlos Hilado Memorial State College is situated in a 5-hectare lot located at Barangay Alijis, Bacolod City. The lot was a donation of the late Dr. Antonio Lizares. The school was formerly established as the Bacolod City National Trade School. The establishment of this trade technical institution is pursuant to R.A. 3886 in 1968, authored by the late Congressman Inocencio V. Ferrer of the second congressional district of the Province of Negros Occidental. Fortune Towne. The Fortune Towne Campus of the Carlos Hilado Memorial State College was originally situated in Negros Occidental High School (NOHS), Bacolod City on a lot owned by the Provincial Government under Provincial Board Resolution No. 91 series of 1970. The school was formerly established as the Negros Occidental Provincial Community College and formally opened on July 13, 1970 with the following course offerings: Bachelor of Arts, Technical Education and Bachelor of Commerce. The initial operation of the school started in July 13, 1970, with an initial enrolment of 209 students. Classes were first housed at the Negros Occidental High School while the first building was constructed. Then Governor Alfredo L. Montelibano spearheaded the first operation of the NOPCC along with the members of the Board of Trustees. In June 1995, the campus transferred to its new site in Fortune Towne, Bacolod City. Binalbagan Campus. On Nov. 24, 2000, the Negros Occidental School of Fisheries (NOSOF) in Binalbagan, Negros Occidental was integrated to the Carlos Hilado Memorial State College system as an external campus by virtue of Resolution No. 46 series of 2000.</p>'),
(4, 'Footer', '<p style="text-align:center">CHMSC Online Learning Managenment System</p>\r\n\r\n<p style="text-align:center">All Rights Reserved &reg;2013</p>\r\n'),
(5, 'Upcoming Events', '<pre>\r\nUP COMING EVENTS</pre>\r\n\r\n<p><strong>&gt;</strong> EXAM</p>\r\n\r\n<p><strong>&gt;</strong> INTERCAMPUS MEET</p>\r\n\r\n<p><strong>&gt;</strong> DEFENSE</p>\r\n\r\n<p><strong>&gt;</strong> ENROLLMENT</p>\r\n\r\n<p>&nbsp;</p>\r\n'),
(6, 'Title', '<p><span style="font-family:trebuchet ms,geneva">CHMSC Online Learning Management System</span></p>\r\n'),
(7, 'News', '<pre>\r\n<span style="font-size:medium"><em><strong>Recent News\r\n</strong></em></span></pre>\r\n\r\n<h2><span style="font-size:small">Extension and Community Services</span></h2>\r\n\r\n<p style="text-align:justify">This technology package was promoted by the College of Industrial Technology Unit is an index to offer Practical Skills and Livelihood Training Program particularly to the Ina ngTahanan of Tayabas, Barangay Zone 15, Talisay City, Negros Occidental</p>\r\n\r\n<p style="text-align:justify">The respondent of this technology package were mostly &ldquo;ina&rdquo; or mothers in PurokTayabas. There were twenty mothers who responded to the call of training and enhancing their sewing skills. The beginners projects include an apron, elastics waist skirts, pillow-cover and t-shirt style top. Short sleeve blouses with buttonholes or contoured seaming are also some of the many projects introduced to the mothers. Based on the interview conducted after the culmination activity, the projects done contributed as a means of earning to the respondents.</p>\r\n\r\n<p style="text-align:justify">&nbsp; &nbsp; &nbsp; &nbsp; &nbsp; In support to the thrust of the government to improve the health status of neighboring barangays, the Faculty and Staff of CHMSC ECS Fortune Towne, Bacolod City, launched its Medical Mission in Patag, Silay City. It was conducted last March 2010, to address the health needs of the people. A medical consultation is given to the residents of SitioPatag to attend to their health related problems that may need medical treatment. Medical tablets for headache, flu, fever, antibiotics and others were availed by the residents.</p>\r\n\r\n<p style="text-align:justify">&nbsp;</p>\r\n\r\n<p style="text-align:justify">&nbsp;The BAYAN-ANIHAN is a Food Production Program with a battle cry of &ldquo;GOODBYE GUTOM&rdquo;, advocating its legacy &ldquo;Food on the Table for every Filipino Family&rdquo; through backyard gardening. NGO&rsquo;s, governmental organizations, private and public sectors, business sectors are the cooperating agencies that support and facilitate this project and Carlos Hilado Memorial State College (CHMSC) is one of the identified partner school. Being a member institution in advocating its thrust, the school through its Extension and Community Services had conducted capability training workshop along this program identifying two deputy coordinators and trainers last November 26,27 and 28, 2009, with the end in view of implementing the project all throughout the neighboring towns, provinces and regions to help address poverty in the country. Program beneficiaries were the selected families of GawadKalinga (GK) in Hope Village, Brgy. Cabatangan, Talisay City, with 120 families beneficiaries; GK FIAT Village in Silay City with 30 beneficiaries; Bonbon Dream Village brgy. E. Lopez, Silay City with 60 beneficiaries; and respectively Had. Teresita and Had. Carmen in Talisay City, Negros Occidental both with 60 member beneficiaries. This program was introduced to 30 household members with the end in view of alleviating the quality standards of their living.</p>\r\n\r\n<p style="text-align:justify">&nbsp;</p>\r\n\r\n<p style="text-align:justify">The extension &amp; Community Services of the College conducted a series of consultations and meetings with the different local government units to assess technology needs to determines potential products to be developed considering the abundance of raw materials in their respective areas and their product marketability. The project was released in November 2009 in six cities in the province of Negros Occidental, namely San Carlos, Sagay, Silay, Bago, Himamaylan and Sipalay and the Municipality of E. B Magalona</p>\r\n\r\n<p style="text-align:justify">&nbsp; &nbsp; &nbsp; &nbsp; &nbsp; The City of San Carlos focused on peanut and fish processing. Sagay and bago focused on meat processing, while Silay City on fish processing. The City of Himamaylan is on sardines, and in Sipalay focused on fish processing specially on their famous BARONGAY product. The municipality of E.B Magalona focused on bangus deboning.</p>\r\n\r\n<p style="text-align:justify">&nbsp;</p>\r\n\r\n<p style="text-align:justify">&nbsp; &nbsp; &nbsp; &nbsp; &nbsp; The food technology instructors are tasked to provide the needed skills along with the TLDC Livelihood project that each City is embarking on while the local government units provide the training venue for the project and the training equipment and machine were provided by the Department of Science and Technology.</p>\r\n\r\n<p style="text-align:justify">&nbsp;</p>\r\n'),
(8, 'Announcements', '<pre>\r\n<span style="font-size:medium"><em><strong>Announcements</strong></em></span></pre>\r\n\r\n<p>Examination Period: October 9-11, 2013</p>\r\n\r\n<p>Semestrial Break: October 12- November 3, 2013</p>\r\n\r\n<p>FASKFJASKFAFASFMFAS</p>\r\n\r\n<p>GASGA</p>\r\n'),
(10, 'Calendar', '<pre style="text-align:center">\r\n<span style="font-size:medium"><strong>&nbsp;CALENDAR OF EVENT</strong></span></pre>\r\n\r\n<table align="center" cellpadding="0" cellspacing="0" style="line-height:1.6em; margin-left:auto; margin-right:auto">\r\n	<tbody>\r\n		<tr>\r\n			<td>\r\n			<p>First Semester &nbsp; &nbsp; &nbsp; &nbsp; &nbsp; &nbsp; &nbsp; &nbsp; &nbsp; &nbsp; &nbsp; &nbsp; &nbsp; &nbsp; &nbsp; &nbsp; &nbsp; &nbsp; &nbsp; &nbsp; &nbsp; &nbsp; &nbsp; &nbsp; &nbsp; &nbsp; &nbsp; &nbsp; &nbsp; &nbsp; &nbsp; &nbsp; &nbsp;</p>\r\n			</td>\r\n			<td>\r\n			<p>June 10, 2013 to October 11, 2013&nbsp;</p>\r\n			</td>\r\n		</tr>\r\n		<tr>\r\n			<td>\r\n			<p>Semestral Break</p>\r\n			</td>\r\n			<td>\r\n			<p>Oct. 12, 2013 to November 3, 2013</p>\r\n			</td>\r\n		</tr>\r\n		<tr>\r\n			<td>\r\n			<p>Second Semester</p>\r\n			</td>\r\n			<td>\r\n			<p>Nov. 5, 2013 to March 27, 2014</p>\r\n			</td>\r\n		</tr>\r\n		<tr>\r\n			<td>\r\n			<p>Summer Break</p>\r\n			</td>\r\n			<td>\r\n			<p>March 27, 2014 to April 8, 2014</p>\r\n			</td>\r\n		</tr>\r\n		<tr>\r\n			<td>\r\n			<p>Summer</p>\r\n			</td>\r\n			<td>\r\n			<p>April 8 , 2014 to May 24, 2014</p>\r\n			</td>\r\n		</tr>\r\n	</tbody>\r\n</table>\r\n\r\n<p style="text-align:center">&nbsp;</p>\r\n\r\n<table cellpadding="0" cellspacing="0" style="line-height:1.6em; margin-left:auto; margin-right:auto">\r\n	<tbody>\r\n		<tr>\r\n			<td colspan="4">\r\n			<p><strong>June 5, 2013 to October 11, 2013 &ndash; First Semester AY 2013-2014</strong></p>\r\n			</td>\r\n		</tr>\r\n		<tr>\r\n			<td>\r\n			<p>June 4, 2013 &nbsp; &nbsp; &nbsp; &nbsp;</p>\r\n			</td>\r\n			<td>\r\n			<p>Orientation with the Parents of the College&nbsp;Freshmen</p>\r\n			</td>\r\n		</tr>\r\n		<tr>\r\n			<td>\r\n			<p>June 5</p>\r\n			</td>\r\n			<td>\r\n			<p>First Day of Service</p>\r\n			</td>\r\n		</tr>\r\n		<tr>\r\n			<td>\r\n			<p>June 5</p>\r\n			</td>\r\n			<td>\r\n			<p>College Personnel General Assembly</p>\r\n			</td>\r\n		</tr>\r\n		<tr>\r\n			<td>\r\n			<p>June 6,7</p>\r\n			</td>\r\n			<td>\r\n			<p>In-Service Training (Departmental)</p>\r\n			</td>\r\n		</tr>\r\n		<tr>\r\n			<td>\r\n			<p>June 10</p>\r\n			</td>\r\n			<td>\r\n			<p>First Day of Classes</p>\r\n			</td>\r\n		</tr>\r\n		<tr>\r\n			<td>\r\n			<p>June 14</p>\r\n			</td>\r\n			<td>\r\n			<p>Orientation with Students by College/Campus/Department</p>\r\n			</td>\r\n		</tr>\r\n		<tr>\r\n			<td>\r\n			<p>June 19,20,21</p>\r\n			</td>\r\n			<td>\r\n			<p>Branch/Campus Visit for Administrative / Academic/Accreditation/ Concerns</p>\r\n			</td>\r\n		</tr>\r\n		<tr>\r\n			<td rowspan="2">\r\n			<p>June</p>\r\n			</td>\r\n			<td>\r\n			<p>Club Organizations (By Discipline/Programs)</p>\r\n			</td>\r\n		</tr>\r\n		<tr>\r\n			<td>\r\n			<p>Student Affiliation/Induction Programs</p>\r\n			</td>\r\n		</tr>\r\n		<tr>\r\n			<td>\r\n			<p>July</p>\r\n			</td>\r\n			<td>\r\n			<p>Nutrition Month (Sponsor: Laboratory School)</p>\r\n			</td>\r\n		</tr>\r\n		<tr>\r\n			<td>\r\n			<p>July 11, 12</p>\r\n			</td>\r\n			<td>\r\n			<p>Long Tests</p>\r\n			</td>\r\n		</tr>\r\n		<tr>\r\n			<td>\r\n			<p>August&nbsp; 8, 9</p>\r\n			</td>\r\n			<td>\r\n			<p>Midterm Examinations</p>\r\n			</td>\r\n		</tr>\r\n		<tr>\r\n			<td>\r\n			<p>August 19</p>\r\n			</td>\r\n			<td>\r\n			<p>ArawngLahi</p>\r\n			</td>\r\n		</tr>\r\n		<tr>\r\n			<td>\r\n			<p>August 23</p>\r\n			</td>\r\n			<td>\r\n			<p>Submission of Grade Sheets for Midterm</p>\r\n			</td>\r\n		</tr>\r\n		<tr>\r\n			<td>\r\n			<p>August</p>\r\n			</td>\r\n			<td>\r\n			<p>Recognition Program (Dean&rsquo;s List)</p>\r\n			</td>\r\n		</tr>\r\n		<tr>\r\n			<td>\r\n			<p>August 26</p>\r\n			</td>\r\n			<td>\r\n			<p>National Heroes Day (Regular Holiday)</p>\r\n			</td>\r\n		</tr>\r\n		<tr>\r\n			<td>\r\n			<p>August 28, 29, 30</p>\r\n			</td>\r\n			<td>\r\n			<p>Sports and Cultural Meet</p>\r\n			</td>\r\n		</tr>\r\n		<tr>\r\n			<td>\r\n			<p>September 19,20</p>\r\n			</td>\r\n			<td>\r\n			<p>Long Tests</p>\r\n			</td>\r\n		</tr>\r\n		<tr>\r\n			<td>\r\n			<p>October 5</p>\r\n			</td>\r\n			<td>\r\n			<p>Teachers&rsquo; Day / World Teachers&rsquo; Day</p>\r\n			</td>\r\n		</tr>\r\n		<tr>\r\n			<td>\r\n			<p>October 10, 11</p>\r\n			</td>\r\n			<td>\r\n			<p>Final Examination</p>\r\n			</td>\r\n		</tr>\r\n		<tr>\r\n			<td>\r\n			<p>October 12</p>\r\n			</td>\r\n			<td>\r\n			<p>Semestral Break</p>\r\n			</td>\r\n		</tr>\r\n	</tbody>\r\n</table>\r\n\r\n<p style="text-align:center">&nbsp;</p>\r\n\r\n<table cellpadding="0" cellspacing="0" style="margin-left:auto; margin-right:auto">\r\n	<tbody>\r\n		<tr>\r\n			<td colspan="4">\r\n			<p><strong>Nov. 4, 2013 to March 27, 2014 &ndash; Second Semester AY 2013-2014</strong></p>\r\n			</td>\r\n		</tr>\r\n		<tr>\r\n			<td>\r\n			<p>November 4 &nbsp; &nbsp; &nbsp; &nbsp; &nbsp; &nbsp; &nbsp; &nbsp; &nbsp; &nbsp; &nbsp; &nbsp; &nbsp; &nbsp; &nbsp; &nbsp; &nbsp; &nbsp; &nbsp; &nbsp; &nbsp; &nbsp; &nbsp;</p>\r\n			</td>\r\n			<td>\r\n			<p>Start of Classes</p>\r\n			</td>\r\n		</tr>\r\n		<tr>\r\n			<td>\r\n			<p>November 19, 20, 21, 22</p>\r\n			</td>\r\n			<td>\r\n			<p>Intercampus Sports and Cultural Fest/College Week</p>\r\n			</td>\r\n		</tr>\r\n		<tr>\r\n			<td>\r\n			<p>December 5, 6</p>\r\n			</td>\r\n			<td>\r\n			<p>Long Tests</p>\r\n			</td>\r\n		</tr>\r\n		<tr>\r\n			<td>\r\n			<p>December 19,20</p>\r\n			</td>\r\n			<td>\r\n			<p>Thanksgiving Celebrations</p>\r\n			</td>\r\n		</tr>\r\n		<tr>\r\n			<td>\r\n			<p>December 21</p>\r\n			</td>\r\n			<td>\r\n			<p>Start of Christmas Vacation</p>\r\n			</td>\r\n		</tr>\r\n		<tr>\r\n			<td>\r\n			<p>December 25</p>\r\n			</td>\r\n			<td>\r\n			<p>Christmas Day (Regular Holiday)</p>\r\n			</td>\r\n		</tr>\r\n		<tr>\r\n			<td>\r\n			<p>December 30</p>\r\n			</td>\r\n			<td>\r\n			<p>Rizal Day (Regular Holiday)</p>\r\n			</td>\r\n		</tr>\r\n		<tr>\r\n			<td>\r\n			<p>January 6, 2014</p>\r\n			</td>\r\n			<td>\r\n			<p>Classes Resume</p>\r\n			</td>\r\n		</tr>\r\n		<tr>\r\n			<td>\r\n			<p>January 9, 10</p>\r\n			</td>\r\n			<td>\r\n			<p>Midterm Examinations</p>\r\n			</td>\r\n		</tr>\r\n		<tr>\r\n			<td>\r\n			<p>January 29</p>\r\n			</td>\r\n			<td>\r\n			<p>Submission of Grades Sheets for Midterm</p>\r\n			</td>\r\n		</tr>\r\n		<tr>\r\n			<td>\r\n			<p>February 13, 14</p>\r\n			</td>\r\n			<td>\r\n			<p>Long Tests</p>\r\n			</td>\r\n		</tr>\r\n		<tr>\r\n			<td>\r\n			<p>March 6, 7</p>\r\n			</td>\r\n			<td>\r\n			<p>Final Examinations (Graduating)</p>\r\n			</td>\r\n		</tr>\r\n		<tr>\r\n			<td>\r\n			<p>March 13, 14</p>\r\n			</td>\r\n			<td>\r\n			<p>Final Examinations (Non-Graduating)</p>\r\n			</td>\r\n		</tr>\r\n		<tr>\r\n			<td>\r\n			<p>March 17, 18, 19, 20, 21</p>\r\n			</td>\r\n			<td>\r\n			<p>Recognition / Graduation Rites</p>\r\n			</td>\r\n		</tr>\r\n		<tr>\r\n			<td>\r\n			<p>March 27</p>\r\n			</td>\r\n			<td>\r\n			<p>Last Day of Service for Faculty</p>\r\n			</td>\r\n		</tr>\r\n		<tr>\r\n			<td>\r\n			<p>June 5, 2014</p>\r\n			</td>\r\n			<td>\r\n			<p>First Day of Service for SY 2014-2015</p>\r\n			</td>\r\n		</tr>\r\n	</tbody>\r\n</table>\r\n\r\n<p style="text-align:center">&nbsp;</p>\r\n\r\n<table border="1" cellpadding="0" cellspacing="0" style="margin-left:auto; margin-right:auto">\r\n	<tbody>\r\n		<tr>\r\n			<td colspan="2">\r\n			<p><strong>FLAG RAISING CEREMONY-TALISAY CAMPUS</strong></p>\r\n			</td>\r\n		</tr>\r\n		<tr>\r\n			<td>\r\n			<p>MONTHS &nbsp; &nbsp; &nbsp; &nbsp; &nbsp; &nbsp; &nbsp; &nbsp; &nbsp; &nbsp; &nbsp; &nbsp; &nbsp; &nbsp; &nbsp; &nbsp; &nbsp; &nbsp; &nbsp; &nbsp; &nbsp; &nbsp; &nbsp; &nbsp; &nbsp; &nbsp; &nbsp; &nbsp; &nbsp; &nbsp; &nbsp; &nbsp; &nbsp; &nbsp; &nbsp; &nbsp; &nbsp; &nbsp; &nbsp; &nbsp; &nbsp; &nbsp; &nbsp; &nbsp; &nbsp; &nbsp; &nbsp; &nbsp; &nbsp; &nbsp;&nbsp;</p>\r\n			</td>\r\n			<td>\r\n			<p>UNIT-IN-CHARGE</p>\r\n			</td>\r\n		</tr>\r\n		<tr>\r\n			<td>\r\n			<p>June, Sept. and Dec. 2013, March 2014</p>\r\n			</td>\r\n			<td>\r\n			<p>COE</p>\r\n			</td>\r\n		</tr>\r\n		<tr>\r\n			<td>\r\n			<p>July and October 2013, Jan. 2014</p>\r\n			</td>\r\n			<td>\r\n			<p>SAS</p>\r\n			</td>\r\n		</tr>\r\n		<tr>\r\n			<td>\r\n			<p>August and November 2013, Feb. 2014</p>\r\n\r\n			<p>April and May 2014</p>\r\n			</td>\r\n			<td>\r\n			<p>CIT</p>\r\n\r\n			<p>GASS</p>\r\n			</td>\r\n		</tr>\r\n	</tbody>\r\n</table>\r\n'),
(11, 'Directories', '<div class="jsn-article-content" style="text-align: left;">\r\n<pre>\r\n<span style="font-size:medium"><em><strong>DIRECTORIES</strong></em></span></pre>\r\n\r\n<ul>\r\n	<li>Lab School - 712-0848</li>\r\n	<li>Accounting - 495-5560</li>\r\n	<li>Presidents Office - 495-4064(telefax)</li>\r\n	<li>VPA/PME - 495-1635</li>\r\n	<li>Registrar Office - 495-4657(telefax)</li>\r\n	<li>Cashier - 712-7272</li>\r\n	<li>CIT - 712-0670</li>\r\n	<li>SAS/COE - 495-6017</li>\r\n	<li>BAC - 712-8404(telefax)</li>\r\n	<li>Records - 495-3470</li>\r\n	<li>Supply - 495-3767</li>\r\n	<li>Internet Lab - 712-6144/712-6459</li>\r\n	<li>COA - 495-5748</li>\r\n	<li>Guard House - 476-1600</li>\r\n	<li>HRM - 495-4996</li>\r\n	<li>Extension - 457-2819</li>\r\n	<li>Canteen - 495-5396</li>\r\n	<li>Research - 712-8464</li>\r\n	<li>Library - 495-5143</li>\r\n	<li>OSA - 495-1152</li>\r\n</ul>\r\n</div>\r\n'),
(12, 'president', '<p>It is my great pleasure and privilege to welcome you to CHMSC&rsquo;s official website. Accept my deep appreciation for continuously taking interest in CHMSC and its programs and activities.<br /> Recently, the challenges of the knowledge era of the 21st Century led me to think very deeply how educational institutions of higher learning must vigorously pursue relevant e<img style="float: left;" src="images/president.jpg" alt="" />ducation to compete with and respond to the challenges of globalization. As an international fellow, I realized that in the face of this globalization and technological advancement, educational institutions are compelled to work extraordinary in educating the youths and enhancing their potentials for gainful employment and realization of their dreams to become effective citizens.<br /><br /> Honored and humbled to be given the opportunity for stewardship of this good College, I am fully aware that the goal is to make CHMSC as the center of excellence or development in various fields. The vision, CHMSC ExCELS: Excellence, Competence and Educational Leadership in Science and Technology is a profound battle cry for each member of CHMSC Community. A CHMSCian must be technologically and academically competent, socially mature, safety conscious with care for the environment, a good citizen and possesses high moral values. The way the College is being managed, the internal and the external culture of all stockholders, and the efforts for quality and excellence will result to the establishment of the good corporate image of the College. The hallmark is reflected as the image of the good institution.<br /><br /> The tasks at hand call for our full cooperation, support and active participation. Therefore, I urge everyone to help me in the crusade to <br /><br /></p>\r\n<p style="text-align: justify;"><span style="line-height: 1.3em;">Provide wider access to CHMSC programs;</span></p>\r\n<p style="text-align: justify;"><span style="line-height: 1.3em;">&nbsp; &nbsp; &nbsp; &nbsp; &nbsp; &nbsp; &nbsp; &nbsp;* Harness the potentials of students thru effective teaching and learning methodologies and techniques;</span></p>\r\n<p style="text-align: justify;"><span style="line-height: 1.3em;">&nbsp; &nbsp; &nbsp; &nbsp; &nbsp; &nbsp; &nbsp; &nbsp;* Enable CHMSC Environment for All through secure green campus;</span></p>\r\n<p style="text-align: justify;"><span style="line-height: 1.3em;">&nbsp; &nbsp; &nbsp; &nbsp; &nbsp; &nbsp; &nbsp; &nbsp;* Advocate green movement, protect intellectual property and stimulate innovation;</span></p>\r\n<p style="text-align: justify;"><span style="line-height: 1.3em;">&nbsp; &nbsp; &nbsp; &nbsp; &nbsp; &nbsp; &nbsp; &nbsp;* Promote lifelong learning;</span></p>\r\n<p style="text-align: justify;"><span style="line-height: 1.3em;">&nbsp; &nbsp; &nbsp; &nbsp; &nbsp; &nbsp; &nbsp; &nbsp;* Conduct Research and Development for community and poverty alleviation;</span></p>\r\n<p style="text-align: justify;"><span style="line-height: 1.3em;">&nbsp; &nbsp; &nbsp; &nbsp; &nbsp; &nbsp; &nbsp; &nbsp;* Share and disseminate knowledge through publication and extension outreach to communities; and</span></p>\r\n<p style="text-align: justify;"><span style="line-height: 1.3em;">&nbsp; &nbsp; &nbsp; &nbsp; &nbsp; &nbsp; &nbsp; &nbsp;*Strengthen Institute-industry linkages and public-private partnership for mutual interest.</span></p>\r\n<p style="text-align: justify;"><br /><span style="line-height: 1.3em; text-align: justify;">Together, WE can make CHMSC</span></p>\r\n<p style="text-align: justify;"><br /><span style="line-height: 1.3em;">&nbsp; &nbsp; &nbsp; &nbsp; &nbsp; &nbsp; &nbsp; &nbsp;*A model green institution for Human Resources Development, a builder of human resources in the knowledge era of the 21st Century;</span></p>\r\n<p style="text-align: justify;"><span style="line-height: 1.3em;">&nbsp; &nbsp; &nbsp; &nbsp; &nbsp; &nbsp; &nbsp; *A center for curricular innovations and research especially in education, technology, engineering, ICT and entrepreneurship; and</span></p>\r\n<p style="text-align: justify;"><span style="line-height: 1.3em;">&nbsp; &nbsp; &nbsp; &nbsp; &nbsp; &nbsp; &nbsp; *A Provider of quality graduates in professional and technological programs for industry and community.</span></p>\r\n<p style="text-align: justify;"><br /><br /> Dear readers and guests, these are the challenges for every CHMSCian to hurdle and the dreams to realize. This website will be one of the connections with you as we ardently take each step. Feel free to visit often and be kept posted as we continue to work for discoveries and advancement that will bring benefits to the lives of the students, the community, and the world, as a whole.<br /><br /> Warmest welcome and I wish you well!</p>\r\n<p style="text-align: justify;"><br /><br /></p>\r\n<p style="text-align: justify;">RENATO M. SOROLLA, Ph.D.<br />SUC President II</p>'),
(13, 'motto', '<p><strong><span style="color:#FFF0F5"><span style="font-family:arial,helvetica,sans-serif">CHMSC EXCELS:</span></span></strong></p>\r\n\r\n<p><strong><span style="color:#FFF0F5"><span style="font-family:arial,helvetica,sans-serif">Excellence, Competence and Educational</span></span></strong></p>\r\n\r\n<p><strong><span style="color:#FFF0F5"><span style="font-family:arial,helvetica,sans-serif">Leadership in Science and Technology</span></span></strong></p>\r\n'),
(14, 'Campuses', '<pre>\r\n<span style="font-size:16px"><strong>Campuses</strong></span></pre>\r\n\r\n<ul>\r\n	<li>Alijis Campus</li>\r\n	<li>Binalbagan Campus</li>\r\n	<li>Fortunetown Campus</li>\r\n	<li>Talisay Campus<br />\r\n	&nbsp;</li>\r\n</ul>\r\n');

-- --------------------------------------------------------

--
-- Table structure for table `department`
--

CREATE TABLE `department` (
  `department_id` int(11) NOT NULL,
  `department_name` varchar(100) NOT NULL,
  `dean` varchar(100) NOT NULL
) ENGINE=InnoDB DEFAULT CHARSET=latin1;

--
-- Dumping data for table `department`
--

INSERT INTO `department` (`department_id`, `department_name`, `dean`) VALUES
(4, 'MR mohammed', 'School fo electrical engneering and computing'),
(5, 'DR.chang', 'School ofMechanical and Chemical'),
(9, 'DR,.young', 'school of Materials engneering');

-- --------------------------------------------------------

--
-- Table structure for table `event`
--

CREATE TABLE `event` (
  `event_id` int(11) NOT NULL,
  `event_title` varchar(100) NOT NULL,
  `teacher_class_id` int(11) NOT NULL,
  `date_start` varchar(100) NOT NULL,
  `date_end` varchar(100) NOT NULL
) ENGINE=InnoDB DEFAULT CHARSET=latin1;

--
-- Dumping data for table `event`
--

INSERT INTO `event` (`event_id`, `event_title`, `teacher_class_id`, `date_start`, `date_end`) VALUES
(13, 'Start of Classes', 0, '11/04/2013', '11/04/2013'),
(14, 'Intercampus Sports and Cultural Fest/College Week', 0, '11/19/2013', '11/22/2013'),
(15, 'Long Test', 113, '12/05/2013', '12/06/2013'),
(16, 'Long Test', 0, '12/05/2013', '12/06/2013'),
(17, 'sdasf', 147, '11/16/2013', '11/16/2013'),
(18, 'gedefaw', 151, '11/09/2016', '11/18/2016'),
(19, 'gedefaw', 187, '11/16/2016', '11/24/2016'),
(20, 'tilahun', 187, '11/15/2016', '11/11/2016'),
(21, 'jhkhkl', 203, '11/08/2016', '11/03/2016');

-- --------------------------------------------------------

--
-- Table structure for table `files`
--

CREATE TABLE `files` (
  `file_id` int(11) NOT NULL,
  `floc` varchar(500) NOT NULL,
  `fdatein` varchar(200) NOT NULL,
  `fdesc` varchar(100) NOT NULL,
  `teacher_id` int(11) NOT NULL,
  `class_id` int(11) NOT NULL,
  `fname` varchar(100) NOT NULL,
  `uploaded_by` varchar(100) NOT NULL
) ENGINE=MyISAM DEFAULT CHARSET=latin1;

--
-- Dumping data for table `files`
--

INSERT INTO `files` (`file_id`, `floc`, `fdatein`, `fdesc`, `teacher_id`, `class_id`, `fname`, `uploaded_by`) VALUES
(133, 'admin/uploads/7939_File_449E26DB.jpg', '2014-02-20 10:31:38', 'sas', 14, 177, 'sss', ''),
(132, 'admin/uploads/7939_File_449E26DB.jpg', '2014-02-20 10:29:53', 'sas', 14, 178, 'sss', ''),
(131, 'admin/uploads/7939_File_449E26DB.jpg', '2014-02-20 10:28:09', 'sas', 14, 12, 'sss', ''),
(129, 'admin/uploads/7939_File_449E26DB.jpg', '2014-02-20 10:12:38', 'sas', 0, 12, 'sss', ''),
(130, 'admin/uploads/7939_File_449E26DB.jpg', '2014-02-20 10:26:11', 'sas', 0, 12, 'sss', ''),
(128, 'admin/uploads/7614_File_1476273_644977475552481_2029187901_n.jpg', '2014-02-13 13:31:18', 'qwwqw', 12, 185, 'kevi', 'Ruby Mae Morante'),
(127, 'admin/uploads/1085_File_Resume.docx', '2014-02-13 12:53:09', 'q', 12, 183, 'q', 'Ruby Mae Morante'),
(126, 'admin/uploads/7895_File_PERU REPORT.pptx', '2014-02-13 12:35:42', 'chapter 1', 12, 182, 'chapter 1', 'Ruby Mae Morante'),
(125, 'admin/uploads/2658_File_kevin.docx', '2014-02-13 11:10:56', 'test', 12, 181, 'test', 'Ruby Mae Morante'),
(123, 'admin/uploads/4801_File_painting-02.jpg', '2013-12-11 12:02:46', 'jdkasjfd', 12, 163, 'Test', 'Ruby Mae Morante'),
(122, 'admin/uploads/3985_File_win_boot_screen_16_9_by_medi_dadu-d4s7dc1.gif', '2013-12-07 20:00:22', 'dasdasd', 12, 145, 'dasd', 'Ruby Mae Morante'),
(121, 'admin/uploads/7439_File_win_boot_screen_16_9_by_medi_dadu-d4s7dc1.gif', '2013-12-07 19:59:46', 'asdad', 12, 162, 'kevin', 'Ruby Mae Morante'),
(120, 'admin/uploads/7439_File_win_boot_screen_16_9_by_medi_dadu-d4s7dc1.gif', '2013-12-07 19:59:46', 'asdad', 12, 145, 'kevin', 'Ruby Mae Morante'),
(119, 'admin/uploads/3166_File_win_boot_screen_16_9_by_medi_dadu-d4s7dc1.gif', '2013-12-07 19:58:44', 'kevin', 12, 145, 'kevin', 'Ruby Mae Morante'),
(118, 'admin/uploads/4849_File_win_boot_screen_16_9_by_medi_dadu-d4s7dc1.gif', '2013-11-26 23:59:20', 'q', 0, 162, 'qq', 'StephanieVillanueva'),
(117, 'admin/uploads/9467_File_win_boot_screen_16_9_by_medi_dadu-d4s7dc1.gif', '2013-11-26 10:42:37', 'test', 0, 162, 'report group 1', 'MarrianneTumala'),
(116, 'admin/uploads/5990_File_win_boot_screen_16_9_by_medi_dadu-d4s7dc1.gif', '2013-11-26 02:51:24', 'w', 12, 162, 'w', 'Ruby Mae Morante'),
(115, 'admin/uploads/5990_File_win_boot_screen_16_9_by_medi_dadu-d4s7dc1.gif', '2013-11-26 02:51:24', 'w', 12, 145, 'w', 'Ruby Mae Morante'),
(138, 'admin/uploads/6009_File_capstone (1).sql', '2016-11-15 16:50:57', 'gthfh', 5, 151, 'tyyu', 'CristineRedoblo'),
(139, 'admin/uploads/1383_File_capstone (1).sql', '2016-11-15 16:59:03', 'gthfh', 5, 152, 'tilahunn003@gmail.com', 'CristineRedoblo'),
(140, 'admin/uploads/8362_File_capstone (1).sql', '2016-11-15 17:10:18', 'gthfh', 0, 167, 'tyyu', 'Xenia JaneBillones'),
(141, 'admin/uploads/1686_File_dbwss.sql', '2016-11-15 17:25:06', 'gthfh', 9, 187, 'tyyu', 'JomarPabuaya'),
(142, 'admin/uploads/7913_File_accountantt.php', '2016-11-15 17:25:30', 'gthfh', 9, 187, 'tyyu', 'JomarPabuaya'),
(143, 'admin/uploads/5165_File_home.php', '2016-11-15 17:25:47', 'gthfh', 9, 187, 'tilahun', 'JomarPabuaya'),
(144, 'admin/uploads/9831_File_about.php', '2016-11-15 18:11:14', 'gthfh', 9, 193, 'tyyu', 'JomarPabuaya'),
(145, 'admin/uploads/9831_File_about.php', '2016-11-15 18:11:14', 'gthfh', 9, 194, 'tyyu', 'JomarPabuaya'),
(146, 'admin/uploads/5920_File_angular.min.js', '2016-11-15 18:11:32', 'gthfh', 9, 187, 'tilahun', 'JomarPabuaya'),
(147, 'admin/uploads/5920_File_angular.min.js', '2016-11-15 18:11:32', 'gthfh', 9, 188, 'tilahun', 'JomarPabuaya'),
(148, 'admin/uploads/5920_File_angular.min.js', '2016-11-15 18:11:32', 'gthfh', 9, 189, 'tilahun', 'JomarPabuaya'),
(149, 'admin/uploads/5920_File_angular.min.js', '2016-11-15 18:11:32', 'gthfh', 9, 192, 'tilahun', 'JomarPabuaya'),
(150, 'admin/uploads/5920_File_angular.min.js', '2016-11-15 18:11:32', 'gthfh', 9, 193, 'tilahun', 'JomarPabuaya'),
(151, 'admin/uploads/5920_File_angular.min.js', '2016-11-15 18:11:32', 'gthfh', 9, 194, 'tilahun', 'JomarPabuaya'),
(152, 'admin/uploads/3040_File_85.jpg', '2016-11-15 21:02:44', 'gthfh', 9, 195, 'tyyu', 'Tilahugedefaw'),
(153, 'admin/uploads/3040_File_85.jpg', '2016-11-15 21:02:44', 'gthfh', 9, 196, 'tyyu', 'Tilahugedefaw'),
(154, 'admin/uploads/6100_File_Facebook_11.MP4', '2016-11-15 21:04:31', 'gthfh', 9, 195, 'video', 'Tilahugedefaw'),
(155, 'admin/uploads/6100_File_Facebook_11.MP4', '2016-11-15 21:04:31', 'gthfh', 9, 196, 'video', 'Tilahugedefaw'),
(156, 'admin/uploads/2252_File_project-report---hanje-shu---city-guide-over-android.pdf', '2016-11-16 05:29:10', 'android', 9, 197, 'android', 'Tilahugedefaw'),
(157, 'admin/uploads/4560_File_async-ads.js', '2016-11-16 13:09:03', 'android', 15, 203, 'android', 'Charito Puray'),
(158, 'admin/uploads/4560_File_async-ads.js', '2016-11-16 13:09:03', 'android', 15, 204, 'android', 'Charito Puray'),
(159, 'admin/uploads/2346_File_cse.css', '2016-11-16 13:09:20', 'css', 15, 203, 'css', 'Charito Puray'),
(160, 'admin/uploads/2346_File_cse.css', '2016-11-16 13:09:20', 'css', 15, 204, 'css', 'Charito Puray'),
(161, 'admin/uploads/6824_File_defaulten.js', '2016-11-16 13:09:40', 'default', 15, 203, 'default', 'Charito Puray'),
(162, 'admin/uploads/6824_File_defaulten.js', '2016-11-16 13:09:40', 'default', 15, 204, 'default', 'Charito Puray');

-- --------------------------------------------------------

--
-- Table structure for table `message`
--

CREATE TABLE `message` (
  `message_id` int(11) NOT NULL,
  `reciever_id` int(11) NOT NULL,
  `content` varchar(200) NOT NULL,
  `date_sended` varchar(100) NOT NULL,
  `sender_id` int(11) NOT NULL,
  `reciever_name` varchar(50) NOT NULL,
  `sender_name` varchar(200) NOT NULL,
  `message_status` varchar(100) NOT NULL
) ENGINE=InnoDB DEFAULT CHARSET=latin1;

--
-- Dumping data for table `message`
--

INSERT INTO `message` (`message_id`, `reciever_id`, `content`, `date_sended`, `sender_id`, `reciever_name`, `sender_name`, `message_status`) VALUES
(2, 11, 'fasf', '2013-11-13 13:15:47', 42, 'Aladin Cabrera', 'john kevin lorayna', ''),
(4, 71, 'bcjhbcjksdbckldj', '2013-11-25 15:59:13', 71, 'Noli Mendoza', 'Noli Mendoza', 'read'),
(17, 12, 'tst', '2013-12-01 23:38:40', 93, 'Ruby Mae  Morante', 'John Kevin  Lorayna', ''),
(19, 12, 'fasfaf', '2013-12-01 23:56:17', 93, 'Ruby Mae  Morante', 'John Kevin  Lorayna', ''),
(27, 93, 'fa', '2013-12-02 00:01:54', 12, 'John Kevin  Lorayna', 'Ruby Mae  Morante', ''),
(28, 136, 'Submit your classcard', '2014-02-13 13:35:21', 12, 'Jorgielyn Serfino', 'Ruby Mae  Morante', ''),
(29, 157, 'cvbgfc', '2016-11-15 12:57:49', 111, 'Ace John Casuyon', 'Mark Dominic Sayon', ''),
(30, 157, 'cvbgfc', '2016-11-15 12:57:50', 111, 'Ace John Casuyon', 'Mark Dominic Sayon', ''),
(31, 14, 'hey how are you?', '2016-11-15 19:46:56', 9, 'Honeylee Magbanua', 'Jomar Pabuaya', ''),
(32, 9, 'am fine', '2016-11-15 19:48:51', 14, 'Jomar Pabuaya', 'Honeylee Magbanua', ''),
(33, 9, 'heyy how are you?', '2016-11-15 20:34:33', 112, 'Tilahu gedefaw', 'Raymond Serion', ''),
(34, 9, 'heyy how are you?', '2016-11-15 20:34:34', 112, 'Tilahu gedefaw', 'Raymond Serion', ''),
(35, 112, 'am fine & u?', '2016-11-15 20:35:16', 9, 'Raymond Serion', 'Tilahu gedefaw', ''),
(36, 113, 'heyy selam nw', '2016-11-17 12:41:13', 11, 'tilahun gedefaw', 'masresha yayeh', ''),
(37, 11, 'peace nw', '2016-11-17 12:42:11', 113, 'masresha yayeh', 'tilahun gedefaw', ''),
(38, 12, 'mine magna ke megnagna endet nesh?', '2016-11-18 12:13:54', 113, 'minale wudneh', 'tilahun gedefaw', '');

-- --------------------------------------------------------

--
-- Table structure for table `message_sent`
--

CREATE TABLE `message_sent` (
  `message_sent_id` int(11) NOT NULL,
  `reciever_id` int(11) NOT NULL,
  `content` varchar(200) NOT NULL,
  `date_sended` varchar(100) NOT NULL,
  `sender_id` int(11) NOT NULL,
  `reciever_name` varchar(100) NOT NULL,
  `sender_name` varchar(100) NOT NULL
) ENGINE=InnoDB DEFAULT CHARSET=latin1;

--
-- Dumping data for table `message_sent`
--

INSERT INTO `message_sent` (`message_sent_id`, `reciever_id`, `content`, `date_sended`, `sender_id`, `reciever_name`, `sender_name`) VALUES
(1, 42, 'sad', '2013-11-12 22:50:05', 42, 'john kevin lorayna', 'john kevin lorayna'),
(2, 11, 'fasf', '2013-11-13 13:15:47', 42, 'Aladin Cabrera', 'john kevin lorayna'),
(3, 12, 'bjhkcbkjsdnckldvls', '2013-11-25 15:58:55', 71, 'Ruby Mae  Morante', 'Noli Mendoza'),
(4, 71, 'bcjhbcjksdbckldj', '2013-11-25 15:59:13', 71, 'Noli Mendoza', 'Noli Mendoza'),
(5, 12, 'test', '2013-11-30 20:54:05', 93, 'Ruby Mae  Morante', 'John Kevin  Lorayna'),
(11, 12, 'tst', '2013-12-01 23:38:40', 93, 'Ruby Mae  Morante', 'John Kevin  Lorayna'),
(12, 12, 'fasfasf', '2013-12-01 23:49:13', 93, 'Ruby Mae  Morante', 'John Kevin  Lorayna'),
(13, 136, 'Submit your classcard', '2014-02-13 13:35:21', 12, 'Jorgielyn Serfino', 'Ruby Mae  Morante'),
(14, 157, 'cvbgfc', '2016-11-15 12:57:49', 111, 'Ace John Casuyon', 'Mark Dominic Sayon'),
(15, 157, 'cvbgfc', '2016-11-15 12:57:50', 111, 'Ace John Casuyon', 'Mark Dominic Sayon'),
(16, 14, 'hey how are you?', '2016-11-15 19:46:56', 9, 'Honeylee Magbanua', 'Jomar Pabuaya'),
(17, 9, 'am fine', '2016-11-15 19:48:51', 14, 'Jomar Pabuaya', 'Honeylee Magbanua'),
(18, 9, 'heyy how are you?', '2016-11-15 20:34:33', 112, 'Tilahu gedefaw', 'Raymond Serion'),
(19, 9, 'heyy how are you?', '2016-11-15 20:34:34', 112, 'Tilahu gedefaw', 'Raymond Serion'),
(20, 112, 'am fine & u?', '2016-11-15 20:35:16', 9, 'Raymond Serion', 'Tilahu gedefaw'),
(21, 113, 'heyy selam nw', '2016-11-17 12:41:14', 11, 'tilahun gedefaw', 'masresha yayeh'),
(22, 11, 'peace nw', '2016-11-17 12:42:11', 113, 'masresha yayeh', 'tilahun gedefaw'),
(23, 12, 'mine magna ke megnagna endet nesh?', '2016-11-18 12:13:54', 113, 'minale wudneh', 'tilahun gedefaw');

-- --------------------------------------------------------

--
-- Table structure for table `notification`
--

CREATE TABLE `notification` (
  `notification_id` int(11) NOT NULL,
  `teacher_class_id` int(11) NOT NULL,
  `notification` varchar(100) NOT NULL,
  `date_of_notification` varchar(50) NOT NULL,
  `link` varchar(100) NOT NULL
) ENGINE=InnoDB DEFAULT CHARSET=latin1;

--
-- Dumping data for table `notification`
--

INSERT INTO `notification` (`notification_id`, `teacher_class_id`, `notification`, `date_of_notification`, `link`) VALUES
(2, 0, 'Add Downloadable Materials file name <b>sss</b>', '2014-01-17 14:35:32', 'downloadable_student.php'),
(3, 167, 'Add Annoucements', '2014-01-17 14:36:32', 'announcements_student.php'),
(4, 0, 'Add Downloadable Materials file name <b>test</b>', '2014-02-13 11:10:56', 'downloadable_student.php'),
(5, 167, 'Add Assignment file name <b>q</b>', '2014-02-13 11:27:59', 'assignment_student.php'),
(6, 0, 'Add Downloadable Materials file name <b>chapter 1</b>', '2014-02-13 12:35:42', 'downloadable_student.php'),
(7, 0, 'Add Downloadable Materials file name <b>q</b>', '2014-02-13 12:53:09', 'downloadable_student.php'),
(8, 0, 'Add Downloadable Materials file name <b>kevi</b>', '2014-02-13 13:31:18', 'downloadable_student.php'),
(9, 185, 'Add Practice Quiz file', '2014-02-13 13:33:27', 'student_quiz_list.php'),
(10, 167, 'Add Annoucements', '2014-02-13 13:45:59', 'announcements_student.php'),
(11, 0, 'Add Downloadable Materials file name <b>q</b>', '2014-02-21 16:43:38', 'downloadable_student.php'),
(12, 0, 'Add Downloadable Materials file name <b>q</b>', '2014-02-21 16:46:18', 'downloadable_student.php'),
(13, 0, 'Add Downloadable Materials file name <b>q</b>', '2014-02-21 16:46:49', 'downloadable_student.php'),
(14, 0, 'Add Downloadable Materials file name <b>q</b>', '2014-02-21 16:52:30', 'downloadable_student.php'),
(15, 186, 'Add Practice Quiz file', '2016-11-15 13:25:24', 'student_quiz_list.php'),
(16, 0, 'Add Downloadable Materials file name <b>tyyu</b>', '2016-11-15 16:50:57', 'downloadable_student.php'),
(17, 151, 'Add Assignment file name <b>tyyu</b>', '2016-11-15 16:53:41', 'assignment_student.php'),
(18, 152, 'Add Assignment file name <b>tyyu</b>', '2016-11-15 16:58:32', 'assignment_student.php'),
(19, 0, 'Add Downloadable Materials file name <b>tilahunn003@gmail.com</b>', '2016-11-15 16:59:03', 'downloadable_student.php'),
(20, 0, 'Add Downloadable Materials file name <b>tyyu</b>', '2016-11-15 17:25:06', 'downloadable_student.php'),
(21, 0, 'Add Downloadable Materials file name <b>tyyu</b>', '2016-11-15 17:25:30', 'downloadable_student.php'),
(22, 0, 'Add Downloadable Materials file name <b>tilahun</b>', '2016-11-15 17:25:47', 'downloadable_student.php'),
(23, 187, 'Add Assignment file name <b>tyyu</b>', '2016-11-15 17:26:10', 'assignment_student.php'),
(24, 187, 'Add Assignment file name <b>tilahun</b>', '2016-11-15 17:26:23', 'assignment_student.php'),
(25, 187, 'Add Assignment file name <b>tilahun1</b>', '2016-11-15 17:27:42', 'assignment_student.php'),
(26, 187, 'Add Annoucements', '2016-11-15 17:28:07', 'announcements_student.php'),
(27, 193, 'Add Downloadable Materials file name <b>tyyu</b>', '2016-11-15 18:11:14', 'downloadable_student.php'),
(28, 194, 'Add Downloadable Materials file name <b>tyyu</b>', '2016-11-15 18:11:14', 'downloadable_student.php'),
(29, 187, 'Add Downloadable Materials file name <b>tilahun</b>', '2016-11-15 18:11:32', 'downloadable_student.php'),
(30, 188, 'Add Downloadable Materials file name <b>tilahun</b>', '2016-11-15 18:11:32', 'downloadable_student.php'),
(31, 189, 'Add Downloadable Materials file name <b>tilahun</b>', '2016-11-15 18:11:32', 'downloadable_student.php'),
(32, 192, 'Add Downloadable Materials file name <b>tilahun</b>', '2016-11-15 18:11:32', 'downloadable_student.php'),
(33, 193, 'Add Downloadable Materials file name <b>tilahun</b>', '2016-11-15 18:11:32', 'downloadable_student.php'),
(34, 194, 'Add Downloadable Materials file name <b>tilahun</b>', '2016-11-15 18:11:32', 'downloadable_student.php'),
(35, 194, 'Add Annoucements', '2016-11-15 18:11:54', 'announcements_student.php'),
(36, 187, 'Add Annoucements', '2016-11-15 18:12:10', 'announcements_student.php'),
(37, 188, 'Add Annoucements', '2016-11-15 18:12:10', 'announcements_student.php'),
(38, 189, 'Add Annoucements', '2016-11-15 18:12:10', 'announcements_student.php'),
(39, 192, 'Add Annoucements', '2016-11-15 18:12:10', 'announcements_student.php'),
(40, 193, 'Add Annoucements', '2016-11-15 18:12:10', 'announcements_student.php'),
(41, 194, 'Add Annoucements', '2016-11-15 18:12:11', 'announcements_student.php'),
(42, 188, 'Add Practice Quiz file', '2016-11-15 18:13:23', 'student_quiz_list.php'),
(43, 189, 'Add Practice Quiz file', '2016-11-15 18:13:23', 'student_quiz_list.php'),
(44, 192, 'Add Practice Quiz file', '2016-11-15 18:13:24', 'student_quiz_list.php'),
(45, 193, 'Add Practice Quiz file', '2016-11-15 18:13:24', 'student_quiz_list.php'),
(46, 194, 'Add Practice Quiz file', '2016-11-15 18:13:24', 'student_quiz_list.php'),
(47, 193, 'Add Practice Quiz file', '2016-11-15 19:30:17', 'student_quiz_list.php'),
(48, 194, 'Add Practice Quiz file', '2016-11-15 19:30:18', 'student_quiz_list.php'),
(49, 195, 'Add Assignment file name <b>tyyu</b>', '2016-11-15 20:31:00', 'assignment_student.php'),
(50, 195, 'Add Annoucements', '2016-11-15 20:31:39', 'announcements_student.php'),
(51, 195, 'Add Practice Quiz file', '2016-11-15 20:37:33', 'student_quiz_list.php'),
(52, 195, 'Add Practice Quiz file', '2016-11-15 20:43:55', 'student_quiz_list.php'),
(53, 196, 'Add Practice Quiz file', '2016-11-15 20:43:55', 'student_quiz_list.php'),
(54, 195, 'Add Downloadable Materials file name <b>tyyu</b>', '2016-11-15 21:02:44', 'downloadable_student.php'),
(55, 196, 'Add Downloadable Materials file name <b>tyyu</b>', '2016-11-15 21:02:44', 'downloadable_student.php'),
(56, 195, 'Add Downloadable Materials file name <b>video</b>', '2016-11-15 21:04:31', 'downloadable_student.php'),
(57, 196, 'Add Downloadable Materials file name <b>video</b>', '2016-11-15 21:04:31', 'downloadable_student.php'),
(58, 0, 'Add Downloadable Materials file name <b>android</b>', '2016-11-16 05:29:10', 'downloadable_student.php'),
(59, 197, 'Add Assignment file name <b></b>', '2016-11-16 05:29:44', 'assignment_student.php'),
(60, 197, 'Add Assignment file name <b>android1</b>', '2016-11-16 05:30:08', 'assignment_student.php'),
(61, 197, 'Add Annoucements', '2016-11-16 05:30:36', 'announcements_student.php'),
(62, 196, 'Add Practice Quiz file', '2016-11-16 05:32:33', 'student_quiz_list.php'),
(63, 197, 'Add Practice Quiz file', '2016-11-16 05:32:33', 'student_quiz_list.php'),
(64, 198, 'Add Practice Quiz file', '2016-11-16 05:32:33', 'student_quiz_list.php'),
(65, 199, 'Add Annoucements', '2016-11-16 05:56:48', 'announcements_student.php'),
(66, 200, 'Add Annoucements', '2016-11-16 05:56:49', 'announcements_student.php'),
(67, 201, 'Add Annoucements', '2016-11-16 05:56:49', 'announcements_student.php'),
(68, 199, 'Add Practice Quiz file', '2016-11-16 05:57:35', 'student_quiz_list.php'),
(69, 200, 'Add Practice Quiz file', '2016-11-16 05:57:35', 'student_quiz_list.php'),
(70, 201, 'Add Practice Quiz file', '2016-11-16 05:57:35', 'student_quiz_list.php'),
(71, 199, 'Add Annoucements', '2016-11-16 11:04:07', 'announcements_student.php'),
(72, 200, 'Add Annoucements', '2016-11-16 11:04:07', 'announcements_student.php'),
(73, 201, 'Add Annoucements', '2016-11-16 11:04:07', 'announcements_student.php'),
(74, 199, 'Add Practice Quiz file', '2016-11-16 11:05:33', 'student_quiz_list.php'),
(75, 200, 'Add Practice Quiz file', '2016-11-16 11:05:33', 'student_quiz_list.php'),
(76, 201, 'Add Practice Quiz file', '2016-11-16 11:05:33', 'student_quiz_list.php'),
(77, 203, 'Add Downloadable Materials file name <b>android</b>', '2016-11-16 13:09:03', 'downloadable_student.php'),
(78, 204, 'Add Downloadable Materials file name <b>android</b>', '2016-11-16 13:09:03', 'downloadable_student.php'),
(79, 203, 'Add Downloadable Materials file name <b>css</b>', '2016-11-16 13:09:20', 'downloadable_student.php'),
(80, 204, 'Add Downloadable Materials file name <b>css</b>', '2016-11-16 13:09:20', 'downloadable_student.php'),
(81, 203, 'Add Downloadable Materials file name <b>default</b>', '2016-11-16 13:09:40', 'downloadable_student.php'),
(82, 204, 'Add Downloadable Materials file name <b>default</b>', '2016-11-16 13:09:40', 'downloadable_student.php'),
(83, 203, 'Add Annoucements', '2016-11-16 13:10:02', 'announcements_student.php'),
(84, 204, 'Add Annoucements', '2016-11-16 13:10:02', 'announcements_student.php'),
(85, 203, 'Add Practice Quiz file', '2016-11-16 13:11:15', 'student_quiz_list.php'),
(86, 204, 'Add Practice Quiz file', '2016-11-16 13:11:15', 'student_quiz_list.php'),
(87, 203, 'Add Assignment file name <b>assignment</b>', '2016-11-16 13:13:18', 'assignment_student.php'),
(88, 200, 'Add Assignment file name <b>android</b>', '2016-11-16 20:53:19', 'assignment_student.php'),
(89, 206, 'Add Assignment file name <b>java</b>', '2016-11-17 07:00:36', 'assignment_student.php'),
(90, 199, 'Add Assignment file name <b>assignment</b>', '2016-11-18 12:10:02', 'assignment_student.php'),
(91, 199, 'Add Practice Quiz file', '2016-11-18 12:16:16', 'student_quiz_list.php'),
(92, 199, 'Add Assignment file name <b>ass1</b>', '2016-11-18 17:52:07', 'assignment_student.php'),
(93, 202, 'Add Practice Quiz file', '2016-11-18 17:58:40', 'student_quiz_list.php'),
(94, 205, 'Add Assignment file name <b>assignment</b>', '2016-11-19 08:58:19', 'assignment_student.php'),
(95, 205, 'Add Practice Quiz file', '2016-11-19 09:01:05', 'student_quiz_list.php'),
(96, 205, 'Add Practice Quiz file', '2016-11-19 09:10:19', 'student_quiz_list.php');

-- --------------------------------------------------------

--
-- Table structure for table `notification_read`
--

CREATE TABLE `notification_read` (
  `notification_read_id` int(11) NOT NULL,
  `student_id` int(11) NOT NULL,
  `student_read` varchar(50) NOT NULL,
  `notification_id` int(11) NOT NULL
) ENGINE=InnoDB DEFAULT CHARSET=latin1;

--
-- Dumping data for table `notification_read`
--

INSERT INTO `notification_read` (`notification_read_id`, `student_id`, `student_read`, `notification_id`) VALUES
(1, 113, 'yes', 48),
(2, 113, 'yes', 47),
(3, 113, 'yes', 44),
(4, 113, 'yes', 45),
(5, 113, 'yes', 46),
(6, 113, 'yes', 41),
(7, 113, 'yes', 39),
(8, 113, 'yes', 40),
(9, 113, 'yes', 35),
(10, 113, 'yes', 32),
(11, 113, 'yes', 33),
(12, 113, 'yes', 34),
(13, 113, 'yes', 27),
(14, 113, 'yes', 28),
(15, 113, 'yes', 18),
(16, 113, 'yes', 10),
(17, 113, 'yes', 5),
(18, 113, 'yes', 3);

-- --------------------------------------------------------

--
-- Table structure for table `notification_read_teacher`
--

CREATE TABLE `notification_read_teacher` (
  `notification_read_teacher_id` int(11) NOT NULL,
  `teacher_id` int(11) NOT NULL,
  `student_read` varchar(100) NOT NULL,
  `notification_id` int(11) NOT NULL
) ENGINE=InnoDB DEFAULT CHARSET=latin1;

--
-- Dumping data for table `notification_read_teacher`
--

INSERT INTO `notification_read_teacher` (`notification_read_teacher_id`, `teacher_id`, `student_read`, `notification_id`) VALUES
(1, 12, 'yes', 14),
(2, 12, 'yes', 13),
(3, 12, 'yes', 12),
(4, 12, 'yes', 11),
(5, 12, 'yes', 10),
(6, 12, 'yes', 9),
(7, 12, 'yes', 8),
(8, 12, 'yes', 7);

-- --------------------------------------------------------

--
-- Table structure for table `question_type`
--

CREATE TABLE `question_type` (
  `question_type_id` int(11) NOT NULL,
  `question_type` varchar(150) NOT NULL
) ENGINE=MyISAM DEFAULT CHARSET=latin1;

--
-- Dumping data for table `question_type`
--

INSERT INTO `question_type` (`question_type_id`, `question_type`) VALUES
(1, 'Multiple Choice'),
(2, 'True or False');

-- --------------------------------------------------------

--
-- Table structure for table `quiz`
--

CREATE TABLE `quiz` (
  `quiz_id` int(11) NOT NULL,
  `quiz_title` varchar(50) NOT NULL,
  `quiz_description` varchar(100) NOT NULL,
  `date_added` varchar(100) NOT NULL,
  `teacher_id` int(11) NOT NULL
) ENGINE=InnoDB DEFAULT CHARSET=latin1;

--
-- Dumping data for table `quiz`
--

INSERT INTO `quiz` (`quiz_id`, `quiz_title`, `quiz_description`, `date_added`, `teacher_id`) VALUES
(3, 'Sample Test', 'Test', '2013-12-03 23:01:56', 12),
(4, 'Chapter 1', 'topics', '2013-12-13 01:51:02', 14),
(5, 'test3', '123', '2014-01-16 04:12:07', 12),
(6, 'tyyu', 'fgdfg', '2016-11-15 12:59:44', 9),
(7, 'tyyu', 'fgdfg', '2016-11-15 13:02:54', 9),
(8, 'tyyu', 'werr', '2016-11-15 13:23:57', 9),
(9, 'java', 'java oop', '2016-11-15 13:24:48', 9),
(10, 'java', 'java oop', '2016-11-15 18:12:57', 9),
(11, 'networking', 'networking', '2016-11-15 20:37:05', 9),
(12, 'android', 'android', '2016-11-16 05:32:02', 9),
(13, 'android', 'networking', '2016-11-16 05:55:58', 9),
(14, 'web', 'web', '2016-11-16 11:05:11', 9),
(15, 'website', 'website', '2016-11-16 13:10:59', 15),
(16, 'vb.net', 'vb.net', '2016-11-18 12:15:57', 9),
(17, 'javac', 'javac', '2016-11-18 17:58:22', 5),
(18, 'android', 'android', '2016-11-19 09:00:47', 11),
(19, 'java', 'java oop', '2016-11-19 09:09:59', 11);

-- --------------------------------------------------------

--
-- Table structure for table `quiz_question`
--

CREATE TABLE `quiz_question` (
  `quiz_question_id` int(11) NOT NULL,
  `quiz_id` int(11) NOT NULL,
  `question_text` varchar(100) NOT NULL,
  `question_type_id` int(11) NOT NULL,
  `points` int(11) NOT NULL,
  `date_added` varchar(100) NOT NULL,
  `answer` varchar(100) NOT NULL
) ENGINE=InnoDB DEFAULT CHARSET=latin1;

--
-- Dumping data for table `quiz_question`
--

INSERT INTO `quiz_question` (`quiz_question_id`, `quiz_id`, `question_text`, `question_type_id`, `points`, `date_added`, `answer`) VALUES
(33, 5, '<p>q</p>\r\n', 2, 0, '2014-01-17 04:15:03', 'False'),
(34, 3, '<p>Php Stands for ?</p>\r\n', 1, 0, '2014-01-17 12:25:17', 'C'),
(35, 3, '<p>Echo is a Php code that display the output.</p>\r\n', 2, 0, '2014-01-17 12:26:18', 'True'),
(36, 6, '<p>fdgd</p>\r\n', 1, 0, '2016-11-15 13:00:09', ''),
(37, 6, '<p>fdgd</p>\r\n', 1, 0, '2016-11-15 13:00:19', ''),
(38, 6, '<p>hrishgnnnnb</p>\r\n', 1, 0, '2016-11-15 13:03:44', ''),
(39, 6, '<p>what is java?</p>\r\n', 1, 0, '2016-11-15 13:26:15', ''),
(40, 6, '<p>what is java?</p>\r\n', 1, 0, '2016-11-15 13:26:28', ''),
(41, 9, '<p>what is java</p>\r\n', 1, 0, '2016-11-15 13:27:40', 'A'),
(42, 10, '<p>what is c++?</p>\r\n', 1, 0, '2016-11-15 18:14:18', 'A'),
(43, 10, '<p>what is computer?</p>\r\n', 1, 0, '2016-11-15 18:15:06', 'B'),
(44, 10, '<p>what is&nbsp; programmin?</p>\r\n', 1, 0, '2016-11-15 19:31:06', 'A'),
(45, 11, '<p>what is networking?</p>\r\n', 1, 0, '2016-11-15 20:39:07', 'B'),
(46, 11, '<p>what is program?</p>\r\n', 1, 0, '2016-11-15 20:39:40', 'A'),
(47, 12, '<p>what is android?</p>\r\n', 1, 0, '2016-11-16 05:33:39', 'D'),
(48, 12, '<p>android is mobile operating system</p>\r\n', 2, 0, '2016-11-16 05:34:08', 'True'),
(49, 13, '<p>dfgdgf</p>\r\n', 2, 0, '2016-11-16 05:57:57', 'True'),
(50, 13, '<p>gfdgwetr</p>\r\n', 1, 0, '2016-11-16 05:58:15', 'A'),
(51, 14, '<p>what is web?</p>\r\n', 1, 0, '2016-11-16 11:06:16', 'A'),
(52, 15, '<p>wheta is websiet</p>\r\n', 1, 0, '2016-11-16 13:11:52', 'A'),
(53, 16, '<p>who am i?</p>\r\n', 1, 0, '2016-11-18 12:16:55', 'A'),
(54, 16, '<p>whre aree you born?</p>\r\n', 1, 0, '2016-11-18 12:17:34', 'C'),
(55, 16, '<p>what is the time?</p>\r\n', 1, 0, '2016-11-18 12:18:07', 'D'),
(56, 17, '<p>what is ur name</p>\r\n', 1, 0, '2016-11-18 17:59:16', 'C'),
(57, 17, '<p>what is the time?</p>\r\n', 1, 0, '2016-11-18 17:59:57', 'B'),
(58, 18, '<p>what is android?</p>\r\n', 1, 0, '2016-11-19 09:02:03', ''),
(59, 18, '<p>what is AVD?</p>\r\n', 1, 0, '2016-11-19 09:02:45', 'B'),
(60, 18, '<p>what is android?</p>\r\n', 1, 0, '2016-11-19 09:02:57', '');

-- --------------------------------------------------------

--
-- Table structure for table `school_year`
--

CREATE TABLE `school_year` (
  `school_year_id` int(11) NOT NULL,
  `school_year` varchar(100) NOT NULL
) ENGINE=InnoDB DEFAULT CHARSET=latin1;

--
-- Dumping data for table `school_year`
--

INSERT INTO `school_year` (`school_year_id`, `school_year`) VALUES
(2, '2012-2013'),
(3, '2013-2014');

-- --------------------------------------------------------

--
-- Table structure for table `student`
--

CREATE TABLE `student` (
  `student_id` int(11) NOT NULL,
  `firstname` varchar(100) NOT NULL,
  `lastname` varchar(100) NOT NULL,
  `class_id` int(11) NOT NULL,
  `username` varchar(100) NOT NULL,
  `password` varchar(100) NOT NULL,
  `location` varchar(100) NOT NULL,
  `status` varchar(100) NOT NULL
) ENGINE=MyISAM DEFAULT CHARSET=latin1;

--
-- Dumping data for table `student`
--

INSERT INTO `student` (`student_id`, `firstname`, `lastname`, `class_id`, `username`, `password`, `location`, `status`) VALUES
(113, 'tilahun', 'gedefaw', 1, 'tyyu', '1234', 'uploads/photomania-d643ddcd8b72cceae3d8e10fe054d2b8.jpg', 'registered'),
(112, 'yihalem', 'atanew', 1, 'yih', '12345', 'uploads/Capture3.PNG', 'registered'),
(111, 'masresha', 'yayeh', 1, 'mas', '12345', 'uploads/mark.jpg', 'registered'),
(108, 'lomi', 'deresa', 1, 'lomi', '12345', 'uploads/dp.jpg', 'registered'),
(105, 'minale', 'wudneh', 1, 'mine', '12345', 'uploads/Koala.jpg', 'registered'),
(106, 'abebe', 'Palermo', 2, '29000676', '1234', 'uploads/razel.jpg', 'registered'),
(103, 'Jade', 'Gordoncillo', 2, '21100617', '1234', 'uploads/NO-IMAGE-AVAILABLE.jpg', 'Unregistered'),
(104, 'Felix Kirby', 'Ubas', 3, '21100277', 'lms10117', 'uploads/kirb.jpg', 'graduated'),
(100, 'Jamilah', 'Lonot', 3, '21100303', '1234', 'uploads/jamila.jpg', 'Unregistered'),
(101, 'Xenia Jane', 'Billones', 4, '21100318', 'sen', 'uploads/xenia.jpg', 'graduated'),
(102, 'Carell', 'Catuburan', 4, '21101124', '1234', 'uploads/carel.jpg', 'Unregistered'),
(97, 'Mary Joy', 'Lambosan', 4, '20101289', '1234', 'uploads/Desert.jpg', 'graduated'),
(98, 'Christine Joy', 'Macaya', 5, '21100579', '1234', 'uploads/tin.jpg', 'Unregistered'),
(95, 'Ergin Joy', 'Satoc', 6, '21101142', '1234', 'uploads/ergin.jpg', 'Unregistered'),
(93, 'John Kevin ', 'Lorayna', 6, '111', 'teph', 'uploads/3094_384893504898082_1563225657_n.jpg', 'Registered'),
(94, 'Leah Mae', 'Padilla', 7, '21100471', '1234', 'uploads/NO-IMAGE-AVAILABLE.jpg', 'Unregistered'),
(76, 'Jamaica Mae', 'Alipe', 7, '21100555', '123', 'uploads/maica.jpg', 'Registered'),
(107, 'Jose Harry', 'Polondaya', 8, '29001002', 'florypis', 'uploads/harry.jpg', 'Registered'),
(110, 'Zyryn', 'Corugda', 8, '21100881', '1234', 'uploads/baby.jpg', 'Unregistered'),
(109, 'Rena', 'Lamberto', 9, '29001081', '1234', 'uploads/ca.jpg', 'Unregistered'),
(99, 'Ryan Teofilo', 'Malbata-an', 10, '21100315', '1234', 'uploads/NO-IMAGE-AVAILABLE.jpg', 'Unregistered'),
(96, 'Glecy Marie', 'Navarosa', 10, '20101436', '1234', 'uploads/NO-IMAGE-AVAILABLE.jpg', 'Unregistered'),
(209, 'dhalia', 'hofilena', 11, '21300311', '1234', 'uploads/NO-IMAGE-AVAILABLE.jpg', 'graduated'),
(75, 'Miralyn', 'Pabalate', 11, '21100855', 'em', 'uploads/em2.jpg', 'Unregistered'),
(74, 'Ma. Nonie', 'Mendoza', 11, '21100913', '1234', 'uploads/nonie.jpg', 'Unregistered'),
(73, 'Stephanie', 'Villanueva', 13, '21101042', 'tephai', 'uploads/3094_384893504898082_1563225657_n.jpg', 'Registered'),
(72, 'Jayvon', 'Pig-ao', 13, '21100547', 'test', 'uploads/von.jpg', 'Unregistered'),
(71, 'Noli', 'Mendoza', 13, '21100556', 'noledel', 'uploads/noli.jpg', 'Registered'),
(134, 'Victor Anthony', 'Jacobo', 12, '21101050', 'akositon', 'uploads/win_boot_screen_16_9_by_medi_dadu-d4s7dc1.gif', 'Registered'),
(135, 'Albert Kezzel', 'Naynay', 14, '20101361', '', 'uploads/NO-IMAGE-AVAILABLE.jpg', 'Unregistered'),
(136, 'Jorgielyn', 'Serfino', 7, '20100331', 'jorgie', 'uploads/Koala.jpg', 'Registered'),
(137, 'Wina Mae', 'Espenorio', 8, '20100447', '', 'uploads/NO-IMAGE-AVAILABLE.jpg', 'Unregistered'),
(138, 'Brian Paul', 'Sablan', 7, '29000557', '', 'uploads/NO-IMAGE-AVAILABLE.jpg', 'Unregistered'),
(139, 'Rodzil', 'Camato', 7, '20100RC', '', 'uploads/NO-IMAGE-AVAILABLE.jpg', 'Unregistered'),
(140, 'Dean Martin', 'Tingson', 14, '21100665', '', 'uploads/NO-IMAGE-AVAILABLE.jpg', 'Unregistered'),
(141, 'Jared Reu', 'Windam', 15, '21100695', 'iloveyoujam', 'uploads/1463666_678111108874417_1795412912_n.jpg', 'Registered'),
(142, 'Lee Ann', 'Vertucio', 12, '21100351', '', 'uploads/NO-IMAGE-AVAILABLE.jpg', 'Unregistered'),
(143, 'Danica', 'Lamis', 12, '21100396', '', 'uploads/NO-IMAGE-AVAILABLE.jpg', 'Unregistered'),
(144, 'Neovi', 'Devierte', 12, '21100557', '', 'uploads/NO-IMAGE-AVAILABLE.jpg', 'Unregistered'),
(145, 'Eril Pio', 'Mercado', 12, '21100291', '', 'uploads/NO-IMAGE-AVAILABLE.jpg', 'Unregistered'),
(146, 'Johnedel', 'Bauno', 12, '21100411', '', 'uploads/NO-IMAGE-AVAILABLE.jpg', 'Unregistered'),
(147, 'Jerwin', 'Delos Reyes', 12, '21100369', 'jerwin27 cute', 'uploads/NO-IMAGE-AVAILABLE.jpg', 'Registered'),
(148, 'Jendrix', 'Victosa', 12, '21100431', '', 'uploads/NO-IMAGE-AVAILABLE.jpg', 'Unregistered'),
(149, 'Jebson', 'Tordillos', 12, '21100406', '', 'uploads/NO-IMAGE-AVAILABLE.jpg', 'Unregistered'),
(150, 'Jethro', 'Pansales', 12, '21101273', '', 'uploads/NO-IMAGE-AVAILABLE.jpg', 'Unregistered'),
(151, 'Karyl June', 'Bacobo', 12, '21100895', '', 'uploads/NO-IMAGE-AVAILABLE.jpg', 'Unregistered'),
(152, 'Kristelle Shaine', 'Rubi', 12, '21101063', '', 'uploads/NO-IMAGE-AVAILABLE.jpg', 'Unregistered'),
(153, 'Richelle', 'Villarmia', 12, '20101392', '', 'uploads/NO-IMAGE-AVAILABLE.jpg', 'Unregistered'),
(154, 'Mae Ann', 'Panugaling', 12, '21100904', '', 'uploads/NO-IMAGE-AVAILABLE.jpg', 'Unregistered'),
(155, 'Ma. Roxette', 'Infante', 12, '21100421', '', 'uploads/NO-IMAGE-AVAILABLE.jpg', 'Unregistered'),
(156, 'Savrena Joy', 'Rael', 12, '2100287', '', 'uploads/NO-IMAGE-AVAILABLE.jpg', 'Unregistered'),
(157, 'Ace John', 'Casuyon', 12, '21100393', 'DianaraSayon', 'uploads/NO-IMAGE-AVAILABLE.jpg', 'Registered'),
(158, 'Rose Mae', 'Pido', 12, '21101195', '', 'uploads/NO-IMAGE-AVAILABLE.jpg', 'Unregistered'),
(159, 'Mary Ann', 'Panaguiton', 12, '21100701', '', 'uploads/NO-IMAGE-AVAILABLE.jpg', 'Unregistered'),
(162, 'kimberly kaye', 'salvatierra', 14, '21101182', 'kimzteng', 'uploads/29001002.jpg', 'Registered'),
(210, 'cherylda', 'ohiman', 2, '21300036', 'sawsa', 'uploads/NO-IMAGE-AVAILABLE.jpg', 'Registered'),
(164, 'Alit', 'Arvin', 14, '20101605', '', 'uploads/NO-IMAGE-AVAILABLE.jpg', 'Unregistered'),
(165, 'Ana Mae', 'Alquizar', 14, '21100785', '', 'uploads/NO-IMAGE-AVAILABLE.jpg', 'Unregistered'),
(166, 'Thessalonica', 'Arroz', 14, '21100651', '', 'uploads/NO-IMAGE-AVAILABLE.jpg', 'Unregistered'),
(167, 'Leslie', 'Campo', 14, '21100265', '', 'uploads/NO-IMAGE-AVAILABLE.jpg', 'Unregistered'),
(168, 'Ace', 'Casolino', 14, '27000921', '', 'uploads/NO-IMAGE-AVAILABLE.jpg', 'Unregistered'),
(169, 'Michael Jed', 'Flores', 14, '21100820', '', 'uploads/NO-IMAGE-AVAILABLE.jpg', 'Unregistered'),
(172, 'Hennie Rose', 'Laz', 14, '21100805', '', 'uploads/NO-IMAGE-AVAILABLE.jpg', 'Unregistered'),
(171, 'Joy', 'Macahilig', 14, '21100464', '', 'uploads/NO-IMAGE-AVAILABLE.jpg', 'Unregistered'),
(173, 'Ma. Nieva', 'Manuel ', 14, '21100711', '', 'uploads/NO-IMAGE-AVAILABLE.jpg', 'Unregistered'),
(174, 'Devina', 'Navarro', 14, '21100711', '', 'uploads/NO-IMAGE-AVAILABLE.jpg', 'Unregistered'),
(175, 'Aimee', 'Orlido', 14, '21100654', '', 'uploads/NO-IMAGE-AVAILABLE.jpg', 'Unregistered'),
(176, 'Mary Grace', 'Quizan', 14, '21100772', '', 'uploads/NO-IMAGE-AVAILABLE.jpg', 'Unregistered'),
(177, 'John Christopher', 'Reguindin', 14, '21100418', '', 'uploads/NO-IMAGE-AVAILABLE.jpg', 'Unregistered'),
(178, 'Mary Ann', 'Somosa', 14, '21101150', '', 'uploads/NO-IMAGE-AVAILABLE.jpg', 'Unregistered'),
(179, 'Marrianne', 'Tumala', 5, '21100710', 'test', 'uploads/win_boot_screen_16_9_by_medi_dadu-d4s7dc1.gif', 'Registered'),
(180, 'Deo Christopher', 'Tribaco', 14, '21101227', '', 'uploads/NO-IMAGE-AVAILABLE.jpg', 'Unregistered'),
(181, 'Jerson', 'Vargas', 14, '21100819', '', 'uploads/NO-IMAGE-AVAILABLE.jpg', 'Unregistered'),
(182, 'Valencia', 'Jeralice', 14, '29000405', '', 'uploads/NO-IMAGE-AVAILABLE.jpg', 'Unregistered'),
(183, 'Cristine', 'Yanson', 14, '21101148', '', 'uploads/NO-IMAGE-AVAILABLE.jpg', 'Unregistered'),
(184, 'Ariane', 'Alix', 17, '21201166', '', 'uploads/NO-IMAGE-AVAILABLE.jpg', 'Unregistered'),
(185, 'Mark Arvin', 'Arandilla', 17, '21201453', '', 'uploads/NO-IMAGE-AVAILABLE.jpg', 'Unregistered'),
(186, 'Ryan Carl', 'Biaquis', 17, '21201244', '', 'uploads/NO-IMAGE-AVAILABLE.jpg', 'Unregistered'),
(187, 'Ria', 'Bitar', 17, '21201282', '', 'uploads/NO-IMAGE-AVAILABLE.jpg', 'Unregistered'),
(188, 'Jeremae', 'Bustamante', 17, '21200798', '', 'uploads/NO-IMAGE-AVAILABLE.jpg', 'Unregistered'),
(189, 'Rhen Mark', 'Callado', 17, '21201012', '', 'uploads/NO-IMAGE-AVAILABLE.jpg', 'Unregistered'),
(190, 'Ma. Geraldine', 'Carisma', 17, '21201219', '', 'uploads/NO-IMAGE-AVAILABLE.jpg', 'Unregistered'),
(191, 'Jenny', 'Casapao', 17, '21200855', '', 'uploads/NO-IMAGE-AVAILABLE.jpg', 'Unregistered'),
(192, 'Welson', 'Castro', 17, '120733', '', 'uploads/NO-IMAGE-AVAILABLE.jpg', 'Unregistered'),
(193, 'Kimberly Hope', 'Centina', 17, '21201338', '', 'uploads/NO-IMAGE-AVAILABLE.jpg', 'Unregistered'),
(194, 'Sandra', 'Gomez', 17, '21201335', '', 'uploads/NO-IMAGE-AVAILABLE.jpg', 'Unregistered'),
(195, 'Dona Jean', 'Guardialao', 17, '21201113', '', 'uploads/NO-IMAGE-AVAILABLE.jpg', 'Unregistered'),
(196, 'Jeara Mae', 'Guttierrez', 17, '21200782', '', 'uploads/NO-IMAGE-AVAILABLE.jpg', 'Unregistered'),
(197, 'Mary Joy', 'Jimenez', 17, '21201437', '', 'uploads/NO-IMAGE-AVAILABLE.jpg', 'Unregistered'),
(198, 'Cyril', 'Lambayong', 17, '21201163', '', 'uploads/NO-IMAGE-AVAILABLE.jpg', 'Unregistered'),
(199, 'Angelie', 'Lape', 17, '21201356', '', 'uploads/NO-IMAGE-AVAILABLE.jpg', 'Unregistered'),
(200, 'Jamine', 'Navarosa', 17, '21201115', '', 'uploads/NO-IMAGE-AVAILABLE.jpg', 'Unregistered'),
(201, 'Allen Joshua', 'Nicor', 17, '21201430', '', 'uploads/NO-IMAGE-AVAILABLE.jpg', 'Unregistered'),
(202, 'Charis', 'Onate', 17, '21200984', '', 'uploads/NO-IMAGE-AVAILABLE.jpg', 'Unregistered'),
(203, 'Ikea', 'Padonio', 17, '20100527', '', 'uploads/NO-IMAGE-AVAILABLE.jpg', 'Unregistered'),
(204, 'Marissa', 'Pasco', 17, '21200935', '', 'uploads/NO-IMAGE-AVAILABLE.jpg', 'Unregistered'),
(205, 'Kenneth', 'Sayon', 17, '21201268', '', 'uploads/NO-IMAGE-AVAILABLE.jpg', 'Unregistered'),
(206, 'Mary Grace', 'Morales', 2, '21100293', '', 'uploads/NO-IMAGE-AVAILABLE.jpg', 'Unregistered'),
(207, 'Danica', 'Delarmente', 3, '21100613', '', 'uploads/NO-IMAGE-AVAILABLE.jpg', 'Unregistered'),
(208, 'Irish Dawn', 'Belo', 4, '21300413', 'olebirish', 'uploads/Desert.jpg', 'Registered'),
(211, 'val', 'roushen', 7, '201011231', '', 'uploads/NO-IMAGE-AVAILABLE.jpg', 'Unregistered'),
(212, 'chrystelle Marie', 'Belecina', 5, '21200363', 'chrys', 'uploads/380903_288008981235527_682004916_n.jpg', 'Registered'),
(213, 'kebede', 'bartolome', 5, '21300410', '', 'uploads/NO-IMAGE-AVAILABLE.jpg', 'Unregistered'),
(214, 'abebe', 'rojo', 9, '21300375', 'maayeeh', 'uploads/NO-IMAGE-AVAILABLE.jpg', 'Registered'),
(215, 'yihalem ', 'atanew', 1, '21300258', '', 'uploads/NO-IMAGE-AVAILABLE.jpg', 'Unregistered'),
(216, 'minale', 'wudneh', 1, '21300176', '', 'uploads/NO-IMAGE-AVAILABLE.jpg', 'Unregistered'),
(217, 'lomi', 'dersa', 1, '21200507', '', 'uploads/NO-IMAGE-AVAILABLE.jpg', 'Unregistered'),
(218, 'masresha ', 'yayeh', 1, '20100452', 'heaven', 'uploads/NO-IMAGE-AVAILABLE.jpg', 'Registered'),
(2351, 'tilahun', 'gedefaw', 1, 'tyyu', 'tyyu', 'adama', 'none'),
(2352, 'abebe', 'atanew', 1, '2345', '', 'uploads/NO-IMAGE-AVAILABLE.jpg', 'Unregistered');

-- --------------------------------------------------------

--
-- Table structure for table `student_assignment`
--

CREATE TABLE `student_assignment` (
  `student_assignment_id` int(11) NOT NULL,
  `assignment_id` int(11) NOT NULL,
  `floc` varchar(100) NOT NULL,
  `assignment_fdatein` varchar(50) NOT NULL,
  `fdesc` varchar(100) NOT NULL,
  `fname` varchar(50) NOT NULL,
  `student_id` int(11) NOT NULL,
  `grade` varchar(5) NOT NULL
) ENGINE=InnoDB DEFAULT CHARSET=latin1;

--
-- Dumping data for table `student_assignment`
--

INSERT INTO `student_assignment` (`student_assignment_id`, `assignment_id`, `floc`, `assignment_fdatein`, `fdesc`, `fname`, `student_id`, `grade`) VALUES
(21, 13, 'admin/uploads/1414_File_win_boot_screen_16_9_by_medi_dadu-d4s7dc1.gif', '2013-11-24 11:59:28', 'fasfasfasfsfsafasf', 'safas', 93, ''),
(22, 13, 'admin/uploads/5554_File_win_boot_screen_16_9_by_medi_dadu-d4s7dc1.gif', '2013-11-24 12:07:46', 'fasfaf', 'fdasf', 93, ''),
(23, 13, 'admin/uploads/3202_File_win_boot_screen_16_9_by_medi_dadu-d4s7dc1.gif', '2013-11-24 12:08:21', 'fasf', 'fasf', 93, ''),
(24, 13, 'admin/uploads/6535_File_win_boot_screen_16_9_by_medi_dadu-d4s7dc1.gif', '2013-11-24 12:09:19', 'fasf', 'saff', 93, ''),
(25, 12, 'admin/uploads/8974_File_win_boot_screen_16_9_by_medi_dadu-d4s7dc1.gif', '2013-11-24 12:24:38', 'fgs', 'gs', 93, ''),
(26, 13, 'admin/uploads/9035_File_win_boot_screen_16_9_by_medi_dadu-d4s7dc1.gif', '2013-11-24 12:51:44', 'q', 'q', 93, ''),
(27, 13, 'admin/uploads/4503_File_win_boot_screen_16_9_by_medi_dadu-d4s7dc1.gif', '2013-11-24 12:52:44', 'fasfaf', 'fasf', 93, ''),
(28, 13, 'admin/uploads/7827_File_win_boot_screen_16_9_by_medi_dadu-d4s7dc1.gif', '2013-11-24 12:54:20', 'ffsafsfafsaf', 'fsa', 93, ''),
(29, 13, 'admin/uploads/6680_File_win_boot_screen_16_9_by_medi_dadu-d4s7dc1.gif', '2013-11-24 13:02:49', 'jkl', 'jkl', 93, ''),
(30, 14, 'admin/uploads/1457_File_win_boot_screen_16_9_by_medi_dadu-d4s7dc1.gif', '2013-11-24 13:06:56', 'fasf', 'saf', 93, ''),
(31, 16, 'admin/uploads/7151_File_win_boot_screen_16_9_by_medi_dadu-d4s7dc1.gif', '2013-11-25 10:39:52', 'test', 'my_assginment', 93, ''),
(32, 17, 'admin/uploads/1918_File_win_boot_screen_16_9_by_medi_dadu-d4s7dc1.gif', '2013-11-25 15:54:19', 'q', 'q', 71, '95'),
(33, 31, 'admin/uploads/7519_File_win_boot_screen_16_9_by_medi_dadu-d4s7dc1.gif', '2013-12-07 20:58:58', 'dad', 'das', 75, ''),
(34, 20, 'admin/uploads/2416_File_about.php', '2014-01-14 08:51:53', 'Asssd', 'Assignment1', 136, ''),
(35, 20, 'admin/uploads/5560_File_Chrysanthemum.jpg', '2014-01-14 08:52:22', 'sder', 'sfew', 136, '98'),
(36, 30, 'admin/uploads/6336_File_1376971514VABeanEffectiveVolunteerRPLtool2AV03VOL1A.doc', '2016-11-15 19:37:15', 'gthfh', 'java', 113, ''),
(37, 30, 'admin/uploads/2862_File_8362_File_capstone (1).sql', '2016-11-15 19:57:30', 'gthfh', 'vf', 113, ''),
(38, 42, 'admin/uploads/1144_File_1376971514VABeanEffectiveVolunteerRPLtool2AV03VOL1A.doc', '2016-11-18 12:10:36', 'css', 'assignment', 113, ''),
(39, 43, 'admin/uploads/4978_File_1376971514VABeanEffectiveVolunteerRPLtool2AV03VOL1A.doc', '2016-11-18 17:52:59', 'submit', 'submit', 112, ''),
(40, 44, 'admin/uploads/8158_File_grading.sql', '2016-11-19 08:59:19', 'assignment', 'assignment', 113, '');

-- --------------------------------------------------------

--
-- Table structure for table `student_backpack`
--

CREATE TABLE `student_backpack` (
  `file_id` int(11) NOT NULL,
  `floc` varchar(100) NOT NULL,
  `fdatein` varchar(100) NOT NULL,
  `fdesc` varchar(100) NOT NULL,
  `student_id` int(11) NOT NULL,
  `fname` varchar(100) NOT NULL
) ENGINE=InnoDB DEFAULT CHARSET=latin1;

--
-- Dumping data for table `student_backpack`
--

INSERT INTO `student_backpack` (`file_id`, `floc`, `fdatein`, `fdesc`, `student_id`, `fname`) VALUES
(1, 'admin/uploads/2658_File_kevin.docx', '2014-02-13 11:11:50', 'test', 210, 'test');

-- --------------------------------------------------------

--
-- Table structure for table `student_class_quiz`
--

CREATE TABLE `student_class_quiz` (
  `student_class_quiz_id` int(11) NOT NULL,
  `class_quiz_id` int(11) NOT NULL,
  `student_id` int(11) NOT NULL,
  `student_quiz_time` varchar(100) NOT NULL,
  `grade` varchar(100) NOT NULL
) ENGINE=InnoDB DEFAULT CHARSET=latin1;

--
-- Dumping data for table `student_class_quiz`
--

INSERT INTO `student_class_quiz` (`student_class_quiz_id`, `class_quiz_id`, `student_id`, `student_quiz_time`, `grade`) VALUES
(1, 15, 107, '3600', '0 out of 2'),
(2, 16, 136, '3600', '0 out of 0'),
(3, 15, 113, '3414', '1 out of 2'),
(4, 15, 101, '1795', ''),
(5, 20, 113, '3414', '0 out of 1'),
(6, 24, 113, '3414', '1 out of 3'),
(7, 22, 113, '3414', '1 out of 1'),
(8, 13, 113, '3414', ''),
(9, 14, 113, '3414', '0 out of 2'),
(10, 27, 93, '3600', '1 out of 2'),
(11, 31, 113, '3414', '0 out of 2'),
(12, 32, 111, '3595', ''),
(13, 34, 113, '3414', '0 out of 1'),
(14, 35, 113, '3414', ''),
(15, 32, 113, '3414', ''),
(16, 36, 106, '137', ''),
(17, 37, 113, '3414', '0 out of 1'),
(18, 39, 113, '3414', '2 out of 3'),
(19, 40, 113, '3414', '1 out of 2'),
(20, 42, 113, '3600', '0 out of 0');

-- --------------------------------------------------------

--
-- Table structure for table `subject`
--

CREATE TABLE `subject` (
  `subject_id` int(11) NOT NULL,
  `subject_code` varchar(100) NOT NULL,
  `subject_title` varchar(100) NOT NULL,
  `category` varchar(100) NOT NULL,
  `description` longtext NOT NULL,
  `unit` int(11) NOT NULL,
  `Pre_req` varchar(100) NOT NULL,
  `semester` varchar(100) NOT NULL
) ENGINE=MyISAM DEFAULT CHARSET=latin1;

--
-- Dumping data for table `subject`
--

INSERT INTO `subject` (`subject_id`, `subject_code`, `subject_title`, `category`, `description`, `unit`, `Pre_req`, `semester`) VALUES
(15, 'Cosc 1234', 'java', '', '<p><span style="font-size:medium"><em>About the Subject</em></span></p>\r\n\r\n<p>This subject is intended for IT students to develop or enhance communication skills that will be beneficial especially when used in the business industry. The lesson includes Verbal Communication (Written and Oral), Non-verbal Communication, etc.</p>\r\n', 3, '', ''),
(16, 'cosc 2345', 'Programming Languages', '', '<pre>\r\n<span style="font-size:medium"><em>About the Subject</em></span></pre>\r\n\r\n<div class="coursera-course-detail">Learn many of the concepts that underlie all programming languages. Develop a programming style known as functional programming and contrast it with object-oriented programming. Through experience writing programs and studying three different languages, learn the key issues in designing and using programming languages, such as modularity and the complementary benefits of static and dynamic typing. This course is neither particularly theoretical nor just about programming specifics &ndash; it will give you a framework for understanding how to use language constructs effectively and how to design correct and elegant programs. By using different languages, you learn to think more deeply than in terms of the particular syntax of one language. The emphasis on functional programming is essential for learning how to write robust, reusable, composable, and elegant programs &ndash; in any language.</div>\r\n\r\n<h2>&nbsp;</h2>\r\n\r\n<pre>\r\n<span style="font-size:medium"><em>&nbsp;Course Syllabus</em></span></pre>\r\n\r\n<div class="coursera-course-detail">\r\n<ul>\r\n	<li>Syntax vs. semantics vs. idioms vs. libraries vs. tools</li>\r\n	<li>ML basics (bindings, conditionals, records, functions)</li>\r\n	<li>Recursive functions and recursive types</li>\r\n	<li>Benefits of no mutation</li>\r\n	<li>Algebraic datatypes, pattern matching</li>\r\n	<li>Tail recursion</li>\r\n	<li>First-class functions and function closures</li>\r\n	<li>Lexical scope</li>\r\n	<li>Equivalence and effects</li>\r\n	<li>Parametric polymorphism and container types</li>\r\n	<li>Type inference</li>\r\n	<li>Abstract types and modules</li>\r\n	<li>Racket basics</li>\r\n	<li>Dynamic vs. static typing</li>\r\n	<li>Implementing languages, especially higher-order functions</li>\r\n	<li>Macro</li>\r\n	<li>Ruby basics</li>\r\n	<li>Object-oriented programming</li>\r\n	<li>Pure object-orientation</li>\r\n	<li>Implementing dynamic dispatch</li>\r\n	<li>Multiple inheritance, interfaces, and mixins</li>\r\n	<li>OOP vs. functional decomposition and extensibility</li>\r\n	<li>Subtyping for records, functions, and objects</li>\r\n	<li>Subtyping</li>\r\n	<li>Class-based subtyping</li>\r\n	<li>Subtyping vs. parametric polymorphism; bounded polymorphism</li>\r\n</ul>\r\n</div>\r\n', 3, '', ''),
(17, 'cosc 6578', 'Introduction to the IM Professional and Ethics', '', '<p>This subject discusses about Ethics, E-Commerce, Cybercrime Law, Computer Security, etc.</p>\r\n', 0, '', ''),
(22, 'cosc 8987', 'Application Development', '', '', 3, '', '2nd'),
(23, 'cosc 4565', 'Network and Internet Technology', '', '', 3, '', '2nd'),
(24, 'IS 223', 'Business Process', '', '', 3, '', '2nd'),
(25, 'IS 224', 'Discrete Structures', '', '', 3, '', '2nd'),
(26, 'IS 227', 'IS Programming 2', '', '', 3, '', '2nd'),
(27, 'SS POL GOV', 'Politics and Governance with Philippine Constitution', '', '', 3, '', '2nd'),
(28, 'LIT 1', 'Philippine  Literature', '', '', 3, '', '2nd'),
(31, 'IS 302', 'Survey of Programming Languages', '', '', 3, '', '2nd'),
(32, 'IS 303', 'Structured Query Language', '', '', 3, '', '2nd'),
(33, 'IS 321', 'Information System Planning', '', '', 3, '', '2nd'),
(35, 'IS 323', 'E-commerce Strategy Architectural', '', '', 3, '', '2nd'),
(36, 'IS 324', 'System Analysis and Design', '', '', 3, '', '2nd'),
(39, 'MQTB', 'Quantitative Techniques in Business', '', '', 3, '', '2nd'),
(40, 'RIZAL', 'Rizal: Life and Works', '', '<p>COURSE OUTLINE<br />\r\n1. Course Code : RIZAL</p>\r\n\r\n<p>2. Course Title &nbsp;: RIZAL (Rizal Life and Works)<br />\r\n3. Pre-requisite : none<br />\r\n5. Credit/ Class Schedule : 3 units; 3 hrs/week<br />\r\n6. Course Description&nbsp;<br />\r\n1. A critical analysis of Jose Rizal&rsquo;s life and ideas as reflected in his biography, his novels Noli Me Tangere and El Filibusterismo and in his other writings composed of essays and poems to provide the students a value based reference for reacting to certain ideas and behavior.<br />\r\n<br />\r\n<strong>PROGRAM OBJECTIVES</strong><br />\r\n1. To instill in the students human values and cultural refinement through the humanities and social sciences.<br />\r\n2. To inculcate high ethical standards in the students through its integration in the learning activities.<br />\r\n3. To have critical studies and discussions why Rizal is made the national hero of the Philippines.<br />\r\n<br />\r\nTOPICS:&nbsp;<br />\r\n1. A Hero is Born&nbsp;<br />\r\n2. Childhood Days in Calamba<br />\r\n3. School Days in Binan<br />\r\n4. Triumphs in the Ateneo<br />\r\n5. At the UST<br />\r\n6. In Spain<br />\r\n7. Paris to Berlin<br />\r\n8. Noli Me Tangere<br />\r\n9. Elias and Salome<br />\r\n10. Rizal&rsquo;s Tour of Europe with with Viola<br />\r\n11. Back to Calamba<br />\r\n12. HK, Macao and Japan<br />\r\n13. Rizal in Japan<br />\r\n14. Rizal in America<br />\r\n15. Life and Works in London<br />\r\n16. In Gay Paris<br />\r\n17. Rizal in Brussles<br />\r\n18. In Madrid<br />\r\n19. El Filibusterismo<br />\r\n20. In Hong Kong<br />\r\n21. Exile in Dapitan<br />\r\n22. The Trial of Rizal<br />\r\n23. Martyrdom at Bagumbayan<br />\r\n<br />\r\nTextbook and References:<br />\r\n1. Rizal&rsquo;s Life, Works and Writings (The Centennial Edition) by: Gregorio F. Zaide<br />\r\nand Sonia M. Zaide Quezon City, 1988. All Nations Publishing Co.<br />\r\n2. Coates, Austin. Rizal: First Filipino Nationalist and Martyr, Quezon City, UP Press 1999.<br />\r\n3. Constantino, Renato. Veneration Without Understanding. Quezon City, UP Press Inc., 2001.<br />\r\n4. Dela Cruz, W. &amp; Zulueta, M. Rizal: Buhay at Kaisipan. Manila, NBS Publications 2002.<br />\r\n5. Ocampo, Ambeth. Rizal Without the Overcoat (New Edition). Pasig City, anvil Publishing House 2002.<br />\r\n6. Odullo-de Guzman, Maria. Noli Me Tangere and El Filibusterismo. Manila, NBS Publications 1998.<br />\r\n7. Palma, Rafael. Rizal: The Pride of the Malay Race. Manila, Saint Anthony Company 2000.<br />\r\n8.Romero, M.C. &amp; Sta Roman, J. Rizal &amp; the Development of Filipino Consciousness (Third Edition). Manila, JMC Press Inc., 2001.<br />\r\n<br />\r\nCourse Evaluation:<br />\r\n<br />\r\n1. Quizzes : 30 %<br />\r\n2. Exams : 40 %<br />\r\n3. Class Standing : 20 %<br />\r\n- recitation<br />\r\n- attendance<br />\r\n- behavior<br />\r\n4. Final Grade<br />\r\n- 40 % previous grade<br />\r\n- 60 % current grade</p>\r\n', 3, '', '2nd'),
(41, 'IS 411B', 'Senior Systems Project 2', '', '', 3, '', '2nd');

-- --------------------------------------------------------

--
-- Table structure for table `teacher`
--

CREATE TABLE `teacher` (
  `teacher_id` int(11) NOT NULL,
  `username` varchar(100) NOT NULL,
  `password` varchar(200) NOT NULL,
  `firstname` varchar(100) NOT NULL,
  `lastname` varchar(100) NOT NULL,
  `department_id` int(11) NOT NULL,
  `location` varchar(200) NOT NULL,
  `about` varchar(500) NOT NULL,
  `teacher_status` varchar(20) NOT NULL,
  `teacher_stat` varchar(100) NOT NULL
) ENGINE=MyISAM DEFAULT CHARSET=latin1;

--
-- Dumping data for table `teacher`
--

INSERT INTO `teacher` (`teacher_id`, `username`, `password`, `firstname`, `lastname`, `department_id`, `location`, `about`, `teacher_status`, `teacher_stat`) VALUES
(9, 'tile', '1234', 'Tilahu', 'gedefaw', 4, 'uploads/photomania-3dc0b1de1eeab2230633aa6c2303fa25.jpg', '', 'Registered', 'Deactivated'),
(5, 'yih', '1234', 'yihalem', 'atanew', 4, 'uploads/Capture3.PNG', '', '', 'Deactivated'),
(11, 'mas', '1234', 'masresha', 'yayeh', 4, 'uploads/cabrera.jpg', '', '', 'Deactivated'),
(13, 'lomi', '1234', 'lomi', 'dresa', 4, 'uploads/CADAGAT.JPG', '', '', 'Activated'),
(12, 'mine', '1234', 'minale', 'wudneh', 4, 'uploads/MORANTE.jpg', '<p style="text-align: justify;">Dan Grossman has taught programming languages at the University of Washington since 2003. During his 10 years as a faculty member, his department&rsquo;s undergraduate students have elected him &ldquo;teacher of the year&rdquo; twice and awarded him second place once. His research, resulting in over 50 peer-reviewed publications, has covered the theory, design, and implementation of programming languages, as well as connections to computer architecture and softwar', '', 'Activated'),
(21, '', '', 'tyyu', 'user1', 4, 'uploads/NO-IMAGE-AVAILABLE.jpg', '', '', ''),
(15, 'chaw', 'chaw', 'Charito ', 'Puray', 4, 'uploads/NO-IMAGE-AVAILABLE.jpg', '', '', 'Activated'),
(17, '', '', 'Lovelyn ', 'Layson', 5, 'uploads/NO-IMAGE-AVAILABLE.jpg', '', '', 'Activated'),
(18, 'test123', 'test123', 'Allan', 'Dela Torre', 4, 'uploads/449E26DB.jpg', '', 'Registered', 'Activated'),
(19, 'delam', 'denise', 'Denesa', 'Lamique', 4, 'uploads/NO-IMAGE-AVAILABLE.jpg', '', 'Registered', 'Activated'),
(20, '', '', 'masresha', 'gunit', 4, 'uploads/NO-IMAGE-AVAILABLE.jpg', '', '', '');

-- --------------------------------------------------------

--
-- Table structure for table `teacher_backpack`
--

CREATE TABLE `teacher_backpack` (
  `file_id` int(11) NOT NULL,
  `floc` varchar(100) NOT NULL,
  `fdatein` varchar(100) NOT NULL,
  `fdesc` varchar(100) NOT NULL,
  `teacher_id` int(11) NOT NULL,
  `fname` varchar(100) NOT NULL
) ENGINE=InnoDB DEFAULT CHARSET=latin1;

-- --------------------------------------------------------

--
-- Table structure for table `teacher_class`
--

CREATE TABLE `teacher_class` (
  `teacher_class_id` int(11) NOT NULL,
  `teacher_id` int(11) NOT NULL,
  `class_id` int(11) NOT NULL,
  `subject_id` int(11) NOT NULL,
  `thumbnails` varchar(100) NOT NULL,
  `school_year` varchar(100) NOT NULL
) ENGINE=InnoDB DEFAULT CHARSET=latin1;

--
-- Dumping data for table `teacher_class`
--

INSERT INTO `teacher_class` (`teacher_class_id`, `teacher_id`, `class_id`, `subject_id`, `thumbnails`, `school_year`) VALUES
(97, 9, 7, 15, 'admin/uploads/thumbnails.jpg', '2012-2013'),
(135, 0, 22, 29, 'admin/uploads/thumbnails.jpg', '2013-2014'),
(157, 18, 15, 23, 'admin/uploads/thumbnails.jpg', '2013-2014'),
(158, 18, 16, 23, 'admin/uploads/thumbnails.jpg', '2013-2014'),
(159, 18, 12, 23, 'admin/uploads/thumbnails.jpg', '2013-2014'),
(160, 18, 7, 29, 'admin/uploads/thumbnails.jpg', '2013-2014'),
(165, 134, 15, 23, 'admin/uploads/thumbnails.jpg', '2013-2014'),
(167, 12, 13, 35, 'admin/uploads/thumbnails.jpg', '2013-2014'),
(168, 12, 14, 35, 'admin/uploads/thumbnails.jpg', '2013-2014'),
(170, 12, 16, 24, 'admin/uploads/thumbnails.jpg', '2013-2014'),
(172, 18, 13, 39, 'admin/uploads/thumbnails.jpg', '2013-2014'),
(173, 18, 14, 39, 'admin/uploads/thumbnails.jpg', '2013-2014'),
(177, 14, 12, 32, 'admin/uploads/thumbnails.jpg', '2013-2014'),
(178, 14, 13, 32, 'admin/uploads/thumbnails.jpg', '2013-2014'),
(179, 14, 14, 32, 'admin/uploads/thumbnails.jpg', '2013-2014'),
(180, 19, 13, 22, 'admin/uploads/thumbnails.jpg', '2013-2014'),
(181, 12, 20, 24, 'admin/uploads/thumbnails.jpg', '2013-2014'),
(183, 12, 18, 24, 'admin/uploads/thumbnails.jpg', '2013-2014'),
(184, 12, 17, 25, 'admin/uploads/thumbnails.jpg', '2013-2014'),
(185, 12, 7, 22, 'admin/uploads/thumbnails.jpg', '2013-2014'),
(190, 9, 21, 22, 'admin/uploads/thumbnails.jpg', '21-13-2014'),
(191, 9, 22, 23, 'admin/uploads/thumbnails.jpg', '2013-2015'),
(199, 9, 1, 15, 'admin/uploads/thumbnails.jpg', '2013-2014'),
(201, 9, 2, 22, 'admin/uploads/thumbnails.jpg', '2013-2014'),
(202, 5, 1, 15, 'admin/uploads/thumbnails.jpg', '2013-2014'),
(203, 15, 1, 15, 'admin/uploads/thumbnails.jpg', '2013-2014'),
(204, 15, 2, 16, 'admin/uploads/thumbnails.jpg', '2013-2014'),
(205, 11, 1, 15, 'admin/uploads/thumbnails.jpg', '2013-2014'),
(206, 13, 1, 15, 'admin/uploads/thumbnails.jpg', '2013-2014');

-- --------------------------------------------------------

--
-- Table structure for table `teacher_class_announcements`
--

CREATE TABLE `teacher_class_announcements` (
  `teacher_class_announcements_id` int(11) NOT NULL,
  `content` varchar(500) NOT NULL,
  `teacher_id` varchar(100) NOT NULL,
  `teacher_class_id` int(11) NOT NULL,
  `date` varchar(50) NOT NULL
) ENGINE=InnoDB DEFAULT CHARSET=latin1;

--
-- Dumping data for table `teacher_class_announcements`
--

INSERT INTO `teacher_class_announcements` (`teacher_class_announcements_id`, `content`, `teacher_id`, `teacher_class_id`, `date`) VALUES
(2, '<p><strong>Project Deadline</strong></p>\r\n\r\n<p>In December 1st week&nbsp; system must fully functioning.</p>\r\n\r\n<p><br />\r\n&nbsp;</p>\r\n', '9', 87, '2013-10-30 13:21:13'),
(21, '<p>fsaf</p>\r\n', '9', 87, '2013-10-30 14:33:21'),
(31, '<p>Hi im kevin i edit this</p>\r\n', '9', 87, '2013-10-30 15:41:56'),
(33, '<p>hello teph</p>\r\n', '9', 95, '2013-10-30 17:44:28'),
(34, '<p>hello guys</p>\r\n', '9', 95, '2013-11-02 10:51:39'),
(35, '<p>dsdasd</p>\r\n', '12', 147, '2013-11-16 13:59:33'),
(36, '<p>BSIS 1A: Submit assignment on November 20, 2013 before 5pm.</p>\r\n', '12', 154, '2013-11-18 15:29:34'),
(37, '<p>aaaaa<br />\r\n&nbsp;</p>\r\n', '12', 167, '2014-01-17 14:36:32'),
(38, '<p>wala klase<img alt="sad" src="http://localhost/lms/admin/vendors/ckeditor/plugins/smiley/images/sad_smile.gif" style="height:20px; width:20px" title="sad" /></p>\r\n', '12', 167, '2014-02-13 13:45:59'),
(49, '<p>srdfgdgfd</p>\r\n', '9', 199, '2016-11-16 05:56:48'),
(51, '<p>srdfgdgfd</p>\r\n', '9', 201, '2016-11-16 05:56:49'),
(52, '<p>there is class</p>\r\n', '9', 199, '2016-11-16 11:04:07'),
(54, '<p>there is class</p>\r\n', '9', 201, '2016-11-16 11:04:07'),
(55, '<p>heyy there</p>\r\n', '15', 203, '2016-11-16 13:10:02'),
(56, '<p>heyy there</p>\r\n', '15', 204, '2016-11-16 13:10:02');

-- --------------------------------------------------------

--
-- Table structure for table `teacher_class_student`
--

CREATE TABLE `teacher_class_student` (
  `teacher_class_student_id` int(11) NOT NULL,
  `teacher_class_id` int(11) NOT NULL,
  `student_id` int(11) NOT NULL,
  `teacher_id` int(11) NOT NULL
) ENGINE=InnoDB DEFAULT CHARSET=latin1;

--
-- Dumping data for table `teacher_class_student`
--

INSERT INTO `teacher_class_student` (`teacher_class_student_id`, `teacher_class_id`, `student_id`, `teacher_id`) VALUES
(31, 165, 141, 134),
(32, 165, 134, 134),
(54, 167, 113, 12),
(55, 167, 112, 12),
(57, 167, 108, 12),
(58, 167, 105, 12),
(59, 167, 106, 12),
(60, 167, 103, 12),
(61, 167, 104, 12),
(62, 167, 100, 12),
(63, 167, 101, 12),
(64, 167, 102, 12),
(65, 167, 97, 12),
(66, 167, 98, 12),
(67, 167, 95, 12),
(68, 167, 94, 12),
(69, 167, 76, 12),
(70, 167, 107, 12),
(71, 167, 110, 12),
(72, 167, 109, 12),
(73, 167, 99, 12),
(74, 167, 96, 12),
(75, 167, 75, 12),
(76, 167, 74, 12),
(77, 167, 73, 12),
(78, 167, 72, 12),
(79, 167, 71, 12),
(80, 168, 135, 12),
(81, 168, 140, 12),
(82, 168, 162, 12),
(83, 168, 164, 12),
(84, 168, 165, 12),
(85, 168, 166, 12),
(86, 168, 167, 12),
(87, 168, 168, 12),
(88, 168, 169, 12),
(89, 168, 172, 12),
(90, 168, 171, 12),
(91, 168, 173, 12),
(92, 168, 174, 12),
(93, 168, 175, 12),
(94, 168, 176, 12),
(95, 168, 177, 12),
(96, 168, 178, 12),
(97, 168, 179, 12),
(98, 168, 180, 12),
(99, 168, 181, 12),
(100, 168, 182, 12),
(101, 168, 183, 12),
(102, 168, 206, 12),
(103, 168, 207, 12),
(127, 172, 113, 18),
(128, 172, 112, 18),
(129, 172, 111, 18),
(130, 172, 108, 18),
(131, 172, 105, 18),
(132, 172, 106, 18),
(133, 172, 103, 18),
(134, 172, 104, 18),
(135, 172, 100, 18),
(136, 172, 101, 18),
(137, 172, 102, 18),
(138, 172, 97, 18),
(139, 172, 98, 18),
(140, 172, 95, 18),
(141, 172, 94, 18),
(142, 172, 76, 18),
(143, 172, 107, 18),
(144, 172, 110, 18),
(145, 172, 109, 18),
(146, 172, 99, 18),
(147, 172, 96, 18),
(148, 172, 75, 18),
(149, 172, 74, 18),
(150, 172, 73, 18),
(151, 172, 72, 18),
(152, 172, 71, 18),
(153, 173, 135, 18),
(154, 173, 140, 18),
(155, 173, 162, 18),
(156, 173, 164, 18),
(157, 173, 165, 18),
(158, 173, 166, 18),
(159, 173, 167, 18),
(160, 173, 168, 18),
(161, 173, 169, 18),
(162, 173, 172, 18),
(163, 173, 171, 18),
(164, 173, 173, 18),
(165, 173, 174, 18),
(166, 173, 175, 18),
(167, 173, 176, 18),
(168, 173, 177, 18),
(169, 173, 178, 18),
(170, 173, 179, 18),
(171, 173, 180, 18),
(172, 173, 181, 18),
(173, 173, 182, 18),
(174, 173, 183, 18),
(175, 173, 206, 18),
(176, 173, 207, 18),
(246, 177, 134, 14),
(247, 177, 142, 14),
(248, 177, 143, 14),
(249, 177, 144, 14),
(250, 177, 145, 14),
(251, 177, 146, 14),
(252, 177, 147, 14),
(253, 177, 148, 14),
(254, 177, 149, 14),
(255, 177, 150, 14),
(256, 177, 151, 14),
(257, 177, 152, 14),
(258, 177, 153, 14),
(259, 177, 154, 14),
(260, 177, 155, 14),
(261, 177, 156, 14),
(262, 177, 157, 14),
(263, 177, 158, 14),
(264, 177, 159, 14),
(265, 178, 113, 14),
(266, 178, 112, 14),
(267, 178, 111, 14),
(268, 178, 108, 14),
(269, 178, 105, 14),
(270, 178, 106, 14),
(271, 178, 103, 14),
(272, 178, 104, 14),
(273, 178, 100, 14),
(274, 178, 101, 14),
(275, 178, 102, 14),
(276, 178, 97, 14),
(277, 178, 98, 14),
(278, 178, 95, 14),
(279, 178, 94, 14),
(280, 178, 76, 14),
(281, 178, 107, 14),
(282, 178, 110, 14),
(283, 178, 109, 14),
(284, 178, 99, 14),
(285, 178, 96, 14),
(286, 178, 75, 14),
(287, 178, 74, 14),
(288, 178, 73, 14),
(289, 178, 72, 14),
(290, 178, 71, 14),
(291, 179, 135, 14),
(292, 179, 140, 14),
(293, 179, 162, 14),
(294, 179, 164, 14),
(295, 179, 165, 14),
(296, 179, 166, 14),
(297, 179, 167, 14),
(298, 179, 168, 14),
(299, 179, 169, 14),
(300, 179, 172, 14),
(301, 179, 171, 14),
(302, 179, 173, 14),
(303, 179, 174, 14),
(304, 179, 175, 14),
(305, 179, 176, 14),
(306, 179, 177, 14),
(307, 179, 178, 14),
(308, 179, 179, 14),
(309, 179, 180, 14),
(310, 179, 181, 14),
(311, 179, 182, 14),
(312, 179, 183, 14),
(313, 179, 206, 14),
(314, 179, 207, 14),
(315, 180, 113, 19),
(316, 180, 112, 19),
(317, 180, 111, 19),
(318, 180, 108, 19),
(319, 180, 105, 19),
(320, 180, 106, 19),
(321, 180, 103, 19),
(322, 180, 104, 19),
(323, 180, 100, 19),
(324, 180, 101, 19),
(325, 180, 102, 19),
(326, 180, 97, 19),
(327, 180, 98, 19),
(328, 180, 95, 19),
(329, 180, 94, 19),
(330, 180, 76, 19),
(331, 180, 107, 19),
(332, 180, 110, 19),
(333, 180, 109, 19),
(334, 180, 99, 19),
(335, 180, 96, 19),
(336, 180, 75, 19),
(337, 180, 74, 19),
(338, 180, 73, 19),
(339, 180, 72, 19),
(340, 180, 71, 19),
(341, 181, 209, 12),
(342, 181, 210, 12),
(345, 183, 213, 12),
(346, 183, 214, 12),
(347, 183, 215, 12),
(348, 183, 216, 12),
(349, 184, 184, 12),
(350, 184, 185, 12),
(351, 184, 186, 12),
(352, 184, 187, 12),
(353, 184, 188, 12),
(354, 184, 189, 12),
(355, 184, 190, 12),
(356, 184, 191, 12),
(358, 184, 193, 12),
(359, 184, 194, 12),
(360, 184, 195, 12),
(361, 184, 196, 12),
(362, 184, 197, 12),
(363, 184, 198, 12),
(364, 184, 199, 12),
(365, 184, 200, 12),
(366, 184, 201, 12),
(367, 184, 202, 12),
(368, 184, 203, 12),
(369, 184, 204, 12),
(370, 184, 205, 12),
(371, 184, 217, 12),
(372, 184, 192, 12),
(373, 185, 93, 12),
(374, 185, 136, 12),
(375, 185, 138, 12),
(376, 185, 139, 12),
(377, 185, 211, 12),
(537, 199, 113, 9),
(538, 199, 112, 9),
(539, 199, 111, 9),
(540, 199, 108, 9),
(541, 199, 105, 9),
(542, 199, 215, 9),
(543, 199, 216, 9),
(544, 199, 217, 9),
(545, 199, 218, 9),
(546, 199, 2351, 9),
(557, 201, 106, 9),
(558, 201, 103, 9),
(559, 201, 206, 9),
(560, 202, 113, 5),
(561, 202, 112, 5),
(562, 202, 111, 5),
(563, 202, 108, 5),
(564, 202, 105, 5),
(565, 202, 215, 5),
(566, 202, 216, 5),
(567, 202, 217, 5),
(568, 202, 218, 5),
(569, 202, 2351, 5),
(570, 203, 113, 15),
(571, 203, 112, 15),
(572, 203, 111, 15),
(573, 203, 108, 15),
(574, 203, 105, 15),
(575, 203, 215, 15),
(576, 203, 216, 15),
(577, 203, 217, 15),
(578, 203, 218, 15),
(579, 203, 2351, 15),
(580, 204, 106, 15),
(581, 204, 103, 15),
(582, 204, 206, 15),
(583, 205, 113, 11),
(584, 205, 112, 11),
(585, 205, 111, 11),
(586, 205, 108, 11),
(587, 205, 105, 11),
(588, 205, 215, 11),
(589, 205, 216, 11),
(590, 205, 217, 11),
(591, 205, 218, 11),
(592, 205, 2351, 11),
(593, 206, 113, 13),
(594, 206, 112, 13),
(595, 206, 111, 13),
(596, 206, 108, 13),
(597, 206, 105, 13),
(598, 206, 215, 13),
(599, 206, 216, 13),
(600, 206, 217, 13),
(601, 206, 218, 13),
(602, 206, 2351, 13),
(603, 206, 2352, 13);

-- --------------------------------------------------------

--
-- Table structure for table `teacher_notification`
--

CREATE TABLE `teacher_notification` (
  `teacher_notification_id` int(11) NOT NULL,
  `teacher_class_id` int(11) NOT NULL,
  `notification` varchar(100) NOT NULL,
  `date_of_notification` varchar(100) NOT NULL,
  `link` varchar(100) NOT NULL,
  `student_id` int(11) NOT NULL,
  `assignment_id` int(11) NOT NULL
) ENGINE=InnoDB DEFAULT CHARSET=latin1;

--
-- Dumping data for table `teacher_notification`
--

INSERT INTO `teacher_notification` (`teacher_notification_id`, `teacher_class_id`, `notification`, `date_of_notification`, `link`, `student_id`, `assignment_id`) VALUES
(15, 160, 'Submit Assignment file name <b>my_assginment</b>', '2013-11-25 10:39:52', 'view_submit_assignment.php', 93, 16),
(17, 161, 'Submit Assignment file name <b>q</b>', '2013-11-25 15:54:19', 'view_submit_assignment.php', 71, 17),
(18, 167, 'Add Downloadable Materials file name <b>tyyu</b>', '2016-11-15 17:10:18', 'downloadable.php', 101, 0),
(19, 167, 'Submit Assignment file name <b>java</b>', '2016-11-15 19:37:15', 'view_submit_assignment.php', 113, 30),
(20, 167, 'Submit Assignment file name <b>vf</b>', '2016-11-15 19:57:30', 'view_submit_assignment.php', 113, 30),
(21, 199, 'Submit Assignment file name <b>assignment</b>', '2016-11-18 12:10:36', 'view_submit_assignment.php', 113, 42),
(22, 199, 'Submit Assignment file name <b>submit</b>', '2016-11-18 17:52:59', 'view_submit_assignment.php', 112, 43),
(23, 205, 'Submit Assignment file name <b>assignment</b>', '2016-11-19 08:59:19', 'view_submit_assignment.php', 113, 44);

-- --------------------------------------------------------

--
-- Table structure for table `teacher_shared`
--

CREATE TABLE `teacher_shared` (
  `teacher_shared_id` int(11) NOT NULL,
  `teacher_id` int(11) NOT NULL,
  `shared_teacher_id` int(11) NOT NULL,
  `floc` varchar(100) NOT NULL,
  `fdatein` varchar(100) NOT NULL,
  `fdesc` varchar(100) NOT NULL,
  `fname` varchar(100) NOT NULL
) ENGINE=InnoDB DEFAULT CHARSET=latin1;

--
-- Dumping data for table `teacher_shared`
--

INSERT INTO `teacher_shared` (`teacher_shared_id`, `teacher_id`, `shared_teacher_id`, `floc`, `fdatein`, `fdesc`, `fname`) VALUES
(1, 12, 14, 'admin/uploads/7939_File_449E26DB.jpg', '2014-02-20 09:55:32', 'sas', 'sss');

-- --------------------------------------------------------

--
-- Table structure for table `user_log`
--

CREATE TABLE `user_log` (
  `user_log_id` int(11) NOT NULL,
  `username` varchar(25) NOT NULL,
  `login_date` varchar(30) NOT NULL,
  `logout_date` varchar(30) NOT NULL,
  `user_id` int(11) NOT NULL
) ENGINE=InnoDB DEFAULT CHARSET=latin1;

--
-- Dumping data for table `user_log`
--

INSERT INTO `user_log` (`user_log_id`, `username`, `login_date`, `logout_date`, `user_id`) VALUES
(1, 'admin', '2013-11-01 11:57:33', '2013-11-18 10:33:54', 10),
(2, 'admin', '2013-11-05 09:52:09', '2013-11-18 10:33:54', 10),
(3, 'admin', '2013-11-08 10:41:09', '2013-11-18 10:33:54', 10),
(4, 'admin', '2013-11-12 22:53:05', '2013-11-18 10:33:54', 10),
(5, 'admin', '2013-11-13 07:07:04', '2013-11-18 10:33:54', 10),
(6, 'admin', '2013-11-13 13:07:58', '2013-11-18 10:33:54', 10),
(7, 'admin', '2013-11-13 13:30:45', '2013-11-18 10:33:54', 10),
(8, 'admin', '2013-11-13 15:25:20', '2013-11-18 10:33:54', 10),
(9, 'admin', '2013-11-13 15:46:28', '2013-11-18 10:33:54', 10),
(10, 'admin', '2013-11-13 16:04:10', '2013-11-18 10:33:54', 10),
(11, 'admin', '2013-11-13 17:31:37', '2013-11-18 10:33:54', 10),
(12, 'admin', '2013-11-13 22:47:45', '2013-11-18 10:33:54', 10),
(13, 'admin', '2013-11-14 10:27:06', '2013-11-18 10:33:54', 10),
(14, 'admin', '2013-11-14 10:27:55', '2013-11-18 10:33:54', 10),
(15, 'admin', '2013-11-14 10:38:08', '2013-11-18 10:33:54', 10),
(16, 'admin', '2013-11-14 10:38:09', '2013-11-18 10:33:54', 10),
(17, 'admin', '2013-11-14 10:41:06', '2013-11-18 10:33:54', 10),
(18, 'admin', '2013-11-14 11:44:08', '2013-11-18 10:33:54', 10),
(19, 'admin', '2013-11-14 21:53:56', '2013-11-18 10:33:54', 10),
(20, 'admin', '2013-11-14 22:03:53', '2013-11-18 10:33:54', 10),
(21, 'admin', '2013-11-16 13:40:56', '2013-11-18 10:33:54', 10),
(22, 'admin', '2013-11-18 10:22:07', '2013-11-18 10:33:54', 10),
(23, 'jkev', '2013-11-18 10:33:59', '2014-02-13 11:19:36', 14),
(24, 'jkev', '2013-11-18 15:20:45', '2014-02-13 11:19:36', 14),
(25, 'jkev', '2013-11-18 15:42:04', '2014-02-13 11:19:36', 14),
(26, 'jkev', '2013-11-18 16:30:14', '2014-02-13 11:19:36', 14),
(27, 'jkev', '2013-11-18 16:36:44', '2014-02-13 11:19:36', 14),
(28, 'jkev', '2013-11-18 17:39:55', '2014-02-13 11:19:36', 14),
(29, 'jkev', '2013-11-18 20:06:49', '2014-02-13 11:19:36', 14),
(30, 'jkev', '2013-11-23 08:04:27', '2014-02-13 11:19:36', 14),
(31, 'teph', '2013-11-23 12:02:27', '2013-11-30 21:33:02', 13),
(32, 'teph', '2013-11-24 08:55:55', '2013-11-30 21:33:02', 13),
(33, 'jkev', '2013-11-25 10:32:16', '2014-02-13 11:19:36', 14),
(34, 'jkev', '2013-11-25 14:33:05', '2014-02-13 11:19:36', 14),
(35, 'jkev', '2013-11-25 15:02:47', '2014-02-13 11:19:36', 14),
(36, 'jkev', '2013-11-25 21:08:19', '2014-02-13 11:19:36', 14),
(37, 'jkev', '2013-11-25 23:49:58', '2014-02-13 11:19:36', 14),
(38, 'jkev', '2013-11-26 00:32:22', '2014-02-13 11:19:36', 14),
(39, 'jkev', '2013-11-26 10:39:52', '2014-02-13 11:19:36', 14),
(40, 'jkev', '2013-11-26 21:48:05', '2014-02-13 11:19:36', 14),
(41, 'jkev', '2013-11-28 23:00:00', '2014-02-13 11:19:36', 14),
(42, 'jkev', '2013-11-28 23:00:06', '2014-02-13 11:19:36', 14),
(43, 'jkev', '2013-11-30 21:28:54', '2014-02-13 11:19:36', 14),
(44, 'teph', '2013-11-30 21:32:54', '2013-11-30 21:33:02', 13),
(45, 'jkev', '2013-12-04 12:45:09', '2014-02-13 11:19:36', 14),
(46, 'teph', '2013-12-04 14:02:19', '', 13),
(47, 'jkev', '2013-12-11 11:56:15', '2014-02-13 11:19:36', 14),
(48, 'jkev', '2013-12-11 12:04:44', '2014-02-13 11:19:36', 14),
(49, 'jkev', '2013-12-12 09:44:34', '2014-02-13 11:19:36', 14),
(50, 'jkev', '2013-12-13 01:48:23', '2014-02-13 11:19:36', 14),
(51, 'jkev', '2013-12-27 09:13:20', '2014-02-13 11:19:36', 14),
(52, 'jkev', '2013-12-27 10:18:38', '2014-02-13 11:19:36', 14),
(53, 'jkev', '2013-12-27 10:35:43', '2014-02-13 11:19:36', 14),
(54, 'jkev', '2013-12-27 11:08:54', '2014-02-13 11:19:36', 14),
(55, 'jkev', '2013-12-27 11:20:25', '2014-02-13 11:19:36', 14),
(56, 'jkev', '2013-12-27 11:41:58', '2014-02-13 11:19:36', 14),
(57, 'jkev', '2013-12-27 11:43:10', '2014-02-13 11:19:36', 14),
(58, 'jkev', '2013-12-27 14:54:57', '2014-02-13 11:19:36', 14),
(59, 'jkev', '2014-01-12 20:08:26', '2014-02-13 11:19:36', 14),
(60, 'jkev', '2014-01-13 15:24:07', '2014-02-13 11:19:36', 14),
(61, 'jkev', '2014-01-13 18:46:08', '2014-02-13 11:19:36', 14),
(62, 'jkev', '2014-01-15 20:40:15', '2014-02-13 11:19:36', 14),
(63, 'jkev', '2014-01-16 14:42:02', '2014-02-13 11:19:36', 14),
(64, 'jkev', '2014-01-17 09:16:17', '2014-02-13 11:19:36', 14),
(65, 'jkev', '2014-01-17 13:25:51', '2014-02-13 11:19:36', 14),
(66, 'admin', '2014-01-17 14:41:30', '2016-11-21 07:50:36', 15),
(67, 'admin', '2014-01-17 15:56:32', '2016-11-21 07:50:36', 15),
(68, 'admin', '2014-01-26 17:45:31', '2016-11-21 07:50:36', 15),
(69, 'admin', '2014-02-13 10:45:17', '2016-11-21 07:50:36', 15),
(70, 'admin', '2014-02-13 11:05:27', '2016-11-21 07:50:36', 15),
(71, 'jkev', '2014-02-13 11:16:48', '2014-02-13 11:19:36', 14),
(72, 'admin', '2014-02-13 11:55:36', '2016-11-21 07:50:36', 15),
(73, 'admin', '2014-02-13 12:32:38', '2016-11-21 07:50:36', 15),
(74, 'admin', '2014-02-13 12:52:05', '2016-11-21 07:50:36', 15),
(75, 'admin', '2014-02-13 13:04:35', '2016-11-21 07:50:36', 15),
(76, 'jkev', '2014-02-13 14:35:27', '', 14),
(77, 'admin', '2014-02-20 09:40:39', '2016-11-21 07:50:36', 15),
(78, 'admin', '2014-02-20 09:42:21', '2016-11-21 07:50:36', 15),
(79, 'admin', '2014-02-27 22:40:15', '2016-11-21 07:50:36', 15),
(80, 'admin', '2014-02-28 13:12:52', '2016-11-21 07:50:36', 15),
(81, 'admin', '2014-04-02 17:27:47', '2016-11-21 07:50:36', 15),
(82, 'admin', '2014-04-03 15:29:38', '2016-11-21 07:50:36', 15),
(83, 'admin', '2014-06-15 12:31:51', '2016-11-21 07:50:36', 15),
(84, 'admin', '2016-11-15 20:02:44', '2016-11-21 07:50:36', 15),
(85, 'admin', '2016-11-15 20:08:11', '2016-11-21 07:50:36', 15),
(86, 'admin', '2016-11-15 20:22:17', '2016-11-21 07:50:36', 15),
(87, 'admin', '2016-11-15 20:47:03', '2016-11-21 07:50:36', 15),
(88, 'admin', '2016-11-15 21:12:39', '2016-11-21 07:50:36', 15),
(89, 'tile', '2016-11-16 05:49:39', '2016-11-16 05:52:09', 16),
(90, 'admin', '2016-11-16 11:12:42', '2016-11-21 07:50:36', 15),
(91, 'admin', '2016-11-16 13:07:11', '2016-11-21 07:50:36', 15),
(92, 'admin', '2016-11-16 13:19:46', '2016-11-21 07:50:36', 15),
(93, 'admin', '2016-11-16 14:25:56', '2016-11-21 07:50:36', 15),
(94, 'admin ', '2016-11-17 06:49:46', '2016-11-21 07:50:36', 15),
(95, 'admin', '2016-11-17 06:54:19', '2016-11-21 07:50:36', 15),
(96, 'admin', '2016-11-17 06:57:37', '2016-11-21 07:50:36', 15),
(97, 'admin', '2016-11-17 12:31:59', '2016-11-21 07:50:36', 15),
(98, 'admin', '2016-11-18 12:11:29', '2016-11-21 07:50:36', 15),
(99, 'admin', '2016-11-18 12:20:31', '2016-11-21 07:50:36', 15),
(100, 'admin', '2016-11-18 17:49:23', '2016-11-21 07:50:36', 15),
(101, 'admin', '2016-11-18 19:10:41', '2016-11-21 07:50:36', 15),
(102, 'admin', '2016-11-18 22:29:10', '2016-11-21 07:50:36', 15),
(103, 'admin', '2016-11-18 22:32:24', '2016-11-21 07:50:36', 15),
(104, 'admin', '2016-11-18 23:14:42', '2016-11-21 07:50:36', 15),
(105, 'admin', '2016-11-19 06:26:33', '2016-11-21 07:50:36', 15),
(106, 'admin', '2016-11-19 08:51:56', '2016-11-21 07:50:36', 15),
(107, 'admin', '2016-11-19 10:16:05', '2016-11-21 07:50:36', 15),
(108, 'admin', '2016-11-19 11:25:40', '2016-11-21 07:50:36', 15),
(109, 'admin', '2016-11-19 12:09:51', '2016-11-21 07:50:36', 15),
(110, 'admin', '2016-11-21 07:48:46', '2016-11-21 07:50:36', 15);

-- --------------------------------------------------------

--
-- Table structure for table `users`
--

CREATE TABLE `users` (
  `user_id` int(11) NOT NULL,
  `username` varchar(100) NOT NULL,
  `password` varchar(100) NOT NULL,
  `firstname` varchar(100) NOT NULL,
  `lastname` varchar(100) NOT NULL
) ENGINE=InnoDB DEFAULT CHARSET=latin1;

--
-- Dumping data for table `users`
--

INSERT INTO `users` (`user_id`, `username`, `password`, `firstname`, `lastname`) VALUES
(14, 'jkev', 'jkev', 'john kevin', 'lorayna'),
(15, 'admin', 'admin', 'admin', 'admin'),
(16, 'tile', '1234', 'tilahun', 'gedefaw');

--
-- Indexes for dumped tables
--

--
-- Indexes for table `activity_log`
--
ALTER TABLE `activity_log`
  ADD PRIMARY KEY (`activity_log_id`);

--
-- Indexes for table `answer`
--
ALTER TABLE `answer`
  ADD PRIMARY KEY (`answer_id`);

--
-- Indexes for table `assignment`
--
ALTER TABLE `assignment`
  ADD PRIMARY KEY (`assignment_id`);

--
-- Indexes for table `class`
--
ALTER TABLE `class`
  ADD PRIMARY KEY (`class_id`);

--
-- Indexes for table `class_quiz`
--
ALTER TABLE `class_quiz`
  ADD PRIMARY KEY (`class_quiz_id`);

--
-- Indexes for table `class_subject_overview`
--
ALTER TABLE `class_subject_overview`
  ADD PRIMARY KEY (`class_subject_overview_id`);

--
-- Indexes for table `content`
--
ALTER TABLE `content`
  ADD PRIMARY KEY (`content_id`);

--
-- Indexes for table `department`
--
ALTER TABLE `department`
  ADD PRIMARY KEY (`department_id`);

--
-- Indexes for table `event`
--
ALTER TABLE `event`
  ADD PRIMARY KEY (`event_id`);

--
-- Indexes for table `files`
--
ALTER TABLE `files`
  ADD PRIMARY KEY (`file_id`);

--
-- Indexes for table `message`
--
ALTER TABLE `message`
  ADD PRIMARY KEY (`message_id`);

--
-- Indexes for table `message_sent`
--
ALTER TABLE `message_sent`
  ADD PRIMARY KEY (`message_sent_id`);

--
-- Indexes for table `notification`
--
ALTER TABLE `notification`
  ADD PRIMARY KEY (`notification_id`);

--
-- Indexes for table `notification_read`
--
ALTER TABLE `notification_read`
  ADD PRIMARY KEY (`notification_read_id`);

--
-- Indexes for table `notification_read_teacher`
--
ALTER TABLE `notification_read_teacher`
  ADD PRIMARY KEY (`notification_read_teacher_id`);

--
-- Indexes for table `question_type`
--
ALTER TABLE `question_type`
  ADD PRIMARY KEY (`question_type_id`);

--
-- Indexes for table `quiz`
--
ALTER TABLE `quiz`
  ADD PRIMARY KEY (`quiz_id`);

--
-- Indexes for table `quiz_question`
--
ALTER TABLE `quiz_question`
  ADD PRIMARY KEY (`quiz_question_id`);

--
-- Indexes for table `school_year`
--
ALTER TABLE `school_year`
  ADD PRIMARY KEY (`school_year_id`);

--
-- Indexes for table `student`
--
ALTER TABLE `student`
  ADD PRIMARY KEY (`student_id`);

--
-- Indexes for table `student_assignment`
--
ALTER TABLE `student_assignment`
  ADD PRIMARY KEY (`student_assignment_id`);

--
-- Indexes for table `student_backpack`
--
ALTER TABLE `student_backpack`
  ADD PRIMARY KEY (`file_id`);

--
-- Indexes for table `student_class_quiz`
--
ALTER TABLE `student_class_quiz`
  ADD PRIMARY KEY (`student_class_quiz_id`);

--
-- Indexes for table `subject`
--
ALTER TABLE `subject`
  ADD PRIMARY KEY (`subject_id`);

--
-- Indexes for table `teacher`
--
ALTER TABLE `teacher`
  ADD PRIMARY KEY (`teacher_id`);

--
-- Indexes for table `teacher_backpack`
--
ALTER TABLE `teacher_backpack`
  ADD PRIMARY KEY (`file_id`);

--
-- Indexes for table `teacher_class`
--
ALTER TABLE `teacher_class`
  ADD PRIMARY KEY (`teacher_class_id`);

--
-- Indexes for table `teacher_class_announcements`
--
ALTER TABLE `teacher_class_announcements`
  ADD PRIMARY KEY (`teacher_class_announcements_id`);

--
-- Indexes for table `teacher_class_student`
--
ALTER TABLE `teacher_class_student`
  ADD PRIMARY KEY (`teacher_class_student_id`);

--
-- Indexes for table `teacher_notification`
--
ALTER TABLE `teacher_notification`
  ADD PRIMARY KEY (`teacher_notification_id`);

--
-- Indexes for table `teacher_shared`
--
ALTER TABLE `teacher_shared`
  ADD PRIMARY KEY (`teacher_shared_id`);

--
-- Indexes for table `user_log`
--
ALTER TABLE `user_log`
  ADD PRIMARY KEY (`user_log_id`);

--
-- Indexes for table `users`
--
ALTER TABLE `users`
  ADD PRIMARY KEY (`user_id`);

--
-- AUTO_INCREMENT for dumped tables
--

--
-- AUTO_INCREMENT for table `activity_log`
--
ALTER TABLE `activity_log`
  MODIFY `activity_log_id` int(11) NOT NULL AUTO_INCREMENT, AUTO_INCREMENT=19;
--
-- AUTO_INCREMENT for table `answer`
--
ALTER TABLE `answer`
  MODIFY `answer_id` int(11) NOT NULL AUTO_INCREMENT, AUTO_INCREMENT=181;
--
-- AUTO_INCREMENT for table `assignment`
--
ALTER TABLE `assignment`
  MODIFY `assignment_id` int(11) NOT NULL AUTO_INCREMENT, AUTO_INCREMENT=45;
--
-- AUTO_INCREMENT for table `class`
--
ALTER TABLE `class`
  MODIFY `class_id` int(11) NOT NULL AUTO_INCREMENT, AUTO_INCREMENT=12;
--
-- AUTO_INCREMENT for table `class_quiz`
--
ALTER TABLE `class_quiz`
  MODIFY `class_quiz_id` int(11) NOT NULL AUTO_INCREMENT, AUTO_INCREMENT=43;
--
-- AUTO_INCREMENT for table `class_subject_overview`
--
ALTER TABLE `class_subject_overview`
  MODIFY `class_subject_overview_id` int(11) NOT NULL AUTO_INCREMENT, AUTO_INCREMENT=2;
--
-- AUTO_INCREMENT for table `content`
--
ALTER TABLE `content`
  MODIFY `content_id` int(11) NOT NULL AUTO_INCREMENT, AUTO_INCREMENT=15;
--
-- AUTO_INCREMENT for table `department`
--
ALTER TABLE `department`
  MODIFY `department_id` int(11) NOT NULL AUTO_INCREMENT, AUTO_INCREMENT=10;
--
-- AUTO_INCREMENT for table `event`
--
ALTER TABLE `event`
  MODIFY `event_id` int(11) NOT NULL AUTO_INCREMENT, AUTO_INCREMENT=22;
--
-- AUTO_INCREMENT for table `files`
--
ALTER TABLE `files`
  MODIFY `file_id` int(11) NOT NULL AUTO_INCREMENT, AUTO_INCREMENT=163;
--
-- AUTO_INCREMENT for table `message`
--
ALTER TABLE `message`
  MODIFY `message_id` int(11) NOT NULL AUTO_INCREMENT, AUTO_INCREMENT=39;
--
-- AUTO_INCREMENT for table `message_sent`
--
ALTER TABLE `message_sent`
  MODIFY `message_sent_id` int(11) NOT NULL AUTO_INCREMENT, AUTO_INCREMENT=24;
--
-- AUTO_INCREMENT for table `notification`
--
ALTER TABLE `notification`
  MODIFY `notification_id` int(11) NOT NULL AUTO_INCREMENT, AUTO_INCREMENT=97;
--
-- AUTO_INCREMENT for table `notification_read`
--
ALTER TABLE `notification_read`
  MODIFY `notification_read_id` int(11) NOT NULL AUTO_INCREMENT, AUTO_INCREMENT=19;
--
-- AUTO_INCREMENT for table `notification_read_teacher`
--
ALTER TABLE `notification_read_teacher`
  MODIFY `notification_read_teacher_id` int(11) NOT NULL AUTO_INCREMENT, AUTO_INCREMENT=9;
--
-- AUTO_INCREMENT for table `quiz`
--
ALTER TABLE `quiz`
  MODIFY `quiz_id` int(11) NOT NULL AUTO_INCREMENT, AUTO_INCREMENT=20;
--
-- AUTO_INCREMENT for table `quiz_question`
--
ALTER TABLE `quiz_question`
  MODIFY `quiz_question_id` int(11) NOT NULL AUTO_INCREMENT, AUTO_INCREMENT=61;
--
-- AUTO_INCREMENT for table `school_year`
--
ALTER TABLE `school_year`
  MODIFY `school_year_id` int(11) NOT NULL AUTO_INCREMENT, AUTO_INCREMENT=4;
--
-- AUTO_INCREMENT for table `student`
--
ALTER TABLE `student`
  MODIFY `student_id` int(11) NOT NULL AUTO_INCREMENT, AUTO_INCREMENT=2353;
--
-- AUTO_INCREMENT for table `student_assignment`
--
ALTER TABLE `student_assignment`
  MODIFY `student_assignment_id` int(11) NOT NULL AUTO_INCREMENT, AUTO_INCREMENT=41;
--
-- AUTO_INCREMENT for table `student_backpack`
--
ALTER TABLE `student_backpack`
  MODIFY `file_id` int(11) NOT NULL AUTO_INCREMENT, AUTO_INCREMENT=2;
--
-- AUTO_INCREMENT for table `student_class_quiz`
--
ALTER TABLE `student_class_quiz`
  MODIFY `student_class_quiz_id` int(11) NOT NULL AUTO_INCREMENT, AUTO_INCREMENT=21;
--
-- AUTO_INCREMENT for table `subject`
--
ALTER TABLE `subject`
  MODIFY `subject_id` int(11) NOT NULL AUTO_INCREMENT, AUTO_INCREMENT=42;
--
-- AUTO_INCREMENT for table `teacher`
--
ALTER TABLE `teacher`
  MODIFY `teacher_id` int(11) NOT NULL AUTO_INCREMENT, AUTO_INCREMENT=22;
--
-- AUTO_INCREMENT for table `teacher_backpack`
--
ALTER TABLE `teacher_backpack`
  MODIFY `file_id` int(11) NOT NULL AUTO_INCREMENT;
--
-- AUTO_INCREMENT for table `teacher_class`
--
ALTER TABLE `teacher_class`
  MODIFY `teacher_class_id` int(11) NOT NULL AUTO_INCREMENT, AUTO_INCREMENT=207;
--
-- AUTO_INCREMENT for table `teacher_class_announcements`
--
ALTER TABLE `teacher_class_announcements`
  MODIFY `teacher_class_announcements_id` int(11) NOT NULL AUTO_INCREMENT, AUTO_INCREMENT=57;
--
-- AUTO_INCREMENT for table `teacher_class_student`
--
ALTER TABLE `teacher_class_student`
  MODIFY `teacher_class_student_id` int(11) NOT NULL AUTO_INCREMENT, AUTO_INCREMENT=604;
--
-- AUTO_INCREMENT for table `teacher_notification`
--
ALTER TABLE `teacher_notification`
  MODIFY `teacher_notification_id` int(11) NOT NULL AUTO_INCREMENT, AUTO_INCREMENT=24;
--
-- AUTO_INCREMENT for table `teacher_shared`
--
ALTER TABLE `teacher_shared`
  MODIFY `teacher_shared_id` int(11) NOT NULL AUTO_INCREMENT, AUTO_INCREMENT=2;
--
-- AUTO_INCREMENT for table `user_log`
--
ALTER TABLE `user_log`
  MODIFY `user_log_id` int(11) NOT NULL AUTO_INCREMENT, AUTO_INCREMENT=111;
--
-- AUTO_INCREMENT for table `users`
--
ALTER TABLE `users`
  MODIFY `user_id` int(11) NOT NULL AUTO_INCREMENT, AUTO_INCREMENT=17;--
-- Database: `cde`
--
CREATE DATABASE IF NOT EXISTS `cde` DEFAULT CHARACTER SET latin1 COLLATE latin1_swedish_ci;
USE `cde`;

-- --------------------------------------------------------

--
-- Table structure for table `account`
--

CREATE TABLE `account` (
  `User_Id` varchar(55) NOT NULL,
  `fname` varchar(55) NOT NULL,
  `lname` varchar(55) NOT NULL,
  `phone` int(13) NOT NULL,
  `username` varchar(55) NOT NULL,
  `password` varchar(55) NOT NULL,
  `accounttype` varchar(55) NOT NULL,
  `status` int(5) NOT NULL
) ENGINE=InnoDB DEFAULT CHARSET=latin1;

--
-- Dumping data for table `account`
--

INSERT INTO `account` (`User_Id`, `fname`, `lname`, `phone`, `username`, `password`, `accounttype`, `status`) VALUES
('', 'tseganew', 'kefie', 928527011, 'admin', 'admin', 'admin', 1),
('14', 'ata', 'ate', 928524433, 'ata', 'ata', 'student', 2),
('28', 'ahimed', 'said', 928527011, 'reg', 'reg', 'registrar', 2),
('39', 'kid', 'kid', 925456894, 'kid', 'kid', 'student', 2),
('63', 'yaregal', 'andaleum', 928527011, 'ins', 'ins', 'instractor', 3),
('64', 'zegeye', 'anmaw', 937086303, 'zigy', 'zigy', 'student', 2);

-- --------------------------------------------------------

--
-- Table structure for table `cariculem`
--

CREATE TABLE `cariculem` (
  `coursecode` varchar(34) NOT NULL,
  `coursename` varchar(34) NOT NULL,
  `credit` int(11) NOT NULL,
  `prerequiest` varchar(34) NOT NULL,
  `departmentname` varchar(34) NOT NULL,
  `year` varchar(34) NOT NULL,
  `semister` varchar(34) NOT NULL,
  `collage` varchar(55) NOT NULL
) ENGINE=InnoDB DEFAULT CHARSET=latin1;

--
-- Dumping data for table `cariculem`
--

INSERT INTO `cariculem` (`coursecode`, `coursename`, `credit`, `prerequiest`, `departmentname`, `year`, `semister`, `collage`) VALUES
('amharic1', 'amharic', 5, '', 'Amharic', '1', '1', 'Social Scince'),
('civ1001', 'civcs & ethical Education', 6, '', 'Civics', '', '', 'Collage of Law'),
('eco3101', 'Bussiness Plan ', 7, '', 'Ecconomics', '', '', ''),
('eng1101', 'Writing skill', 3, '', 'English', '', '', ''),
('Mng12', 'Introduction to Managment', 4, '', 'Managment', '', '', 'College of FBE'),
('soc4134', 'sycology', 2, '', 'sociology', '', '', '');

-- --------------------------------------------------------

--
-- Table structure for table `feedback`
--

CREATE TABLE `feedback` (
  `User_Id` varchar(55) NOT NULL,
  `name` varchar(50) NOT NULL,
  `gender` text NOT NULL,
  `Email` varchar(50) NOT NULL,
  `comment` varchar(255) NOT NULL
) ENGINE=InnoDB DEFAULT CHARSET=latin1;

-- --------------------------------------------------------

--
-- Table structure for table `grade`
--

CREATE TABLE `grade` (
  `User_Id` varchar(55) NOT NULL,
  `name` varchar(55) NOT NULL,
  `lname` varchar(55) NOT NULL,
  `course` varchar(55) NOT NULL,
  `semister` varchar(55) NOT NULL,
  `department` varchar(55) NOT NULL,
  `gender` varchar(55) NOT NULL,
  `year` varchar(55) NOT NULL,
  `prelim` int(3) NOT NULL,
  `midterm` int(3) NOT NULL,
  `final` int(3) NOT NULL,
  `endterm` int(3) NOT NULL,
  `remarks` varchar(55) NOT NULL,
  `collage` varchar(55) NOT NULL,
  `coursecode` varchar(55) NOT NULL,
  `credit` int(3) NOT NULL
) ENGINE=InnoDB DEFAULT CHARSET=latin1;

--
-- Dumping data for table `grade`
--

INSERT INTO `grade` (`User_Id`, `name`, `lname`, `course`, `semister`, `department`, `gender`, `year`, `prelim`, `midterm`, `final`, `endterm`, `remarks`, `collage`, `coursecode`, `credit`) VALUES
('64', 'zegeye', 'anmaw', 'Bussiness Plan ', '1', 'Ecconomics', '', '1', 25, 23, 43, 91, 'A+', '', '', 0);

-- --------------------------------------------------------

--
-- Table structure for table `module`
--

CREATE TABLE `module` (
  `User_Id` varchar(55) NOT NULL,
  `coursename` varchar(55) NOT NULL,
  `coursecode` varchar(30) NOT NULL,
  `dept` varchar(30) NOT NULL,
  `term` varchar(20) NOT NULL,
  `year` varchar(20) NOT NULL,
  `Filename` varchar(20) NOT NULL,
  `tmp_name` varchar(20) NOT NULL,
  `fileSize` float NOT NULL,
  `fileType` varchar(30) NOT NULL
) ENGINE=InnoDB DEFAULT CHARSET=latin1;

--
-- Dumping data for table `module`
--

INSERT INTO `module` (`User_Id`, `coursename`, `coursecode`, `dept`, `term`, `year`, `Filename`, `tmp_name`, `fileSize`, `fileType`) VALUES
('39', 'amharic', 'amharic1', 'Amharic', '1', '1', '_CASE STUDY 1.docx', 'C:xampp	mpphpDDF2.tm', 18128, 'application/vnd.openxmlformats'),
('39', 'amharic', 'amharic1', 'Amharic', '1', '1', '_CASE STUDY 1.docx', 'C:xampp	mpphpBDFE.tm', 18128, 'application/vnd.openxmlformats'),
('39', 'Writing skill', 'soc4134', 'English', '1', '1', 'Abstract.docx', 'C:xampp	mpphpD070.tm', 20559, 'application/vnd.openxmlformats');

-- --------------------------------------------------------

--
-- Table structure for table `post`
--

CREATE TABLE `post` (
  `User_Id` varchar(55) NOT NULL,
  `dates` date NOT NULL,
  `vacancy` varchar(55) NOT NULL,
  `info` text NOT NULL
) ENGINE=InnoDB DEFAULT CHARSET=latin1;

--
-- Dumping data for table `post`
--

INSERT INTO `post` (`User_Id`, `dates`, `vacancy`, `info`) VALUES
('', '2016-06-03', 'aaaaaaaaaaaaaaaaaa', 'nnnnnnnnnnnnnnnnnnnnnn'),
('', '2016-06-03', 'csprogram', 'csporgram'),
('', '2016-06-17', 'csprogram', 'hhhhhhhhhhhhhhhhhhh'),
('', '2016-06-23', 'wwwwwwwwwwwwwwwwwwww', 'aaaaaaaaaaaaaaaaaaaaaaaa'),
('', '2016-11-15', 'dgfdfg', 'dfgdfg');

-- --------------------------------------------------------

--
-- Table structure for table `response`
--

CREATE TABLE `response` (
  `User_Id` varchar(55) NOT NULL,
  `First_Name` varchar(25) NOT NULL,
  `Last_Name` varchar(25) NOT NULL,
  `Sex` varchar(10) NOT NULL,
  `collage` varchar(30) NOT NULL,
  `dept` varchar(30) NOT NULL,
  `program` varchar(55) NOT NULL,
  `phone_No` int(15) NOT NULL,
  `Date` date NOT NULL,
  `citizin` varchar(33) NOT NULL,
  `region` varchar(33) NOT NULL,
  `zon` varchar(33) NOT NULL,
  `kebela` varchar(33) NOT NULL,
  `language` varchar(55) NOT NULL,
  `status` varchar(33) NOT NULL,
  `message` varchar(55) NOT NULL,
  `year` varchar(23) NOT NULL
) ENGINE=InnoDB DEFAULT CHARSET=latin1;

--
-- Dumping data for table `response`
--

INSERT INTO `response` (`User_Id`, `First_Name`, `Last_Name`, `Sex`, `collage`, `dept`, `program`, `phone_No`, `Date`, `citizin`, `region`, `zon`, `kebela`, `language`, `status`, `message`, `year`) VALUES
('39', 'kid', 'kid', 'female', 'Social Scince', 'Amharic', 'BSC', 925456894, '2016-06-24', 'Ethiopia', 'Amhara', 'N/Shewa', '04', 'amharic', 'SELECTED', 'Accepted', '2016'),
('64', 'zegeye', 'anmaw', 'male', 'College of FBE', 'Ecconomics', 'BSC', 937086303, '2016-06-24', 'Ethiopia', 'Amhara', 'e/gojjam', 'D/work', 'amharic', 'SELECTED', 'Accepted', '2016'),
('14', 'ata', 'ate', 'female', 'Social Scince', 'Amharic', 'BSC', 925456894, '2016-06-24', 'Ethiopia', 'Oromya', 'N/Shewa', 'D/work', 'amharic', 'SELECTED', 'accepted', '2016');

-- --------------------------------------------------------

--
-- Table structure for table `student`
--

CREATE TABLE `student` (
  `User_Id` varchar(55) NOT NULL,
  `First_Name` varchar(25) NOT NULL,
  `Last_Name` varchar(25) NOT NULL,
  `Sex` varchar(10) NOT NULL,
  `collage` varchar(30) NOT NULL,
  `dept` varchar(30) NOT NULL,
  `program` varchar(25) NOT NULL,
  `phone` varchar(15) NOT NULL,
  `Date` date NOT NULL,
  `citizin` varchar(33) NOT NULL,
  `region` varchar(33) NOT NULL,
  `zon` varchar(33) NOT NULL,
  `kebela` varchar(33) NOT NULL,
  `Language` varchar(33) NOT NULL,
  `fileName` varchar(55) NOT NULL,
  `tmpName` varchar(55) NOT NULL,
  `fileSize` float NOT NULL,
  `fileType` varchar(55) NOT NULL
) ENGINE=InnoDB DEFAULT CHARSET=latin1;

--
-- Dumping data for table `student`
--

INSERT INTO `student` (`User_Id`, `First_Name`, `Last_Name`, `Sex`, `collage`, `dept`, `program`, `phone`, `Date`, `citizin`, `region`, `zon`, `kebela`, `Language`, `fileName`, `tmpName`, `fileSize`, `fileType`) VALUES
('39', 'kid', 'kid', 'female', 'Social Scince', 'Amharic', 'BSC', '925456894', '2016-06-24', 'Ethiopia', 'Amhara', 'N/Shewa', '04', 'amharic', 'certifcate.JPG', 'C:xampp	mpphpAD8D.tmp', 262282, 'image/jpeg'),
('64', 'zegeye', 'anmaw', 'male', 'College of FBE', 'Ecconomics', 'BSC', '937086303', '2016-06-24', 'Ethiopia', 'Amhara', 'e/gojjam', 'D/work', 'amharic', 'certifcate.JPG', 'C:xampp	mpphp2CAC.tmp', 262282, 'image/jpeg'),
('14', 'ata', 'ate', 'female', 'Social Scince', 'Amharic', 'BSC', '925456894', '2016-06-24', 'Ethiopia', 'Oromya', 'N/Shewa', 'D/work', 'amharic', 'certifcate.JPG', 'C:xampp	mpphpD11A.tmp', 262282, 'image/jpeg');

-- --------------------------------------------------------

--
-- Table structure for table `studentassignment`
--

CREATE TABLE `studentassignment` (
  `User_Id` int(55) NOT NULL,
  `coursename` varchar(30) NOT NULL,
  `coursecode` varchar(34) NOT NULL,
  `dept` varchar(30) NOT NULL,
  `year` varchar(30) NOT NULL,
  `term` varchar(30) NOT NULL,
  `Filename` varchar(20) NOT NULL,
  `tmp_name` varchar(20) NOT NULL,
  `Filesize` double NOT NULL,
  `Filetype` varchar(30) NOT NULL
) ENGINE=InnoDB DEFAULT CHARSET=latin1;

--
-- Dumping data for table `studentassignment`
--

INSERT INTO `studentassignment` (`User_Id`, `coursename`, `coursecode`, `dept`, `year`, `term`, `Filename`, `tmp_name`, `Filesize`, `Filetype`) VALUES
(39, 'amharic', 'amharic1', 'Amharic', '1', '1', '_CASE STUDY 1.docx', 'C:xampp	mpphp6EAC.tm', 18128, 'application/vnd.openxmlformats'),
(63, 'amharic', 'amharic1', 'Amharic', '1', '1', '_CASE STUDY 1.docx', 'C:xampp	mpphp1ADD.tm', 18128, 'application/vnd.openxmlformats'),
(39, 'amharic', 'amharic1', 'Amharic', '1', '1', 'Abstract.docx', 'C:xampp	mpphp9A33.tm', 20559, 'application/vnd.openxmlformats'),
(39, 'amharic', 'amharic1', 'Amharic', '1', '1', 'Abstract.docx', 'C:xampp	mpphp175E.tm', 20559, 'application/vnd.openxmlformats'),
(39, 'amharic', 'amharic1', 'Amharic', '1', '1', 'Abstract.docx', 'C:xampp	mpphpF183.tm', 20559, 'application/vnd.openxmlformats'),
(63, 'amharic', 'amharic1', 'Amharic', '1', '1', 'cde design.docx', 'C:xampp	mpphp7230.tm', 124256, 'application/vnd.openxmlformats');

-- --------------------------------------------------------

--
-- Table structure for table `teacherassignment`
--

CREATE TABLE `teacherassignment` (
  `coursecode` varchar(34) NOT NULL,
  `User_Id` varchar(55) NOT NULL,
  `dept` varchar(33) NOT NULL,
  `year` varchar(33) NOT NULL,
  `coursename` varchar(33) NOT NULL,
  `term` varchar(33) NOT NULL,
  `Filename` varchar(33) NOT NULL,
  `tmp_name` varchar(33) NOT NULL,
  `Filesize` varchar(33) NOT NULL,
  `Filetype` varchar(33) NOT NULL
) ENGINE=InnoDB DEFAULT CHARSET=latin1;

--
-- Dumping data for table `teacherassignment`
--

INSERT INTO `teacherassignment` (`coursecode`, `User_Id`, `dept`, `year`, `coursename`, `term`, `Filename`, `tmp_name`, `Filesize`, `Filetype`) VALUES
('amharic1', '39', 'Amharic', '1', 'amharic', '1', 'DBU ICT.docx', 'C:xampp	mpphp4BA9.tmp', '10937', 'application/vnd.openxmlformats-of'),
('soc4134', '14', 'Amharic', '1', 'amharic', '1', 'Abstract.docx', 'C:xampp	mpphpB33F.tmp', '20559', 'application/vnd.openxmlformats-of');

--
-- Indexes for dumped tables
--

--
-- Indexes for table `account`
--
ALTER TABLE `account`
  ADD PRIMARY KEY (`User_Id`);

--
-- Indexes for table `cariculem`
--
ALTER TABLE `cariculem`
  ADD PRIMARY KEY (`coursecode`),
  ADD KEY `coursename` (`coursename`);

--
-- Indexes for table `feedback`
--
ALTER TABLE `feedback`
  ADD KEY `User_Id` (`User_Id`);

--
-- Indexes for table `grade`
--
ALTER TABLE `grade`
  ADD KEY `coursecode` (`coursecode`),
  ADD KEY `User_Id` (`User_Id`);

--
-- Indexes for table `module`
--
ALTER TABLE `module`
  ADD KEY `coursecode` (`coursecode`),
  ADD KEY `dept` (`dept`),
  ADD KEY `User_Id` (`User_Id`);

--
-- Indexes for table `post`
--
ALTER TABLE `post`
  ADD KEY `User_Id` (`User_Id`);

--
-- Indexes for table `response`
--
ALTER TABLE `response`
  ADD KEY `User_Id` (`User_Id`);

--
-- Indexes for table `student`
--
ALTER TABLE `student`
  ADD KEY `User_Id` (`User_Id`);

--
-- Indexes for table `studentassignment`
--
ALTER TABLE `studentassignment`
  ADD KEY `coursecode` (`coursecode`),
  ADD KEY `User_Id` (`User_Id`);

--
-- Indexes for table `teacherassignment`
--
ALTER TABLE `teacherassignment`
  ADD KEY `coursecode` (`coursecode`);

--
-- Constraints for dumped tables
--

--
-- Constraints for table `feedback`
--
ALTER TABLE `feedback`
  ADD CONSTRAINT `feedback_ibfk_1` FOREIGN KEY (`User_Id`) REFERENCES `account` (`User_Id`);

--
-- Constraints for table `grade`
--
ALTER TABLE `grade`
  ADD CONSTRAINT `grade_ibfk_2` FOREIGN KEY (`User_Id`) REFERENCES `account` (`User_Id`);

--
-- Constraints for table `module`
--
ALTER TABLE `module`
  ADD CONSTRAINT `module_ibfk_1` FOREIGN KEY (`coursecode`) REFERENCES `cariculem` (`coursecode`),
  ADD CONSTRAINT `module_ibfk_2` FOREIGN KEY (`User_Id`) REFERENCES `account` (`User_Id`);

--
-- Constraints for table `post`
--
ALTER TABLE `post`
  ADD CONSTRAINT `post_ibfk_1` FOREIGN KEY (`User_Id`) REFERENCES `account` (`User_Id`);

--
-- Constraints for table `response`
--
ALTER TABLE `response`
  ADD CONSTRAINT `response_ibfk_1` FOREIGN KEY (`User_Id`) REFERENCES `account` (`User_Id`),
  ADD CONSTRAINT `response_ibfk_2` FOREIGN KEY (`User_Id`) REFERENCES `account` (`User_Id`);

--
-- Constraints for table `student`
--
ALTER TABLE `student`
  ADD CONSTRAINT `student_ibfk_1` FOREIGN KEY (`User_Id`) REFERENCES `account` (`User_Id`);

--
-- Constraints for table `studentassignment`
--
ALTER TABLE `studentassignment`
  ADD CONSTRAINT `studentassignment_ibfk_2` FOREIGN KEY (`coursecode`) REFERENCES `cariculem` (`coursecode`);

--
-- Constraints for table `teacherassignment`
--
ALTER TABLE `teacherassignment`
  ADD CONSTRAINT `teacherassignment_ibfk_1` FOREIGN KEY (`coursecode`) REFERENCES `cariculem` (`coursecode`);
--
-- Database: `census`
--
CREATE DATABASE IF NOT EXISTS `census` DEFAULT CHARACTER SET latin1 COLLATE latin1_swedish_ci;
USE `census`;

-- --------------------------------------------------------

--
-- Table structure for table `account`
--

CREATE TABLE `account` (
  `id_number` varchar(21) NOT NULL,
  `username` varchar(20) NOT NULL,
  `password` varchar(20) NOT NULL,
  `user_type` varchar(20) NOT NULL
) ENGINE=InnoDB DEFAULT CHARSET=armscii8;

--
-- Dumping data for table `account`
--

INSERT INTO `account` (`id_number`, `username`, `password`, `user_type`) VALUES
('03', 'gebs', '123', 'supervisor'),
('04', 'YU', '123Yal', 'enumerator'),
('05', 'yalew', '123Yal', 'supervisor'),
('123', 'sa', '1234Aa', 'enumerator');

-- --------------------------------------------------------

--
-- Table structure for table `adminaccount`
--

CREATE TABLE `adminaccount` (
  `username` varchar(45) NOT NULL,
  `password` varchar(50) NOT NULL,
  `aid_number` varchar(20) NOT NULL
) ENGINE=MyISAM DEFAULT CHARSET=latin1;

-- --------------------------------------------------------

--
-- Table structure for table `death`
--

CREATE TABLE `death` (
  `person_id` varchar(50) NOT NULL,
  `Fname` varchar(50) NOT NULL,
  `Mname` varchar(34) NOT NULL,
  `Lname` varchar(50) NOT NULL,
  `Age` int(50) NOT NULL,
  `Sex` varchar(34) NOT NULL,
  `Cause` varchar(56) NOT NULL,
  `Date` varchar(100) NOT NULL,
  `enumerator_number` varchar(50) NOT NULL,
  `supervisor_number` varchar(34) NOT NULL,
  ` approved_date` varchar(56) NOT NULL
) ENGINE=MyISAM DEFAULT CHARSET=latin1;

-- --------------------------------------------------------

--
-- Table structure for table `enumerator`
--

CREATE TABLE `enumerator` (
  `id_number` varchar(21) NOT NULL,
  `fname` varchar(34) NOT NULL,
  `lname` varchar(34) NOT NULL,
  `supervisor_number` varchar(56) NOT NULL
) ENGINE=MyISAM DEFAULT CHARSET=latin1;

--
-- Dumping data for table `enumerator`
--

INSERT INTO `enumerator` (`id_number`, `fname`, `lname`, `supervisor_number`) VALUES
('04', 'YYYy', 'yAAS', ''),
('123', 'qw', 'sa', '');

-- --------------------------------------------------------

--
-- Table structure for table `feedback`
--

CREATE TABLE `feedback` (
  `name` varchar(30) NOT NULL,
  `email` varchar(30) NOT NULL,
  `feedback` varchar(200) NOT NULL,
  `date` date NOT NULL,
  `Adminstrator_id` int(20) NOT NULL
) ENGINE=InnoDB DEFAULT CHARSET=armscii8;

--
-- Dumping data for table `feedback`
--

INSERT INTO `feedback` (`name`, `email`, `feedback`, `date`, `Adminstrator_id`) VALUES
('Chale', 'Chale@gmail.com', 'if u have any comment well come????????', '2016-04-29', 0),
('HH', 'h@gmail.com', 'hhhhhhhhhhhhhhhhhhhhhh', '2016-04-29', 0),
('yyyyyyyyyy', 'bekelugeresu@yahoo.com', 'fjjjjjjjjjjjjjjjjjjjjjjjjjjjjjjz', '2016-04-24', 0),
('RRRR', 'yalew@gmail.com', 'how R U?', '2016-04-24', 0),
('HH@gmail.com', 'HHH', 'ffffffffffffffgh', '2016-04-24', 0),
('yalew@gmail.com', 'yalew', 'sfdhgjkhklnvcvbxvbvhgjnbnfghfgxdd', '2016-04-27', 0);

-- --------------------------------------------------------

--
-- Table structure for table `house`
--

CREATE TABLE `house` (
  `person_id` varchar(20) NOT NULL,
  `number` int(21) NOT NULL,
  `numb_room` int(50) NOT NULL,
  `water` varchar(50) NOT NULL,
  `Toilet` varchar(50) NOT NULL,
  `sharing_toi` varchar(50) NOT NULL,
  `Bathing` varchar(50) NOT NULL,
  `kitchen` varchar(50) NOT NULL,
  `Sharing_kitchen` varchar(50) NOT NULL,
  `waste` varchar(50) NOT NULL,
  `tenure` varchar(50) NOT NULL,
  `typ_house` varchar(50) NOT NULL,
  `Wall` varchar(50) NOT NULL,
  `ceiling` varchar(50) NOT NULL,
  `Roof` varchar(50) NOT NULL,
  `Floor` varchar(50) NOT NULL,
  `h_age` varchar(50) NOT NULL,
  `cooking` varchar(50) NOT NULL,
  `Light` varchar(50) NOT NULL,
  `Tv` varchar(50) NOT NULL,
  `radio` varchar(50) NOT NULL,
  `phone` varchar(50) NOT NULL,
  `approved_date` date NOT NULL
) ENGINE=MyISAM DEFAULT CHARSET=latin1;

-- --------------------------------------------------------

--
-- Table structure for table `migration`
--

CREATE TABLE `migration` (
  `Previous` varchar(30) NOT NULL,
  `f_region` varchar(30) NOT NULL,
  `f_zone` varchar(30) NOT NULL,
  `f_wereda` varchar(30) NOT NULL,
  `f_town` varchar(30) NOT NULL,
  `f_kebele` varchar(30) NOT NULL,
  `f_number` int(30) NOT NULL
) ENGINE=InnoDB DEFAULT CHARSET=armscii8;

--
-- Dumping data for table `migration`
--

INSERT INTO `migration` (`Previous`, `f_region`, `f_zone`, `f_wereda`, `f_town`, `f_kebele`, `f_number`) VALUES
('', '', '', '', '', '', 0),
('', '', '', '', '', '', 0),
('', '', '', '', '', '', 0),
('', '', '', '', '', '', 0),
('', '', '', '', '', '', 0),
('', '', '', '', '', '', 0),
('', '', '', '', '', '', 0),
('', '', '', '', '', '', 0),
('', '', '', '', '', '', 0),
('', '', '', '', '', '', 0),
('', '', '', '', '', '', 0),
('', '', '', '', '', '', 0);

-- --------------------------------------------------------

--
-- Table structure for table `multiple`
--

CREATE TABLE `multiple` (
  `Id` int(100) NOT NULL,
  `fname` varchar(100) NOT NULL,
  `lname` varchar(100) NOT NULL,
  `qualification` varchar(100) NOT NULL,
  `posted_date` datetime NOT NULL
) ENGINE=MyISAM DEFAULT CHARSET=latin1;

-- --------------------------------------------------------

--
-- Table structure for table `person`
--

CREATE TABLE `person` (
  `fname` varchar(50) NOT NULL,
  `mname` varchar(50) NOT NULL,
  `lname` varchar(50) NOT NULL,
  `age` varchar(50) NOT NULL,
  `age_group` int(21) NOT NULL,
  `region` varchar(80) NOT NULL,
  `zone` varchar(80) NOT NULL,
  `person_id` varchar(21) NOT NULL,
  `household_id` varchar(70) NOT NULL,
  `wereda` varchar(80) NOT NULL,
  `town` varchar(80) NOT NULL,
  `keftegna` varchar(80) NOT NULL,
  `Sa` varchar(80) NOT NULL,
  `kebele` varchar(80) NOT NULL,
  `Ea` varchar(100) NOT NULL,
  `type_residence` varchar(100) NOT NULL,
  `current` varchar(100) NOT NULL,
  `relation` varchar(100) NOT NULL,
  `residance_status` varchar(100) NOT NULL,
  `Sex` varchar(50) NOT NULL,
  `religion` varchar(100) NOT NULL,
  `language` varchar(100) NOT NULL,
  `ethnic_group` varchar(30) NOT NULL,
  `disablity_sta` varchar(100) NOT NULL,
  `cause` varchar(200) NOT NULL,
  `previous` varchar(100) NOT NULL,
  `f_region` varchar(100) NOT NULL,
  `f_zone` varchar(100) NOT NULL,
  `f_wered` varchar(100) NOT NULL,
  `f_town` varchar(100) NOT NULL,
  `f_kebele` varchar(30) NOT NULL,
  `f_kebele numb_year` varchar(100) NOT NULL,
  `numb_year` varchar(100) NOT NULL,
  `orphane` varchar(200) NOT NULL,
  `literacy` varchar(200) NOT NULL,
  `Class` varchar(50) NOT NULL,
  `Grade` varchar(50) NOT NULL,
  `Marital` varchar(100) NOT NULL,
  `emplo` varchar(30) NOT NULL,
  `reason_unempl` varchar(200) DEFAULT NULL,
  `Sons` varchar(60) NOT NULL,
  `daughters` varchar(70) NOT NULL,
  `Male` varchar(60) NOT NULL,
  `female` varchar(60) NOT NULL,
  `enumerator_number` varchar(60) NOT NULL,
  `supervisor_number` varchar(60) NOT NULL,
  `date` date NOT NULL
) ENGINE=MyISAM DEFAULT CHARSET=latin1;

--
-- Dumping data for table `person`
--

INSERT INTO `person` (`fname`, `mname`, `lname`, `age`, `age_group`, `region`, `zone`, `person_id`, `household_id`, `wereda`, `town`, `keftegna`, `Sa`, `kebele`, `Ea`, `type_residence`, `current`, `relation`, `residance_status`, `Sex`, `religion`, `language`, `ethnic_group`, `disablity_sta`, `cause`, `previous`, `f_region`, `f_zone`, `f_wered`, `f_town`, `f_kebele`, `f_kebele numb_year`, `numb_year`, `orphane`, `literacy`, `Class`, `Grade`, `Marital`, `emplo`, `reason_unempl`, `Sons`, `daughters`, `Male`, `female`, `enumerator_number`, `supervisor_number`, `date`) VALUES
('yalew', 'ghko', 'hjjlg', '', 0, 'Amhara', 'Others', '68', '16', ' ', 'hjpl', '', '', 'jh;.', '', 'Hotel/Hostel', 'Head', 'Visitor on census', 'male', '', 'Tigrie', ' ', '', ' ', ' ', ' ', '', '  ', '', ' ', ' ', '', '', ' ', ' ', '', '', '', '', ' ', '', '  ', '', '02', '2016-05-06 16:07:19', '', '2016-05-06'),
('yalew', 'ghko', 'hjjlg', '11', 0, 'Amhara', 'Others', '67', '16', ' ', 'hjpl', '', 'hjgo', 'jh;.', 'hgkih', 'Home-less', 'Head', 'Visitor on census', 'male', 'Orthodox', 'Tigrie', '', '', '', '', '', '', '', '', '', '', '', '', '', 'Yes', 'currently Attending', '4', 'Employer', '-select employment status firs', '', '', '', '', '02', '2016-05-06 15:49:51', '', '0000-00-00');

-- --------------------------------------------------------

--
-- Table structure for table `superaccount`
--

CREATE TABLE `superaccount` (
  `sid_number` varchar(20) NOT NULL,
  `username` varchar(100) NOT NULL,
  `password` varchar(100) NOT NULL,
  `supevisor_number` varchar(100) NOT NULL,
  `posted_date` datetime NOT NULL
) ENGINE=MyISAM DEFAULT CHARSET=latin1;

-- --------------------------------------------------------

--
-- Table structure for table `temp_death`
--

CREATE TABLE `temp_death` (
  `fname` varchar(50) NOT NULL,
  `mname` varchar(50) NOT NULL,
  `lname` varchar(50) NOT NULL,
  `Age` varchar(50) NOT NULL,
  `age_group` int(10) NOT NULL,
  `Sex` varchar(30) NOT NULL,
  `Cause` varchar(50) NOT NULL,
  `Date` date NOT NULL,
  `supervisor_number` varchar(50) NOT NULL
) ENGINE=MyISAM DEFAULT CHARSET=latin1;

--
-- Dumping data for table `temp_death`
--

INSERT INTO `temp_death` (`fname`, `mname`, `lname`, `Age`, `age_group`, `Sex`, `Cause`, `Date`, `supervisor_number`) VALUES
('kaki', 'fdyh', 'gfjku', 'ujkm', 1, 'male', '', '0000-00-00', ''),
('zzeru', 'zed', 'dd', '24', 21, 'male', '', '1999-11-11', '');

-- --------------------------------------------------------

--
-- Table structure for table `temp_house`
--

CREATE TABLE `temp_house` (
  `person_id` varchar(21) NOT NULL,
  `number` int(80) NOT NULL,
  `numb_room` varchar(100) NOT NULL,
  `water` varchar(100) NOT NULL,
  `Toilet` varchar(100) NOT NULL,
  `sharing_toi` varchar(100) NOT NULL,
  `bathing` varchar(100) NOT NULL,
  `kitchen` varchar(100) NOT NULL,
  `sharing_kitchen` varchar(100) NOT NULL,
  `waste` varchar(100) NOT NULL,
  `tenure` varchar(100) NOT NULL,
  `typ_house` varchar(100) NOT NULL,
  `Wall` varchar(100) NOT NULL,
  `ceiling` varchar(100) NOT NULL,
  `roof` varchar(100) NOT NULL,
  `floor` varchar(100) NOT NULL,
  `h_age` varchar(100) NOT NULL,
  `cooking` varchar(100) NOT NULL,
  `Light` varchar(100) NOT NULL,
  `Tv` varchar(100) NOT NULL,
  `radio` varchar(100) NOT NULL,
  `phone` varchar(100) NOT NULL,
  `supervisor_number` varchar(100) NOT NULL,
  `enumerator_number` varchar(100) NOT NULL
) ENGINE=MyISAM DEFAULT CHARSET=latin1;

--
-- Dumping data for table `temp_house`
--

INSERT INTO `temp_house` (`person_id`, `number`, `numb_room`, `water`, `Toilet`, `sharing_toi`, `bathing`, `kitchen`, `sharing_kitchen`, `waste`, `tenure`, `typ_house`, `Wall`, `ceiling`, `roof`, `floor`, `h_age`, `cooking`, `Light`, `Tv`, `radio`, `phone`, `supervisor_number`, `enumerator_number`) VALUES
('', 3333, '3', 'Tap in compound, shared', 'flush', 'yes', 'Bathtub shared', 'inside', 'yes', 'Collected by Public Dump', 'Owner occupied', 'Owner occupied', 'Wood and thatch/Wood only', 'Bamboo/Reed', 'Concrete or cement', 'Bamboo/Reed', '10', 'Gas/cylinder', 'Solar energy', 'yes', 'yes', 'yes', '', ''),
('', 4444, '4', 'Tap in compound, private', 'flush', 'yes', 'Bathtub private', 'inside', 'yes', 'Burned', 'Rent free', 'Rent free', 'Wood and thatch/Wood only', 'Fabrics', 'Thatch', 'Bamboo/Reed', '11', 'Gas/cylinder', 'Electricity/Meter shared', 'yes', 'yes', 'yes', '', ''),
('', 5555, '2', 'Tap in compound, shared', 'flush', 'yes', 'Bathtub shared', 'inside', 'yes', 'Collected by private', 'Rent free', 'Rent free', 'Wood and mud', 'Bamboo/Reed', 'Concrete or cement', 'Bamboo/Reed', '10', 'Gas/cylinder', 'Lantern', 'yes', 'yes', 'yes', '', ''),
('', 6666, '4', 'Tap in compound, private', 'flush', 'yes', 'Bathtub shared', 'inside', 'yes', 'Burned', 'Owner occupied', 'Owner occupied', 'Wood and mud', 'Fabrics', 'Thatch', 'Bamboo/Reed', '10', 'Gas/cylinder', 'Lantern', 'yes', 'yes', 'yes', '', '');

-- --------------------------------------------------------

--
-- Table structure for table `temp_person`
--

CREATE TABLE `temp_person` (
  `fname` varchar(70) NOT NULL,
  `mname` varchar(70) NOT NULL,
  `lname` varchar(70) NOT NULL,
  `Age` varchar(60) NOT NULL,
  `age_group` int(21) NOT NULL,
  `region` varchar(100) NOT NULL,
  `zone` varchar(100) NOT NULL,
  `person_id` varchar(100) NOT NULL,
  `household_id` varchar(21) NOT NULL,
  `wereda` varchar(100) NOT NULL,
  `town` varchar(100) NOT NULL,
  `keftegna` varchar(100) NOT NULL,
  `Sa` varchar(100) NOT NULL,
  `kebele` varchar(100) NOT NULL,
  `Ea` varchar(100) NOT NULL,
  `type_residence` varchar(100) NOT NULL,
  `current` varchar(100) NOT NULL,
  `relation` varchar(100) NOT NULL,
  `residance_status` varchar(100) NOT NULL,
  `Sex` varchar(100) NOT NULL,
  `religion` varchar(100) NOT NULL,
  `language` varchar(100) NOT NULL,
  `ethnic_group` varchar(23) NOT NULL,
  `disablity_sta` varchar(100) NOT NULL,
  `cause` varchar(100) NOT NULL,
  `previous` varchar(100) NOT NULL,
  `f_region` varchar(100) NOT NULL,
  `f_zone` varchar(100) NOT NULL,
  `f_wered` varchar(100) NOT NULL,
  `f_town` varchar(100) NOT NULL,
  `f_kebele` varchar(50) NOT NULL,
  `f_kebele numb_year` varchar(100) NOT NULL,
  `numb_year` varchar(100) NOT NULL,
  `orphane` varchar(100) NOT NULL,
  `literacy` varchar(100) NOT NULL,
  `Class` varchar(100) NOT NULL,
  `Grade` varchar(100) NOT NULL,
  `Marital` varchar(100) NOT NULL,
  `Emplo` varchar(100) NOT NULL,
  `reason_unempl` varchar(100) NOT NULL,
  `Sons` varchar(100) NOT NULL,
  `daughters` varchar(100) NOT NULL,
  `Male` varchar(100) NOT NULL,
  `female` varchar(100) NOT NULL,
  `enumerator_number` varchar(100) NOT NULL,
  `supervisor_number` varchar(100) NOT NULL,
  `date` date NOT NULL
) ENGINE=MyISAM DEFAULT CHARSET=latin1;

--
-- Dumping data for table `temp_person`
--

INSERT INTO `temp_person` (`fname`, `mname`, `lname`, `Age`, `age_group`, `region`, `zone`, `person_id`, `household_id`, `wereda`, `town`, `keftegna`, `Sa`, `kebele`, `Ea`, `type_residence`, `current`, `relation`, `residance_status`, `Sex`, `religion`, `language`, `ethnic_group`, `disablity_sta`, `cause`, `previous`, `f_region`, `f_zone`, `f_wered`, `f_town`, `f_kebele`, `f_kebele numb_year`, `numb_year`, `orphane`, `literacy`, `Class`, `Grade`, `Marital`, `Emplo`, `reason_unempl`, `Sons`, `daughters`, `Male`, `female`, `enumerator_number`, `supervisor_number`, `date`) VALUES
('yalew', 'ghko', 'hjjlg', '11', 0, 'Amhara', 'Others', '68', '16', ' ', 'hjpl', '', 'hjgo', 'jh;.', 'hgkih', 'Hotel/Hostel', 'Head', 'Visitor on census', 'male', 'Orthodox', 'Tigrie', ' ', '', ' ', ' ', ' ', '', '  ', ' ', ' ', ' ', '', ' ', ' ', ' ', ' ', ' ', 'Employer', '-select employment status first-', ' ', ' ', '  ', ' ', '02', '2016-05-06 16:07:19', '', '0000-00-00');

--
-- Indexes for dumped tables
--

--
-- Indexes for table `account`
--
ALTER TABLE `account`
  ADD PRIMARY KEY (`id_number`);

--
-- Indexes for table `adminaccount`
--
ALTER TABLE `adminaccount`
  ADD PRIMARY KEY (`aid_number`),
  ADD KEY `aid_number` (`aid_number`);

--
-- Indexes for table `enumerator`
--
ALTER TABLE `enumerator`
  ADD PRIMARY KEY (`id_number`);

--
-- Indexes for table `house`
--
ALTER TABLE `house`
  ADD PRIMARY KEY (`number`);

--
-- Indexes for table `person`
--
ALTER TABLE `person`
  ADD PRIMARY KEY (`person_id`),
  ADD KEY `household_id` (`household_id`),
  ADD KEY `person_id` (`person_id`);

--
-- Indexes for table `superaccount`
--
ALTER TABLE `superaccount`
  ADD PRIMARY KEY (`sid_number`),
  ADD KEY `sid_number` (`sid_number`);

--
-- Indexes for table `temp_person`
--
ALTER TABLE `temp_person`
  ADD PRIMARY KEY (`household_id`);
--
-- Database: `chatty`
--
CREATE DATABASE IF NOT EXISTS `chatty` DEFAULT CHARACTER SET latin1 COLLATE latin1_swedish_ci;
USE `chatty`;
--
-- Database: `chatty1`
--
CREATE DATABASE IF NOT EXISTS `chatty1` DEFAULT CHARACTER SET latin1 COLLATE latin1_swedish_ci;
USE `chatty1`;
--
-- Database: `ci`
--
CREATE DATABASE IF NOT EXISTS `ci` DEFAULT CHARACTER SET latin1 COLLATE latin1_swedish_ci;
USE `ci`;

-- --------------------------------------------------------

--
-- Table structure for table `test`
--

CREATE TABLE `test` (
  `ID` int(34) NOT NULL,
  `name` varchar(212) NOT NULL
) ENGINE=InnoDB DEFAULT CHARSET=latin1;

--
-- Dumping data for table `test`
--

INSERT INTO `test` (`ID`, `name`) VALUES
(12, 'tilahun'),
(13, 'gedefaw');

--
-- Indexes for dumped tables
--

--
-- Indexes for table `test`
--
ALTER TABLE `test`
  ADD PRIMARY KEY (`ID`);
--
-- Database: `coc`
--
CREATE DATABASE IF NOT EXISTS `coc` DEFAULT CHARACTER SET latin1 COLLATE latin1_swedish_ci;
USE `coc`;

-- --------------------------------------------------------

--
-- Table structure for table `question`
--

CREATE TABLE `question` (
  `quetionID` int(11) NOT NULL,
  `level` int(10) NOT NULL,
  `txtQue` varchar(100) NOT NULL,
  `txtA` varchar(15) NOT NULL,
  `txtB` varchar(15) NOT NULL,
  `txtC` varchar(15) NOT NULL,
  `txtD` varchar(15) NOT NULL,
  `txtAns` varchar(15) NOT NULL
) ENGINE=InnoDB DEFAULT CHARSET=utf8;

--
-- Dumping data for table `question`
--

INSERT INTO `question` (`quetionID`, `level`, `txtQue`, `txtA`, `txtB`, `txtC`, `txtD`, `txtAns`) VALUES
(1, 1, 'what is computer', 'softwer', 'harwer', 'both', 'nithe', 'A'),
(2, 1, 'what is booking', 'rrr', 'rrrjhgjer', 'regyt', 'eryre', 'C');

-- --------------------------------------------------------

--
-- Table structure for table `user`
--

CREATE TABLE `user` (
  `date` date NOT NULL,
  `user_id` int(11) NOT NULL,
  `username` varchar(10) NOT NULL,
  `password` varchar(10) NOT NULL,
  `role` int(10) NOT NULL,
  `firstname` varchar(15) NOT NULL,
  `lastname` varchar(15) NOT NULL,
  `phone_number` int(15) NOT NULL,
  `sex` varchar(6) NOT NULL,
  `address` varchar(15) NOT NULL,
  `age` int(15) NOT NULL,
  `email` varchar(15) NOT NULL,
  `marage` varchar(15) NOT NULL,
  `tran` varchar(15) NOT NULL,
  `t_prov` varchar(15) NOT NULL,
  `employee` varchar(15) NOT NULL,
  `job` varchar(15) NOT NULL,
  `based` varchar(15) NOT NULL,
  ` inst` varchar(15) NOT NULL,
  `sector` varchar(15) NOT NULL,
  `occupation` varchar(15) NOT NULL,
  `level` int(15) NOT NULL
) ENGINE=InnoDB DEFAULT CHARSET=utf8;

--
-- Dumping data for table `user`
--

INSERT INTO `user` (`date`, `user_id`, `username`, `password`, `role`, `firstname`, `lastname`, `phone_number`, `sex`, `address`, `age`, `email`, `marage`, `tran`, `t_prov`, `employee`, `job`, `based`, ` inst`, `sector`, `occupation`, `level`) VALUES
('0000-00-00', 1, 'admin', 'admin', 1, '', '', 0, '', '', 0, '', '', '', '', '', '', '', '', '', '', 0),
('0000-00-00', 2, 'eps', 'eps', 2, '', '', 0, '', '', 0, '', '', '', '', '', '', '', '', '', '', 0),
('0000-00-00', 3, 'ees', 'ees', 3, '', '', 0, '', '', 0, '', '', '', '', '', '', '', '', '', '', 0),
('0000-00-00', 5, 'genetu', 'genetu', 0, 'genetu', 'getahun', 918205846, 'male', 'BAHIR DAR', 23, 'genetu@gmail.co', 'single', 'regular', 'regular', 'tranees', 'A_levelteacher', 'Qualification_b', 'victory collage', 'ICT', 'dataming', 4),
('0000-00-00', 6, 'genetu', 'genetu', 0, 'genetu', 'moges', 918205846, 'male', 'BAHIR DAR', 23, 'genetu@gmail.co', 'single', 'regular', 'regular', 'tranees', 'A_levelteacher', 'Qualification_b', 'victory collage', 'ICT', 'dataming', 2),
('0000-00-00', 7, 'registrar', 'registrar', 4, '', '', 0, '', '', 0, '', '', '', '', '', '', '', '', '', '', 0);

--
-- Indexes for dumped tables
--

--
-- Indexes for table `question`
--
ALTER TABLE `question`
  ADD PRIMARY KEY (`quetionID`);

--
-- Indexes for table `user`
--
ALTER TABLE `user`
  ADD PRIMARY KEY (`user_id`);

--
-- AUTO_INCREMENT for dumped tables
--

--
-- AUTO_INCREMENT for table `question`
--
ALTER TABLE `question`
  MODIFY `quetionID` int(11) NOT NULL AUTO_INCREMENT, AUTO_INCREMENT=3;
--
-- AUTO_INCREMENT for table `user`
--
ALTER TABLE `user`
  MODIFY `user_id` int(11) NOT NULL AUTO_INCREMENT, AUTO_INCREMENT=8;--
-- Database: `columbandb`
--
CREATE DATABASE IF NOT EXISTS `columbandb` DEFAULT CHARACTER SET latin1 COLLATE latin1_swedish_ci;
USE `columbandb`;

-- --------------------------------------------------------

--
-- Table structure for table `ay`
--

CREATE TABLE `ay` (
  `AY_ID` int(11) NOT NULL,
  `ACADYR` varchar(40) NOT NULL
) ENGINE=InnoDB DEFAULT CHARSET=latin1;

-- --------------------------------------------------------

--
-- Table structure for table `class`
--

CREATE TABLE `class` (
  `CLASS_ID` int(11) NOT NULL,
  `CLASS_CODE` varchar(30) NOT NULL,
  `SUBJ_ID` int(11) NOT NULL,
  `INST_ID` int(11) NOT NULL,
  `SYID` int(11) NOT NULL,
  `AY` varchar(11) NOT NULL,
  `DAY` varchar(20) NOT NULL,
  `C_TIME` varchar(11) NOT NULL,
  `IDNO` int(11) NOT NULL
) ENGINE=InnoDB DEFAULT CHARSET=latin1;

--
-- Dumping data for table `class`
--

INSERT INTO `class` (`CLASS_ID`, `CLASS_CODE`, `SUBJ_ID`, `INST_ID`, `SYID`, `AY`, `DAY`, `C_TIME`, `IDNO`) VALUES
(7, 'Spiral A.P', 443, 1, 0, '2013-2014', 'NONE', 'NONE', 0),
(8, 'Spiral English', 439, 1, 0, '2013-2014', 'NONE', 'NONE', 0),
(9, 'Spiral EsP.', 445, 1, 0, '2013-2014', 'NONE', 'NONE', 0),
(10, 'Spiral Filipino', 438, 1, 0, '2013-2014', 'NONE', 'NONE', 0),
(11, 'MAPEH', 447, 1, 0, '2013-2014', 'NONE', 'NONE', 0),
(12, 'Spiral Mathematics', 440, 1, 0, '2013-2014', 'NONE', 'NONE', 0),
(13, 'Spiral Religion', 444, 1, 0, '2013-2014', 'NONE', 'NONE', 0),
(14, 'Spiral Science', 441, 1, 0, '2013-2014', 'NONE', 'NONE', 0),
(15, 'Spiral T.L.E', 442, 1, 0, '2013-2014', 'NONE', 'NONE', 0),
(16, 'Spiral A.P.', 454, 2, 0, '2013-2014', 'MWF', '7:30-8:30', 0),
(17, 'Spiral English', 450, 2, 0, '2013-2014', 'NONE', 'NONE', 0),
(18, 'Spiral EsP.', 455, 2, 0, '2013-2014', 'NONE', 'NONE', 0),
(19, 'Spiral Filipino', 449, 2, 0, '2013-2014', 'NONE', 'NONE', 0),
(20, 'MAPEH', 446, 2, 0, '2013-2014', 'NONE', 'NONE', 0),
(21, 'Spiral Mathematics', 451, 2, 0, '2013-2014', 'NONE', 'NONE', 0),
(22, 'Religion', 448, 2, 0, '2013-2014', 'NONE', 'NONE', 0),
(23, 'Spiral Science', 452, 2, 0, '2013-2014', 'NONE', 'NONE', 0);

-- --------------------------------------------------------

--
-- Table structure for table `course`
--

CREATE TABLE `course` (
  `COURSE_ID` int(11) NOT NULL,
  `COURSE_NAME` varchar(30) NOT NULL,
  `COURSE_LEVEL` int(11) NOT NULL DEFAULT '1',
  `COURSE_MAJOR` varchar(30) NOT NULL DEFAULT 'None',
  `COURSE_DESC` varchar(255) NOT NULL,
  `DEPT_ID` int(11) NOT NULL
) ENGINE=InnoDB DEFAULT CHARSET=latin1;

--
-- Dumping data for table `course`
--

INSERT INTO `course` (`COURSE_ID`, `COURSE_NAME`, `COURSE_LEVEL`, `COURSE_MAJOR`, `COURSE_DESC`, `DEPT_ID`) VALUES
(47, 'Grade 7', 7, 'None', 'grade 7', 1),
(48, 'Grade 8', 8, 'None', 'grade 8 ', 1),
(49, 'Grade 9', 9, 'None', 'grade 9', 1),
(50, 'Grade 10', 10, 'None', 'grade 10', 1);

-- --------------------------------------------------------

--
-- Table structure for table `department`
--

CREATE TABLE `department` (
  `DEPT_ID` int(11) NOT NULL,
  `DEPARTMENT_NAME` varchar(30) NOT NULL,
  `DEPARTMENT_DESC` varchar(50) NOT NULL
) ENGINE=InnoDB DEFAULT CHARSET=latin1;

--
-- Dumping data for table `department`
--

INSERT INTO `department` (`DEPT_ID`, `DEPARTMENT_NAME`, `DEPARTMENT_DESC`) VALUES
(1, 'High School', 'High School Department');

-- --------------------------------------------------------

--
-- Table structure for table `grades`
--

CREATE TABLE `grades` (
  `GRADE_ID` int(11) NOT NULL,
  `IDNO` int(11) NOT NULL,
  `SUBJ_ID` int(11) NOT NULL,
  `INST_ID` int(11) NOT NULL,
  `SYID` int(30) NOT NULL,
  `FIRST` int(11) NOT NULL,
  `SECOND` int(11) NOT NULL,
  `THIRD` int(11) NOT NULL,
  `FOURTH` int(11) NOT NULL,
  `AVE` float NOT NULL,
  `DAY` varchar(30) NOT NULL,
  `G_TIME` time NOT NULL,
  `ROOM` varchar(30) NOT NULL,
  `REMARKS` text NOT NULL,
  `COMMENT` text NOT NULL
) ENGINE=InnoDB DEFAULT CHARSET=latin1;

--
-- Dumping data for table `grades`
--

INSERT INTO `grades` (`GRADE_ID`, `IDNO`, `SUBJ_ID`, `INST_ID`, `SYID`, `FIRST`, `SECOND`, `THIRD`, `FOURTH`, `AVE`, `DAY`, `G_TIME`, `ROOM`, `REMARKS`, `COMMENT`) VALUES
(10, 20004277, 438, 0, 0, 0, 0, 0, 0, 0, 'NONE', '00:00:00', '', 'NONE', ''),
(11, 20004277, 439, 0, 0, 0, 0, 0, 0, 0, 'NONE', '00:00:00', '', 'NONE', ''),
(12, 20004277, 440, 0, 0, 0, 0, 0, 0, 0, 'NONE', '00:00:00', '', 'NONE', ''),
(13, 20004277, 441, 0, 0, 0, 0, 0, 0, 0, 'NONE', '00:00:00', '', 'NONE', ''),
(15, 20002251, 438, 1, 0, 78, 80, 90, 83, 0, 'NONE', '00:00:00', '', 'Passed', ''),
(16, 20002251, 439, 0, 0, 0, 0, 0, 0, 0, 'NONE', '00:00:00', '', 'NONE', ''),
(17, 20002251, 440, 0, 0, 0, 0, 0, 0, 0, 'NONE', '00:00:00', '', 'NONE', ''),
(18, 20002251, 441, 0, 0, 0, 0, 0, 0, 0, 'NONE', '00:00:00', '', 'NONE', ''),
(19, 20002251, 442, 0, 0, 0, 0, 0, 0, 0, 'NONE', '00:00:00', '', 'NONE', ''),
(23, 20004277, 442, 0, 0, 0, 0, 0, 0, 0, 'NONE', '00:00:00', '', 'NONE', ''),
(24, 20004277, 443, 0, 0, 0, 0, 0, 0, 0, 'NONE', '00:00:00', '', 'NONE', ''),
(25, 20004277, 446, 0, 0, 0, 0, 0, 0, 0, 'NONE', '00:00:00', '', 'NONE', ''),
(26, 20004277, 454, 2, 0, 88, 89, 90, 90, 89, 'NONE', '00:00:00', '', 'Passed', ''),
(27, 20004207, 438, 0, 0, 0, 0, 0, 0, 0, 'NONE', '00:00:00', '', 'NONE', ''),
(28, 20004207, 439, 0, 0, 0, 0, 0, 0, 0, 'NONE', '00:00:00', '', 'NONE', ''),
(29, 20004207, 440, 0, 0, 0, 0, 0, 0, 0, 'NONE', '00:00:00', '', 'NONE', ''),
(30, 20004207, 441, 0, 0, 0, 0, 0, 0, 0, 'NONE', '00:00:00', '', 'NONE', ''),
(31, 20004207, 442, 0, 0, 0, 0, 0, 0, 0, 'NONE', '00:00:00', '', 'NONE', ''),
(32, 20004207, 443, 1, 0, 89, 90, 87, 92, 90, 'NONE', '00:00:00', '', 'Passed', ''),
(33, 20004207, 444, 0, 0, 0, 0, 0, 0, 0, 'NONE', '00:00:00', '', 'NONE', ''),
(34, 20004207, 445, 0, 0, 0, 0, 0, 0, 0, 'NONE', '00:00:00', '', 'NONE', ''),
(35, 20004207, 447, 0, 0, 0, 0, 0, 0, 0, 'NONE', '00:00:00', '', 'NONE', ''),
(36, 20004277, 444, 0, 0, 0, 0, 0, 0, 0, 'NONE', '00:00:00', '', 'NONE', ''),
(37, 20004623, 438, 0, 0, 0, 0, 0, 0, 0, 'NONE', '00:00:00', '', 'NONE', ''),
(38, 20004623, 439, 0, 0, 0, 0, 0, 0, 0, 'NONE', '00:00:00', '', 'NONE', ''),
(39, 20004623, 440, 0, 0, 0, 0, 0, 0, 0, 'NONE', '00:00:00', '', 'NONE', ''),
(40, 20004623, 441, 0, 0, 0, 0, 0, 0, 0, 'NONE', '00:00:00', '', 'NONE', ''),
(41, 20004623, 442, 0, 0, 0, 0, 0, 0, 0, 'NONE', '00:00:00', '', 'NONE', ''),
(42, 20004623, 443, 1, 0, 78, 90, 87, 97, 88, 'NONE', '00:00:00', '', 'Passed', ''),
(43, 20004623, 444, 0, 0, 0, 0, 0, 0, 0, 'NONE', '00:00:00', '', 'NONE', ''),
(44, 20004623, 445, 0, 0, 0, 0, 0, 0, 0, 'NONE', '00:00:00', '', 'NONE', ''),
(45, 20004623, 447, 0, 0, 0, 0, 0, 0, 0, 'NONE', '00:00:00', '', 'NONE', '');

-- --------------------------------------------------------

--
-- Table structure for table `instructor`
--

CREATE TABLE `instructor` (
  `INST_ID` int(30) NOT NULL,
  `INST_FULLNAME` varchar(255) NOT NULL,
  `INST_ADDRESS` varchar(255) NOT NULL,
  `INST_SEX` varchar(20) NOT NULL DEFAULT 'Male',
  `INST_STATUS` varchar(20) NOT NULL DEFAULT 'Single',
  `SPECIALIZATION` text NOT NULL,
  `INST_EMAIL` varchar(255) NOT NULL,
  `EMPLOYMENT_STATUS` varchar(40) NOT NULL DEFAULT 'Probationary'
) ENGINE=InnoDB DEFAULT CHARSET=latin1;

--
-- Dumping data for table `instructor`
--

INSERT INTO `instructor` (`INST_ID`, `INST_FULLNAME`, `INST_ADDRESS`, `INST_SEX`, `INST_STATUS`, `SPECIALIZATION`, `INST_EMAIL`, `EMPLOYMENT_STATUS`) VALUES
(1, 'Joken Villanueva', 'Suay Himamaylan City', 'M', 'Single', 'Computer Etc.', 'joken000189561@gmail.com', 'Probationary'),
(2, 'Erick jason Batuto', 'Kabanakalan City', 'M', 'Married', 'Computer ekc...', 'ejbatuto@hotmail.com', 'Regular'),
(3, 'Joel Bagolcol', 'KCC-TC', 'M', 'Single', 'Automotive', 'joel@yahoo.com', 'Probationary');

-- --------------------------------------------------------

--
-- Table structure for table `level`
--

CREATE TABLE `level` (
  `YR_ID` int(11) NOT NULL,
  `LEVEL` varchar(30) NOT NULL,
  `LEVEL_DESCRIPTION` varchar(255) NOT NULL
) ENGINE=InnoDB DEFAULT CHARSET=latin1;

-- --------------------------------------------------------

--
-- Table structure for table `major`
--

CREATE TABLE `major` (
  `MAJOR_ID` int(11) NOT NULL,
  `MAJOR` varchar(30) NOT NULL
) ENGINE=InnoDB DEFAULT CHARSET=latin1;

--
-- Dumping data for table `major`
--

INSERT INTO `major` (`MAJOR_ID`, `MAJOR`) VALUES
(1, 'English'),
(2, 'General'),
(3, 'Marketing Management'),
(4, 'Financial Management'),
(5, 'Filipino'),
(6, 'Philosophy'),
(7, 'Math');

-- --------------------------------------------------------

--
-- Table structure for table `photo`
--

CREATE TABLE `photo` (
  `PHOTO_ID` int(11) NOT NULL,
  `FILENAME` text NOT NULL,
  `TYPE` varchar(30) NOT NULL,
  `SIZE` int(30) NOT NULL,
  `CAPTION` varchar(255) NOT NULL,
  `IDNO` int(11) NOT NULL,
  `PRIMARY` varchar(20) NOT NULL DEFAULT 'no'
) ENGINE=InnoDB DEFAULT CHARSET=latin1;

-- --------------------------------------------------------

--
-- Table structure for table `schoolyr`
--

CREATE TABLE `schoolyr` (
  `SYID` int(11) NOT NULL,
  `AY` varchar(30) NOT NULL,
  `SEMESTER` varchar(20) NOT NULL,
  `COURSE_ID` int(11) NOT NULL,
  `IDNO` int(30) NOT NULL,
  `CATEGORY` varchar(30) NOT NULL DEFAULT 'ENROLLED',
  `DATE_RESERVED` datetime NOT NULL,
  `DATE_ENROLLED` datetime NOT NULL,
  `STATUS` varchar(30) NOT NULL DEFAULT 'New'
) ENGINE=InnoDB DEFAULT CHARSET=latin1;

--
-- Dumping data for table `schoolyr`
--

INSERT INTO `schoolyr` (`SYID`, `AY`, `SEMESTER`, `COURSE_ID`, `IDNO`, `CATEGORY`, `DATE_RESERVED`, `DATE_ENROLLED`, `STATUS`) VALUES
(1, '2013-2014', 'First', 47, 20001925, 'ENROLLED', '2014-02-10 13:05:12', '0000-00-00 00:00:00', 'New'),
(2, '2013-2014', 'First', 47, 20004277, 'ENROLLED', '2014-02-14 04:30:55', '0000-00-00 00:00:00', 'New'),
(10, '2014-2015', 'First', 48, 20004277, 'ENROLLED', '2014-02-17 02:45:03', '0000-00-00 00:00:00', 'Old'),
(11, '2013-2014', '', 47, 20002251, 'ENROLLED', '2014-02-21 04:39:29', '0000-00-00 00:00:00', 'New'),
(20, '2013-2014', 'First', 47, 20004207, 'ENROLLED', '2014-02-24 03:10:09', '0000-00-00 00:00:00', 'New'),
(21, '2013-2014', 'First', 47, 20004623, 'ENROLLED', '2014-02-24 09:12:13', '0000-00-00 00:00:00', 'New'),
(22, '2014-2015', 'First', 48, 20004623, 'ENROLLED', '2014-02-24 09:13:13', '0000-00-00 00:00:00', 'New'),
(23, '2014-2015', 'First', 48, 20004207, 'ENROLLED', '2014-02-26 11:12:49', '0000-00-00 00:00:00', 'New');

-- --------------------------------------------------------

--
-- Table structure for table `semester`
--

CREATE TABLE `semester` (
  `SEM_ID` int(11) NOT NULL,
  `SEM` varchar(15) NOT NULL DEFAULT 'First'
) ENGINE=InnoDB DEFAULT CHARSET=latin1;

--
-- Dumping data for table `semester`
--

INSERT INTO `semester` (`SEM_ID`, `SEM`) VALUES
(1, 'First'),
(2, 'Second'),
(3, 'Summer');

-- --------------------------------------------------------

--
-- Table structure for table `studentsubjects`
--

CREATE TABLE `studentsubjects` (
  `STUDSUBJ_ID` int(11) NOT NULL,
  `IDNO` int(11) NOT NULL,
  `SUBJ_ID` int(11) NOT NULL,
  `LEVEL` int(11) NOT NULL,
  `SEMESTER` varchar(30) NOT NULL,
  `SY` text NOT NULL
) ENGINE=InnoDB DEFAULT CHARSET=latin1;

--
-- Dumping data for table `studentsubjects`
--

INSERT INTO `studentsubjects` (`STUDSUBJ_ID`, `IDNO`, `SUBJ_ID`, `LEVEL`, `SEMESTER`, `SY`) VALUES
(6, 20004207, 11, 1, 'First', '2013-2014'),
(8, 20004207, 13, 1, 'First', '2013-2014'),
(9, 20004207, 14, 1, 'First', '2013-2014'),
(10, 20004207, 15, 1, 'First', '2013-2014'),
(13, 20004277, 13, 1, 'First', '2013-2014'),
(14, 20004277, 14, 1, 'First', '2013-2014'),
(15, 20004277, 15, 1, 'First', '2013-2014');

-- --------------------------------------------------------

--
-- Table structure for table `subject`
--

CREATE TABLE `subject` (
  `SUBJ_ID` int(11) NOT NULL,
  `SUBJ_CODE` varchar(30) NOT NULL,
  `SUBJ_DESCRIPTION` varchar(255) NOT NULL,
  `UNIT` int(2) NOT NULL,
  `PRE_REQUISITE` varchar(30) NOT NULL DEFAULT 'None',
  `COURSE_ID` int(11) NOT NULL,
  `AY` varchar(30) NOT NULL,
  `SEMESTER` varchar(20) NOT NULL
) ENGINE=InnoDB DEFAULT CHARSET=latin1;

--
-- Dumping data for table `subject`
--

INSERT INTO `subject` (`SUBJ_ID`, `SUBJ_CODE`, `SUBJ_DESCRIPTION`, `UNIT`, `PRE_REQUISITE`, `COURSE_ID`, `AY`, `SEMESTER`) VALUES
(438, 'Spiral Filipino', 'Filipino for Grade 7 - Spiral Filipino', 3, '', 47, '2013-2014', 'First'),
(439, 'Spiral English', 'English for Grade 7', 3, '', 47, '2013-2014', 'First'),
(440, 'Spiral Mathematics', 'Mathematics for Grade 7 - Spiral Math', 3, '', 47, '2013-2014', 'First'),
(441, 'Spiral Science', 'Science for Grade 7', 3, '', 47, '2013-2014', 'First'),
(442, 'Spiral T.L.E', 'T.L.E for Grade 7', 3, '', 47, '2013-2014', 'First'),
(443, 'Spiral A.P', 'Araling Panlipunan for Grade 7', 3, '', 47, '2013-2014', 'First'),
(444, 'Spiral Religion', 'rekligion for Grade 7', 3, '', 47, '2013-2014', 'First'),
(445, 'Spiral EsP.', 'EsP. for Grade 7', 3, '', 47, '2013-2014', 'First'),
(446, 'MAPEH', 'MAPEH for Grade 8 ', 3, '', 48, '2013-2014', 'First'),
(447, 'MAPEH', 'MAPEH for Grade 7', 3, '', 47, '2013-2014', 'First'),
(448, 'Religion', 'Religion for Grade 8', 3, '', 48, '2013-2014', 'First'),
(449, 'Spiral Filipino', 'Filipino for Grade 8 ', 3, '', 48, '2013-2014', 'First'),
(450, 'Spiral English', 'English for Grade 8', 3, '', 48, '2013-2014', 'First'),
(451, 'Spiral Mathematics', 'Mathematics for Grade 8 ', 3, '', 48, '2013-2014', 'First'),
(452, 'Spiral Science', 'Science for Grade ', 3, '', 48, '2013-2014', 'First'),
(453, 'Spiral T.L.E.', 'T.L.E for Grade 7 ', 3, '', 48, '2013-2014', 'First'),
(454, 'Spiral A.P.', 'Araling Panlipunan for Grade 8', 3, '', 48, '2013-2014', 'First'),
(455, 'Spiral EsP.', 'EsP. for Grade 7', 3, '', 48, '2013-2014', 'First'),
(457, 'Spiral Filipino', 'Filipino for Grade 9', 3, '', 49, '2013-2014', 'First'),
(458, 'Spiral English', 'English for Grade 9', 3, '', 49, '2013-2014', 'First'),
(459, 'Spiral Mathematics', 'Mathematics for Grade 9', 3, '', 49, '2013-2014', 'First'),
(460, 'Spiral Science', 'Science for Grade 9', 3, '', 49, '2013-2014', 'First'),
(461, 'Spiral A.P.', 'Araling Panlipunan for Grade 9', 3, '', 49, '2013-2014', 'First'),
(462, 'Spiral T.L.E.', 'T.L.E for Grade 9', 3, '', 49, '2013-2014', 'First'),
(463, 'Spiral MAPEH', 'MAPEH for Grade 9', 3, '', 49, '2013-2014', 'First'),
(464, 'Values Education', 'Values Education for Grade 9', 3, '', 49, '2013-2014', 'First'),
(465, 'Computer', 'Computer for grade 9', 3, '', 49, '2013-2014', 'First'),
(466, 'Religion IV', 'Religion for Grade 10', 3, '', 50, '2013-2014', 'First'),
(467, 'Spiral Filipino', 'Filipino for Grade 10', 3, '', 50, '2013-2014', 'First'),
(468, 'Spiral Mathematics', 'Mathematics for Grade 10', 3, '', 50, '2013-2014', 'First'),
(469, 'Spiral Science', 'Science for Grade 10', 3, '', 50, '2013-2014', 'First'),
(471, 'Spiral T.L.E.', 'T.L.E for Grade 10', 3, '', 50, '2013-2014', 'First'),
(472, 'Spiral MAPEH', 'MAPEH for Grade 10', 3, '', 50, '2013-2014', 'First'),
(473, 'Values Education', 'Values Education for Grade 10', 3, '', 50, '2013-2014', 'First'),
(474, 'CAT', 'Citizens Advancement Training', 3, '', 50, '2013-2014', 'First'),
(475, 'Computer', 'Computer for grade 10', 3, '', 50, '2013-2014', 'First');

-- --------------------------------------------------------

--
-- Table structure for table `tblrequirements`
--

CREATE TABLE `tblrequirements` (
  `REQ_ID` int(30) NOT NULL,
  `NSO` varchar(5) NOT NULL DEFAULT 'no',
  `BAPTISMAL` varchar(5) NOT NULL DEFAULT 'no',
  `ENTRANCE_TEST_RESULT` varchar(5) NOT NULL DEFAULT 'no',
  `MARRIAGE_CONTRACT` varchar(5) NOT NULL DEFAULT 'no',
  `CERTIFICATE_OF_TRANSFER` varchar(5) NOT NULL DEFAULT 'no',
  `IDNO` int(20) NOT NULL
) ENGINE=InnoDB DEFAULT CHARSET=latin1;

--
-- Dumping data for table `tblrequirements`
--

INSERT INTO `tblrequirements` (`REQ_ID`, `NSO`, `BAPTISMAL`, `ENTRANCE_TEST_RESULT`, `MARRIAGE_CONTRACT`, `CERTIFICATE_OF_TRANSFER`, `IDNO`) VALUES
(20, 'Yes', 'Yes', 'Yes', 'No', 'No', 20004277),
(21, 'Yes', 'Yes', 'Yes', 'No', 'No', 20004207),
(22, 'Yes', 'Yes', 'Yes', 'No', 'No', 20004180),
(23, 'Yes', 'Yes', 'Yes', 'No', 'No', 20004425),
(24, 'Yes', 'Yes', 'Yes', 'No', 'No', 20002251),
(25, 'Yes', 'Yes', 'Yes', 'No', 'No', 20002838),
(26, 'Yes', 'Yes', 'Yes', 'No', 'No', 20004623),
(27, 'Yes', 'Yes', 'Yes', 'No', 'No', 2001497),
(28, 'Yes', 'Yes', 'No', 'No', 'No', 20001057),
(29, 'Yes', 'Yes', 'Yes', 'No', 'No', 20004407),
(30, 'Yes', 'Yes', 'Yes', 'No', 'Yes', 20004749),
(31, 'Yes', 'Yes', 'No', 'No', 'No', 20001484),
(32, 'Yes', 'Yes', 'Yes', 'No', 'Yes', 20003333),
(33, 'Yes', 'Yes', 'Yes', 'No', 'No', 20004510),
(34, 'Yes', 'Yes', 'Yes', 'No', 'No', 20001779),
(35, 'Yes', 'Yes', 'No', 'No', 'No', 20001482),
(36, 'Yes', 'Yes', 'Yes', 'No', 'Yes', 20001937),
(37, 'Yes', 'Yes', 'Yes', 'No', 'No', 20001648),
(38, 'Yes', 'Yes', 'Yes', 'No', 'Yes', 20002408),
(39, 'Yes', 'Yes', 'Yes', 'No', 'Yes', 20005936),
(40, 'No', 'No', 'No', 'No', 'No', 20001550),
(41, 'Yes', 'Yes', 'Yes', 'No', 'No', 20002270),
(42, 'Yes', 'Yes', 'Yes', 'No', 'No', 20001932),
(43, 'Yes', 'Yes', 'Yes', 'No', 'Yes', 20001498),
(45, 'Yes', 'Yes', 'Yes', 'No', 'Yes', 20001503),
(46, 'Yes', 'Yes', 'Yes', 'No', 'No', 20001925),
(47, 'Yes', 'Yes', 'Yes', 'No', 'No', 20001658),
(48, 'Yes', 'No', 'No', 'No', 'No', 20001550),
(49, 'Yes', 'Yes', 'Yes', 'No', 'No', 20001957),
(50, 'No', 'No', 'No', 'No', 'No', 20001456),
(51, 'Yes', 'Yes', 'Yes', 'No', 'Yes', 20001673),
(52, 'Yes', 'Yes', 'Yes', 'No', 'Yes', 20001557),
(53, 'Yes', 'Yes', 'Yes', 'No', 'No', 20002311),
(54, 'Yes', 'Yes', 'Yes', 'No', 'Yes', 20001742),
(55, 'Yes', 'Yes', 'Yes', 'No', 'Yes', 20002106),
(56, 'Yes', 'Yes', 'Yes', 'No', 'No', 20001853),
(57, 'Yes', 'Yes', 'No', 'No', 'Yes', 20001645);

-- --------------------------------------------------------

--
-- Table structure for table `tblstuddetails`
--

CREATE TABLE `tblstuddetails` (
  `DETAIL_ID` int(11) NOT NULL,
  `FATHER` varchar(255) NOT NULL,
  `FATHER_OCCU` varchar(255) NOT NULL,
  `MOTHER` varchar(255) NOT NULL,
  `MOTHER_OCCU` varchar(255) NOT NULL,
  `BOARDING` varchar(5) NOT NULL DEFAULT 'no',
  `WITH_FAMILY` varchar(5) NOT NULL DEFAULT 'yes',
  `GUARDIAN` varchar(255) NOT NULL,
  `GUARDIAN_ADDRESS` varchar(255) NOT NULL,
  `OTHER_PERSON_SUPPORT` varchar(255) NOT NULL,
  `ADDRESS` text NOT NULL,
  `IDNO` int(30) NOT NULL
) ENGINE=InnoDB DEFAULT CHARSET=latin1;

--
-- Dumping data for table `tblstuddetails`
--

INSERT INTO `tblstuddetails` (`DETAIL_ID`, `FATHER`, `FATHER_OCCU`, `MOTHER`, `MOTHER_OCCU`, `BOARDING`, `WITH_FAMILY`, `GUARDIAN`, `GUARDIAN_ADDRESS`, `OTHER_PERSON_SUPPORT`, `ADDRESS`, `IDNO`) VALUES
(20, 'Walter Da-anoy', 'Employee', 'Jessielyn Da-anoy', 'Housewife', 'No', 'No', '', '', '', '', 20004277),
(21, 'Mario P. Amparado', 'OFW', 'Yolly D. Odasco', 'Housewife', 'Yes', 'No', 'Domingga Gomez', '', '', '', 20004207),
(22, 'robert P. ferrer', 'fisherman', 'josephene b. ferrer', 'Housewife', 'Yes', 'Yes', 'josephene b ferrer', 'brgy.cayhagan,sipalay city,neg.occ.', 'sister', '', 20004180),
(23, 'Renelio Pintuan', 'Driver', 'Nanette Pintuan', 'OFW', 'No', 'Yes', 'Ma. Melca Jaranilla', 'Coloso St. Kabankalan City', '', '', 20004425),
(24, '', '', 'dionalita apawan', 'housewife', 'No', 'No', 'sofronia apawan', 'adela st. brgy. 1', '', '', 20002251),
(25, 'Pablito Vicente', 'Laborer', 'Crislie Vicente', 'Laborer', 'No', 'Yes', 'Angelo Lopez', 'Coloso Subd. Kabankalan City', '', '', 20002838),
(26, 'Luis Balico', 'N/A', 'Leonisa Balico', 'N/A', 'No', 'Yes', 'Mary Ann Balico', 'Brgy Isidro Village, Talubangi Kabankalan City', 'N/A', '', 20004623),
(27, 'Panfilo Catalan Buendia', 'Vendors', 'Gloria Aspan Buendia', 'Vendors', 'Yes', 'Yes', 'Mr. and Mrs. Gloria Buendia', 'Brgy. Tapi, Kabankalan City', '', '', 2001497),
(28, 'Ramar salazar', 'hair stylist', 'Kathryn Lucy salazar', 'none', 'No', 'Yes', 'DR. MIlagros Aurea Sabidalas ', '12 Rizal St. kabankalan city', '', '', 20001057),
(29, 'Ronald Martisano', 'laxborer', 'Jean Martisano', 'Housewife', 'No', 'Yes', '', '', '', '', 20004407),
(30, 'Rollen Gealon', 'Laborer', 'Marife Gealon', 'Housewife', 'No', 'Yes', 'Mr. & Mrs Rollen Gealon', 'Brgy.2 Ilog, Neg.Occ', '', '', 20004749),
(31, 'James Andrew Benedicto', 'Cook', 'Ma. Sheila Benedicto', 'DH', 'No', 'Yes', '', '', '', '', 20001484),
(32, 'Leve Voluntate', 'Farmer', 'Lerma Voluntate', 'Deceased', 'No', 'Yes', '', '', 'Mr.Von Martir', 'Bacolod City', 20003333),
(33, 'Rudy B. Magada, Jr', 'Fish Dealer', 'Mary I. Magada', 'Housewife', 'No', 'Yes', '', '', 'Ezperanza Magada', 'Libon, Tuyom, Cauayan, Negros Occidental', 20004510),
(34, 'Dionisio C. Herrera', 'Farmer', 'Rubylan O. Herrera', 'plane housewife', 'No', 'Yes', 'Dionisio c. Herrera', 'Mohon Brgy1 . kab city neg occ', '', '', 20001779),
(35, 'Adriano Bayog', 'Farmer', 'Mamerna Dulana', 'housekeeper', 'Yes', 'No', 'Seminary Fathers', 'Kabankalan City', 'Parish', 'La Castellana', 20001482),
(36, 'Ruben J. Principe', '', 'Evelina Gumawa Principe', '', 'No', 'No', '', '', '', '', 20001937),
(37, 'Deceased', 'Deceased', 'Lorna Bandolos', 'Housewife', 'No', 'Yes', '', 'Lorna Bandolos', '', 'Brgy Dancalan Ilog Negros Occidental', 20001648),
(38, 'AMBROCIO SERION', 'FARMER', 'NORMENDA SERION', 'HOUSE WIFE', 'No', 'No', 'JONALYN BUGALON', 'Kabankalan City', 'JONALYN BUGALON', 'KABANKALAN CITY', 20002408),
(39, 'no', '', 'Merlita Macurio', 'housewife', 'No', 'No', 'Gerom Bello', 'Brgy,1 fzo subd.', '', '', 20005936),
(40, 'b', '', '', '', 'No', 'No', '', '', '', '', 20001550),
(41, 'Mr. Edgar C. Macario', 'Farmer', 'Mrs. Hilda F. Macario', 'Housewife', 'No', 'Yes', 'Mrs. Imelda M. Gatoc', 'Cabintagan, Brgy. Linao Kabankalan City, Negros Occidental', 'Mr. Robert C. Macario', 'Brgy. Salong Kabankalan City', 20002270),
(42, 'Virgilio Puyogao', 'Carpenter', 'Angelica Puyogao', 'Housewife', 'No', 'Yes', 'Virgilio Puyogao', 'Dancalan, Ilog, Negros Occidental', 'Annabel Puyogao', 'Dancalan, Ilog, Negros Occidental', 20001932),
(43, 'William Bulgado', 'Driver', 'Lolita Bulgado', 'Housewife', 'Yes', 'Yes', 'William Bulgado', 'magsaysay tabu ilog neg.occ', 'none', 'none', 20001498),
(45, 'Ricardo Tayoba Cabiten', 'Farmer', 'Nelly Cuenca Cabiten', 'Housewife', 'No', 'Yes', 'Nancy Cuenca Cabiten', 'Mambugsay, Cauayan, Negros Occidental', 'Romar Cuenca Cabiten', 'Mambugsay, Cauayan, Negros Occidental', 20001503),
(46, 'Joenarie Castao', 'Laborer', 'Jeanly Castao', 'Housewife', 'No', 'Yes', 'Melinde Castao', 'Brgy. Daan Banua, Kabankalan City', 'None', 'N.A', 20001925),
(47, 'Alex Flores', 'Carpenter', 'Nelfa L. Flores', 'Brgy. Custodian', 'No', 'Yes', 'Nelfa L. Flores', 'Brgy. Camugao, Kabankalan City', 'Maria Elena T. Flores', 'Brgy. Camugao, Kabankalan City', 20001658),
(48, 'BENIGNO B. CORTEZ', 'FARMER', 'TERESITA P. CORTEZ', 'HOUSE WIFE', 'Yes', 'No', 'BENIGNO B. CORTEZ', 'TABUGON,kABANKALAN CITY', 'NONE', 'NONE', 20001550),
(49, 'Samuel Daulong', 'Construction Worker', 'Mariles Daulong', 'Office employee', 'Yes', 'Yes', 'Mariles Daulong', 'Caliling,Cauayan Negros Occidental', 'Henry L. Jordan', 'Brgy. Binicuil, Kabankalan City', 20001957),
(50, 'Diosdado Arillo', 'Employee', 'Jesusa Arillo', 'House Wife', 'Yes', 'No', 'Nilda Jestopa', 'Nilda Jestopa', '', 'Adela St. Kabankalan City', 20001456),
(51, 'Jesus M. Gamala', 'Farmer', 'Carmen N. Gamala', 'Housewife', 'Yes', 'No', 'Saro Yana', 'Bonifacio St.Kabankalan City', 'Jeza Gamala', 'Dasmarias Cavite', 20001673),
(52, 'Raul D. Deanon', 'Driver', 'Jonah O. Deanon', 'Housewife', 'No', 'Yes', 'Jonah O. Deanon', 'Dancalan Ilog, Neg, Occ', '', '', 20001557),
(53, 'Ernesto Elijan', 'Welder', 'Emilia Elijan', 'Vendor', 'No', 'Yes', 'Ernalyn Elijan Jamon', 'Pinaguinpinan, KAbankalan City', 'Erline Elijan', 'Saudi Rihad', 20002311),
(54, 'Edward E. Geria', 'Seaman', 'Nilfa G. Geria', 'Agriculturist', 'No', 'Yes', 'Nilfa G.Geria', 'Brgy.Guiljungan Cauayan Negros Occidental', '', '', 20001742),
(55, 'Benjie Melanio Sr.', 'Farmer', 'Delia Melanio', 'Housewife', 'No', 'Yes', 'Benjie Melanio', 'Brgy. Linao', '', '', 20002106),
(56, 'Jose Romel T. Silleva', 'Carpenter', 'Daisy O. Silleva', 'House Wife', 'No', 'Yes', 'Daisy O. Silleva', 'Mapait, Su-ay, Himamaylan City, Negros Occidental', 'Romsdaen O. SIlleva', 'iloilo City', 20001853),
(57, 'Dionisio espadero', 'Farming', 'Rosita Espadero', 'House wife', 'No', 'Yes', 'Erlinda Guinson', 'Tapi kab City', 'Sister', 'Tapi kab City', 20001645);

-- --------------------------------------------------------

--
-- Table structure for table `tblstudent`
--

CREATE TABLE `tblstudent` (
  `S_ID` int(11) NOT NULL,
  `IDNO` int(20) NOT NULL,
  `FNAME` varchar(40) NOT NULL,
  `LNAME` varchar(40) NOT NULL,
  `MNAME` varchar(40) NOT NULL,
  `SEX` varchar(10) NOT NULL DEFAULT 'Male',
  `BDAY` date NOT NULL,
  `BPLACE` text NOT NULL,
  `STATUS` varchar(30) NOT NULL,
  `AGE` int(30) NOT NULL,
  `NATIONALITY` varchar(40) NOT NULL,
  `RELIGION` varchar(255) NOT NULL,
  `CONTACT_NO` varchar(40) NOT NULL,
  `HOME_ADD` text NOT NULL,
  `EMAIL` varchar(255) NOT NULL
) ENGINE=InnoDB DEFAULT CHARSET=latin1;

--
-- Dumping data for table `tblstudent`
--

INSERT INTO `tblstudent` (`S_ID`, `IDNO`, `FNAME`, `LNAME`, `MNAME`, `SEX`, `BDAY`, `BPLACE`, `STATUS`, `AGE`, `NATIONALITY`, `RELIGION`, `CONTACT_NO`, `HOME_ADD`, `EMAIL`) VALUES
(17, 20004277, 'Jesterramy', 'Da-anoy ', 'Patete', 'F', '1995-06-14', 'Butuan City', 'Single', 19, 'Filipino', 'roman catholic', '09099754195', 'Brgy Camugao Kabankalan City', 'jesterramy14@yahoo.com'),
(18, 20004207, 'lhenyl Grace', 'Amparado', 'odasco', 'F', '1995-08-27', 'Lancaan Dasmarinas Cavite', 'Single', 18, 'Filipino', 'roman catholic', '09263621995', 'Yao Yao Cauayan negros Occidental', 'lhenylgraceamparado@yahoo.com'),
(19, 20004180, 'mylene', 'ferrer', 'balucan', 'F', '1972-05-22', 'brgy.cayhagan,sipalay city,neg.occ.', 'Single', 18, 'Filipino', 'roman catholic', '091071717257', 'brgy.cayhagan,sipalay city,neg.occ.', 'macaferrer@yahoo.com'),
(20, 20004425, 'John kenneth', 'Pintuan', 'Jaranilla', 'M', '1996-05-14', 'PGH Manila', 'Single', 17, 'Filipino', 'Roman Catholic', '09305373831', 'Villa San jose Brgy. 6 Kabankalan City Negros Occidental', 'Pintuan123@yahoo.com'),
(21, 20002251, 'adrian', 'apawan', 'elloran', 'M', '1995-10-26', 'bacolod city', 'Single', 18, 'filipino', 'roman catholic', '09128214525', 'adela st. brgy.1', 'pidska_dian@yahoo.com'),
(22, 20002838, 'Mark Anthony', 'Vicente', 'Titong', 'M', '1995-10-19', 'Kabankalan Cit y', 'Single', 18, 'Filipino', 'Roman Catholic', '+639071564380', '', 'mav.makeu_19@ymail.com'),
(23, 20004623, 'Sharah Mae', 'Balico', 'Pillones', 'F', '1990-11-01', 'Tagoloan Misamis Oriental', 'Single', 23, 'Filipino', 'Catholic', '09216230993', 'Brgy Isidro Village, Talubangi Kabankalan City', 'Sharahmae_balico@yahoo.com'),
(24, 2001497, 'Raffy', 'Buendia', 'Rendon', 'M', '1993-04-13', 'Tapi, Kabankalan City', 'Single', 20, 'Filipino', 'Roman Catholic', '09483774901', 'Brgy. Tapi, Kabankalan City, Negros Occidental', 'Zieken@yahoo.com'),
(25, 20001057, 'Evan Lloyd', 'Salazar', 'Ayalin', 'M', '1995-05-17', 'Kabankalan City', 'Single', 18, 'filipino', 'roman catholic', '09173077451', '12 rizal St.kabankalan CIty', 'Evanlloydsalazar@yahoo.com'),
(26, 20004407, 'John Mark', 'Martisano', 'Depra', 'M', '1993-06-17', 'Ilog, Neg. Occ', 'Single', 20, 'Pilipino', 'Catholic', '09469080812', 'So. Malabong Andulauan Ilog, Neg. Occ.', 'freestyle05@yahoo.com'),
(27, 20004749, 'Jamaica Jairah', 'Gealon', 'dela Cruz', 'F', '1994-01-12', 'Brgy.2 Ilog,Neg.Occ.', 'Single', 19, 'Filipino', 'Roman Catholic', '09089917220', 'Brgy.2 Ilog Negros Occidental', 'gealon12@yahoo.com.ph'),
(28, 20001484, 'James Angelo', 'Benedicto', 'Garanganao', 'M', '1993-11-18', 'Bacolod City', 'Single', 20, 'Filipino', 'Catholic', '09305446790', 'Dancalan Ilog, Negros Occidental', 'jamesangelobenedicto@yahoo.com'),
(29, 20003333, 'Jenebie', 'Voluntate', 'Tabucon', 'F', '1991-06-17', 'Kabankalan', 'Single', 22, 'Filipino', 'Roman Catholic', '09102247024', 'Brgy.Camansi,Kabankalan City,Neg.Occ.', 'jhen1704_cute@yahoo.com'),
(30, 20004510, 'Rudy', 'Magada, I', 'Itona', 'M', '1995-02-05', 'Calumpang, Cauayan, Negros Occidental', 'Single', 18, 'Filipino', 'Roman Catholic', '09106910482', 'Libon, Tuyom, Cauayan, Negros Occidental', 'magadarudy@yahoo.com'),
(31, 20001779, 'Joevel', 'Herrera', 'Gonzales', 'M', '1993-05-16', 'Negros Occidental', 'Single', 20, 'Filipino', 'Roman Catholic', '09093789858', 'Brgy 1,Kab city ,Neg Occ', 'herrerajovel@yahoo.com'),
(32, 20001482, 'Aldren', 'Bayog', 'Dulana ', 'M', '1993-12-27', 'La Castellana', 'Single', 20, 'Filipino', 'Roman Catholic', '09077898435', 'Kabankalan City', 'Aldz_bayog@yahoo.com'),
(33, 20001937, 'Merry Grace', 'PRINCIPE', 'Gumawa', 'F', '1988-03-12', 'Candoni', 'Single', 25, 'Filipino', 'Roman Catholic', '09094397440', 'Pabera St.Brgy.East,Candoni, Negros Occidental', 'merrygraceprincipe@yahoo.com'),
(34, 20001648, 'Shiela Marie', 'Bandolos', 'Tadaya', 'F', '1990-08-21', 'Brgy. Dancalan Ilog Negros Occidental', 'Single', 22, 'Filipino', 'Roman Catholic', '09095596773', 'Brgy. Dancalan Ilog Negros Occidental', 'Marie_Bandolos@yahoo.com'),
(35, 20002408, 'ANALYN', 'SERION', 'ONLAGADA', 'F', '1993-10-30', 'Bry. TAMPALON KABANKALAN CITY', 'Single', 20, 'Filipino', 'Catholic', '09476154838', 'Kabankalan City', 'Analynserion@yahoo.com'),
(36, 20005936, 'Jean', 'MACURIO', 'Gondao', 'F', '1994-10-29', 'Brgy.Bantayan', 'Single', 19, 'Filipino', 'Baptist', '09125341710', 'Brgy. Bantayan Kabankalan City', 'jean_29_jake@yahoo.com'),
(37, 20001550, 'BENIGNO', 'CORTEZ', 'LACPAO', 'M', '1992-02-03', 'DUMAGUETE', 'Single', 21, 'FILIPINO', 'BAPTIST', '09097313999', 'TABUGON,KABANKALAN CITY,NEGROS OCCIDENTAL', 'deadlyjay_23@yahoo.com'),
(38, 20002270, 'Arhil Jun', 'Macario', 'Fernandez', 'M', '1993-06-12', 'Cabintagan, Brgy. Linao', 'Single', 20, 'Filipino', 'Roman Catholic', '09489776185', 'Cabintagan, Brgy. Linao Kabankalan City, Negros Occidental', 'elehra_jun_09@yahoo.com'),
(39, 20001932, 'Ana Mae', 'Puyogao', 'Lacson', 'F', '1992-10-11', 'Dancalan, Ilog, Neg. Occ', 'Single', 21, 'Filipino', 'Baptist', '09079002850', 'Brgy. Dancalan, Ilog, Negros Occidental', 'puyogaoanamae@yahoo.com'),
(40, 20001498, 'gina', 'bulgado', 'malabago', 'F', '1992-06-28', 'Magsaysay tabu ilog ', 'Single', 21, 'Filipino', 'Roman Catholic', '0912-981-4177', 'magsaysay tabu,ilog negros occidental', 'carlghin_52@yahoo.com'),
(42, 20001503, 'Rhea May', 'Cabiten', 'Cuenca', 'F', '1992-05-01', 'Mambugsay, Cauayan, Negros Occidental', 'Single', 21, 'Filipino', 'Roman Catholic', '09097862920', 'Mambugsay, Cauayan, Negros Occidental', 'rean7901@gmail.com'),
(43, 20001925, 'Jojean', 'Castao', 'Soberano', 'F', '1994-09-27', 'Silay City', 'Single', 19, 'Filipino', 'Roman Catholic', '09122543919', 'Brgy. Daan Banua, Kabankalan City', 'Jojean_c@yahoo.com'),
(44, 20001658, 'Steve', 'Flores', 'Liper', 'M', '1993-01-02', 'Brgy. Camugao, Kabankalan City', 'Single', 21, 'Filipino', 'Roman Catholic', '09077659710', 'Brgy. Camugao, Kabankalan City', 'skevinz_23@ymail.com'),
(46, 20001957, 'Ma. Lavinia', 'Daulong', 'Corsino', 'F', '1994-06-09', 'Caliling,Cauayan Neg. Occ', 'Single', 19, 'Filipino', 'Roman Catholic', '09073837380', 'Caliling,Cauayan Negros Occidental', 'corsin90@yahoo.com'),
(47, 20001456, 'Diwannie', 'Arillo', 'Pagunsan', 'F', '1992-10-12', 'Brgy.Tabugon Kabankalan City Neg. Occ.', 'Single', 21, 'Filipino', 'Roman Catholic', '09484525429', 'Brgy. Tabugon Kabankalan City Neg. Occ.', 'dj_arillo@yahoo.com'),
(48, 20001673, 'Carjei', 'Gamala', 'Nazareth', 'M', '1993-04-28', 'Bulata', 'Single', 20, 'Filipino', 'Catholic', '09484207156', 'Bulata Cauyan Negros Occidental', 'kai_luv@yahoo.com'),
(49, 20001557, 'Jenny Joy', 'Deanon', 'O.', 'F', '1992-12-16', 'Dancalan Ilog,Neg, Occ', 'Single', 22, 'Filipino', 'Roman Catholic', '09466021131', 'Dancalan Ilog Neg,Occ', 'jj_deah16@Yahoo.com'),
(50, 20002311, 'Elsie', 'Elijan', 'Tabligan', 'F', '1989-10-08', 'Provincial Hospital Bacolod City', 'Single', 24, 'Filipino', 'Baptist', '09128990012', 'Malinao, Dancalan, Ilog Negros Occidental', 'cute_elz20@yahoo.com'),
(51, 20001742, 'Gergen Mae', 'Geria', 'Gadot', 'F', '1994-05-19', 'BAcolod City', 'Single', 19, 'Filipino', 'Roman Catholic', '09129207751', 'Brgy.Guiljungan Cauayan Negros Occidental', 'geriaergenmage@yahoo.com'),
(52, 20002106, 'Jerom', 'Melanio', 'Bandolon', 'M', '1992-10-12', 'Kabankalan City', 'Single', 21, 'Filipino', 'Cathilic', '09303950074', 'Brgy. Linao, Kabankalan City', 'melaniojerom@yahoo.com'),
(53, 20001853, 'Liezl', 'Silleva', 'Ordoa', 'F', '1994-05-19', 'Su-ay', 'Single', 19, 'Pilipino', 'Catholic', '09122319960', 'Mapait, Su-ay, Himamaylan City, Negros Occidental', 'lieztryx_16@yahoo.com'),
(54, 20001645, 'roselyn', 'espadero', 'T', 'F', '1989-02-11', 'dancalan ilog', 'Single', 24, 'filipino', 'Catholic', '09122292298', 'tapi kab city', 'roselyt.espadero@yahoo.com');

-- --------------------------------------------------------

--
-- Table structure for table `useraccounts`
--

CREATE TABLE `useraccounts` (
  `ACCOUNT_ID` int(11) NOT NULL,
  `ACCOUNT_NAME` varchar(255) NOT NULL,
  `ACCOUNT_USERNAME` varchar(255) NOT NULL,
  `ACCOUNT_PASSWORD` text NOT NULL,
  `ACCOUNT_TYPE` varchar(30) NOT NULL
) ENGINE=InnoDB DEFAULT CHARSET=latin1;

--
-- Dumping data for table `useraccounts`
--

INSERT INTO `useraccounts` (`ACCOUNT_ID`, `ACCOUNT_NAME`, `ACCOUNT_USERNAME`, `ACCOUNT_PASSWORD`, `ACCOUNT_TYPE`) VALUES
(1, 'Janno Palacios', 'janobe@gmail.com', 'tyyu003', 'Administrator'),
(3, 'Joken Villanueva', 'joken@yahoo.com', '7110eda4d09e062aa5e4a390b0a572ac0d2c0220', 'Administrator'),
(4, 'Hatch Villanueva', 'hatchvillanueva16@gmail.com', '7110eda4d09e062aa5e4a390b0a572ac0d2c0220', 'Registrar'),
(6, 'joenin', 'joenin@yahoo.com', '25f3c6036a19460cd5d3f302fa7b99e5be56cb0e', 'Encoder'),
(7, 'Erick jason Batuto', 'ejbatuto@hotmail.com', 'ee9800e8361e948d0106b38fc6e6311ee238beed', 'Administrator');

--
-- Indexes for dumped tables
--

--
-- Indexes for table `ay`
--
ALTER TABLE `ay`
  ADD PRIMARY KEY (`AY_ID`),
  ADD UNIQUE KEY `acadyr` (`ACADYR`);

--
-- Indexes for table `class`
--
ALTER TABLE `class`
  ADD PRIMARY KEY (`CLASS_ID`);

--
-- Indexes for table `course`
--
ALTER TABLE `course`
  ADD PRIMARY KEY (`COURSE_ID`);

--
-- Indexes for table `department`
--
ALTER TABLE `department`
  ADD PRIMARY KEY (`DEPT_ID`);

--
-- Indexes for table `grades`
--
ALTER TABLE `grades`
  ADD PRIMARY KEY (`GRADE_ID`);

--
-- Indexes for table `instructor`
--
ALTER TABLE `instructor`
  ADD PRIMARY KEY (`INST_ID`);

--
-- Indexes for table `level`
--
ALTER TABLE `level`
  ADD PRIMARY KEY (`YR_ID`);

--
-- Indexes for table `major`
--
ALTER TABLE `major`
  ADD PRIMARY KEY (`MAJOR_ID`);

--
-- Indexes for table `photo`
--
ALTER TABLE `photo`
  ADD PRIMARY KEY (`PHOTO_ID`);

--
-- Indexes for table `schoolyr`
--
ALTER TABLE `schoolyr`
  ADD PRIMARY KEY (`SYID`);

--
-- Indexes for table `semester`
--
ALTER TABLE `semester`
  ADD PRIMARY KEY (`SEM_ID`);

--
-- Indexes for table `studentsubjects`
--
ALTER TABLE `studentsubjects`
  ADD PRIMARY KEY (`STUDSUBJ_ID`);

--
-- Indexes for table `subject`
--
ALTER TABLE `subject`
  ADD PRIMARY KEY (`SUBJ_ID`);

--
-- Indexes for table `tblrequirements`
--
ALTER TABLE `tblrequirements`
  ADD PRIMARY KEY (`REQ_ID`);

--
-- Indexes for table `tblstuddetails`
--
ALTER TABLE `tblstuddetails`
  ADD PRIMARY KEY (`DETAIL_ID`);

--
-- Indexes for table `tblstudent`
--
ALTER TABLE `tblstudent`
  ADD PRIMARY KEY (`S_ID`),
  ADD UNIQUE KEY `IDNO` (`IDNO`);

--
-- Indexes for table `useraccounts`
--
ALTER TABLE `useraccounts`
  ADD PRIMARY KEY (`ACCOUNT_ID`);

--
-- AUTO_INCREMENT for dumped tables
--

--
-- AUTO_INCREMENT for table `ay`
--
ALTER TABLE `ay`
  MODIFY `AY_ID` int(11) NOT NULL AUTO_INCREMENT;
--
-- AUTO_INCREMENT for table `class`
--
ALTER TABLE `class`
  MODIFY `CLASS_ID` int(11) NOT NULL AUTO_INCREMENT, AUTO_INCREMENT=24;
--
-- AUTO_INCREMENT for table `course`
--
ALTER TABLE `course`
  MODIFY `COURSE_ID` int(11) NOT NULL AUTO_INCREMENT, AUTO_INCREMENT=51;
--
-- AUTO_INCREMENT for table `department`
--
ALTER TABLE `department`
  MODIFY `DEPT_ID` int(11) NOT NULL AUTO_INCREMENT, AUTO_INCREMENT=2;
--
-- AUTO_INCREMENT for table `grades`
--
ALTER TABLE `grades`
  MODIFY `GRADE_ID` int(11) NOT NULL AUTO_INCREMENT, AUTO_INCREMENT=46;
--
-- AUTO_INCREMENT for table `instructor`
--
ALTER TABLE `instructor`
  MODIFY `INST_ID` int(30) NOT NULL AUTO_INCREMENT, AUTO_INCREMENT=4;
--
-- AUTO_INCREMENT for table `level`
--
ALTER TABLE `level`
  MODIFY `YR_ID` int(11) NOT NULL AUTO_INCREMENT;
--
-- AUTO_INCREMENT for table `major`
--
ALTER TABLE `major`
  MODIFY `MAJOR_ID` int(11) NOT NULL AUTO_INCREMENT, AUTO_INCREMENT=8;
--
-- AUTO_INCREMENT for table `photo`
--
ALTER TABLE `photo`
  MODIFY `PHOTO_ID` int(11) NOT NULL AUTO_INCREMENT;
--
-- AUTO_INCREMENT for table `schoolyr`
--
ALTER TABLE `schoolyr`
  MODIFY `SYID` int(11) NOT NULL AUTO_INCREMENT, AUTO_INCREMENT=24;
--
-- AUTO_INCREMENT for table `semester`
--
ALTER TABLE `semester`
  MODIFY `SEM_ID` int(11) NOT NULL AUTO_INCREMENT, AUTO_INCREMENT=4;
--
-- AUTO_INCREMENT for table `studentsubjects`
--
ALTER TABLE `studentsubjects`
  MODIFY `STUDSUBJ_ID` int(11) NOT NULL AUTO_INCREMENT, AUTO_INCREMENT=16;
--
-- AUTO_INCREMENT for table `subject`
--
ALTER TABLE `subject`
  MODIFY `SUBJ_ID` int(11) NOT NULL AUTO_INCREMENT, AUTO_INCREMENT=476;
--
-- AUTO_INCREMENT for table `tblrequirements`
--
ALTER TABLE `tblrequirements`
  MODIFY `REQ_ID` int(30) NOT NULL AUTO_INCREMENT, AUTO_INCREMENT=58;
--
-- AUTO_INCREMENT for table `tblstuddetails`
--
ALTER TABLE `tblstuddetails`
  MODIFY `DETAIL_ID` int(11) NOT NULL AUTO_INCREMENT, AUTO_INCREMENT=58;
--
-- AUTO_INCREMENT for table `tblstudent`
--
ALTER TABLE `tblstudent`
  MODIFY `S_ID` int(11) NOT NULL AUTO_INCREMENT, AUTO_INCREMENT=55;
--
-- AUTO_INCREMENT for table `useraccounts`
--
ALTER TABLE `useraccounts`
  MODIFY `ACCOUNT_ID` int(11) NOT NULL AUTO_INCREMENT, AUTO_INCREMENT=8;--
-- Database: `cpmsdb`
--
CREATE DATABASE IF NOT EXISTS `cpmsdb` DEFAULT CHARACTER SET latin1 COLLATE latin1_swedish_ci;
USE `cpmsdb`;

-- --------------------------------------------------------

--
-- Table structure for table `comment`
--

CREATE TABLE `comment` (
  `com_num` int(11) NOT NULL,
  `emp_id` varchar(32) NOT NULL,
  `name` varchar(50) NOT NULL,
  `comment` varchar(500) NOT NULL,
  `email` varchar(120) NOT NULL,
  `time` time(6) DEFAULT NULL,
  `date` date NOT NULL
) ENGINE=InnoDB DEFAULT CHARSET=utf8;

--
-- Dumping data for table `comment`
--

INSERT INTO `comment` (`com_num`, `emp_id`, `name`, `comment`, `email`, `time`, `date`) VALUES
(1, 'amare21', '', 'wewewewe', 'wwwwwwwwwwweeeeeeee', '00:00:00.000000', '2016-05-09'),
(2, 'amde12', '', 'ererer', 'ererrerer', '00:00:00.000000', '2016-05-16'),
(3, 'tg21', '', 'fgdfgfg', 'dfgdfgdfg', '00:00:00.000000', '2016-05-10'),
(4, 'amde12', '', 'dgfgdfg', 'dfgdgf', '00:00:00.000000', '2016-05-04'),
(5, 'tsegalem1', '', 'dfdfdfdf', 'dfdfdfdf', '00:00:23.000000', '2016-05-31'),
(8, 'munira149', 'munira', '   !!', 'muni@gmail.com', '00:00:00.000000', '2016-06-01'),
(9, 'girma139', 'Girma', '       ', 'girma@gmail', '00:00:00.000000', '2016-06-01'),
(10, 'girma139', 'Gir', 'wewewew', 'girma@gmail', '00:00:00.000000', '2016-06-01'),
(11, 'girma139', 'Girma', 'wewewewewe', 'girma@gmail', '00:00:00.000000', '2016-06-01'),
(12, 'Fikrte12', 'Fikrte', '  ', 'fikrte@gmail.com', '00:00:00.000000', '2016-06-01'),
(14, 'rahel', 'Rahel', 'Hello', 'rahel@yahoo.com', '00:00:00.000000', '2016-06-01'),
(16, 'rahel', 'Rahel', 'Hello there it from Rahel', 'rahel.meresa@gmail.com', '00:00:00.000000', '2016-06-01'),
(17, 'Fikrte12', 'Fikrte', 'Fikrte FikrteFikrteFikrteFikrte', 'fikrte.amanuel@gmail.com', '00:00:00.000000', '2016-06-01'),
(18, 'Fikrte12', 'Fikrte', 'dfdfdfdfdfdf', 'fikrte.amanuel@gmail.com', '00:00:00.000000', '2016-06-01'),
(19, 'Fikrte12', 'Fikrte', 'ffffffffffffff', 'fikrte.amanuel@gmail.com', '00:00:00.000000', '2016-06-01'),
(20, 'girma139', 'Girma', 'Melkam Gizie', 'gebremikael.21@gmail.com', '00:00:00.000000', '2016-06-01'),
(21, 'Fikrte12', 'Fikrte', 'GGGbbbbbbbbbbbbbbbbbb', 'fikrte.amanuel@gmail.com', '00:00:00.000000', '2016-06-01'),
(22, 'rahel', 'Rahel', 'vvvvvvvvvvvvvvvvvvvvvvvvv', 'rahel.meresa@gmail.com', '00:00:00.000000', '2016-06-01'),
(23, 'munira149', 'munira', 'muuuuuuuuuuuuuuuuuuuuuuua', 'munira.jemal@gmail.com', '00:00:00.000000', '2016-06-01'),
(24, 'munira149', 'munira', 'h', 'munira.jemal@gmail.com', '00:00:00.000000', '2016-06-01'),
(25, 'girma139', 'Girma', 'yehone Message', 'gebremikael.21@gmail.com', '00:00:00.000000', '2016-06-02'),
(26, 'girma139', 'Girma', 'Hi there', 'gebremikael.21@gmail.com', '00:00:00.000000', '2016-06-02'),
(27, 'Fikrte12', 'Fikrte', 'dfdf', 'fikrte.amanuel@gmail.com', '00:00:00.000000', '2016-06-02');

-- --------------------------------------------------------

--
-- Table structure for table `consultant`
--

CREATE TABLE `consultant` (
  `consultant_id` varchar(32) NOT NULL,
  `controller_id` varchar(32) NOT NULL
) ENGINE=InnoDB DEFAULT CHARSET=utf8;

--
-- Dumping data for table `consultant`
--

INSERT INTO `consultant` (`consultant_id`, `controller_id`) VALUES
('girma139', 'girma139');

-- --------------------------------------------------------

--
-- Table structure for table `contractor`
--

CREATE TABLE `contractor` (
  `contractor_id` varchar(32) NOT NULL,
  `controller_id` varchar(32) NOT NULL
) ENGINE=InnoDB DEFAULT CHARSET=utf8;

--
-- Dumping data for table `contractor`
--

INSERT INTO `contractor` (`contractor_id`, `controller_id`) VALUES
('tsegalem157', 'tgegalem157');

-- --------------------------------------------------------

--
-- Table structure for table `employee`
--

CREATE TABLE `employee` (
  `registration_date` date NOT NULL,
  `emp_id` varchar(32) NOT NULL,
  `first_name` varchar(50) NOT NULL,
  `middel_name` varchar(50) NOT NULL,
  `last_name` varchar(50) NOT NULL,
  `sex` varchar(5) NOT NULL,
  `age` int(2) NOT NULL,
  `phone_num` int(13) NOT NULL,
  `email` varchar(120) NOT NULL,
  `username` varchar(50) NOT NULL,
  `password` varchar(32) NOT NULL,
  `confirm_password` varchar(32) NOT NULL,
  `profession` varchar(50) NOT NULL,
  `nationality` varchar(50) NOT NULL,
  `manager_id` varchar(32) NOT NULL
) ENGINE=InnoDB DEFAULT CHARSET=utf8;

--
-- Dumping data for table `employee`
--

INSERT INTO `employee` (`registration_date`, `emp_id`, `first_name`, `middel_name`, `last_name`, `sex`, `age`, `phone_num`, `email`, `username`, `password`, `confirm_password`, `profession`, `nationality`, `manager_id`) VALUES
('2016-05-27', 'amde120', 'amde', 'asefa', 'belay', 'm', 23, 933205119, 'amdework.asefa@gmail.com', 'kidist', 'd7e957354f3ed6c19661bd7d00a7d170', 'd7e957354f3ed6c19661bd7d00a7d170', 'employee', 'Ethiopia', 'amde120'),
('2016-05-14', 'Amdework', 'Amde', 'Asefa', 'Belay', 'm', 23, 933205119, 'amdeamd@gmail.com', 'amdeamd', '5e73bb98ae25a7d13e5d69cb8732d843', '5e73bb98ae25a7d13e5d69cb8732d843', 'programmer', 'Ethiopia', 'amde120'),
('2016-05-27', 'bezi21', 'Bezawit', 'Misgan', 'Mereid', 'm', 20, 933205119, 'bezi21@gmail.com', 'bezawit', 'bf2a849c219dfbe88ff9e7fa26371303', 'bf2a849c219dfbe88ff9e7fa26371303', 'employee', 'Ethiopia', 'amde120'),
('2016-05-08', 'Fikrte12', 'Fikrte', 'Amanuel', 'Temesge', 'f', 18, 933205119, 'fikrte.amanuel@gmail.com', 'Fikrte', '45f0aa8befbf0a77b841b7639dc4ef30', 'F661amanuel', 'Manager', 'Ethiopia', 'amde120'),
('2016-05-10', 'Fikrtemar21', 'Fikrte', 'Amanuel', 'Temesgen', 'f', 23, 943035268, 'fikrtefikr@gmail.com', 'Fikrtemar', 'c3487991094a75f1d346fe1899d7a312', 'F661mar', 'Manager', 'Ethiopia', 'amde120'),
('2015-09-07', 'girma139', 'girma', 'molla', 'birara', 'm', 23, 920247437, 'gebremikael.21@gmail.cm', 'Girma', 'G64molla', ' 	G64molla', 'consultant', 'Ethiopian', 'amde120'),
('2016-05-30', 'Hailemaryam6', 'Hailemaryam', 'Yitbarek', 'Mulat', '1', 24, 918320568, 'hailuy@gmail.com', 'hailemaryam', 'ebd7a5bd4266998e5ac61d5b0f990eb6', 'ebd7a5bd4266998e5ac61d5b0f990eb6', 'Manager', 'Ethiopia', 'amde120'),
('2016-05-29', 'Munira149', 'Munira', 'Jemal', 'Hasen', '2', 24, 933205119, 'munimuni@gmail.com', 'muniramuni', '38d55dcfbaab78ac72b411d3957ca392', '38d55dcfbaab78ac72b411d3957ca392', 'employee', 'Yemen', 'amde120'),
('2015-08-04', 'tg21', 'Tigza', 'Asefa', 'Belay', 'F', 20, 943035268, 'tgtg21.as@gmail.com', 'tigza', 'T64 A14', 'T64 A14', 'Accountant', 'Ethiopia', 'amde120'),
('2015-12-22', 'tsegalem1', 'tsegalem', 'terefe', 'gebrekidan', 'm', 26, 933035007, 'tsegalem.terefe@gmail.com', 'Tsegalem', 'T416terefe', 'T416terefe', 'contractor', 'Ethiopian', 'amde120');

-- --------------------------------------------------------

--
-- Table structure for table `forman`
--

CREATE TABLE `forman` (
  `forman_id` varchar(32) NOT NULL,
  `controller_id` varchar(32) NOT NULL
) ENGINE=InnoDB DEFAULT CHARSET=utf8;

--
-- Dumping data for table `forman`
--

INSERT INTO `forman` (`forman_id`, `controller_id`) VALUES
('rahel152', 'rahel152');

-- --------------------------------------------------------

--
-- Table structure for table `login`
--

CREATE TABLE `login` (
  `controller_id` varchar(32) NOT NULL,
  `first_name` varchar(50) NOT NULL,
  `middel_name` varchar(50) NOT NULL,
  `last_name` varchar(50) NOT NULL,
  `age` int(2) NOT NULL,
  `sex` varchar(5) NOT NULL,
  `email` varchar(120) NOT NULL,
  `usertype` varchar(50) NOT NULL,
  `username` varchar(50) NOT NULL,
  `password` varchar(32) NOT NULL,
  `phone` int(13) NOT NULL,
  `salary` float NOT NULL
) ENGINE=InnoDB DEFAULT CHARSET=utf8;

--
-- Dumping data for table `login`
--

INSERT INTO `login` (`controller_id`, `first_name`, `middel_name`, `last_name`, `age`, `sex`, `email`, `usertype`, `username`, `password`, `phone`, `salary`) VALUES
('12', 'tilahun', 'gg', 'bb', 23, 'm', 'ti@gmail.com', 'stock_manager', 'tyyu', 'tyyu', 325655678, 3455),
('amde120', 'amde', 'asefa', 'belay', 23, 'm', 'amdework.asefa@gmail.com', 'manager', 'amde', '5e73bb98ae25a7d13e5d69cb8732d843', 933205119, 10000),
('girma139', 'girma', 'molla', 'birara', 23, 'm', 'gebremikael.21@gmail.com', 'consultant', 'girma', '9ca9969206246e55994cdd2c4bf40db0', 920247437, 10000),
('munira149', 'munira', 'jemal', 'mohamed', 23, 'f', 'munira.jemal@gmail.com', 'stock_manager', 'munira', '91415138eb24e229fd9af12a01bf576e', 913649254, 10000),
('rahel152', 'rahel', 'meresa', 'gebrekidan', 24, 'f', 'rahel.meresa@gmail.com', 'forman', 'rahel', '567bf36a47e8d0a2d52d618aede1ebfd', 912121212, 10000),
('tgegalem157', 'tsegalem', 'terefe', 'gebrekidan', 26, 'm', 'tgegalem.terefe@gmail.com', 'contractor', 'tsegalem', 'c6425e10b265997d03c3438e212350cd', 933035007, 10000);

-- --------------------------------------------------------

--
-- Table structure for table `manager`
--

CREATE TABLE `manager` (
  `manager_id` varchar(32) NOT NULL,
  `consultant_id` varchar(32) NOT NULL,
  `controller_id` varchar(32) NOT NULL
) ENGINE=InnoDB DEFAULT CHARSET=utf8;

--
-- Dumping data for table `manager`
--

INSERT INTO `manager` (`manager_id`, `consultant_id`, `controller_id`) VALUES
('amde120', 'girma139', 'amde120');

-- --------------------------------------------------------

--
-- Table structure for table `material`
--

CREATE TABLE `material` (
  `mat_num` int(12) NOT NULL,
  `mat_name` varchar(50) NOT NULL,
  `mat_type` varchar(50) NOT NULL,
  `mat_quality` varchar(50) NOT NULL,
  `mat_quantity` int(12) NOT NULL,
  `mat_size` varchar(50) NOT NULL,
  `mat_cost` double NOT NULL,
  `mat_role` varchar(50) NOT NULL,
  `mat_service` varchar(50) NOT NULL,
  `stock_manager_id` varchar(32) NOT NULL
) ENGINE=InnoDB DEFAULT CHARSET=utf8;

--
-- Dumping data for table `material`
--

INSERT INTO `material` (`mat_num`, `mat_name`, `mat_type`, `mat_quality`, `mat_quantity`, `mat_size`, `mat_cost`, `mat_role`, `mat_service`, `stock_manager_id`) VALUES
(1, '', '', '1', 34, '', 156, '', ' ', 'munira149'),
(2, '', '', '1', 45, '', 123, '', '', 'munira149'),
(3, '', '', '2', 69, '', 90, '', ' ', 'munira149'),
(4, '', '', '1 ', 3, '1  2 ', 89000, ' ', '', 'munira149'),
(6, '', '', '1', 254, '', 56, ' ', ' ', 'munira149'),
(7, '', '', '1', 12, '12', 156, '', '', 'munira149'),
(8, '', '', '1', 67, '', 67, ' ', ' ', 'munira149'),
(9, '', '', '1', 12, '6 ', 156, '', '', 'munira149'),
(10, '', '', '1', 767, '', 776, ' ', ' ', 'munira149'),
(11, '', '', '1', 12, '', 3546, '', '', 'munira149'),
(12, '', '', '1', 12, '12', 156, '', '', 'munira149'),
(13, '', '', '1', 234, 'A0', 300, ' ', '', 'munira149'),
(14, '', '', '2', 200, 'A2', 300, ' ', '', 'munira149'),
(15, '', '', '1', 167, 'A3', 300, ' ', '', 'munira149'),
(16, 'mattock', 'metal', 'strong', 34, 'large', 156, 'digger', 'sebstansive', 'munira149'),
(17, '', '', '1', 65, '', 187.5, '', '', 'munira149'),
(39, '', '', '1 ', 2500, '15  15', 190, '', '', 'munira149'),
(40, '', '', '1 ', 2500, '15  15', 190, '', '', 'munira149'),
(41, '', '', '1 ', 2500, '15  15', 190, '', '', 'munira149'),
(42, '', '', '1', 3, '', 1000000, '', '', 'munira149'),
(43, '', '', '1', 3, '', 1000000, '', '', 'munira149'),
(44, '', '', '1', 3, '', 1000000, '', '', 'munira149'),
(45, '', '', '1', 3, '', 1000000, '', '', 'munira149'),
(46, '', '', '1', 5, '', 323945900000, '', '', 'munira149'),
(47, '', '', '1', 5, '', 323945900000, '', '', 'munira149'),
(48, '', '', '1', 23, '', 4564, '', '', 'munira149'),
(49, '', '', '2 ', 5987, '1 X 3', 500, '', '', 'munira149'),
(50, '', '', '1', 17, '', 1500, '', '', 'munira149'),
(51, '', '', '1', 5, '', 900, '', '', 'munira149'),
(52, '', '', '', 13, '', 1205, '', '', 'munira149'),
(53, 'ffff', 'ffff', 'ffff', 34, 'dffee', 3453, 'sdffdf', '', 'munira149'),
(54, 'erer', 'erer', 'erer', 3434, 'dfdfd', 343434, 'fdfdfdf', ' ', 'munira149'),
(55, 'fggf', 'fgfgfg', 'fgfgf', 45, 'gffg', 45454, 'fgfgdfs', '', 'munira149'),
(56, 'bnbn', 'bnn', 'bnbn', 56, 'bgnbn', 5656, 'ghghgh', ' ', 'munira149'),
(57, '', ' ', '1', 1, ' ', 123, '1232', '1212', 'munira149');

-- --------------------------------------------------------

--
-- Table structure for table `message`
--

CREATE TABLE `message` (
  `mess_num` int(12) NOT NULL,
  `time` timestamp(6) NOT NULL DEFAULT CURRENT_TIMESTAMP
) ;

--
-- Dumping data for table `message`
--

INSERT INTO `message` (`mess_num`, `time`, `date`, `mess_sender`, `message`, `mess_resiver`) VALUES
(1, '2016-06-02 02:16:50.509600', '2016-06-02', 'Tsegalem', 'Sample', 'rahel'),
(2, '2016-06-02 02:16:54.255211', '2016-06-02', 'Tsegalem', 'Sample', 'amde'),
(3, '2016-06-02 02:16:55.197677', '2016-06-02', 'Tsegalem', 'Sample', 'girma'),
(4, '2016-06-02 02:16:58.812380', '2016-06-02', 'Tsegalem', ' This is Sample texts', 'munira'),
(5, '2016-06-02 02:17:04.801424', '2016-06-02', 'Amde', 'Sample', 'rahel'),
(6, '2016-06-02 02:17:05.964962', '2016-06-02', 'Amde', 'Sample', 'tsegalem'),
(7, '2016-06-02 02:17:06.713693', '2016-06-02', 'Amde', 'Sample', 'girma'),
(8, '2016-06-02 02:17:08.081660', '2016-06-02', 'Amde', ' This is Sample texts', 'munira'),
(9, '2016-06-02 02:20:32.314273', '0000-00-00', 'fffff', 'ffffffffbbbbbbbbbb', ''),
(10, '2016-06-02 02:21:25.729491', '2016-06-02', 'Amde', 'Sample', 'tsegalem'),
(11, '2016-06-02 02:21:43.714862', '2016-06-02', 'Amde', 'Sample', 'tsegalem'),
(12, '2016-11-18 03:54:49.297929', '2016-11-18', 'tyyu', 'Sample', 'rahel'),
(13, '2016-11-18 04:09:20.502759', '2016-11-18', 'tyyu', 'Sample', 'rahel'),
(14, '2016-11-18 05:26:44.417375', '2016-11-18', 'tyyu', 'gfhhg', 'rahel'),
(15, '2016-11-18 05:26:45.647446', '2016-11-18', 'tyyu', 'Sample', 'rahel'),
(16, '2016-11-18 05:26:48.709621', '2016-11-18', 'tyyu', 'fgchfrt', 'rahel'),
(17, '2016-11-18 05:27:07.153676', '2016-11-18', 'tyyu', 'bvnnmnbmbn', 'rahel'),
(18, '2016-11-18 05:27:14.970123', '2016-11-18', 'tyyu', ' This is Sample texts', 'munira'),
(19, '2016-11-18 05:27:15.392147', '2016-11-18', 'tyyu', ' This is Sample texts', 'munira'),
(20, '2016-11-18 05:27:15.932178', '2016-11-18', 'tyyu', ' This is Sample texts', 'munira'),
(21, '2016-11-18 06:23:32.427302', '2016-11-18', 'tyyu', 'Your Request hase been accepted by the Management; It will come soon!', 'munira'),
(22, '2016-11-18 06:23:45.383044', '2016-11-18', 'tyyu', 'Your Request hase been denied by the Management!', 'munira'),
(23, '2016-11-18 06:23:49.794296', '2016-11-18', 'tyyu', 'Your Request hase been accepted by the Management; It will come soon!', 'munira'),
(24, '2016-11-18 06:23:52.269437', '2016-11-18', 'tyyu', 'Your Request hase been denied by the Management!', 'munira');

-- --------------------------------------------------------

--
-- Table structure for table `post`
--

CREATE TABLE `post` (
  `post_num` int(12) NOT NULL,
  `post_name` varchar(50) NOT NULL,
  `post_type` varchar(50) NOT NULL,
  `emp_id` varchar(32) NOT NULL,
  `controller_id` varchar(32) NOT NULL
) ENGINE=InnoDB DEFAULT CHARSET=utf8;

--
-- Dumping data for table `post`
--

INSERT INTO `post` (`post_num`, `post_name`, `post_type`, `emp_id`, `controller_id`) VALUES
(1, '', '', '', 'amde120'),
(2, '', '', '', 'girma139');

-- --------------------------------------------------------

--
-- Table structure for table `project`
--

CREATE TABLE `project` (
  `proj_id` varchar(32) NOT NULL,
  `proj_name` varchar(50) NOT NULL,
  `proj_type` varchar(50) NOT NULL,
  `start_date` date NOT NULL,
  `end_date` date NOT NULL,
  `location` varchar(50) NOT NULL,
  `proj_owner` varchar(50) NOT NULL,
  `tot_budget` double NOT NULL,
  `manager_id` varchar(32) NOT NULL
) ENGINE=InnoDB DEFAULT CHARSET=utf8;

--
-- Dumping data for table `project`
--

INSERT INTO `project` (`proj_id`, `proj_name`, `proj_type`, `start_date`, `end_date`, `location`, `proj_owner`, `tot_budget`, `manager_id`) VALUES
('adsdee', '', 'building', '2016-05-22', '0000-00-00', 'dbu', 'DBU', 342578, 'amde120'),
('asasas', 'as', 'sa', '2016-05-17', '2014-05-22', 'sa', 'sa', 454532, 'amde120'),
('dbudbu1', 'lounge', 'canteen', '2016-04-17', '2016-06-10', 'dbu', 'dbu', 1234567, 'amde120'),
('dbudbu2', 'lounge2', 'canteen', '2016-04-17', '2016-06-10', 'dbu', 'dbu', 1234567, 'amde120'),
('dbudbu3', 'lounge3', 'canteen', '2016-04-17', '2016-06-10', 'dbu', 'dbu', 1234567, 'amde120'),
('eeeeee', 'eee', 'ee', '2016-05-22', '2016-05-31', 'DBU', 'deee', 342578, 'amde120'),
('ghgh56', 'ghgh', 'ghgh', '2016-05-31', '2016-12-23', 'ghgh', 'ghgh', 3434, 'amde120'),
('Loung1', 'Loung', 'Loung', '2016-05-10', '2016-07-15', 'dbu', 'dbu', 234533423, 'amde120'),
('Loung2', 'caffe', 'caffe', '2016-05-10', '2016-06-25', 'dbu', 'dbu', 1233411, 'amde120'),
('ppppp', 'ppppp', 'ppppp', '2016-05-22', '2016-05-31', 'ppppp', 'ppppp', 342578, 'amde120'),
('Project1', 'Toilet', 'Residential', '2016-05-19', '2016-05-05', 'DBU', 'DBU', 342578, 'amde120'),
('wewe12', 'asdad', 'adada', '2016-05-17', '2015-05-20', 'adad', 'adad', 1323232, 'amde120');

-- --------------------------------------------------------

--
-- Table structure for table `request`
--

CREATE TABLE `request` (
  `requ_num` int(12) NOT NULL,
  `time` timestamp(6) NOT NULL DEFAULT CURRENT_TIMESTAMP
) ;

--
-- Dumping data for table `request`
--

INSERT INTO `request` (`requ_num`, `time`, `date`, `requ_sender`, `manager_id`, `status`, `requ_type`, `emp_id`) VALUES
(1, '2016-05-31 12:18:13.977265', '2016-05-31', 'munira', 'amde120', 'Accepted', ' ', 'munira149 '),
(2, '2016-05-31 20:33:21.723764', '2016-05-31', 'munira', 'amde120', 'Accepted', 'Computer ', 'munira149 '),
(3, '2016-05-31 20:42:50.687702', '2016-05-31', 'munira', 'amde120', 'Accepted', ' ', 'munira149 '),
(4, '2016-05-31 20:43:15.780775', '2016-05-31', 'munira', 'amde120', 'Accepted', ' ', 'munira149 '),
(5, '2016-05-31 20:43:25.381092', '2016-05-31', 'munira', 'amde120', 'Denied', ' ', 'munira149 '),
(6, '0000-00-00 00:00:00.000000', '2016-05-31', 'munira', 'amde120', '', ' ', 'munira149 '),
(7, '0000-00-00 00:00:00.000000', '2016-05-31', 'munira', 'amde120', '', ' ', 'munira149 '),
(8, '2016-05-31 20:52:38.509979', '2016-05-31', 'munira', 'amde120', 'Denied', ' ', 'munira149 '),
(9, '0000-00-00 00:00:00.000000', '2016-05-31', 'munira', 'amde120', '', ' ', 'munira149 '),
(10, '2016-11-18 06:23:52.227435', '2016-11-18', 'Fikrte', 'amde120', 'Denied', 'Amde fikrte negn', 'Fikrte12 '),
(11, '0000-00-00 00:00:00.000000', '2016-11-18', 'tyyu', 'amde120', '', 'ujkhjk', '<br /><b>Warning</b>:  mysql_fet'),
(12, '2016-11-18 06:23:49.741293', '2016-11-18', 'tyyu', 'amde120', 'Accepted', '1.computer\r\n2.car\r\n3.fax', '<br /><b>Warning</b>:  mysql_fet');

-- --------------------------------------------------------

--
-- Table structure for table `schedule`
--

CREATE TABLE `schedule` (
  `sched_id` varchar(32) NOT NULL,
  `sched_name` varchar(50) NOT NULL,
  `start_date` date NOT NULL,
  `end_date` date NOT NULL,
  `tot_budget` double NOT NULL,
  `proj_id` varchar(32) NOT NULL,
  `contractor_id` varchar(32) NOT NULL
) ENGINE=InnoDB DEFAULT CHARSET=utf8;

--
-- Dumping data for table `schedule`
--

INSERT INTO `schedule` (`sched_id`, `sched_name`, `start_date`, `end_date`, `tot_budget`, `proj_id`, `contractor_id`) VALUES
('2323232', 'fgfgfg', '2016-06-02', '2016-06-29', 34354, 'Loung2', 'tsegalem157'),
('erer34', 'Finishing', '2016-05-31', '2016-08-24', 563423, 'ghgh56', 'tsegalem157'),
('erererererer', 'floor', '2016-05-27', '2016-05-02', 232.34, 'dbudbu2', 'tsegalem157'),
('ffffffffffffffff', 'ffffffffffffffffffffffff', '2016-06-02', '2014-06-12', 456466, 'Loung2', 'tsegalem157'),
('ffffgf', 'ewe', '2016-06-02', '2014-06-19', 3434, 'eeeeee', 'tsegalem157'),
('inkfirst', 'ink', '2016-05-27', '2016-05-31', 233.66, 'adsdee', 'tsegalem157'),
('sched1', 'floor', '2016-05-27', '2016-05-31', 1234, 'adsdee', 'tsegalem157'),
('sched2', 'Digging', '2016-04-17', '2016-04-30', 1234, 'dbudbu2', 'tsegalem157'),
('sched3', 'Digging', '2016-04-17', '2016-04-30', 1234, 'dbudbu3', 'tsegalem157'),
('wewe4545', 'ewe', '2016-06-02', '2015-06-16', 4545, 'adsdee', 'tsegalem157');

-- --------------------------------------------------------

--
-- Table structure for table `stock_manager`
--

CREATE TABLE `stock_manager` (
  `stck_manager_id` varchar(32) NOT NULL,
  `controller_id` varchar(32) NOT NULL
) ENGINE=InnoDB DEFAULT CHARSET=utf8;

--
-- Dumping data for table `stock_manager`
--

INSERT INTO `stock_manager` (`stck_manager_id`, `controller_id`) VALUES
('munira149', 'munira149');

--
-- Indexes for dumped tables
--

--
-- Indexes for table `comment`
--
ALTER TABLE `comment`
  ADD PRIMARY KEY (`com_num`),
  ADD KEY `emp_id` (`emp_id`),
  ADD KEY `emp_id_2` (`emp_id`),
  ADD KEY `emp_id_3` (`emp_id`);

--
-- Indexes for table `consultant`
--
ALTER TABLE `consultant`
  ADD PRIMARY KEY (`consultant_id`),
  ADD KEY `controller_id` (`controller_id`);

--
-- Indexes for table `contractor`
--
ALTER TABLE `contractor`
  ADD PRIMARY KEY (`contractor_id`),
  ADD KEY `controller_id` (`controller_id`);

--
-- Indexes for table `employee`
--
ALTER TABLE `employee`
  ADD PRIMARY KEY (`emp_id`),
  ADD UNIQUE KEY `unique_index` (`emp_id`,`email`,`username`),
  ADD KEY `proj_id` (`manager_id`),
  ADD KEY `manager_id` (`manager_id`),
  ADD KEY `manager_id_2` (`manager_id`),
  ADD KEY `manager_id_3` (`manager_id`),
  ADD KEY `manager_id_4` (`manager_id`);

--
-- Indexes for table `forman`
--
ALTER TABLE `forman`
  ADD PRIMARY KEY (`forman_id`),
  ADD KEY `controller_id` (`controller_id`);

--
-- Indexes for table `login`
--
ALTER TABLE `login`
  ADD PRIMARY KEY (`controller_id`),
  ADD UNIQUE KEY `username` (`username`);

--
-- Indexes for table `manager`
--
ALTER TABLE `manager`
  ADD PRIMARY KEY (`manager_id`),
  ADD UNIQUE KEY `manager_id` (`manager_id`),
  ADD KEY `consultant_id` (`consultant_id`),
  ADD KEY `manager_id_2` (`manager_id`),
  ADD KEY `consultant_id_2` (`consultant_id`),
  ADD KEY `controller_id` (`controller_id`);

--
-- Indexes for table `material`
--
ALTER TABLE `material`
  ADD PRIMARY KEY (`mat_num`),
  ADD UNIQUE KEY `mat_num` (`mat_num`,`stock_manager_id`),
  ADD KEY `stock_manager_id` (`stock_manager_id`),
  ADD KEY `stock_manager_id_2` (`stock_manager_id`);

--
-- Indexes for table `post`
--
ALTER TABLE `post`
  ADD PRIMARY KEY (`post_num`),
  ADD KEY `emp_id` (`emp_id`,`controller_id`),
  ADD KEY `controller_id` (`controller_id`);

--
-- Indexes for table `project`
--
ALTER TABLE `project`
  ADD PRIMARY KEY (`proj_id`),
  ADD UNIQUE KEY `proj_id` (`proj_id`),
  ADD KEY `manager_id` (`manager_id`),
  ADD KEY `manager_id_2` (`manager_id`),
  ADD KEY `manager_id_3` (`manager_id`),
  ADD KEY `manager_id_4` (`manager_id`);

--
-- Indexes for table `schedule`
--
ALTER TABLE `schedule`
  ADD PRIMARY KEY (`sched_id`),
  ADD UNIQUE KEY `sched_id` (`sched_id`,`proj_id`),
  ADD KEY `proj_id` (`proj_id`),
  ADD KEY `proj_id_2` (`proj_id`),
  ADD KEY `contractor_id` (`contractor_id`);

--
-- Indexes for table `stock_manager`
--
ALTER TABLE `stock_manager`
  ADD PRIMARY KEY (`stck_manager_id`),
  ADD KEY `controller_id` (`controller_id`);

--
-- AUTO_INCREMENT for dumped tables
--

--
-- AUTO_INCREMENT for table `comment`
--
ALTER TABLE `comment`
  MODIFY `com_num` int(11) NOT NULL AUTO_INCREMENT, AUTO_INCREMENT=28;
--
-- AUTO_INCREMENT for table `material`
--
ALTER TABLE `material`
  MODIFY `mat_num` int(12) NOT NULL AUTO_INCREMENT, AUTO_INCREMENT=58;
--
-- AUTO_INCREMENT for table `message`
--
ALTER TABLE `message`
  MODIFY `mess_num` int(12) NOT NULL AUTO_INCREMENT;
--
-- AUTO_INCREMENT for table `post`
--
ALTER TABLE `post`
  MODIFY `post_num` int(12) NOT NULL AUTO_INCREMENT, AUTO_INCREMENT=3;
--
-- AUTO_INCREMENT for table `request`
--
ALTER TABLE `request`
  MODIFY `requ_num` int(12) NOT NULL AUTO_INCREMENT;
--
-- Constraints for dumped tables
--

--
-- Constraints for table `consultant`
--
ALTER TABLE `consultant`
  ADD CONSTRAINT `consultant_ibfk_1` FOREIGN KEY (`controller_id`) REFERENCES `login` (`controller_id`) ON DELETE CASCADE ON UPDATE CASCADE;

--
-- Constraints for table `contractor`
--
ALTER TABLE `contractor`
  ADD CONSTRAINT `contractor_ibfk_1` FOREIGN KEY (`controller_id`) REFERENCES `login` (`controller_id`) ON DELETE CASCADE ON UPDATE CASCADE;

--
-- Constraints for table `employee`
--
ALTER TABLE `employee`
  ADD CONSTRAINT `employee_ibfk_1` FOREIGN KEY (`manager_id`) REFERENCES `manager` (`manager_id`) ON DELETE CASCADE ON UPDATE CASCADE;

--
-- Constraints for table `forman`
--
ALTER TABLE `forman`
  ADD CONSTRAINT `forman_ibfk_1` FOREIGN KEY (`controller_id`) REFERENCES `login` (`controller_id`) ON DELETE CASCADE ON UPDATE CASCADE;

--
-- Constraints for table `manager`
--
ALTER TABLE `manager`
  ADD CONSTRAINT `manager_ibfk_1` FOREIGN KEY (`controller_id`) REFERENCES `login` (`controller_id`) ON DELETE CASCADE ON UPDATE CASCADE;

--
-- Constraints for table `material`
--
ALTER TABLE `material`
  ADD CONSTRAINT `material_ibfk_1` FOREIGN KEY (`stock_manager_id`) REFERENCES `stock_manager` (`stck_manager_id`) ON DELETE CASCADE ON UPDATE CASCADE;

--
-- Constraints for table `post`
--
ALTER TABLE `post`
  ADD CONSTRAINT `post_ibfk_1` FOREIGN KEY (`controller_id`) REFERENCES `login` (`controller_id`) ON DELETE CASCADE ON UPDATE CASCADE;

--
-- Constraints for table `project`
--
ALTER TABLE `project`
  ADD CONSTRAINT `project_ibfk_1` FOREIGN KEY (`manager_id`) REFERENCES `manager` (`manager_id`) ON DELETE CASCADE ON UPDATE CASCADE;

--
-- Constraints for table `schedule`
--
ALTER TABLE `schedule`
  ADD CONSTRAINT `schedule_ibfk_2` FOREIGN KEY (`contractor_id`) REFERENCES `contractor` (`contractor_id`) ON DELETE CASCADE ON UPDATE CASCADE,
  ADD CONSTRAINT `schedule_ibfk_3` FOREIGN KEY (`proj_id`) REFERENCES `project` (`proj_id`) ON DELETE CASCADE ON UPDATE CASCADE;

--
-- Constraints for table `stock_manager`
--
ALTER TABLE `stock_manager`
  ADD CONSTRAINT `stock_manager_ibfk_1` FOREIGN KEY (`controller_id`) REFERENCES `login` (`controller_id`) ON DELETE NO ACTION ON UPDATE CASCADE;
--
-- Database: `crane`
--
CREATE DATABASE IF NOT EXISTS `crane` DEFAULT CHARACTER SET latin1 COLLATE latin1_swedish_ci;
USE `crane`;

-- --------------------------------------------------------

--
-- Table structure for table `accounts`
--

CREATE TABLE `accounts` (
  `accid` int(30) NOT NULL,
  `student` varchar(30) NOT NULL,
  `amount` varchar(30) NOT NULL,
  `adminstrator` varchar(30) NOT NULL,
  `date` varchar(30) NOT NULL
) ENGINE=MyISAM DEFAULT CHARSET=latin1;

--
-- Dumping data for table `accounts`
--

INSERT INTO `accounts` (`accid`, `student`, `amount`, `adminstrator`, `date`) VALUES
(49, '49', '940000', 'accountant', '2016-04-19 09:12:36'),
(50, '50', '9400000', 'accountant', '2016-04-17 07:27:58'),
(40, '34', '900000', 'accountant', '2016-04-17 07:11:03'),
(39, '33', '950000', 'accountant', '2016-04-15 17:04:04'),
(51, '51', '700000', 'accountant', '2016-04-08 06:15:10');

-- --------------------------------------------------------

--
-- Table structure for table `cleared`
--

CREATE TABLE `cleared` (
  `clead_id` int(11) NOT NULL,
  `first_name` varchar(30) NOT NULL,
  `last_name` varchar(30) NOT NULL
) ENGINE=MyISAM DEFAULT CHARSET=latin1;

-- --------------------------------------------------------

--
-- Table structure for table `register`
--

CREATE TABLE `register` (
  `rid` int(11) NOT NULL,
  `first_name` varchar(30) NOT NULL,
  `last_name` varchar(30) NOT NULL,
  `other_names` varchar(30) NOT NULL,
  `gender` varchar(6) NOT NULL,
  `registration_number` varchar(30) NOT NULL,
  `course` varchar(30) NOT NULL,
  `place_of_birth` varchar(30) NOT NULL,
  `address` varchar(30) NOT NULL,
  `date_of_birth` varchar(30) NOT NULL,
  `note` varchar(255) NOT NULL,
  `image` varchar(255) NOT NULL,
  `sign` varchar(255) NOT NULL,
  `issue_status` varchar(1) NOT NULL DEFAULT '0',
  `date` varchar(30) NOT NULL
) ENGINE=InnoDB DEFAULT CHARSET=latin1;

--
-- Dumping data for table `register`
--

INSERT INTO `register` (`rid`, `first_name`, `last_name`, `other_names`, `gender`, `registration_number`, `course`, `place_of_birth`, `address`, `date_of_birth`, `note`, `image`, `sign`, `issue_status`, `date`) VALUES
(1, 'yihalem', 'atanaw', 'atanaw', 'Male', '237706', 'database', 'dangila', 'adama', '12-34-1998', 'good', '38361-photomania-d643ddcd8b72cceae3d8e10fe054d2b8.jpg', '5202-ss.jpg', '', '2016-11-17 21:39:34'),
(2, 'masresha', 'yayeh', 'masresha', 'Male', '1234', 'java', 'dama', 'addisabeba', '12/22/1980', 'good', '88628-photomania-d643ddcd8b72cceae3d8e10fe054d2b8.jpg', '17692-ss.jpg', '', '2016-11-17 22:03:26'),
(3, 'tilahun', 'gedefaw', 'tilahun', 'Male', '2351', 'java', 'markos', 'adama', '12-34-1998', 'good', '57062-45.jpg.png', '66757-photo.png', '', '2016-11-17 22:11:00');

-- --------------------------------------------------------

--
-- Table structure for table `tution`
--

CREATE TABLE `tution` (
  `tid` int(11) NOT NULL,
  `course` varchar(30) NOT NULL,
  `tution` varchar(10) NOT NULL,
  `date` varchar(30) NOT NULL
) ENGINE=MyISAM DEFAULT CHARSET=latin1;

--
-- Dumping data for table `tution`
--

INSERT INTO `tution` (`tid`, `course`, `tution`, `date`) VALUES
(23, '', '', '2016-11-17 22:11:32'),
(20, 'CIT', '1200000', '2016-04-15 17:02:39'),
(21, 'DIT', '900000', '2016-04-17 07:12:48'),
(22, 'BBAM', '700000', '2016-04-17 07:27:15');

-- --------------------------------------------------------

--
-- Table structure for table `users`
--

CREATE TABLE `users` (
  `uid` int(11) NOT NULL,
  `first_name` varchar(30) NOT NULL,
  `last_name` varchar(30) NOT NULL,
  `user_name` varchar(30) NOT NULL,
  `user_type` varchar(30) NOT NULL,
  `password` varchar(30) NOT NULL,
  `image` varchar(255) NOT NULL,
  `date` varchar(30) NOT NULL
) ENGINE=MyISAM DEFAULT CHARSET=latin1;

--
-- Dumping data for table `users`
--

INSERT INTO `users` (`uid`, `first_name`, `last_name`, `user_name`, `user_type`, `password`, `image`, `date`) VALUES
(2, 'kamuntu', 'jackson', 'account', 'accountant', 'account', '', '2016-03-16'),
(1, 'tywine', 'klan', 'registrar', 'registrar', 'registrar', '', '2016-03-16');

--
-- Indexes for dumped tables
--

--
-- Indexes for table `accounts`
--
ALTER TABLE `accounts`
  ADD PRIMARY KEY (`accid`);

--
-- Indexes for table `cleared`
--
ALTER TABLE `cleared`
  ADD PRIMARY KEY (`clead_id`);

--
-- Indexes for table `register`
--
ALTER TABLE `register`
  ADD PRIMARY KEY (`rid`);

--
-- Indexes for table `tution`
--
ALTER TABLE `tution`
  ADD PRIMARY KEY (`tid`);

--
-- Indexes for table `users`
--
ALTER TABLE `users`
  ADD PRIMARY KEY (`uid`);

--
-- AUTO_INCREMENT for dumped tables
--

--
-- AUTO_INCREMENT for table `accounts`
--
ALTER TABLE `accounts`
  MODIFY `accid` int(30) NOT NULL AUTO_INCREMENT, AUTO_INCREMENT=52;
--
-- AUTO_INCREMENT for table `cleared`
--
ALTER TABLE `cleared`
  MODIFY `clead_id` int(11) NOT NULL AUTO_INCREMENT;
--
-- AUTO_INCREMENT for table `register`
--
ALTER TABLE `register`
  MODIFY `rid` int(11) NOT NULL AUTO_INCREMENT, AUTO_INCREMENT=4;
--
-- AUTO_INCREMENT for table `tution`
--
ALTER TABLE `tution`
  MODIFY `tid` int(11) NOT NULL AUTO_INCREMENT, AUTO_INCREMENT=24;
--
-- AUTO_INCREMENT for table `users`
--
ALTER TABLE `users`
  MODIFY `uid` int(11) NOT NULL AUTO_INCREMENT, AUTO_INCREMENT=8;--
-- Database: `db`
--
CREATE DATABASE IF NOT EXISTS `db` DEFAULT CHARACTER SET latin1 COLLATE latin1_swedish_ci;
USE `db`;

-- --------------------------------------------------------

--
-- Table structure for table `comment`
--

CREATE TABLE `comment` (
  `comment_id` int(11) NOT NULL,
  `comment` text NOT NULL,
  `date_created` varchar(50) NOT NULL,
  `member_id` varchar(30) NOT NULL
) ENGINE=MyISAM DEFAULT CHARSET=latin1;

--
-- Dumping data for table `comment`
--

INSERT INTO `comment` (`comment_id`, `comment`, `date_created`, `member_id`) VALUES
(132, 'sdsdssf', '1328613060', '43'),
(133, 'dsdsdsdds', '1328613067', '43'),
(135, 'sds', '1328617260', '50'),
(171, 'awy', '1329664979', '46'),
(103, 'john', '1328370831', '50'),
(155, 'sdsdsd', '1329278523', '43'),
(160, 'sds', '1329283209', '43'),
(161, 'jlsfjjfjjjk', '1329458863', '43'),
(162, 'sdsd', '1329664332', '45'),
(163, 'aaa', '1329664356', '45'),
(172, 'sddd', '1329664988', '46'),
(173, 'dsdsd', '1329665017', '46'),
(174, '', '1479228338', '54'),
(175, 'hjghnj', '1479228343', '54');

-- --------------------------------------------------------

--
-- Table structure for table `day`
--

CREATE TABLE `day` (
  `day_id` int(11) NOT NULL,
  `day` int(2) NOT NULL
) ENGINE=MyISAM DEFAULT CHARSET=latin1;

--
-- Dumping data for table `day`
--

INSERT INTO `day` (`day_id`, `day`) VALUES
(1, 1),
(2, 2),
(3, 3),
(4, 4),
(5, 5),
(6, 6),
(7, 7),
(8, 8),
(9, 9),
(10, 10),
(11, 11),
(12, 12),
(13, 13),
(14, 14),
(15, 15),
(16, 16),
(17, 17),
(18, 18),
(19, 19),
(20, 20),
(21, 21),
(22, 22),
(23, 23),
(24, 24),
(25, 25),
(26, 26),
(27, 27),
(28, 28),
(29, 29),
(30, 30),
(31, 31);

-- --------------------------------------------------------

--
-- Table structure for table `friends`
--

CREATE TABLE `friends` (
  `member_id` int(11) NOT NULL,
  `datetime` datetime NOT NULL,
  `status` varchar(11) NOT NULL,
  `friends_with` int(11) NOT NULL
) ENGINE=MyISAM DEFAULT CHARSET=latin1;

--
-- Dumping data for table `friends`
--

INSERT INTO `friends` (`member_id`, `datetime`, `status`, `friends_with`) VALUES
(43, '2012-02-19 18:53:14', 'conf', 46),
(54, '2016-11-15 08:46:01', 'unconf', 41),
(54, '2016-11-15 08:46:07', 'unconf', 43);

-- --------------------------------------------------------

--
-- Table structure for table `likes`
--

CREATE TABLE `likes` (
  `like_id` int(11) NOT NULL,
  `remarks` text NOT NULL,
  `remarksby` varchar(30) NOT NULL
) ENGINE=MyISAM DEFAULT CHARSET=latin1;

-- --------------------------------------------------------

--
-- Table structure for table `members`
--

CREATE TABLE `members` (
  `member_id` int(11) NOT NULL,
  `UserName` varchar(10) NOT NULL,
  `Password` varchar(80) NOT NULL,
  `FirstName` varchar(30) NOT NULL,
  `LastName` varchar(30) NOT NULL,
  `Address` varchar(200) NOT NULL,
  `ContactNo` varchar(14) NOT NULL,
  `Url` varchar(100) NOT NULL,
  `Birthdate` varchar(20) NOT NULL,
  `Gender` varchar(6) NOT NULL,
  `DateAdded` datetime NOT NULL,
  `profImage` varchar(200) NOT NULL,
  `curcity` varchar(50) NOT NULL,
  `hometown` varchar(50) NOT NULL,
  `Interested` varchar(30) NOT NULL,
  `language` varchar(30) NOT NULL,
  `college` varchar(100) NOT NULL,
  `highschool` varchar(200) NOT NULL,
  `experiences` varchar(200) NOT NULL,
  `arts` text NOT NULL,
  `aboutme` text NOT NULL,
  `month` varchar(20) NOT NULL,
  `day` varchar(2) NOT NULL,
  `year` varchar(4) NOT NULL,
  `Stats` varchar(30) NOT NULL
) ENGINE=MyISAM DEFAULT CHARSET=latin1;

--
-- Dumping data for table `members`
--

INSERT INTO `members` (`member_id`, `UserName`, `Password`, `FirstName`, `LastName`, `Address`, `ContactNo`, `Url`, `Birthdate`, `Gender`, `DateAdded`, `profImage`, `curcity`, `hometown`, `Interested`, `language`, `college`, `highschool`, `experiences`, `arts`, `aboutme`, `month`, `day`, `year`, `Stats`) VALUES
(34, 'js', '32981a13284db7a0', 'jorgielyn', 'Serfino', 'ilog', '09096520595', 'twinkle_serfino@yahoo.com', 'October/16/1993', 'Female', '0000-00-00 00:00:00', 'upload/p.jpg', 'ilog', '', '', '', '', '', '', '', '', 'October', '16', '1993', ''),
(41, 's', '03c7c0ace395d80182db07ae2c30f034', 's', 's', 's', 's', 's@fgh.com', 'January/1/2012', 'Female', '0000-00-00 00:00:00', 'upload/a.jpg', 's', '', '', '', '', '', '', '', '', 'January', '1', '2012', 'Single'),
(43, 'k', '8ce4b16b22b58894aa86c421e8759df3', 'kevin', 'Lorayna', 'Bago City', '09466651154', 'kevin_lorayna@yahoo.com', '12/24/1993', 'Male', '0000-00-00 00:00:00', 'upload/iron-man-2.jpg', 'k', '', 'Women', 'Hiligaynon', 'CHMSC', 'Our Lady of the Pillar Academy', '', '', 'Simple Lang', '', '', '', 'Single'),
(44, 'shehe', '52fa0118a02429506778c063f5d1638f', 'shiera mae', 'tuting', 'talisay city', '09127730611', 'kyziel_me@yahoo.com', 'February/1/2012', 'Female', '0000-00-00 00:00:00', 'upload/Between_Darkness_and_Wonder_Black_Purity_HD_Wallpaper.jpg', 'talisay city', '', 'Men', 'c++, c, vb6, php, html', 'chmsc', 'chmsc', '', '', 'iam me', 'February', '1', '2012', 'Single'),
(45, 'emoblazz', '827ccb0eea8a706c4c34a16891f84e7b', 'Honeylee', 'Magbanua', 'Bago City', '123456789', 'emoblazz@yahoo.com', 'October/14/1989', 'Female', '0000-00-00 00:00:00', 'upload/a.jpg', 'Bago City', '', '', '', '', '', '', '', '', 'October', '14', '1989', ''),
(46, 'js', '32981a13284db7a021131df49e6cd203', 'twinkle', 'serfino', 'js', '90909', 'js@yahoo.com', 'January/1/2012', 'Female', '0000-00-00 00:00:00', 'upload/p.jpg', 'js', '', '', '', '', '', '', '', '', '', '', '', ''),
(50, 'jk', '051a9911de7b5bbc610b76f4eda834a0', 'john kevin amos', 'lorayna', 'Bago City', '09127730611', 'kevin_lorayna@yahoo.com', 'January/1/2012', 'Female', '0000-00-00 00:00:00', 'upload/a.jpg', 'Bago City', '', '', '', '', '', '', '', '', '', '', '', ''),
(48, 'kj', '771f01104d905386a134a676167edccc', 'kent john', 'lorayna', 'Bago City', '90908989', 'kevin_lorayna@yahoo.com', 'January/1/2012', 'Female', '0000-00-00 00:00:00', 'upload/p.jpg', 'Bago City', '', '', '', '', '', '', '', '', 'January', '1', '2012', ''),
(49, 'jk', '051a9911de7b5bbc610b76f4eda834a0', 'jk', 'jk', 'jk', 'jk', 'js@yahoo.com', 'January/1/2012', 'Female', '0000-00-00 00:00:00', 'upload/p.jpg', 'jk', '', '', '', '', '', '', '', '', 'January', '1', '2012', ''),
(51, 'jam', '5275cb415e5bc3948e8f2cd492859f26', 'maricon', 'itona', 'victorias city', '09468282747', 'mariconitona@gmail.com', 'July/11/1992', 'Female', '0000-00-00 00:00:00', 'upload/p.jpg', 'victorias city', '', '', '', '', '', '', '', '', 'July', '11', '1992', ''),
(54, 'tyyu', '7bfcb8d7cd6cd1633a8826af75713f14', 'tilahun', 'gedefaw', 'asdr', '325434556', 'tilahun003@gmail.com', '11/09/2016', 'Male', '0000-00-00 00:00:00', 'upload/p.jpg', 'asdr', '', '', '', '', '', '', '', '', '', '', '', '');

-- --------------------------------------------------------

--
-- Table structure for table `messages`
--

CREATE TABLE `messages` (
  `message_id` int(11) NOT NULL,
  `receiver` varchar(40) NOT NULL,
  `recipient` varchar(40) NOT NULL,
  `datetime` datetime NOT NULL,
  `content` varchar(100) NOT NULL,
  `status` varchar(6) NOT NULL
) ENGINE=MyISAM DEFAULT CHARSET=latin1;

-- --------------------------------------------------------

--
-- Table structure for table `month`
--

CREATE TABLE `month` (
  `month_id` int(11) NOT NULL,
  `month` varchar(15) NOT NULL
) ENGINE=MyISAM DEFAULT CHARSET=latin1;

--
-- Dumping data for table `month`
--

INSERT INTO `month` (`month_id`, `month`) VALUES
(1, 'January'),
(2, 'February'),
(3, 'March'),
(4, 'April'),
(5, 'May'),
(6, 'June'),
(7, 'July'),
(8, 'August'),
(9, 'September'),
(10, 'October'),
(11, 'November'),
(12, 'December');

-- --------------------------------------------------------

--
-- Table structure for table `photos`
--

CREATE TABLE `photos` (
  `photo_id` int(11) NOT NULL,
  `location` varchar(200) NOT NULL,
  `member_id` int(11) NOT NULL
) ENGINE=MyISAM DEFAULT CHARSET=latin1;

--
-- Dumping data for table `photos`
--

INSERT INTO `photos` (`photo_id`, `location`, `member_id`) VALUES
(20, 'upload/[large][AnimePaper]wallpapers_Mobile-Suit-Gundam-Seed-Destiny_Rukawa11(1.33)__THISRES__72873.jpg', 43),
(28, 'upload/Iron_Man_Movie_by_anaheim_420.jpg', 43),
(29, 'upload/bleach_48_640.jpg', 46),
(30, 'upload/Jellyfish.jpg', 43),
(31, 'upload/DSC00467.jpg', 43),
(32, 'upload/DSC00497.jpg', 43),
(17, 'upload/a.jpg', 43),
(13, 'upload/12819748323869.jpg', 43),
(14, 'upload/a.jpg', 43),
(21, 'upload/Between_Darkness_and_Wonder_Black_Purity_HD_Wallpaper.jpg', 43),
(22, 'upload/black-abstract-windows7-seven-desktop-wallpaper-1600x1200.jpg', 43),
(23, 'upload/captain-jsck-sparrow.jpg', 43),
(33, 'upload/DSC00476.jpg', 43),
(34, 'upload/img-wallpapers-windows-vista-carbon-lupuce-21748.jpg', 43),
(25, 'upload/a.jpg', 46),
(35, 'upload/Code_Geass__Zero_Vector_by_Reina_Kitsune.jpg', 43);

-- --------------------------------------------------------

--
-- Table structure for table `postcomment`
--

CREATE TABLE `postcomment` (
  `comment_id` int(11) NOT NULL,
  `content` text NOT NULL,
  `commentedby` varchar(30) NOT NULL,
  `pic` varchar(100) NOT NULL,
  `id` int(40) NOT NULL,
  `date_created` varchar(50) NOT NULL
) ENGINE=MyISAM DEFAULT CHARSET=latin1;

--
-- Dumping data for table `postcomment`
--

INSERT INTO `postcomment` (`comment_id`, `content`, `commentedby`, `pic`, `id`, `date_created`) VALUES
(31, 'dsd', '46', 'upload/p.jpg', 171, '1329664982');

-- --------------------------------------------------------

--
-- Table structure for table `year`
--

CREATE TABLE `year` (
  `year_id` int(11) NOT NULL,
  `year` int(4) NOT NULL
) ENGINE=MyISAM DEFAULT CHARSET=latin1;

--
-- Dumping data for table `year`
--

INSERT INTO `year` (`year_id`, `year`) VALUES
(30, 1983),
(29, 1984),
(28, 1985),
(27, 1986),
(26, 1987),
(25, 1988),
(24, 1989),
(23, 1990),
(22, 1991),
(21, 1992),
(20, 1993),
(19, 1994),
(18, 1995),
(17, 1996),
(16, 1997),
(15, 1998),
(14, 1999),
(13, 2000),
(12, 2001),
(11, 2002),
(10, 2003),
(9, 2004),
(8, 2005),
(7, 2006),
(6, 2007),
(5, 2008),
(4, 2009),
(3, 2010),
(2, 2011),
(1, 2012),
(43, 1970),
(42, 1971),
(41, 1972),
(40, 1973),
(39, 1974),
(38, 1975),
(37, 1976),
(36, 1977),
(35, 1978),
(34, 1979),
(33, 1980),
(32, 1981),
(31, 1982);

--
-- Indexes for dumped tables
--

--
-- Indexes for table `comment`
--
ALTER TABLE `comment`
  ADD PRIMARY KEY (`comment_id`);

--
-- Indexes for table `day`
--
ALTER TABLE `day`
  ADD PRIMARY KEY (`day_id`);

--
-- Indexes for table `likes`
--
ALTER TABLE `likes`
  ADD PRIMARY KEY (`like_id`);

--
-- Indexes for table `members`
--
ALTER TABLE `members`
  ADD PRIMARY KEY (`member_id`);

--
-- Indexes for table `messages`
--
ALTER TABLE `messages`
  ADD PRIMARY KEY (`message_id`);

--
-- Indexes for table `month`
--
ALTER TABLE `month`
  ADD PRIMARY KEY (`month_id`);

--
-- Indexes for table `photos`
--
ALTER TABLE `photos`
  ADD PRIMARY KEY (`photo_id`);

--
-- Indexes for table `postcomment`
--
ALTER TABLE `postcomment`
  ADD PRIMARY KEY (`comment_id`);

--
-- Indexes for table `year`
--
ALTER TABLE `year`
  ADD PRIMARY KEY (`year_id`);

--
-- AUTO_INCREMENT for dumped tables
--

--
-- AUTO_INCREMENT for table `comment`
--
ALTER TABLE `comment`
  MODIFY `comment_id` int(11) NOT NULL AUTO_INCREMENT, AUTO_INCREMENT=176;
--
-- AUTO_INCREMENT for table `day`
--
ALTER TABLE `day`
  MODIFY `day_id` int(11) NOT NULL AUTO_INCREMENT, AUTO_INCREMENT=32;
--
-- AUTO_INCREMENT for table `likes`
--
ALTER TABLE `likes`
  MODIFY `like_id` int(11) NOT NULL AUTO_INCREMENT;
--
-- AUTO_INCREMENT for table `members`
--
ALTER TABLE `members`
  MODIFY `member_id` int(11) NOT NULL AUTO_INCREMENT, AUTO_INCREMENT=55;
--
-- AUTO_INCREMENT for table `messages`
--
ALTER TABLE `messages`
  MODIFY `message_id` int(11) NOT NULL AUTO_INCREMENT, AUTO_INCREMENT=41;
--
-- AUTO_INCREMENT for table `month`
--
ALTER TABLE `month`
  MODIFY `month_id` int(11) NOT NULL AUTO_INCREMENT, AUTO_INCREMENT=13;
--
-- AUTO_INCREMENT for table `photos`
--
ALTER TABLE `photos`
  MODIFY `photo_id` int(11) NOT NULL AUTO_INCREMENT, AUTO_INCREMENT=36;
--
-- AUTO_INCREMENT for table `postcomment`
--
ALTER TABLE `postcomment`
  MODIFY `comment_id` int(11) NOT NULL AUTO_INCREMENT, AUTO_INCREMENT=32;
--
-- AUTO_INCREMENT for table `year`
--
ALTER TABLE `year`
  MODIFY `year_id` int(11) NOT NULL AUTO_INCREMENT, AUTO_INCREMENT=44;--
-- Database: `db_elearning`
--
CREATE DATABASE IF NOT EXISTS `db_elearning` DEFAULT CHARACTER SET latin1 COLLATE latin1_swedish_ci;
USE `db_elearning`;

-- --------------------------------------------------------

--
-- Table structure for table `tbl_adminlogin`
--

CREATE TABLE `tbl_adminlogin` (
  `admin_id` varchar(30) NOT NULL,
  `password` varchar(30) NOT NULL
) ENGINE=MyISAM DEFAULT CHARSET=latin1;

--
-- Dumping data for table `tbl_adminlogin`
--

INSERT INTO `tbl_adminlogin` (`admin_id`, `password`) VALUES
('admin', '456');

-- --------------------------------------------------------

--
-- Table structure for table `tbl_city`
--

CREATE TABLE `tbl_city` (
  `city_id` int(11) NOT NULL,
  `city_name` varchar(50) NOT NULL,
  `state_id` int(11) NOT NULL
) ENGINE=MyISAM DEFAULT CHARSET=latin1;

--
-- Dumping data for table `tbl_city`
--

INSERT INTO `tbl_city` (`city_id`, `city_name`, `state_id`) VALUES
(1, 'Jaipur', 1),
(2, 'Ajmer', 1);

-- --------------------------------------------------------

--
-- Table structure for table `tbl_comment`
--

CREATE TABLE `tbl_comment` (
  `comment_id` int(11) NOT NULL,
  `comment_name` varchar(40) NOT NULL,
  `comment_image` varchar(500) NOT NULL,
  `comment_desc` varchar(2000) NOT NULL
) ENGINE=MyISAM DEFAULT CHARSET=latin1;

--
-- Dumping data for table `tbl_comment`
--

INSERT INTO `tbl_comment` (`comment_id`, `comment_name`, `comment_image`, `comment_desc`) VALUES
(16, 'sumit jain', 'upload_data/comment/22012012571.jpg', 'waw ! what a site ...'),
(15, 'suraj', 'upload_data/comment/120211-1256.jpg', 'nice site this is ...'),
(17, 'mustkeem ', 'upload_data/comment/19012012391.jpg', 'hello ! it is very help ful website..\r\n'),
(18, 'yash', 'upload_data/comment/14012012350.jpg', 'Very Interactive Website\r\n'),
(19, 'tarkeshwar sahani', 'upload_data/comment/19032012836.jpg', 'hello ! kya site hai ,');

-- --------------------------------------------------------

--
-- Table structure for table `tbl_country`
--

CREATE TABLE `tbl_country` (
  `country_id` int(11) NOT NULL,
  `country_name` varchar(30) NOT NULL
) ENGINE=MyISAM DEFAULT CHARSET=latin1;

--
-- Dumping data for table `tbl_country`
--

INSERT INTO `tbl_country` (`country_id`, `country_name`) VALUES
(1, 'India'),
(2, 'Srilanka'),
(3, 'Pakistan'),
(4, 'USA'),
(5, 'Afganistan'),
(6, 'Nepal'),
(7, 'China'),
(8, 'Malesia'),
(9, 'Indonasia'),
(10, 'Russia');

-- --------------------------------------------------------

--
-- Table structure for table `tbl_course`
--

CREATE TABLE `tbl_course` (
  `course_id` int(11) NOT NULL,
  `course_name` varchar(30) DEFAULT NULL
) ENGINE=MyISAM DEFAULT CHARSET=latin1;

--
-- Dumping data for table `tbl_course`
--

INSERT INTO `tbl_course` (`course_id`, `course_name`) VALUES
(1, 'PHP'),
(2, 'JAVA'),
(5, 'TEST'),
(4, 'Ethical Hacking'),
(6, 'C++');

-- --------------------------------------------------------

--
-- Table structure for table `tbl_gallery`
--

CREATE TABLE `tbl_gallery` (
  `software_id` int(11) NOT NULL,
  `software_size` varchar(20) NOT NULL,
  `software_name` varchar(50) DEFAULT NULL,
  `software_file` varchar(300) DEFAULT NULL,
  `software_desc` text
) ENGINE=MyISAM DEFAULT CHARSET=latin1;

--
-- Dumping data for table `tbl_gallery`
--

INSERT INTO `tbl_gallery` (`software_id`, `software_size`, `software_name`, `software_file`, `software_desc`) VALUES
(3, '0.38 MB', 'micro', 'upload_data/software/netbeans.exe', 'kdjklasjdfkds'),
(2, '2.58 MB', 'Internet download manager', 'upload_data/software/idman514.exe', 'jjj');

-- --------------------------------------------------------

--
-- Table structure for table `tbl_news`
--

CREATE TABLE `tbl_news` (
  `news_id` int(11) NOT NULL,
  `news_title` varchar(100) DEFAULT NULL,
  `news_description` varchar(2000) DEFAULT NULL,
  `news_date` varchar(10) DEFAULT NULL
) ENGINE=MyISAM DEFAULT CHARSET=latin1;

--
-- Dumping data for table `tbl_news`
--

INSERT INTO `tbl_news` (`news_id`, `news_title`, `news_description`, `news_date`) VALUES
(1, 'Ethical Hacking', 'it is window hacking seminar on remote connection', '21/08/2011'),
(3, 'test', 'test is sample', '12/02/2012');

-- --------------------------------------------------------

--
-- Table structure for table `tbl_pdf`
--

CREATE TABLE `tbl_pdf` (
  `pdf_id` int(11) NOT NULL,
  `pdf_name` varchar(30) DEFAULT NULL,
  `pdf_path` varchar(500) DEFAULT NULL,
  `pdf_desc` varchar(500) DEFAULT NULL,
  `course_id` int(11) DEFAULT NULL
) ENGINE=MyISAM DEFAULT CHARSET=latin1;

--
-- Dumping data for table `tbl_pdf`
--

INSERT INTO `tbl_pdf` (`pdf_id`, `pdf_name`, `pdf_path`, `pdf_desc`, `course_id`) VALUES
(1, 'Window Hacking', 'upload_data/pdf/anatomybook47.pdf', 'it is security book', 4),
(3, 'Introduction of PHP', 'upload_data/pdf/p25_34.pdf', 'test book', 1);

-- --------------------------------------------------------

--
-- Table structure for table `tbl_state`
--

CREATE TABLE `tbl_state` (
  `state_id` int(11) NOT NULL,
  `state_name` varchar(50) NOT NULL,
  `country_id` int(11) NOT NULL
) ENGINE=MyISAM DEFAULT CHARSET=latin1;

--
-- Dumping data for table `tbl_state`
--

INSERT INTO `tbl_state` (`state_id`, `state_name`, `country_id`) VALUES
(1, 'Rajasthan', 1),
(5, 'Colombo', 2);

-- --------------------------------------------------------

--
-- Table structure for table `tbl_user`
--

CREATE TABLE `tbl_user` (
  `user_id` int(11) NOT NULL,
  `user_name` varchar(50) NOT NULL,
  `user_address` varchar(150) NOT NULL,
  `user_phone` varchar(15) NOT NULL,
  `user_email` varchar(100) NOT NULL,
  `user_password` varchar(30) NOT NULL,
  `user_status` int(2) NOT NULL,
  `city_id` int(11) NOT NULL,
  `course_id` int(11) NOT NULL,
  `user_image` varchar(500) NOT NULL
) ENGINE=MyISAM DEFAULT CHARSET=latin1;

--
-- Dumping data for table `tbl_user`
--

INSERT INTO `tbl_user` (`user_id`, `user_name`, `user_address`, `user_phone`, `user_email`, `user_password`, `user_status`, `city_id`, `course_id`, `user_image`) VALUES
(1, 'Dinesh', 'Jaipur', '9602955530', 'aryandineshkumar@gmail.com', '123', 1, 1, 2, ''),
(2, 'Anurag Chhabra', 'E-12, Rampath Shyam Nagar', '9587195872', 'acsweetanurag@gmail.com', '123456', 1, 1, 1, 'upload_data/user/3.jpg'),
(3, 'Vikram Singhania', '123/10, agarwal farm,\r\nJaipur', '9928000111', 'vickysinghania90@gmail.com', '11', 1, 1, 1, 'upload_data/user/DSC01702 - Copy.jpg'),
(4, 'suraj m', 'aaa', '7769', 'surajopk111@gmail.com', '222', 1, 1, 1, 'upload_data/user/SURAJ KHANDELWAL.jpg');

-- --------------------------------------------------------

--
-- Table structure for table `tbl_video`
--

CREATE TABLE `tbl_video` (
  `video_id` int(11) NOT NULL,
  `video_title` varchar(100) DEFAULT NULL,
  `video_path` varchar(500) DEFAULT NULL,
  `video_image` varchar(500) DEFAULT NULL,
  `video_desc` varchar(600) DEFAULT NULL,
  `course_id` int(11) DEFAULT NULL
) ENGINE=MyISAM DEFAULT CHARSET=latin1;

--
-- Dumping data for table `tbl_video`
--

INSERT INTO `tbl_video` (`video_id`, `video_title`, `video_path`, `video_image`, `video_desc`, `course_id`) VALUES
(2, 'PHP intro', 'upload_data/video/abc.mpeg', 'upload_data/image/acp.jpg', 'it is test', 1);

--
-- Indexes for dumped tables
--

--
-- Indexes for table `tbl_adminlogin`
--
ALTER TABLE `tbl_adminlogin`
  ADD PRIMARY KEY (`admin_id`);

--
-- Indexes for table `tbl_city`
--
ALTER TABLE `tbl_city`
  ADD PRIMARY KEY (`city_id`);

--
-- Indexes for table `tbl_comment`
--
ALTER TABLE `tbl_comment`
  ADD PRIMARY KEY (`comment_id`);

--
-- Indexes for table `tbl_country`
--
ALTER TABLE `tbl_country`
  ADD PRIMARY KEY (`country_id`);

--
-- Indexes for table `tbl_course`
--
ALTER TABLE `tbl_course`
  ADD PRIMARY KEY (`course_id`);

--
-- Indexes for table `tbl_gallery`
--
ALTER TABLE `tbl_gallery`
  ADD PRIMARY KEY (`software_id`);

--
-- Indexes for table `tbl_news`
--
ALTER TABLE `tbl_news`
  ADD PRIMARY KEY (`news_id`);

--
-- Indexes for table `tbl_pdf`
--
ALTER TABLE `tbl_pdf`
  ADD PRIMARY KEY (`pdf_id`);

--
-- Indexes for table `tbl_state`
--
ALTER TABLE `tbl_state`
  ADD PRIMARY KEY (`state_id`);

--
-- Indexes for table `tbl_user`
--
ALTER TABLE `tbl_user`
  ADD PRIMARY KEY (`user_id`),
  ADD UNIQUE KEY `user_email` (`user_email`),
  ADD UNIQUE KEY `user_email_2` (`user_email`);

--
-- Indexes for table `tbl_video`
--
ALTER TABLE `tbl_video`
  ADD PRIMARY KEY (`video_id`);

--
-- AUTO_INCREMENT for dumped tables
--

--
-- AUTO_INCREMENT for table `tbl_city`
--
ALTER TABLE `tbl_city`
  MODIFY `city_id` int(11) NOT NULL AUTO_INCREMENT, AUTO_INCREMENT=4;
--
-- AUTO_INCREMENT for table `tbl_comment`
--
ALTER TABLE `tbl_comment`
  MODIFY `comment_id` int(11) NOT NULL AUTO_INCREMENT, AUTO_INCREMENT=20;
--
-- AUTO_INCREMENT for table `tbl_country`
--
ALTER TABLE `tbl_country`
  MODIFY `country_id` int(11) NOT NULL AUTO_INCREMENT, AUTO_INCREMENT=11;
--
-- AUTO_INCREMENT for table `tbl_course`
--
ALTER TABLE `tbl_course`
  MODIFY `course_id` int(11) NOT NULL AUTO_INCREMENT, AUTO_INCREMENT=7;
--
-- AUTO_INCREMENT for table `tbl_gallery`
--
ALTER TABLE `tbl_gallery`
  MODIFY `software_id` int(11) NOT NULL AUTO_INCREMENT, AUTO_INCREMENT=4;
--
-- AUTO_INCREMENT for table `tbl_news`
--
ALTER TABLE `tbl_news`
  MODIFY `news_id` int(11) NOT NULL AUTO_INCREMENT, AUTO_INCREMENT=4;
--
-- AUTO_INCREMENT for table `tbl_pdf`
--
ALTER TABLE `tbl_pdf`
  MODIFY `pdf_id` int(11) NOT NULL AUTO_INCREMENT, AUTO_INCREMENT=4;
--
-- AUTO_INCREMENT for table `tbl_state`
--
ALTER TABLE `tbl_state`
  MODIFY `state_id` int(11) NOT NULL AUTO_INCREMENT, AUTO_INCREMENT=6;
--
-- AUTO_INCREMENT for table `tbl_user`
--
ALTER TABLE `tbl_user`
  MODIFY `user_id` int(11) NOT NULL AUTO_INCREMENT, AUTO_INCREMENT=5;
--
-- AUTO_INCREMENT for table `tbl_video`
--
ALTER TABLE `tbl_video`
  MODIFY `video_id` int(11) NOT NULL AUTO_INCREMENT, AUTO_INCREMENT=3;--
-- Database: `dblogin`
--
CREATE DATABASE IF NOT EXISTS `dblogin` DEFAULT CHARACTER SET latin1 COLLATE latin1_swedish_ci;
USE `dblogin`;

-- --------------------------------------------------------

--
-- Table structure for table `users`
--

CREATE TABLE `users` (
  `user_id` int(11) NOT NULL,
  `user_name` varchar(15) NOT NULL,
  `user_email` varchar(40) NOT NULL,
  `user_pass` varchar(255) NOT NULL,
  `joining_date` timestamp NOT NULL DEFAULT CURRENT_TIMESTAMP
) ENGINE=MyISAM DEFAULT CHARSET=latin1;

--
-- Indexes for dumped tables
--

--
-- Indexes for table `users`
--
ALTER TABLE `users`
  ADD PRIMARY KEY (`user_id`);

--
-- AUTO_INCREMENT for dumped tables
--

--
-- AUTO_INCREMENT for table `users`
--
ALTER TABLE `users`
  MODIFY `user_id` int(11) NOT NULL AUTO_INCREMENT;--
-- Database: `dbpdo`
--
CREATE DATABASE IF NOT EXISTS `dbpdo` DEFAULT CHARACTER SET latin1 COLLATE latin1_swedish_ci;
USE `dbpdo`;

-- --------------------------------------------------------

--
-- Table structure for table `tbl_users`
--

CREATE TABLE `tbl_users` (
  `id` int(11) NOT NULL,
  `first_name` varchar(25) NOT NULL,
  `last_name` varchar(25) NOT NULL,
  `email_id` varchar(50) NOT NULL,
  `contact_no` bigint(10) NOT NULL
) ENGINE=InnoDB DEFAULT CHARSET=latin1;

--
-- Dumping data for table `tbl_users`
--

INSERT INTO `tbl_users` (`id`, `first_name`, `last_name`, `email_id`, `contact_no`) VALUES
(24, 'sohan', 'mahamune', 'sohan@gmail.com', 9874563210),
(25, 'john', 'doe', 'john@someone.com', 9778456123),
(26, 'test', 'test', 'test@test.com', 8745691230),
(27, 'gthg', 'hgj', 't@gmail.com', 5467),
(28, 'tilahun', 'gedefaw', 'tyyu@gmail.com', 87468906);

--
-- Indexes for dumped tables
--

--
-- Indexes for table `tbl_users`
--
ALTER TABLE `tbl_users`
  ADD PRIMARY KEY (`id`);

--
-- AUTO_INCREMENT for dumped tables
--

--
-- AUTO_INCREMENT for table `tbl_users`
--
ALTER TABLE `tbl_users`
  MODIFY `id` int(11) NOT NULL AUTO_INCREMENT, AUTO_INCREMENT=29;--
-- Database: `dbtuts`
--
CREATE DATABASE IF NOT EXISTS `dbtuts` DEFAULT CHARACTER SET latin1 COLLATE latin1_swedish_ci;
USE `dbtuts`;

-- --------------------------------------------------------

--
-- Table structure for table `tbl_uploads`
--

CREATE TABLE `tbl_uploads` (
  `id` int(10) NOT NULL,
  `file` varchar(100) NOT NULL,
  `type` varchar(30) NOT NULL,
  `size` int(11) NOT NULL
) ENGINE=MyISAM DEFAULT CHARSET=latin1;

--
-- Dumping data for table `tbl_uploads`
--

INSERT INTO `tbl_uploads` (`id`, `file`, `type`, `size`) VALUES
(1, '70455-(r)11d.jpg', 'image/jpeg', 19),
(2, '77190-3d-glass-green-effect.jpg', 'image/jpeg', 249),
(3, '12012-facebook_11.mp4', 'video/mp4', 307),
(4, '46887-facebook_11.mp4', 'video/mp4', 307);

--
-- Indexes for dumped tables
--

--
-- Indexes for table `tbl_uploads`
--
ALTER TABLE `tbl_uploads`
  ADD PRIMARY KEY (`id`);

--
-- AUTO_INCREMENT for dumped tables
--

--
-- AUTO_INCREMENT for table `tbl_uploads`
--
ALTER TABLE `tbl_uploads`
  MODIFY `id` int(10) NOT NULL AUTO_INCREMENT, AUTO_INCREMENT=5;--
-- Database: `dbudms`
--
CREATE DATABASE IF NOT EXISTS `dbudms` DEFAULT CHARACTER SET latin1 COLLATE latin1_swedish_ci;
USE `dbudms`;

-- --------------------------------------------------------

--
-- Table structure for table `block`
--

CREATE TABLE `block` (
  `block_no` varchar(3) NOT NULL DEFAULT '',
  `norooms` varchar(4) DEFAULT NULL,
  `faculty` varchar(30) DEFAULT NULL,
  `batch` varchar(20) NOT NULL,
  `sexcategory` varchar(8) DEFAULT NULL,
  `user_id` varchar(20) DEFAULT NULL,
  `phone` varchar(13) DEFAULT NULL
) ENGINE=InnoDB DEFAULT CHARSET=latin1;

-- --------------------------------------------------------

--
-- Table structure for table `comment`
--

CREATE TABLE `comment` (
  `id` int(11) NOT NULL,
  `fname` varchar(25) NOT NULL,
  `email` varchar(25) NOT NULL,
  `message` varchar(250) NOT NULL
) ENGINE=InnoDB DEFAULT CHARSET=latin1;

-- --------------------------------------------------------

--
-- Table structure for table `registrar`
--

CREATE TABLE `registrar` (
  `no` int(11) NOT NULL,
  `fname` varchar(20) NOT NULL,
  `mname` varchar(20) NOT NULL,
  `lname` varchar(20) NOT NULL,
  `stud_id` varchar(20) NOT NULL,
  `sex` varchar(20) NOT NULL,
  `batch` varchar(20) NOT NULL,
  `faculty` varchar(30) NOT NULL,
  `department` varchar(30) NOT NULL
) ENGINE=MyISAM DEFAULT CHARSET=latin1;

--
-- Dumping data for table `registrar`
--

INSERT INTO `registrar` (`no`, `fname`, `mname`, `lname`, `stud_id`, `sex`, `batch`, `faculty`, `department`) VALUES
(1, 'abebe', 'kshf', 'djhfgdj', '100', 'male', '3rdyear', 'computing', 'information technology'),
(2, 'djfhgdj', 'sjdhfgj', 'jfdk', '101', 'male', '4thyear', 'computing', 'information technology'),
(3, 'temesegan', 'djfh', 'jdfhg', '102', 'male', '4thyear', 'computing', 'information technology'),
(4, 'jfhdghj', 'g', 'jfhjfh', '103', 'male', '4thyear', 'computing', 'information technology'),
(5, 'hjf', 'jsdhb', 'fdjgbd', '104', 'male', '4thyear', 'computing', 'information technology'),
(6, 'abebech', 'alemu', 'djhgfjh', '023', 'female', '4thyear', 'computing', 'computer science'),
(7, 'dfhjh', 'jhdsgsj', 'fhgj', '152', 'female', '4thyear', 'computing', 'information technology'),
(8, 'fhfd', 'jhdlgkjsgsj', 'fhgj', '132', 'male', '4thyear', 'agree', 'information technology'),
(9, 'jfkdgsj', 'jksdghjk', 'dfjhg', '58', 'male', '4thyear', 'computing', 'cs'),
(10, 'dsfdfbl', 'dfjbh', 'jhfvdfjhdf', '109', 'male', '4thyear', 'computing', 'is');

-- --------------------------------------------------------

--
-- Table structure for table `room`
--

CREATE TABLE `room` (
  `block_no` varchar(3) DEFAULT NULL,
  `room_no` varchar(3) NOT NULL DEFAULT '',
  `nobed` int(2) DEFAULT NULL
) ENGINE=InnoDB DEFAULT CHARSET=latin1;

-- --------------------------------------------------------

--
-- Table structure for table `students`
--

CREATE TABLE `students` (
  `fname` varchar(30) DEFAULT NULL,
  `mname` varchar(30) DEFAULT NULL,
  `lname` varchar(30) DEFAULT NULL,
  `stud_id` varchar(15) NOT NULL DEFAULT '',
  `sex` varchar(8) DEFAULT NULL,
  `batch` varchar(10) DEFAULT NULL,
  `faculty` varchar(25) DEFAULT NULL,
  `block_no` varchar(3) DEFAULT NULL,
  `room_no` varchar(3) DEFAULT NULL
) ENGINE=InnoDB DEFAULT CHARSET=latin1;

--
-- Dumping data for table `students`
--

INSERT INTO `students` (`fname`, `mname`, `lname`, `stud_id`, `sex`, `batch`, `faculty`, `block_no`, `room_no`) VALUES
('djfhgdj', 'sjdhfgj', 'jfdk', '101', 'male', '4thyear', 'computing', '30', '1'),
('temesegan', 'djfh', 'jdfhg', '102', 'male', '4thyear', 'computing', '30', '1'),
('jfhdghj', 'g', 'jfhjfh', '103', 'male', '4thyear', 'computing', '30', '1'),
('hjf', 'jsdhb', 'fdjgbd', '104', 'male', '4thyear', 'computing', '30', '1'),
('dsfdfbl', 'dfjbh', 'jhfvdfjhdf', '109', 'male', '4thyear', 'computing', '30', '1'),
('jfkdgsj', 'jksdghjk', 'dfjhg', '58', 'male', '4thyear', 'computing', '30', '1');

-- --------------------------------------------------------

--
-- Table structure for table `users`
--

CREATE TABLE `users` (
  `FNAME` varchar(30) DEFAULT NULL,
  `mNAME` varchar(30) DEFAULT NULL,
  `lname` varchar(30) DEFAULT NULL,
  `user_id` varchar(15) NOT NULL DEFAULT '',
  `sex` varchar(8) DEFAULT NULL,
  `level` varchar(10) DEFAULT NULL,
  `phone_no` varchar(25) DEFAULT NULL,
  `username` varchar(20) DEFAULT NULL,
  `password` varchar(20) DEFAULT NULL,
  `confirmpassword` varchar(15) NOT NULL,
  `status` varchar(5) NOT NULL
) ENGINE=InnoDB DEFAULT CHARSET=latin1;

--
-- Dumping data for table `users`
--

INSERT INTO `users` (`FNAME`, `mNAME`, `lname`, `user_id`, `sex`, `level`, `phone_no`, `username`, `password`, `confirmpassword`, `status`) VALUES
('gebiyanesh', 'gedefaw', 'demeis', '069', 'female', '3', '+251918529252', 'mkt', '069', '069', '1'),
('seleshi', 'zelalem', 'bayleyegn', '082', 'male', '2', '+251920737328', 'sele', '1234', '1234', '1'),
('Temesegan', 'Walelign', 'Kebede', '089', 'male', '1', '0922553395', 'admin', '789', '789', '1'),
('John', 'Gkiros', 'haile', '117', 'male', '3', '+251927456841', 'john', '117', '117', '1'),
('sintayehu', 'yimam', 'ahmed', '134', 'female', '3', '+251912633107', 'judi', '1046', '1046', '1'),
('henok', 'Gmariam', 'feseha', '139', 'male', '3', '+251912929283', 'henok', '139', '139', '1');

--
-- Indexes for dumped tables
--

--
-- Indexes for table `block`
--
ALTER TABLE `block`
  ADD PRIMARY KEY (`block_no`),
  ADD KEY `user_id` (`user_id`);

--
-- Indexes for table `comment`
--
ALTER TABLE `comment`
  ADD PRIMARY KEY (`id`);

--
-- Indexes for table `registrar`
--
ALTER TABLE `registrar`
  ADD PRIMARY KEY (`no`);

--
-- Indexes for table `room`
--
ALTER TABLE `room`
  ADD PRIMARY KEY (`room_no`),
  ADD KEY `block_no` (`block_no`);

--
-- Indexes for table `students`
--
ALTER TABLE `students`
  ADD PRIMARY KEY (`stud_id`);

--
-- Indexes for table `users`
--
ALTER TABLE `users`
  ADD PRIMARY KEY (`user_id`);

--
-- AUTO_INCREMENT for dumped tables
--

--
-- AUTO_INCREMENT for table `comment`
--
ALTER TABLE `comment`
  MODIFY `id` int(11) NOT NULL AUTO_INCREMENT;
--
-- AUTO_INCREMENT for table `registrar`
--
ALTER TABLE `registrar`
  MODIFY `no` int(11) NOT NULL AUTO_INCREMENT, AUTO_INCREMENT=11;
--
-- Constraints for dumped tables
--

--
-- Constraints for table `block`
--
ALTER TABLE `block`
  ADD CONSTRAINT `block_ibfk_1` FOREIGN KEY (`user_id`) REFERENCES `users` (`user_id`) ON DELETE CASCADE;

--
-- Constraints for table `room`
--
ALTER TABLE `room`
  ADD CONSTRAINT `room_ibfk_1` FOREIGN KEY (`block_no`) REFERENCES `block` (`block_no`) ON DELETE CASCADE;
--
-- Database: `dbwss`
--
CREATE DATABASE IF NOT EXISTS `dbwss` DEFAULT CHARACTER SET latin1 COLLATE latin1_swedish_ci;
USE `dbwss`;

-- --------------------------------------------------------

--
-- Stand-in structure for view `bill_value`
--
CREATE TABLE `bill_value` (
`Customer_ID` int(30)
,`Reading_Date` date
,`Previous_Read` float
,`Current_Read` float
,`Usage_Charge` float
,`Tax` float
,`Total` float
);

-- --------------------------------------------------------

--
-- Table structure for table `customer`
--

CREATE TABLE `customer` (
  `Customer_ID` int(30) NOT NULL,
  `First_Name` varchar(30) NOT NULL,
  `Last_Name` varchar(30) NOT NULL,
  `Gender` char(10) NOT NULL,
  `Age` int(11) NOT NULL,
  `Kebele` int(11) NOT NULL,
  `Phone_Number` int(11) NOT NULL,
  `House_Number` int(11) NOT NULL,
  `meter_number` int(100) NOT NULL,
  `metersize` int(15) NOT NULL,
  `Customer_Type` varchar(30) NOT NULL,
  `User_Name` varchar(30) NOT NULL,
  `Password` varchar(30) NOT NULL
) ENGINE=InnoDB DEFAULT CHARSET=latin1;

--
-- Dumping data for table `customer`
--

INSERT INTO `customer` (`Customer_ID`, `First_Name`, `Last_Name`, `Gender`, `Age`, `Kebele`, `Phone_Number`, `House_Number`, `meter_number`, `metersize`, `Customer_Type`, `User_Name`, `Password`) VALUES
(1, 'abebe', 'kebede', 'm', 34, 9, 923456789, 9, 1234, 1, 'private', 'aa', 'aa'),
(2, 'wonde', 'dsterterter', '', 56, 1, 923456789, 12442, 1, 0, '9099', 'mengistu', '1234'),
(3, 'wonde', 'kebede', 'M', 34, 1, 945870980, 988, 1, 0, '7734', '6fcdca4df8a2340ab3effed0dbc019', 'wonde'),
(4, 'wonde', 'ayele', 'M', 56, 1, 923456789, 12442, 1, 0, '5348', 'wonde', '6fcdca4df8a2340ab3effed0dbc019');

-- --------------------------------------------------------

--
-- Table structure for table `employee`
--

CREATE TABLE `employee` (
  `Employee_ID` int(30) NOT NULL,
  `First_Name` varchar(30) NOT NULL,
  `Last_Name` varchar(30) NOT NULL,
  `Gender` char(10) NOT NULL,
  `Age` int(11) NOT NULL,
  `Position` varchar(30) NOT NULL,
  `Office_Number` int(11) NOT NULL,
  `Tel_Number` int(11) NOT NULL,
  `User_Name` varchar(30) NOT NULL,
  `Password` varchar(30) NOT NULL
) ENGINE=InnoDB DEFAULT CHARSET=latin1;

--
-- Dumping data for table `employee`
--

INSERT INTO `employee` (`Employee_ID`, `First_Name`, `Last_Name`, `Gender`, `Age`, `Position`, `Office_Number`, `Tel_Number`, `User_Name`, `Password`) VALUES
(1, 'negash', 'wubet', 'm', 23, 'Bill Officer', 12, 935830960, 'negash', 'wubet'),
(2, 'wonde', 'manaye', 'F', 34, 'Accountant1', 988, 923456789, 'wonde', 'manaye'),
(3, 'feven', 'negash', 'F', 23, 'Meter Reader', 12, 935830960, 'feven', 'negash'),
(4, 'tsehay', 'dejen', 'F', 23, 'Technician', 2423, 945749860, 'tsehay', 'dejen'),
(5, 'eyerus', 'kibebe', 'F', 25, 'Technician Mainten', 4344, 957906090, 'eyerus', 'kibebe');

-- --------------------------------------------------------

--
-- Table structure for table `employee_maintenance_report`
--

CREATE TABLE `employee_maintenance_report` (
  `Report_ID` int(11) NOT NULL,
  `Employee_ID` int(30) NOT NULL,
  `Customer_ID` int(30) NOT NULL,
  `Report_Date` date NOT NULL,
  `Maintanance_Type` varchar(300) NOT NULL,
  `Maintenace_payment` double NOT NULL
) ENGINE=InnoDB DEFAULT CHARSET=latin1;

--
-- Dumping data for table `employee_maintenance_report`
--

INSERT INTO `employee_maintenance_report` (`Report_ID`, `Employee_ID`, `Customer_ID`, `Report_Date`, `Maintanance_Type`, `Maintenace_payment`) VALUES
(6, 5, 1, '2016-06-22', 'hjhgihikhjkjhl  vscfbnnhjgf', 544),
(7, 5, 1, '2016-06-22', 'hjhgihikhjkjhl  vscfbnnhjgf', 78),
(8, 5, 1, '2016-06-22', 'hjhgihikhjkjhl  vscfbnnhjgf', 78);

-- --------------------------------------------------------

--
-- Table structure for table `employee_meter_reading_data`
--

CREATE TABLE `employee_meter_reading_data` (
  `Employee_Reading_ID` int(11) NOT NULL,
  `Employee_ID` int(30) NOT NULL,
  `Customer_ID` int(30) NOT NULL,
  `Reading_Date` date NOT NULL,
  `Customer_Type` varchar(30) NOT NULL,
  `Meter_Size` float NOT NULL,
  `Meter_Number` int(15) NOT NULL,
  `Previous_Read` float NOT NULL,
  `Current_Read` float NOT NULL,
  `Consumtion` float NOT NULL,
  `Fixed_Charge` float NOT NULL,
  `Usage_Charge` float NOT NULL,
  `Tax` float NOT NULL,
  `Total` float NOT NULL,
  `status` varchar(30) NOT NULL
) ENGINE=InnoDB DEFAULT CHARSET=latin1;

--
-- Dumping data for table `employee_meter_reading_data`
--

INSERT INTO `employee_meter_reading_data` (`Employee_Reading_ID`, `Employee_ID`, `Customer_ID`, `Reading_Date`, `Customer_Type`, `Meter_Size`, `Meter_Number`, `Previous_Read`, `Current_Read`, `Consumtion`, `Fixed_Charge`, `Usage_Charge`, `Tax`, `Total`, `status`) VALUES
(41, 3, 1, '2016-06-22', 'private', 34, 36, 1, 1234, 2, 3, 7.5, 10.5, 21, ''),
(42, 3, 1, '2016-06-22', 'private', 34, 36, 1, 1234, 2, 3, 7.5, 10.5, 21, ''),
(43, 3, 1, '2016-06-22', 'private', 55, 43, 0.5, 1234, -12, 3, -45, -42, -84, ''),
(44, 3, 1, '2016-06-22', 'private', 12, 34, 0.5, 1234, 22, 3, 96.25, 99.25, 198.5, '');

-- --------------------------------------------------------

--
-- Table structure for table `maintenance`
--

CREATE TABLE `maintenance` (
  `Maintanance_Number` int(11) NOT NULL,
  `Customer_ID` int(30) NOT NULL,
  `Maintenance_Date` date NOT NULL,
  `Maintenance_Type` varchar(50) NOT NULL,
  `Approved` varchar(50) NOT NULL
) ENGINE=InnoDB DEFAULT CHARSET=latin1;

--
-- Dumping data for table `maintenance`
--

INSERT INTO `maintenance` (`Maintanance_Number`, `Customer_ID`, `Maintenance_Date`, `Maintenance_Type`, `Approved`) VALUES
(25, 1, '2016-06-22', 'hjhgihikhjkjhl  vscfbnnhjgf', ''),
(26, 1, '2016-06-22', 'xscsdcfsadfffffffffffffffffffffffffffffffffffff', ''),
(27, 1, '2016-06-22', 'aaaaaaaaaaaaaaaabbbbbbbbbbbbbbbbbeeeeeeeeeeeeeeeeb', 'done');

-- --------------------------------------------------------

--
-- Table structure for table `news`
--

CREATE TABLE `news` (
  `types` varchar(30) NOT NULL,
  `dates` date NOT NULL,
  `info` varchar(200) NOT NULL
) ENGINE=InnoDB DEFAULT CHARSET=latin1;

-- --------------------------------------------------------

--
-- Table structure for table `penality`
--

CREATE TABLE `penality` (
  `pay` int(11) NOT NULL,
  `Customer ID` int(30) NOT NULL,
  `Fname` varchar(30) NOT NULL,
  `Lname` varchar(30) NOT NULL,
  `Age` varchar(30) NOT NULL,
  `Kebele` varchar(30) NOT NULL,
  `Phone_number` varchar(30) NOT NULL,
  `House_number` varchar(30) NOT NULL,
  `Total_pay` varchar(30) NOT NULL
) ENGINE=InnoDB DEFAULT CHARSET=latin1;

-- --------------------------------------------------------

--
-- Table structure for table `technician_assign`
--

CREATE TABLE `technician_assign` (
  `Assign_ID` int(11) NOT NULL,
  `Employee_ID` int(30) NOT NULL,
  `Customer_ID` int(30) NOT NULL,
  `Assign_Date` date NOT NULL,
  `Maintanance_Type` varchar(250) NOT NULL,
  `status` varchar(30) NOT NULL
) ENGINE=InnoDB DEFAULT CHARSET=latin1;

--
-- Dumping data for table `technician_assign`
--

INSERT INTO `technician_assign` (`Assign_ID`, `Employee_ID`, `Customer_ID`, `Assign_Date`, `Maintanance_Type`, `status`) VALUES
(1, 5, 1, '2016-06-22', 'hjhgihikhjkjhl  vscfbnnhjgf', 'done'),
(2, 5, 1, '2016-06-22', 'xscsdcfsadfffffffffffffffffffffffffffffffffffff', ''),
(3, 5, 1, '2016-06-22', 'xscsdcfsadfffffffffffffffffffffffffffffffffffff', ''),
(4, 5, 1, '2016-06-22', 'hjhgihikhjkjhl  vscfbnnhjgf', ''),
(5, 5, 1, '2016-06-22', 'hjhgihikhjkjhl  vscfbnnhjgf', 'done');

-- --------------------------------------------------------

--
-- Structure for view `bill_value`
--
DROP TABLE IF EXISTS `bill_value`;

CREATE ALGORITHM=UNDEFINED DEFINER=`root`@`localhost` SQL SECURITY DEFINER VIEW `bill_value`  AS  select `employee_meter_reading_data`.`Customer_ID` AS `Customer_ID`,`employee_meter_reading_data`.`Reading_Date` AS `Reading_Date`,`employee_meter_reading_data`.`Previous_Read` AS `Previous_Read`,`employee_meter_reading_data`.`Current_Read` AS `Current_Read`,`employee_meter_reading_data`.`Usage_Charge` AS `Usage_Charge`,`employee_meter_reading_data`.`Tax` AS `Tax`,`employee_meter_reading_data`.`Total` AS `Total` from `employee_meter_reading_data` WITH CASCADED CHECK OPTION ;

--
-- Indexes for dumped tables
--

--
-- Indexes for table `customer`
--
ALTER TABLE `customer`
  ADD PRIMARY KEY (`Customer_ID`);

--
-- Indexes for table `employee`
--
ALTER TABLE `employee`
  ADD PRIMARY KEY (`Employee_ID`);

--
-- Indexes for table `employee_maintenance_report`
--
ALTER TABLE `employee_maintenance_report`
  ADD PRIMARY KEY (`Report_ID`),
  ADD KEY `Employee_ID` (`Employee_ID`),
  ADD KEY `Customer_ID` (`Customer_ID`);

--
-- Indexes for table `employee_meter_reading_data`
--
ALTER TABLE `employee_meter_reading_data`
  ADD PRIMARY KEY (`Employee_Reading_ID`),
  ADD KEY `Employee_ID` (`Employee_ID`),
  ADD KEY `Customer_ID` (`Customer_ID`),
  ADD KEY `Customer_ID_2` (`Customer_ID`),
  ADD KEY `Employee_ID_2` (`Employee_ID`);

--
-- Indexes for table `maintenance`
--
ALTER TABLE `maintenance`
  ADD PRIMARY KEY (`Maintanance_Number`),
  ADD KEY `Customer_ID` (`Customer_ID`),
  ADD KEY `Customer_ID_2` (`Customer_ID`);

--
-- Indexes for table `penality`
--
ALTER TABLE `penality`
  ADD PRIMARY KEY (`pay`),
  ADD KEY `Customer ID` (`Customer ID`);

--
-- Indexes for table `technician_assign`
--
ALTER TABLE `technician_assign`
  ADD PRIMARY KEY (`Assign_ID`),
  ADD KEY `Customer_ID` (`Customer_ID`),
  ADD KEY `Employee_ID` (`Employee_ID`),
  ADD KEY `Customer_ID_2` (`Customer_ID`);

--
-- AUTO_INCREMENT for dumped tables
--

--
-- AUTO_INCREMENT for table `customer`
--
ALTER TABLE `customer`
  MODIFY `Customer_ID` int(30) NOT NULL AUTO_INCREMENT, AUTO_INCREMENT=5;
--
-- AUTO_INCREMENT for table `employee`
--
ALTER TABLE `employee`
  MODIFY `Employee_ID` int(30) NOT NULL AUTO_INCREMENT, AUTO_INCREMENT=6;
--
-- AUTO_INCREMENT for table `employee_maintenance_report`
--
ALTER TABLE `employee_maintenance_report`
  MODIFY `Report_ID` int(11) NOT NULL AUTO_INCREMENT, AUTO_INCREMENT=9;
--
-- AUTO_INCREMENT for table `employee_meter_reading_data`
--
ALTER TABLE `employee_meter_reading_data`
  MODIFY `Employee_Reading_ID` int(11) NOT NULL AUTO_INCREMENT, AUTO_INCREMENT=45;
--
-- AUTO_INCREMENT for table `maintenance`
--
ALTER TABLE `maintenance`
  MODIFY `Maintanance_Number` int(11) NOT NULL AUTO_INCREMENT, AUTO_INCREMENT=28;
--
-- AUTO_INCREMENT for table `penality`
--
ALTER TABLE `penality`
  MODIFY `pay` int(11) NOT NULL AUTO_INCREMENT;
--
-- AUTO_INCREMENT for table `technician_assign`
--
ALTER TABLE `technician_assign`
  MODIFY `Assign_ID` int(11) NOT NULL AUTO_INCREMENT, AUTO_INCREMENT=6;
--
-- Constraints for dumped tables
--

--
-- Constraints for table `employee_maintenance_report`
--
ALTER TABLE `employee_maintenance_report`
  ADD CONSTRAINT `employee_maintenance_report_ibfk_1` FOREIGN KEY (`Employee_ID`) REFERENCES `employee` (`Employee_ID`) ON DELETE CASCADE ON UPDATE CASCADE,
  ADD CONSTRAINT `employee_maintenance_report_ibfk_2` FOREIGN KEY (`Customer_ID`) REFERENCES `customer` (`Customer_ID`) ON DELETE CASCADE ON UPDATE CASCADE;

--
-- Constraints for table `employee_meter_reading_data`
--
ALTER TABLE `employee_meter_reading_data`
  ADD CONSTRAINT `employee_meter_reading_data_ibfk_1` FOREIGN KEY (`Employee_ID`) REFERENCES `employee` (`Employee_ID`) ON DELETE CASCADE ON UPDATE CASCADE,
  ADD CONSTRAINT `employee_meter_reading_data_ibfk_2` FOREIGN KEY (`Customer_ID`) REFERENCES `customer` (`Customer_ID`) ON DELETE CASCADE ON UPDATE CASCADE;

--
-- Constraints for table `maintenance`
--
ALTER TABLE `maintenance`
  ADD CONSTRAINT `maintenance_ibfk_1` FOREIGN KEY (`Customer_ID`) REFERENCES `customer` (`Customer_ID`) ON DELETE CASCADE ON UPDATE CASCADE;

--
-- Constraints for table `penality`
--
ALTER TABLE `penality`
  ADD CONSTRAINT `penality_ibfk_1` FOREIGN KEY (`Customer ID`) REFERENCES `customer` (`Customer_ID`) ON DELETE CASCADE ON UPDATE CASCADE;

--
-- Constraints for table `technician_assign`
--
ALTER TABLE `technician_assign`
  ADD CONSTRAINT `technician_assign_ibfk_2` FOREIGN KEY (`Customer_ID`) REFERENCES `customer` (`Customer_ID`) ON DELETE CASCADE ON UPDATE CASCADE,
  ADD CONSTRAINT `technician_assign_ibfk_3` FOREIGN KEY (`Employee_ID`) REFERENCES `employee` (`Employee_ID`) ON DELETE CASCADE ON UPDATE CASCADE;
--
-- Database: `demo`
--
CREATE DATABASE IF NOT EXISTS `demo` DEFAULT CHARACTER SET latin1 COLLATE latin1_swedish_ci;
USE `demo`;

-- --------------------------------------------------------

--
-- Table structure for table `tbl_files`
--

CREATE TABLE `tbl_files` (
  `id` int(9) NOT NULL,
  `filename` varchar(255) NOT NULL,
  `created` datetime NOT NULL
) ENGINE=MyISAM DEFAULT CHARSET=latin1;

--
-- Indexes for dumped tables
--

--
-- Indexes for table `tbl_files`
--
ALTER TABLE `tbl_files`
  ADD PRIMARY KEY (`id`);

--
-- AUTO_INCREMENT for dumped tables
--

--
-- AUTO_INCREMENT for table `tbl_files`
--
ALTER TABLE `tbl_files`
  MODIFY `id` int(9) NOT NULL AUTO_INCREMENT;--
-- Database: `digitalnotice`
--
CREATE DATABASE IF NOT EXISTS `digitalnotice` DEFAULT CHARACTER SET latin1 COLLATE latin1_swedish_ci;
USE `digitalnotice`;

-- --------------------------------------------------------

--
-- Table structure for table `admin`
--

CREATE TABLE `admin` (
  `id` int(11) NOT NULL,
  `firstname` varchar(50) NOT NULL,
  `lastname` varchar(50) NOT NULL,
  `password` varchar(50) NOT NULL,
  `email` varchar(50) NOT NULL,
  `contactNo` int(11) NOT NULL
) ENGINE=InnoDB DEFAULT CHARSET=latin1;

--
-- Dumping data for table `admin`
--

INSERT INTO `admin` (`id`, `firstname`, `lastname`, `password`, `email`, `contactNo`) VALUES
(1, 'habtamu', 'asedwa', 'habtamu', 'tilahun003@gmail.com', 934523751),
(2, '', '', '', '', 0);

-- --------------------------------------------------------

--
-- Table structure for table `admin_log`
--

CREATE TABLE `admin_log` (
  `Admin_Name` varchar(54) NOT NULL,
  `Activity` varchar(86) NOT NULL,
  `Time` time NOT NULL,
  `date` date NOT NULL
) ENGINE=InnoDB DEFAULT CHARSET=latin1;

--
-- Dumping data for table `admin_log`
--

INSERT INTO `admin_log` (`Admin_Name`, `Activity`, `Time`, `date`) VALUES
('habtamu', 'loged successfully', '00:20:16', '0000-00-00'),
('habtamu', 'Upload file', '00:20:16', '2004-12-06'),
('', 'successfully Registered', '00:00:00', '0000-00-00'),
('habt', 'successfully Registered', '00:00:00', '0000-00-00'),
('tilahun', 'successfully Registered', '00:20:16', '0000-00-00'),
('habtamu', 'loged successfully', '00:20:16', '0000-00-00'),
('habtamu', 'loged successfully', '00:20:16', '0000-00-00'),
('habtamu', 'loged successfully', '00:20:16', '2017-10-03'),
('tilahun', 'Upload file', '00:20:16', '0000-00-00'),
('tilahun', 'Upload file', '00:20:16', '0000-00-00'),
('tilahun', 'Upload file', '00:20:16', '0000-00-00'),
('tilahun', 'Upload file', '00:20:16', '0000-00-00'),
('tilahun', 'Upload file', '00:20:16', '0000-00-00'),
('tilahun', 'Upload file', '00:20:16', '0000-00-00'),
('tilahun', 'Upload file', '00:20:16', '0000-00-00'),
('tilahun', 'Upload file', '00:20:16', '0000-00-00'),
('tilahun', 'Upload file', '00:20:16', '0000-00-00'),
('habtamu', 'loged successfully', '00:20:16', '0000-00-00'),
('tilahun', 'Upload file', '00:20:16', '0000-00-00'),
('tilahun', 'Upload file', '00:20:16', '0000-00-00'),
('tilahun', 'Upload file', '00:20:16', '0000-00-00'),
('tilahun', 'Upload file', '00:20:16', '0000-00-00'),
('tilahun', 'Upload file', '00:20:16', '0000-00-00'),
('habtamu', 'loged successfully', '00:20:16', '0000-00-00'),
('habtamu', 'loged successfully', '00:20:16', '0000-00-00'),
('habtamu', 'loged successfully', '00:20:16', '0000-00-00'),
('habtamu', 'loged successfully', '00:20:16', '2012-08-15'),
('', 'successfully Registered', '00:00:00', '0000-00-00'),
('habtamu', 'loged successfully', '00:20:16', '0000-00-00'),
('habtamu', 'loged successfully', '00:20:16', '2008-11-04');

-- --------------------------------------------------------

--
-- Table structure for table `company`
--

CREATE TABLE `company` (
  `cid` int(11) NOT NULL,
  `name` varchar(50) NOT NULL,
  `Cemail` varchar(50) NOT NULL,
  `cphone` int(11) NOT NULL,
  `Clocation` varchar(50) NOT NULL,
  `pobox` int(11) NOT NULL,
  `ntid` int(11) DEFAULT NULL
) ENGINE=InnoDB DEFAULT CHARSET=latin1;

-- --------------------------------------------------------

--
-- Table structure for table `notice`
--

CREATE TABLE `notice` (
  `nid` int(6) NOT NULL,
  `noticeTitle` varchar(50) NOT NULL,
  `noticeContent` longblob NOT NULL,
  `postingDate` date NOT NULL,
  `openingDate` date NOT NULL,
  `closingDate` date NOT NULL,
  `Aid` int(11) DEFAULT NULL,
  `catagory` varchar(50) NOT NULL,
  `postedTime` time NOT NULL
) ENGINE=InnoDB DEFAULT CHARSET=latin1;

--
-- Indexes for dumped tables
--

--
-- Indexes for table `admin`
--
ALTER TABLE `admin`
  ADD PRIMARY KEY (`id`);

--
-- Indexes for table `company`
--
ALTER TABLE `company`
  ADD PRIMARY KEY (`cid`),
  ADD KEY `ntid` (`ntid`);

--
-- Indexes for table `notice`
--
ALTER TABLE `notice`
  ADD PRIMARY KEY (`nid`),
  ADD KEY `Aid` (`Aid`);

--
-- AUTO_INCREMENT for dumped tables
--

--
-- AUTO_INCREMENT for table `admin`
--
ALTER TABLE `admin`
  MODIFY `id` int(11) NOT NULL AUTO_INCREMENT, AUTO_INCREMENT=3;
--
-- AUTO_INCREMENT for table `company`
--
ALTER TABLE `company`
  MODIFY `cid` int(11) NOT NULL AUTO_INCREMENT;--
-- Database: `dtlsfood`
--
CREATE DATABASE IF NOT EXISTS `dtlsfood` DEFAULT CHARACTER SET latin1 COLLATE latin1_swedish_ci;
USE `dtlsfood`;

-- --------------------------------------------------------

--
-- Table structure for table `category`
--

CREATE TABLE `category` (
  `id` int(11) NOT NULL,
  `category` varchar(300) NOT NULL
) ENGINE=InnoDB DEFAULT CHARSET=latin1;

--
-- Dumping data for table `category`
--

INSERT INTO `category` (`id`, `category`) VALUES
(1, 'Shiro Wot'),
(2, 'Misir Wot'),
(3, 'Kik Alicha'),
(4, 'Tikil Gomen'),
(5, 'Yatakilit Wot'),
(6, 'Beyaynetu'),
(7, 'Fish Tibs'),
(8, 'Yebeg Tibs'),
(9, 'Key Wot'),
(10, 'Kitfo');

-- --------------------------------------------------------

--
-- Table structure for table `comment`
--

CREATE TABLE `comment` (
  `commentid` int(11) NOT NULL,
  `name` varchar(30) NOT NULL,
  `content` varchar(300) NOT NULL,
  `comsubid` int(11) NOT NULL,
  `images` varchar(30) NOT NULL,
  `commentdate` varchar(30) NOT NULL
) ENGINE=MyISAM DEFAULT CHARSET=latin1;

-- --------------------------------------------------------

--
-- Table structure for table `distination`
--

CREATE TABLE `distination` (
  `id` int(11) NOT NULL,
  `code` varchar(100) NOT NULL,
  `dist` varchar(300) NOT NULL,
  `agreement` varchar(100) NOT NULL,
  `person` varchar(100) NOT NULL,
  `time` varchar(30) NOT NULL
) ENGINE=InnoDB DEFAULT CHARSET=latin1;

-- --------------------------------------------------------

--
-- Table structure for table `dtls_bank`
--

CREATE TABLE `dtls_bank` (
  `id` int(11) NOT NULL,
  `deposit_amount` int(30) NOT NULL,
  `used_amount` int(30) NOT NULL,
  `balance` int(30) NOT NULL,
  `transactiondate` varchar(30) NOT NULL
) ENGINE=InnoDB DEFAULT CHARSET=latin1;

--
-- Dumping data for table `dtls_bank`
--

INSERT INTO `dtls_bank` (`id`, `deposit_amount`, `used_amount`, `balance`, `transactiondate`) VALUES
(1, 1000, 100, 900, '1/2/2013');

-- --------------------------------------------------------

--
-- Table structure for table `dtls_members`
--

CREATE TABLE `dtls_members` (
  `id` int(11) NOT NULL,
  `firstname` varchar(50) NOT NULL,
  `lastname` varchar(50) NOT NULL,
  `email` varchar(50) NOT NULL,
  `password` varchar(32) NOT NULL,
  `number` varchar(20) NOT NULL,
  `house1` varchar(225) NOT NULL,
  `street1` varchar(225) NOT NULL,
  `city` varchar(100) NOT NULL
) ENGINE=InnoDB DEFAULT CHARSET=latin1;

--
-- Dumping data for table `dtls_members`
--

INSERT INTO `dtls_members` (`id`, `firstname`, `lastname`, `email`, `password`, `number`, `house1`, `street1`, `city`) VALUES
(1, 'Abdu', 'Rahmanov', 'a@a.com', '123456', '434567', '1652', '2', 'kocha city');

-- --------------------------------------------------------

--
-- Table structure for table `dtls_orders`
--

CREATE TABLE `dtls_orders` (
  `id` int(255) NOT NULL,
  `cusid` int(11) NOT NULL,
  `amountpaid` varchar(30) NOT NULL,
  `status` varchar(20) NOT NULL,
  `transactiondate` varchar(30) NOT NULL,
  `transactioncode` varchar(30) NOT NULL,
  `mode` varchar(300) NOT NULL
) ENGINE=InnoDB DEFAULT CHARSET=latin1;

-- --------------------------------------------------------

--
-- Table structure for table `dtls_products`
--

CREATE TABLE `dtls_products` (
  `id` int(11) NOT NULL,
  `product_id` int(50) NOT NULL,
  `product_name` varchar(50) NOT NULL,
  `product_price` int(50) NOT NULL,
  `product_size` int(10) NOT NULL,
  `product_size_name` varchar(100) NOT NULL,
  `product_photo` varchar(100) NOT NULL,
  `product_ingredients` varchar(100) NOT NULL,
  `status` varchar(30) NOT NULL
) ENGINE=InnoDB DEFAULT CHARSET=latin1;

--
-- Dumping data for table `dtls_products`
--

INSERT INTO `dtls_products` (`id`, `product_id`, `product_name`, `product_price`, `product_size`, `product_size_name`, `product_photo`, `product_ingredients`, `status`) VALUES
(1, 1, 'Shiro Wot', 100, 1, 'single', 'img001.png', 'Powdered peas cooked with vegetable oil, onions, and flavored Ethiopian spice Served in traditional ', 'available'),
(2, 2, 'Misir Wot', 15, 1, 'single', 'img002.png', 'Split lentil cooked with vegetable oil, onion, hot chili pepper and flavored spice', 'available'),
(3, 3, 'Kik Alicha', 15, 1, 'single', 'img003.png', 'Yellow split peas cooked with vegetable oil, onions, green pepper and flavored with spice', 'available'),
(4, 4, 'Tikil Gomen', 16, 1, 'single', 'img004.png', 'Cabbage cooked with onions and peppers,', 'available'),
(5, 5, 'Yatakilit Wot', 16, 1, 'single', 'img005.png', 'String beans, carrots, sauted with onions, garlic and ginger', 'available'),
(6, 6, 'Beyaynetu', 16, 1, 'single', 'img006.png', 'Vegetable combination of any five', 'available'),
(7, 7, 'Fish Tibs', 25, 1, 'single', 'img007.png', 'Fried fish Ethiopian style with vegetables', 'available'),
(8, 8, 'Yebeg Tibs', 35, 1, 'single', 'img008.png', 'Tender lamb cubes fried with spices, hot pepper and onions (Served in traditional charcoal claypot)', 'available'),
(9, 9, 'Key Wot', 35, 1, 'single', 'img009.png', 'Fresh beef cooked with hot pepper sauce and Ethiopian spices', 'available'),
(10, 10, 'Kitfo', 35, 1, 'single', 'img010.png', 'Minced meat seasoned with spiced butter and hot red pepper', 'available');

-- --------------------------------------------------------

--
-- Table structure for table `dtls_users`
--

CREATE TABLE `dtls_users` (
  `id` int(11) NOT NULL,
  `username` varchar(100) NOT NULL,
  `password` varchar(32) NOT NULL,
  `status` int(10) NOT NULL,
  `date` varchar(20) NOT NULL
) ENGINE=InnoDB DEFAULT CHARSET=latin1;

--
-- Dumping data for table `dtls_users`
--

INSERT INTO `dtls_users` (`id`, `username`, `password`, `status`, `date`) VALUES
(1, 'admin', 'admin', 5, 'feb 2 2013');

-- --------------------------------------------------------

--
-- Table structure for table `group`
--

CREATE TABLE `group` (
  `id` int(11) NOT NULL,
  `Name` varchar(30) NOT NULL,
  `Address` varchar(100) NOT NULL,
  `images` varchar(100) NOT NULL,
  `contact` varchar(15) NOT NULL,
  `email` varchar(100) NOT NULL,
  `status` varchar(10) NOT NULL,
  `age` int(11) NOT NULL
) ENGINE=InnoDB DEFAULT CHARSET=latin1;

--
-- Dumping data for table `group`
--

INSERT INTO `group` (`id`, `Name`, `Address`, `images`, `contact`, `email`, `status`, `age`) VALUES
(1, 'Abdu Rahmanov', 'Wollo University, Kombolcha, Ethiopia', 'images/abdu.jpg', '0918735746', 'abdusystem@gmail.com ', 'single', 23),
(2, 'Abebaw Lingerew', 'Wollo University, Kombolcha, Ethiopia', 'images/abebaw.jpg', '0921951661', 'abebaw@facebook.com ', 'single', 23),
(3, 'Abebe Amsalu', 'Wollo University, Kombolcha, Ethiopia', 'images/abebe.jpg', '0918128252', 'abebeamsalu99@gmail.com ', 'single', 23),
(4, 'Tazebew Dessie', 'Wollo University, Kombolcha, Ethiopia', 'images/taze.jpg', '0918XXXXXX', 'tazebewd80@gmail.com ', 'single', 23);

-- --------------------------------------------------------

--
-- Table structure for table `inventory`
--

CREATE TABLE `inventory` (
  `id` int(11) NOT NULL,
  `name` varchar(100) NOT NULL,
  `qtyleft` int(11) NOT NULL,
  `qtysold` int(11) NOT NULL,
  `product_id` varchar(100) NOT NULL
) ENGINE=InnoDB DEFAULT CHARSET=latin1;

--
-- Dumping data for table `inventory`
--

INSERT INTO `inventory` (`id`, `name`, `qtyleft`, `qtysold`, `product_id`) VALUES
(1, 'Shiro Wet', 50, 0, '1, '),
(2, 'Misir Wot', 50, 0, '2, '),
(3, 'Kik Alicha', 50, 0, '3,'),
(4, 'Tikil Gomen', 50, 0, '4,'),
(5, 'Yatakilit Wot', 50, 0, '5,'),
(6, 'Beyaynetu', 50, 0, '6,'),
(7, 'Fish Tibs', 50, 0, '7,'),
(8, 'Yebeg Tibs', 50, 0, '8,'),
(9, 'Key Wot', 50, 0, '9,'),
(10, 'Kitfo', 50, 0, '10,');

-- --------------------------------------------------------

--
-- Table structure for table `orderdetails`
--

CREATE TABLE `orderdetails` (
  `orderid` int(11) NOT NULL,
  `customer` varchar(30) NOT NULL,
  `qty` varchar(30) NOT NULL,
  `price` varchar(30) NOT NULL,
  `total` varchar(30) NOT NULL,
  `foodname` varchar(100) NOT NULL,
  `foodsize` varchar(100) NOT NULL,
  `transactioncode` varchar(30) NOT NULL
) ENGINE=InnoDB DEFAULT CHARSET=latin1;

--
-- Indexes for dumped tables
--

--
-- Indexes for table `category`
--
ALTER TABLE `category`
  ADD PRIMARY KEY (`id`);

--
-- Indexes for table `comment`
--
ALTER TABLE `comment`
  ADD PRIMARY KEY (`commentid`);

--
-- Indexes for table `distination`
--
ALTER TABLE `distination`
  ADD PRIMARY KEY (`id`);

--
-- Indexes for table `dtls_bank`
--
ALTER TABLE `dtls_bank`
  ADD PRIMARY KEY (`id`);

--
-- Indexes for table `dtls_members`
--
ALTER TABLE `dtls_members`
  ADD PRIMARY KEY (`id`);

--
-- Indexes for table `dtls_orders`
--
ALTER TABLE `dtls_orders`
  ADD PRIMARY KEY (`id`);

--
-- Indexes for table `dtls_products`
--
ALTER TABLE `dtls_products`
  ADD PRIMARY KEY (`id`);

--
-- Indexes for table `dtls_users`
--
ALTER TABLE `dtls_users`
  ADD PRIMARY KEY (`id`);

--
-- Indexes for table `group`
--
ALTER TABLE `group`
  ADD PRIMARY KEY (`id`);

--
-- Indexes for table `inventory`
--
ALTER TABLE `inventory`
  ADD PRIMARY KEY (`id`);

--
-- Indexes for table `orderdetails`
--
ALTER TABLE `orderdetails`
  ADD PRIMARY KEY (`orderid`);

--
-- AUTO_INCREMENT for dumped tables
--

--
-- AUTO_INCREMENT for table `category`
--
ALTER TABLE `category`
  MODIFY `id` int(11) NOT NULL AUTO_INCREMENT, AUTO_INCREMENT=11;
--
-- AUTO_INCREMENT for table `comment`
--
ALTER TABLE `comment`
  MODIFY `commentid` int(11) NOT NULL AUTO_INCREMENT;
--
-- AUTO_INCREMENT for table `distination`
--
ALTER TABLE `distination`
  MODIFY `id` int(11) NOT NULL AUTO_INCREMENT;
--
-- AUTO_INCREMENT for table `dtls_bank`
--
ALTER TABLE `dtls_bank`
  MODIFY `id` int(11) NOT NULL AUTO_INCREMENT, AUTO_INCREMENT=2;
--
-- AUTO_INCREMENT for table `dtls_members`
--
ALTER TABLE `dtls_members`
  MODIFY `id` int(11) NOT NULL AUTO_INCREMENT, AUTO_INCREMENT=2;
--
-- AUTO_INCREMENT for table `dtls_orders`
--
ALTER TABLE `dtls_orders`
  MODIFY `id` int(255) NOT NULL AUTO_INCREMENT;
--
-- AUTO_INCREMENT for table `dtls_products`
--
ALTER TABLE `dtls_products`
  MODIFY `id` int(11) NOT NULL AUTO_INCREMENT, AUTO_INCREMENT=11;
--
-- AUTO_INCREMENT for table `dtls_users`
--
ALTER TABLE `dtls_users`
  MODIFY `id` int(11) NOT NULL AUTO_INCREMENT, AUTO_INCREMENT=2;
--
-- AUTO_INCREMENT for table `group`
--
ALTER TABLE `group`
  MODIFY `id` int(11) NOT NULL AUTO_INCREMENT, AUTO_INCREMENT=5;
--
-- AUTO_INCREMENT for table `inventory`
--
ALTER TABLE `inventory`
  MODIFY `id` int(11) NOT NULL AUTO_INCREMENT, AUTO_INCREMENT=11;
--
-- AUTO_INCREMENT for table `orderdetails`
--
ALTER TABLE `orderdetails`
  MODIFY `orderid` int(11) NOT NULL AUTO_INCREMENT;--
-- Database: `e_learning`
--
CREATE DATABASE IF NOT EXISTS `e_learning` DEFAULT CHARACTER SET latin1 COLLATE latin1_swedish_ci;
USE `e_learning`;

-- --------------------------------------------------------

--
-- Table structure for table `act1`
--

CREATE TABLE `act1` (
  `id` int(11) NOT NULL,
  `question` varchar(1000) NOT NULL,
  `answer` varchar(300) NOT NULL,
  `opt1` varchar(300) NOT NULL,
  `opt2` varchar(300) NOT NULL,
  `opt3` varchar(300) NOT NULL
) ENGINE=MyISAM DEFAULT CHARSET=latin1;

--
-- Dumping data for table `act1`
--

INSERT INTO `act1` (`id`, `question`, `answer`, `opt1`, `opt2`, `opt3`) VALUES
(10, 'q1', 'answerzz', 'adawzz', 'awdawddzz', 'answerzz'),
(9, 'q2', 'brbsbsr', 'brbsbsr', 'rbdbdbd', 'bdbdtbdt'),
(16, 'q3', 'dgdrgdr5', 'dgdrgdrgd', 'dgdrgdr5', 'dgrgd6'),
(15, 'q4', 'edgegeg4', 'edgegeg4', 'egege', 'egegeg'),
(22, 'q5', 'dawdwadawdw5', 'adawdad', 'adawdaw', 'dawdwadawdw5');

-- --------------------------------------------------------

--
-- Table structure for table `act2`
--

CREATE TABLE `act2` (
  `id` int(11) NOT NULL,
  `question` varchar(1000) NOT NULL,
  `answer` varchar(300) NOT NULL
) ENGINE=MyISAM DEFAULT CHARSET=latin1;

--
-- Dumping data for table `act2`
--

INSERT INTO `act2` (`id`, `question`, `answer`) VALUES
(6, 'this is 1', 'one'),
(7, 'this is two', 'two'),
(8, 'this is 3', 'three'),
(9, 'this is 4', 'four'),
(10, 'this is 5', 'five');

-- --------------------------------------------------------

--
-- Table structure for table `act3`
--

CREATE TABLE `act3` (
  `id` int(11) NOT NULL,
  `question` varchar(1000) NOT NULL,
  `answer` varchar(300) NOT NULL,
  `opt1` varchar(300) NOT NULL,
  `opt2` varchar(300) NOT NULL,
  `opt3` varchar(300) NOT NULL
) ENGINE=MyISAM DEFAULT CHARSET=latin1;

--
-- Dumping data for table `act3`
--

INSERT INTO `act3` (`id`, `question`, `answer`, `opt1`, `opt2`, `opt3`) VALUES
(1, 'adwdad1', 'adwdad1', 'adad', 'adadawd', 'adwdad1'),
(2, 'adwda2', 'dadaw2', 'dadaw2', 'adadad', 'dtgdgdrg'),
(3, 'ggasgagagsr33', 'afasfaf33', 'afsfafasf', 'afasfaf33', 'afafafaF'),
(4, 'adadwadadw4', 'adadawdawd4', 'adadawdawd4', 'dadad', 'hthfjgfyj'),
(5, 'esgef5', 'adfafafaf5', 'afafafdththdt', 'adafafafanfyn', 'adfafafaf5');

-- --------------------------------------------------------

--
-- Table structure for table `act4`
--

CREATE TABLE `act4` (
  `id` int(11) NOT NULL,
  `question` varchar(1000) NOT NULL,
  `answer` varchar(300) NOT NULL
) ENGINE=MyISAM DEFAULT CHARSET=latin1;

--
-- Dumping data for table `act4`
--

INSERT INTO `act4` (`id`, `question`, `answer`) VALUES
(1, 'this is 1', 'one'),
(3, 'this is 2', 'two'),
(4, 'this is 3', 'three'),
(5, 'this is 4', 'four'),
(6, 'this is 5', 'five');

-- --------------------------------------------------------

--
-- Table structure for table `act5`
--

CREATE TABLE `act5` (
  `id` int(11) NOT NULL,
  `question` varchar(1000) NOT NULL,
  `answer` varchar(300) NOT NULL,
  `opt1` varchar(300) NOT NULL,
  `opt2` varchar(300) NOT NULL,
  `opt3` varchar(300) NOT NULL
) ENGINE=MyISAM DEFAULT CHARSET=latin1;

--
-- Dumping data for table `act5`
--

INSERT INTO `act5` (`id`, `question`, `answer`, `opt1`, `opt2`, `opt3`) VALUES
(1, 'afafagfsa1', 'fsfsffaf1', 'fsfsffaf1', 'safsaffeasf', 'sfsafasfaf'),
(2, 'fsfafafasf2', 'sfasfasfasef2', 'asfafsfasa', 'sfasfasfasef2', 'afesfasefa'),
(3, 'srgragsgsg3', 'safefasfse3', 'sfsefasf', 'safefasfse3', 'fsfsa'),
(4, 'gsgsgssrg4fasfa444', 'Fsfffagr4', 'aasefsfsff', 'affasfase', 'Fsfffagr4'),
(5, 'sgsrhashnh5', 'dghrshdshsrh5', 'dghrshdshsrh5', 'sgrgsg', 'sgsgrdhtjy');

-- --------------------------------------------------------

--
-- Table structure for table `act6`
--

CREATE TABLE `act6` (
  `id` int(11) NOT NULL,
  `question` varchar(1000) NOT NULL,
  `answer` varchar(300) NOT NULL
) ENGINE=MyISAM DEFAULT CHARSET=latin1;

--
-- Dumping data for table `act6`
--

INSERT INTO `act6` (`id`, `question`, `answer`) VALUES
(1, 'this is 1', 'one'),
(2, 'this is 2', 'two'),
(3, 'this is 3', 'three'),
(4, 'this is 4', 'four'),
(5, 'this is 5', 'five');

-- --------------------------------------------------------

--
-- Table structure for table `act7`
--

CREATE TABLE `act7` (
  `id` int(11) NOT NULL,
  `question` varchar(1000) NOT NULL,
  `answer` varchar(300) NOT NULL,
  `opt1` varchar(300) NOT NULL,
  `opt2` varchar(300) NOT NULL,
  `opt3` varchar(300) NOT NULL
) ENGINE=MyISAM DEFAULT CHARSET=latin1;

--
-- Dumping data for table `act7`
--

INSERT INTO `act7` (`id`, `question`, `answer`, `opt1`, `opt2`, `opt3`) VALUES
(1, 'aegfaegags1', 'sfeasfaef1', 'sfeasfaef1', 'afseafsfaf', 'afsefasefas'),
(2, 'sgagsagasgs2', 'fsafasefasf2', 'fsfasfsf', 'sfsfsfs', 'fsafasefasf2'),
(3, 'asefrgsg3', 'afafafa3', 'afafafa3', 'fsfsaf', 'asefsafase'),
(4, 'sfsgsgsga4', 'sffsaefase4', 'sffsaefase4', 'sfsefsf', 'sfsfsfs'),
(5, 'sfsagsgsgsgs5', 'aaafafasefas5', 'ftbndg', 'aaafafasefas5', 'sfaf');

-- --------------------------------------------------------

--
-- Table structure for table `act8`
--

CREATE TABLE `act8` (
  `id` int(11) NOT NULL,
  `question` varchar(1000) NOT NULL,
  `answer` varchar(300) NOT NULL
) ENGINE=MyISAM DEFAULT CHARSET=latin1;

--
-- Dumping data for table `act8`
--

INSERT INTO `act8` (`id`, `question`, `answer`) VALUES
(1, 'this is 1', 'one'),
(2, 'this is 2', 'two'),
(3, 'this is 3', 'three'),
(4, 'this is 4', 'four'),
(5, 'this is five', 'five'),
(8, 'adwadwaLL', 'FFFdadallll');

-- --------------------------------------------------------

--
-- Table structure for table `admin`
--

CREATE TABLE `admin` (
  `id` int(11) NOT NULL,
  `admin_ID` varchar(50) NOT NULL,
  `password` varchar(50) NOT NULL,
  `email` varchar(100) NOT NULL
) ENGINE=InnoDB DEFAULT CHARSET=latin1;

--
-- Dumping data for table `admin`
--

INSERT INTO `admin` (`id`, `admin_ID`, `password`, `email`) VALUES
(1, 'admin', 'a', 'jan_september27@yahoo.com'),
(2, 'admin', 'a', 'janmaripanol@yahoo.com.ph');

-- --------------------------------------------------------

--
-- Table structure for table `scoreboard`
--

CREATE TABLE `scoreboard` (
  `id` int(11) NOT NULL,
  `name` varchar(25) NOT NULL,
  `score` varchar(10) NOT NULL,
  `act` varchar(14) NOT NULL,
  `date` varchar(30) NOT NULL
) ENGINE=MyISAM DEFAULT CHARSET=latin1;

--
-- Dumping data for table `scoreboard`
--

INSERT INTO `scoreboard` (`id`, `name`, `score`, `act`, `date`) VALUES
(1, 'Jan Mari Panol', '5', 'Activity 1', 'Feb. 12, 2014 - 08:17 PM'),
(7, 'Armando Recabar', '3', 'Activity 1', 'Feb. 12, 2014 - 11:17 PM	'),
(6, 'Dznex Light', '1', 'Activity 1', 'Feb. 12, 2014 - 10:17 PM	'),
(5, 'Juan Dela Cruz', '4', 'Activity 1', 'Feb. 12, 2014 - 09:17 PM	'),
(8, 'Pedro Penduko', '2', 'Activity 1', 'Feb. 12, 2014 - 12:17 PM	'),
(10, 'Jan Mari Panol', '5', 'Activity 2', 'Feb. 12, 2014 - 08:17 PM'),
(11, 'Juan Dela Cruz', '4', 'Activity 2', 'Feb. 12, 2014 - 08:49 PM'),
(12, 'Armando Recabar', '3', 'Activity 2', 'Feb. 12, 2014 - 09:17 PM'),
(13, 'Pedro Penduko', '2', 'Activity 2', 'Feb. 12, 2014 - 10:17 PM'),
(14, 'Dznex Light', '1', 'Activity 2', 'Feb. 12, 2014 - 11:29 PM'),
(15, 'Jan Mari Panol', '5', 'Activity 3', 'Feb. 12, 2014 - 08:17 PM'),
(16, 'Juan Dela Cruz', '4', 'Activity 3', 'Feb. 12, 2014 - 09:17 PM'),
(17, 'Armando Recabar', '3', 'Activity 3', 'Feb. 12, 2014 - 08:30 PM'),
(18, 'Pedro Penduko', '2', 'Activity 3', 'Feb. 12, 2014 - 08:45 PM'),
(19, 'Dznex Light', '1', 'Activity 3', 'Feb. 12, 2014 - 09:17 PM'),
(20, 'Jan Mari Panol', '5', 'Activity 4', 'Feb. 12, 2014 - 11:17 PM'),
(21, 'Juan Dela Cruz', '4', 'Activity 4', 'Feb. 12, 2014 - 12:17 PM'),
(22, 'Armando Recabar', '3', 'Activity 4', 'Feb. 12, 2014 - 08:30 PM'),
(23, 'Pedro Penduko', '2', 'Activity 4', 'Feb. 12, 2014 - 08:49 PM'),
(24, 'Dznex Light', '1', 'Activity 4', 'Feb. 12, 2014 - 12:17 AM'),
(25, 'Jan Mari Panol', '5', 'Activity 5', 'Feb. 13, 2014 - 08:17 PM'),
(26, 'Reynold Ardiente', '4', 'Activity 5', 'Feb. 12, 2014 - 08:45 PM'),
(27, 'Dznex Light', '3', 'Activity 5', 'Feb. 12, 2014 - 09:17 PM'),
(28, 'Armando Recabar', '2', 'Activity 5', 'Feb. 13, 2014 - 10:17 PM'),
(29, 'Andres Bonifacio', '1', 'Activity 5', 'Feb. 11, 2014 - 08:17 PM'),
(30, 'Dyn Boanerjes', '5', 'Activity 6', 'Feb. 12, 2014 - 08:17 PM'),
(31, 'Ma. Fe Porras', '4', 'Activity 6', 'Feb. 12, 2014 - 08:30 PM'),
(32, 'Gerald Valiente', '3', 'Activity 6', 'Feb. 10, 2014 - 08:17 PM'),
(33, 'Jane Magarzo', '2', 'Activity 6', 'Feb. 06, 2014 - 09:17 PM'),
(34, 'Sara Quintilla', '1', 'Activity 6', 'Feb. 12, 2014 - 08:17 AM'),
(35, 'Jan Mari Panol', '5', 'Activity 7', 'Feb. 12, 2014 - 08:17 PM'),
(36, 'Armando Recabar', '4', 'Activity 7', 'Feb. 13, 2014 - 08:17 PM'),
(37, 'Lazaro Alejero', '3', 'Activity 7', 'Feb. 10, 2014 - 11:17 PM'),
(38, 'Juan Dela Cruz', '2', 'Activity 7', 'Feb. 14, 2014 - 08:17 PM'),
(39, 'Reynold Ardiente', '1', 'Activity 7', 'Feb. 14, 2014 - 09:17 PM'),
(40, 'Jan Mari Panol', '5', 'Activity 8', 'Feb. 16, 2014 - 08:17 PM'),
(41, 'Lazaro Alejero', '4', 'Activity 8', 'Feb. 12, 2014 - 11:17 PM'),
(42, 'Armando Recabar', '3', 'Activity 8', 'Jan. 12, 2014 - 08:17 PM'),
(43, 'Reynold Ardiente', '2', 'Activity 8', 'Feb. 14, 2014 - 12:17 PM'),
(44, 'Gerald Valiente', '1', 'Activity 8', 'Feb. 10, 2014 - 08:17 PM'),
(71, 'tyyu', '2', 'Activity 1', 'Nov. 23, 2016 - 03:13 PM');

--
-- Indexes for dumped tables
--

--
-- Indexes for table `act1`
--
ALTER TABLE `act1`
  ADD PRIMARY KEY (`id`);

--
-- Indexes for table `act2`
--
ALTER TABLE `act2`
  ADD PRIMARY KEY (`id`);

--
-- Indexes for table `act3`
--
ALTER TABLE `act3`
  ADD PRIMARY KEY (`id`);

--
-- Indexes for table `act4`
--
ALTER TABLE `act4`
  ADD PRIMARY KEY (`id`);

--
-- Indexes for table `act5`
--
ALTER TABLE `act5`
  ADD PRIMARY KEY (`id`);

--
-- Indexes for table `act6`
--
ALTER TABLE `act6`
  ADD PRIMARY KEY (`id`);

--
-- Indexes for table `act7`
--
ALTER TABLE `act7`
  ADD PRIMARY KEY (`id`);

--
-- Indexes for table `act8`
--
ALTER TABLE `act8`
  ADD PRIMARY KEY (`id`);

--
-- Indexes for table `admin`
--
ALTER TABLE `admin`
  ADD PRIMARY KEY (`id`);

--
-- Indexes for table `scoreboard`
--
ALTER TABLE `scoreboard`
  ADD PRIMARY KEY (`id`);

--
-- AUTO_INCREMENT for dumped tables
--

--
-- AUTO_INCREMENT for table `act1`
--
ALTER TABLE `act1`
  MODIFY `id` int(11) NOT NULL AUTO_INCREMENT, AUTO_INCREMENT=23;
--
-- AUTO_INCREMENT for table `act2`
--
ALTER TABLE `act2`
  MODIFY `id` int(11) NOT NULL AUTO_INCREMENT, AUTO_INCREMENT=11;
--
-- AUTO_INCREMENT for table `act3`
--
ALTER TABLE `act3`
  MODIFY `id` int(11) NOT NULL AUTO_INCREMENT, AUTO_INCREMENT=6;
--
-- AUTO_INCREMENT for table `act4`
--
ALTER TABLE `act4`
  MODIFY `id` int(11) NOT NULL AUTO_INCREMENT, AUTO_INCREMENT=7;
--
-- AUTO_INCREMENT for table `act5`
--
ALTER TABLE `act5`
  MODIFY `id` int(11) NOT NULL AUTO_INCREMENT, AUTO_INCREMENT=6;
--
-- AUTO_INCREMENT for table `act6`
--
ALTER TABLE `act6`
  MODIFY `id` int(11) NOT NULL AUTO_INCREMENT, AUTO_INCREMENT=6;
--
-- AUTO_INCREMENT for table `act7`
--
ALTER TABLE `act7`
  MODIFY `id` int(11) NOT NULL AUTO_INCREMENT, AUTO_INCREMENT=6;
--
-- AUTO_INCREMENT for table `act8`
--
ALTER TABLE `act8`
  MODIFY `id` int(11) NOT NULL AUTO_INCREMENT, AUTO_INCREMENT=9;
--
-- AUTO_INCREMENT for table `admin`
--
ALTER TABLE `admin`
  MODIFY `id` int(11) NOT NULL AUTO_INCREMENT, AUTO_INCREMENT=3;
--
-- AUTO_INCREMENT for table `scoreboard`
--
ALTER TABLE `scoreboard`
  MODIFY `id` int(11) NOT NULL AUTO_INCREMENT, AUTO_INCREMENT=72;--
-- Database: `elearning`
--
CREATE DATABASE IF NOT EXISTS `elearning` DEFAULT CHARACTER SET latin1 COLLATE latin1_swedish_ci;
USE `elearning`;

-- --------------------------------------------------------

--
-- Table structure for table `class`
--

CREATE TABLE `class` (
  `class_id` int(11) NOT NULL,
  `course_id` varchar(100) NOT NULL,
  `subject_id` varchar(100) NOT NULL,
  `teacher_id` varchar(100) NOT NULL,
  `student_id` int(11) NOT NULL
) ENGINE=MyISAM DEFAULT CHARSET=latin1;

--
-- Dumping data for table `class`
--

INSERT INTO `class` (`class_id`, `course_id`, `subject_id`, `teacher_id`, `student_id`) VALUES
(5, 'BSIS 3B', 'Fundamentals of Business Management', '1', 0),
(4, 'BSIS -3A', 'Fundamentals of Business Management', '1', 13),
(7, 'BSIS -3A', 'DBMS', '2', 13),
(9, 'BSIS 3B', 'Fundamentals of Business Management', '2', 0);

-- --------------------------------------------------------

--
-- Table structure for table `course`
--

CREATE TABLE `course` (
  `course_id` int(11) NOT NULL,
  `cys` varchar(100) NOT NULL,
  `department` varchar(100) NOT NULL,
  `major` varchar(100) NOT NULL
) ENGINE=MyISAM DEFAULT CHARSET=latin1;

--
-- Dumping data for table `course`
--

INSERT INTO `course` (`course_id`, `cys`, `department`, `major`) VALUES
(5, 'BSIS -3A', 'CIT', ''),
(6, 'BSIS 3B', 'College of Industrial Technology', 'None'),
(7, 'BSIS 3C', 'College of Industrial Technology', 'None');

-- --------------------------------------------------------

--
-- Table structure for table `department`
--

CREATE TABLE `department` (
  `dep_id` int(11) NOT NULL,
  `incharge` varchar(100) NOT NULL,
  `title` varchar(100) NOT NULL,
  `department` varchar(100) NOT NULL
) ENGINE=MyISAM DEFAULT CHARSET=latin1;

--
-- Dumping data for table `department`
--

INSERT INTO `department` (`dep_id`, `incharge`, `title`, `department`) VALUES
(4, 'Dr. Antonio Derajah', 'Dean', 'College of Industrial Technology'),
(5, 'Prof. Luisa Tejada', 'Dean', 'School of Arts And Sciences'),
(6, 'hmmm ', 'Dean', 'College of Education');

-- --------------------------------------------------------

--
-- Table structure for table `files`
--

CREATE TABLE `files` (
  `file_id` int(11) NOT NULL,
  `floc` varchar(500) NOT NULL,
  `fdatein` varchar(200) NOT NULL,
  `fdesc` varchar(100) NOT NULL,
  `teacher_id` int(11) NOT NULL,
  `class_id` int(11) NOT NULL,
  `fname` varchar(100) NOT NULL
) ENGINE=MyISAM DEFAULT CHARSET=latin1;

--
-- Dumping data for table `files`
--

INSERT INTO `files` (`file_id`, `floc`, `fdatein`, `fdesc`, `teacher_id`, `class_id`, `fname`) VALUES
(18, 'uploads/2640_File_CHAPTER 2.docx', '2013-03-24 14:38:20', 'i dont know', 1, 4, 'chapter 2'),
(17, 'uploads/2682_File_Chapter1.docx', '2013-03-24 13:40:58', 'i dont know', 1, 4, 'chapter 1'),
(26, 'uploads/3079_File_chapter_2_sausa.docx', '2013-03-25 08:47:16', 'Searching the Web', 2, 7, 'Chapter 2 - Searching the Web'),
(29, 'uploads/7258_File_INPUTTING DATA IN OTHER WAYS.docx', '2013-03-25 08:50:19', 'Inputting Data in Other Ways', 2, 7, 'Chapter 3B - Inputting Data in Other Ways'),
(25, 'uploads/8728_File_lesson1a.docx', '2013-03-25 08:46:46', 'Computer in our World', 2, 7, 'Chapter 1 - Computer in our World'),
(28, 'uploads/4322_File_fnal doc.chap.3.docx', '2013-03-25 08:49:42', 'The Keyboard and Mouse', 2, 7, 'Chapter 3A - The Keyboard and Mouse'),
(30, 'uploads/9448_File_Chapter 4B.docx', '2013-03-25 08:55:30', 'Printing', 2, 7, 'Chapter 4B-printing');

-- --------------------------------------------------------

--
-- Table structure for table `student`
--

CREATE TABLE `student` (
  `student_id` int(11) NOT NULL,
  `firstname` varchar(100) NOT NULL,
  `lastname` varchar(100) NOT NULL,
  `middle_name` varchar(100) NOT NULL,
  `cys` varchar(100) NOT NULL,
  `subject_id` varchar(100) NOT NULL,
  `teacher_id` int(11) NOT NULL,
  `username` varchar(100) NOT NULL,
  `password` varchar(100) NOT NULL,
  `location` varchar(100) NOT NULL
) ENGINE=MyISAM DEFAULT CHARSET=latin1;

--
-- Dumping data for table `student`
--

INSERT INTO `student` (`student_id`, `firstname`, `lastname`, `middle_name`, `cys`, `subject_id`, `teacher_id`, `username`, `password`, `location`) VALUES
(17, 'Christian', 'Sausa', 'Ambot', '', '', 0, 'Christian', 'Sausa', 'uploads/letra-n-md.png'),
(15, 'Brian Paul', 'Sablan', 'jkl', '', '', 0, 'xiaboh', 'xiaboh', 'uploads/images (3).jpg'),
(16, 'Sherwin', 'Laylon', 'b', '', '', 0, 'Sherwin', 'agi', 'uploads/443px-Rasmus_Lerdorf_cropped.jpg'),
(13, 'john kevin', 'lorayna', 'amos', 'BSIS -3A', 'DBMS', 2, '100175', 'teph', 'uploads/735067_452259954828103_1940229060_n.jpg');

-- --------------------------------------------------------

--
-- Table structure for table `subject`
--

CREATE TABLE `subject` (
  `subject_id` int(11) NOT NULL,
  `subject_code` varchar(100) NOT NULL,
  `subject_title` varchar(100) NOT NULL,
  `category` varchar(100) NOT NULL
) ENGINE=MyISAM DEFAULT CHARSET=latin1;

--
-- Dumping data for table `subject`
--

INSERT INTO `subject` (`subject_id`, `subject_code`, `subject_title`, `category`) VALUES
(5, 'IS 123', 'Fundamentals of Business Management', 'Major'),
(7, 'IS 301', 'DBMS', 'Major');

-- --------------------------------------------------------

--
-- Table structure for table `sws`
--

CREATE TABLE `sws` (
  `sws_id` int(11) NOT NULL,
  `student_id` int(11) NOT NULL,
  `teacher_id` int(11) NOT NULL,
  `cys` varchar(100) NOT NULL,
  `subject_id` varchar(100) NOT NULL,
  `class_id` int(11) NOT NULL
) ENGINE=MyISAM DEFAULT CHARSET=latin1;

--
-- Dumping data for table `sws`
--

INSERT INTO `sws` (`sws_id`, `student_id`, `teacher_id`, `cys`, `subject_id`, `class_id`) VALUES
(9, 17, 2, 'BSIS -3A', 'DBMS', 7),
(8, 16, 2, 'BSIS -3A', 'DBMS', 7),
(7, 13, 2, 'BSIS -3A', 'DBMS', 7),
(10, 17, 2, 'BSIS -3A', 'DBMS', 9),
(11, 16, 2, 'BSIS -3A', 'DBMS', 9);

-- --------------------------------------------------------

--
-- Table structure for table `sy`
--

CREATE TABLE `sy` (
  `sy_id` int(11) NOT NULL,
  `sy` varchar(100) NOT NULL
) ENGINE=MyISAM DEFAULT CHARSET=latin1;

--
-- Dumping data for table `sy`
--

INSERT INTO `sy` (`sy_id`, `sy`) VALUES
(3, '2012-2013'),
(5, 't');

-- --------------------------------------------------------

--
-- Table structure for table `teacher`
--

CREATE TABLE `teacher` (
  `teacher_id` int(11) NOT NULL,
  `username` varchar(100) NOT NULL,
  `password` varchar(200) NOT NULL,
  `firstname` varchar(100) NOT NULL,
  `lastname` varchar(100) NOT NULL,
  `middlename` varchar(100) NOT NULL,
  `department` varchar(100) NOT NULL,
  `student_id` int(11) NOT NULL,
  `location` varchar(200) NOT NULL
) ENGINE=MyISAM DEFAULT CHARSET=latin1;

--
-- Dumping data for table `teacher`
--

INSERT INTO `teacher` (`teacher_id`, `username`, `password`, `firstname`, `lastname`, `middlename`, `department`, `student_id`, `location`) VALUES
(1, 'jk', 'jk', 'Jomar', 'Pabuaya', 'smith', 'College of Industrial Technology', 0, 'uploads/images (3).jpg'),
(2, 'chaw', 'pan', 'Charito', 'Puray', 'dela tore', 'College of Industrial Technology', 0, 'uploads/images (3).jpg');

-- --------------------------------------------------------

--
-- Table structure for table `teacher_student`
--

CREATE TABLE `teacher_student` (
  `teacher_student_id` int(11) NOT NULL,
  `teacher_id` int(11) NOT NULL,
  `student_id` int(11) NOT NULL
) ENGINE=MyISAM DEFAULT CHARSET=latin1;

--
-- Dumping data for table `teacher_student`
--

INSERT INTO `teacher_student` (`teacher_student_id`, `teacher_id`, `student_id`) VALUES
(8, 2, 17),
(7, 2, 16);

-- --------------------------------------------------------

--
-- Table structure for table `teacher_suject`
--

CREATE TABLE `teacher_suject` (
  `teacher_subject_id` int(11) NOT NULL,
  `subject_id` int(11) NOT NULL,
  `teacher_id` int(11) NOT NULL
) ENGINE=MyISAM DEFAULT CHARSET=latin1;

--
-- Dumping data for table `teacher_suject`
--

INSERT INTO `teacher_suject` (`teacher_subject_id`, `subject_id`, `teacher_id`) VALUES
(12, 5, 2),
(11, 7, 2),
(6, 6, 1);

-- --------------------------------------------------------

--
-- Table structure for table `user`
--

CREATE TABLE `user` (
  `user_id` int(11) NOT NULL,
  `username` varchar(150) NOT NULL,
  `password` varchar(150) NOT NULL,
  `firstname` varchar(100) NOT NULL,
  `lastname` varchar(100) NOT NULL
) ENGINE=MyISAM DEFAULT CHARSET=latin1;

--
-- Dumping data for table `user`
--

INSERT INTO `user` (`user_id`, `username`, `password`, `firstname`, `lastname`) VALUES
(4, 'john', 'smith', 'john ', 'smith'),
(5, 'sv', 'sv', 'stephanie', 'villanueva'),
(6, 'jkev', 'jkev', 'john kevin', 'lorayna'),
(7, 'jk', 'jkdjakjk', 'jkdkajkj', 'jkjak');

--
-- Indexes for dumped tables
--

--
-- Indexes for table `class`
--
ALTER TABLE `class`
  ADD PRIMARY KEY (`class_id`);

--
-- Indexes for table `course`
--
ALTER TABLE `course`
  ADD PRIMARY KEY (`course_id`);

--
-- Indexes for table `department`
--
ALTER TABLE `department`
  ADD PRIMARY KEY (`dep_id`);

--
-- Indexes for table `files`
--
ALTER TABLE `files`
  ADD PRIMARY KEY (`file_id`);

--
-- Indexes for table `student`
--
ALTER TABLE `student`
  ADD PRIMARY KEY (`student_id`);

--
-- Indexes for table `subject`
--
ALTER TABLE `subject`
  ADD PRIMARY KEY (`subject_id`);

--
-- Indexes for table `sws`
--
ALTER TABLE `sws`
  ADD PRIMARY KEY (`sws_id`);

--
-- Indexes for table `sy`
--
ALTER TABLE `sy`
  ADD PRIMARY KEY (`sy_id`);

--
-- Indexes for table `teacher`
--
ALTER TABLE `teacher`
  ADD PRIMARY KEY (`teacher_id`);

--
-- Indexes for table `teacher_student`
--
ALTER TABLE `teacher_student`
  ADD PRIMARY KEY (`teacher_student_id`);

--
-- Indexes for table `teacher_suject`
--
ALTER TABLE `teacher_suject`
  ADD PRIMARY KEY (`teacher_subject_id`);

--
-- Indexes for table `user`
--
ALTER TABLE `user`
  ADD PRIMARY KEY (`user_id`);

--
-- AUTO_INCREMENT for dumped tables
--

--
-- AUTO_INCREMENT for table `class`
--
ALTER TABLE `class`
  MODIFY `class_id` int(11) NOT NULL AUTO_INCREMENT, AUTO_INCREMENT=10;
--
-- AUTO_INCREMENT for table `course`
--
ALTER TABLE `course`
  MODIFY `course_id` int(11) NOT NULL AUTO_INCREMENT, AUTO_INCREMENT=8;
--
-- AUTO_INCREMENT for table `department`
--
ALTER TABLE `department`
  MODIFY `dep_id` int(11) NOT NULL AUTO_INCREMENT, AUTO_INCREMENT=7;
--
-- AUTO_INCREMENT for table `files`
--
ALTER TABLE `files`
  MODIFY `file_id` int(11) NOT NULL AUTO_INCREMENT, AUTO_INCREMENT=31;
--
-- AUTO_INCREMENT for table `student`
--
ALTER TABLE `student`
  MODIFY `student_id` int(11) NOT NULL AUTO_INCREMENT, AUTO_INCREMENT=18;
--
-- AUTO_INCREMENT for table `subject`
--
ALTER TABLE `subject`
  MODIFY `subject_id` int(11) NOT NULL AUTO_INCREMENT, AUTO_INCREMENT=8;
--
-- AUTO_INCREMENT for table `sws`
--
ALTER TABLE `sws`
  MODIFY `sws_id` int(11) NOT NULL AUTO_INCREMENT, AUTO_INCREMENT=12;
--
-- AUTO_INCREMENT for table `sy`
--
ALTER TABLE `sy`
  MODIFY `sy_id` int(11) NOT NULL AUTO_INCREMENT, AUTO_INCREMENT=6;
--
-- AUTO_INCREMENT for table `teacher`
--
ALTER TABLE `teacher`
  MODIFY `teacher_id` int(11) NOT NULL AUTO_INCREMENT, AUTO_INCREMENT=5;
--
-- AUTO_INCREMENT for table `teacher_student`
--
ALTER TABLE `teacher_student`
  MODIFY `teacher_student_id` int(11) NOT NULL AUTO_INCREMENT, AUTO_INCREMENT=9;
--
-- AUTO_INCREMENT for table `teacher_suject`
--
ALTER TABLE `teacher_suject`
  MODIFY `teacher_subject_id` int(11) NOT NULL AUTO_INCREMENT, AUTO_INCREMENT=13;
--
-- AUTO_INCREMENT for table `user`
--
ALTER TABLE `user`
  MODIFY `user_id` int(11) NOT NULL AUTO_INCREMENT, AUTO_INCREMENT=10;--
-- Database: `ers`
--
CREATE DATABASE IF NOT EXISTS `ers` DEFAULT CHARACTER SET latin1 COLLATE latin1_swedish_ci;
USE `ers`;

-- --------------------------------------------------------

--
-- Table structure for table `reg_member`
--

CREATE TABLE `reg_member` (
  `member_id` int(11) NOT NULL,
  `firstname` varchar(100) NOT NULL,
  `lastname` varchar(100) NOT NULL,
  `address` varchar(100) NOT NULL,
  `email` varchar(100) NOT NULL,
  `c_number` varchar(20) NOT NULL,
  `gender` varchar(100) NOT NULL,
  `date` varchar(100) NOT NULL,
  `age` int(2) NOT NULL
) ENGINE=MyISAM DEFAULT CHARSET=latin1;

--
-- Dumping data for table `reg_member`
--

INSERT INTO `reg_member` (`member_id`, `firstname`, `lastname`, `address`, `email`, `c_number`, `gender`, `date`, `age`) VALUES
(5, 'john kevin', 'lorayna', 'bago city', 'jkevlorayna@yahoo.com', '901331344421', 'Male', '2013-04-22 18:07:16', 19),
(4, 'Stephanie', 'Villanueva', 'Saravia', 'ztephie_19@yahoo.com', '1234567890', 'Female', '2013-04-22 17:59:37', 17),
(6, 'Brian Paul', 'Sablan', 'Bacolod City', 'xiaboh@yahoo.com', '839123781481', 'Male', '2013-04-22 18:08:16', 20),
(7, 'Achilles', 'Palma', 'Talisay City', 'akimusdie@yahoo.com', '13284617461', 'Male', '2013-04-22 18:08:56', 24),
(8, 'Christian ', 'Sausa', 'Talisay City', 'pooly@yahoo.com', '7823718371', 'Male', '2013-04-22 18:09:28', 21),
(9, 'Shiera Mae', 'Tuting', 'Talisay City', 'tuting@yahoo.com', '738273817487', 'Female', '2013-04-22 18:10:22', 22),
(10, 'tilahun', 'gedefaw', 'asdr', 'agmuas003@gmail.com', '2134', 'Male', '2016-11-02 17:32:53', 22),
(11, 'tyy', 'ert', 'yuttgy', 't@gmail.com', '343556', 'Male', '2016-11-14 16:11:24', 43);

-- --------------------------------------------------------

--
-- Table structure for table `user`
--

CREATE TABLE `user` (
  `user` int(11) NOT NULL,
  `username` varchar(100) NOT NULL,
  `password` varchar(100) NOT NULL,
  `firstname` varchar(100) NOT NULL,
  `lastname` varchar(100) NOT NULL
) ENGINE=MyISAM DEFAULT CHARSET=latin1;

--
-- Dumping data for table `user`
--

INSERT INTO `user` (`user`, `username`, `password`, `firstname`, `lastname`) VALUES
(5, 'jk', 'jk', 'john kevin', 'lorayna'),
(4, 'teph', 'teph', 'stephanie', 'villanueva'),
(6, 'tk', 'tk', 'tephkev', 'tephkev');

--
-- Indexes for dumped tables
--

--
-- Indexes for table `reg_member`
--
ALTER TABLE `reg_member`
  ADD PRIMARY KEY (`member_id`);

--
-- Indexes for table `user`
--
ALTER TABLE `user`
  ADD PRIMARY KEY (`user`);

--
-- AUTO_INCREMENT for dumped tables
--

--
-- AUTO_INCREMENT for table `reg_member`
--
ALTER TABLE `reg_member`
  MODIFY `member_id` int(11) NOT NULL AUTO_INCREMENT, AUTO_INCREMENT=12;
--
-- AUTO_INCREMENT for table `user`
--
ALTER TABLE `user`
  MODIFY `user` int(11) NOT NULL AUTO_INCREMENT, AUTO_INCREMENT=7;--
-- Database: `expertsystemdb`
--
CREATE DATABASE IF NOT EXISTS `expertsystemdb` DEFAULT CHARACTER SET latin1 COLLATE latin1_swedish_ci;
USE `expertsystemdb`;

-- --------------------------------------------------------

--
-- Table structure for table `account`
--

CREATE TABLE `account` (
  `user_name` varchar(30) NOT NULL,
  `password` varchar(30) NOT NULL,
  `role` varchar(30) NOT NULL
) ENGINE=InnoDB DEFAULT CHARSET=latin1;

--
-- Dumping data for table `account`
--

INSERT INTO `account` (`user_name`, `password`, `role`) VALUES
('Admin01', 'Admin01pass', 'Admin');

-- --------------------------------------------------------

--
-- Table structure for table `history`
--

CREATE TABLE `history` (
  `history_ID` int(11) NOT NULL,
  `user_ID` int(11) DEFAULT NULL,
  `first_name` varchar(30) NOT NULL,
  `last_name` varchar(30) NOT NULL,
  `age` varchar(5) NOT NULL,
  `gender` varchar(30) NOT NULL,
  `birth_date` varchar(15) NOT NULL,
  `blood_type` varchar(30) NOT NULL,
  `country` varchar(50) NOT NULL,
  `city` varchar(50) NOT NULL,
  `mobile` varchar(30) NOT NULL,
  `region` varchar(50) NOT NULL,
  `email` varchar(50) NOT NULL,
  `vivaxPer` varchar(30) NOT NULL,
  `falciper` varchar(50) NOT NULL,
  `malariaePer` varchar(50) NOT NULL,
  `ovalPer` varchar(50) NOT NULL,
  `mostProbDis` varchar(50) NOT NULL,
  `checkedDate` varchar(50) NOT NULL
) ENGINE=InnoDB DEFAULT CHARSET=latin1;

-- --------------------------------------------------------

--
-- Table structure for table `userprofile`
--

CREATE TABLE `userprofile` (
  `user_ID` int(11) NOT NULL,
  `first_name` varchar(30) NOT NULL,
  `last_name` varchar(30) NOT NULL,
  `age` varchar(5) NOT NULL,
  `gender` varchar(30) NOT NULL,
  `birth_date` varchar(15) NOT NULL,
  `blood_type` varchar(30) NOT NULL,
  `country` varchar(50) NOT NULL,
  `city` varchar(50) NOT NULL,
  `mobile` varchar(30) NOT NULL,
  `region` varchar(50) NOT NULL,
  `email` varchar(50) NOT NULL,
  `password` varchar(50) NOT NULL
) ENGINE=InnoDB DEFAULT CHARSET=latin1;

--
-- Indexes for dumped tables
--

--
-- Indexes for table `account`
--
ALTER TABLE `account`
  ADD PRIMARY KEY (`user_name`);

--
-- Indexes for table `history`
--
ALTER TABLE `history`
  ADD PRIMARY KEY (`history_ID`);

--
-- Indexes for table `userprofile`
--
ALTER TABLE `userprofile`
  ADD PRIMARY KEY (`user_ID`);

--
-- AUTO_INCREMENT for dumped tables
--

--
-- AUTO_INCREMENT for table `history`
--
ALTER TABLE `history`
  MODIFY `history_ID` int(11) NOT NULL AUTO_INCREMENT;
--
-- AUTO_INCREMENT for table `userprofile`
--
ALTER TABLE `userprofile`
  MODIFY `user_ID` int(11) NOT NULL AUTO_INCREMENT;--
-- Database: `feedback`
--
CREATE DATABASE IF NOT EXISTS `feedback` DEFAULT CHARACTER SET latin1 COLLATE latin1_swedish_ci;
USE `feedback`;

-- --------------------------------------------------------

--
-- Table structure for table `batch_master`
--

CREATE TABLE `batch_master` (
  `batch_id` int(20) NOT NULL,
  `batch_name` varchar(255) NOT NULL,
  `feedback_no` int(2) NOT NULL
) ENGINE=InnoDB DEFAULT CHARSET=latin1;

--
-- Dumping data for table `batch_master`
--

INSERT INTO `batch_master` (`batch_id`, `batch_name`, `feedback_no`) VALUES
(1, 'Jun07', 2),
(2, 'Aug08', 1),
(3, 'Feb09', 1);

-- --------------------------------------------------------

--
-- Table structure for table `branch_master`
--

CREATE TABLE `branch_master` (
  `b_id` int(20) NOT NULL,
  `b_name` varchar(255) NOT NULL
) ENGINE=InnoDB DEFAULT CHARSET=latin1;

--
-- Dumping data for table `branch_master`
--

INSERT INTO `branch_master` (`b_id`, `b_name`) VALUES
(1, 'ANT'),
(2, 'AST'),
(3, 'VLSI'),
(4, 'ITM'),
(5, 'BM');

-- --------------------------------------------------------

--
-- Table structure for table `division_master`
--

CREATE TABLE `division_master` (
  `id` int(10) NOT NULL,
  `division` varchar(20) NOT NULL
) ENGINE=InnoDB DEFAULT CHARSET=latin1;

--
-- Dumping data for table `division_master`
--

INSERT INTO `division_master` (`id`, `division`) VALUES
(1, 'Class A'),
(2, 'Class B'),
(4, 'Class C');

-- --------------------------------------------------------

--
-- Table structure for table `faculty_master`
--

CREATE TABLE `faculty_master` (
  `f_id` int(20) NOT NULL,
  `f_name` varchar(255) NOT NULL,
  `l_name` varchar(255) NOT NULL,
  `b_id` int(20) NOT NULL
) ENGINE=InnoDB DEFAULT CHARSET=latin1;

--
-- Dumping data for table `faculty_master`
--

INSERT INTO `faculty_master` (`f_id`, `f_name`, `l_name`, `b_id`) VALUES
(1, 'Mr. Nilesh', 'Deshmukh', 1),
(2, 'Mr. Rayan', 'Goudar', 1),
(3, 'Ms.Sahana', 'Bhosale', 1),
(4, 'Dr. Bharat', 'Chaudary', 1),
(5, 'Mr. Ravindra', 'Joshi', 1),
(6, 'Ms. Shraddha', 'Kakartkar', 1),
(7, 'Ms. Anagha', 'Komawar', 2);

-- --------------------------------------------------------

--
-- Table structure for table `feedback_master`
--

CREATE TABLE `feedback_master` (
  `feed_id` int(20) NOT NULL,
  `roll_no` varchar(255) NOT NULL,
  `b_id` int(20) NOT NULL,
  `batch_id` int(20) NOT NULL,
  `feedback_no` int(20) NOT NULL,
  `sem_id` int(20) NOT NULL,
  `f_id` int(20) NOT NULL,
  `sub_id` int(20) NOT NULL,
  `division_id` int(10) NOT NULL,
  `ans1` int(20) NOT NULL,
  `ans2` int(20) NOT NULL,
  `ans3` int(20) NOT NULL,
  `ans4` int(20) NOT NULL,
  `ans5` int(20) NOT NULL,
  `ans6` int(20) NOT NULL,
  `ans7` int(20) NOT NULL,
  `ans8` int(20) NOT NULL,
  `ans9` int(20) NOT NULL,
  `remark` text NOT NULL,
  `feed_date` date NOT NULL
) ENGINE=InnoDB DEFAULT CHARSET=latin1;

--
-- Dumping data for table `feedback_master`
--

INSERT INTO `feedback_master` (`feed_id`, `roll_no`, `b_id`, `batch_id`, `feedback_no`, `sem_id`, `f_id`, `sub_id`, `division_id`, `ans1`, `ans2`, `ans3`, `ans4`, `ans5`, `ans6`, `ans7`, `ans8`, `ans9`, `remark`, `feed_date`) VALUES
(1, 'PGI08082255', 1, 2, 1, 2, 1, 2, 1, 8, 7, 6, 9, 5, 7, 5, 4, 6, 'this is test', '2009-03-18'),
(2, 'PGI08082266', 1, 2, 1, 2, 1, 2, 1, 6, 9, 8, 4, 5, 2, 3, 5, 7, 'this is test', '2009-03-18'),
(3, 'pgi08082268', 1, 2, 1, 2, 1, 2, 1, 5, 7, 8, 8, 9, 7, 6, 5, 7, '', '2009-03-18'),
(4, 'pgi08082268', 1, 2, 1, 2, 2, 5, 1, 7, 7, 8, 8, 9, 6, 5, 6, 7, '', '2009-03-18'),
(6, 'PGI08082266', 2, 2, 1, 1, 7, 10, 1, 9, 8, 6, 8, 5, 7, 8, 8, 4, 'this is the test ', '2009-03-18'),
(7, 'PIG08082245', 1, 2, 1, 2, 1, 2, 1, 0, 0, 0, 0, 0, 0, 0, 0, 0, 'this is the test', '2009-03-19'),
(8, 'PGI08082260', 1, 2, 1, 2, 1, 2, 1, 8, 9, 7, 9, 7, 8, 6, 5, 7, '', '2009-04-20'),
(9, 'PGI08082245', 1, 2, 1, 2, 1, 2, 1, 9, 7, 5, 8, 5, 7, 5, 9, 6, '', '2009-04-20'),
(10, 'PGI08082255', 1, 2, 1, 2, 4, 7, 1, 3, 4, 5, 6, 7, 8, 9, 4, 2, '', '2012-05-03'),
(11, 'PGI08082255', 1, 2, 1, 2, 1, 2, 2, 3, 4, 6, 8, 9, 3, 5, 2, 4, 'New division added', '2012-06-06'),
(12, 'PGI08082255', 1, 2, 1, 2, 1, 3, 1, 7, 4, 7, 5, 5, 7, 8, 9, 5, '', '2012-06-06'),
(13, '08082255998', 1, 2, 1, 1, 1, 1, 1, 5, 5, 3, 6, 7, 4, 3, 5, 3, 'test', '2013-01-24'),
(14, '08082255398', 1, 2, 1, 2, 1, 2, 1, 4, 2, 4, 5, 6, 8, 6, 4, 5, '', '2013-06-26'),
(15, '08082255348', 1, 2, 1, 2, 1, 2, 1, 8, 3, 2, 5, 6, 7, 4, 3, 2, '', '2013-06-26');

-- --------------------------------------------------------

--
-- Table structure for table `feedback_para`
--

CREATE TABLE `feedback_para` (
  `para_id` int(1) NOT NULL,
  `batch_id` int(10) NOT NULL,
  `b_id` int(10) NOT NULL,
  `sem_id` int(10) NOT NULL,
  `division_id` int(10) NOT NULL
) ENGINE=InnoDB DEFAULT CHARSET=latin1;

--
-- Dumping data for table `feedback_para`
--

INSERT INTO `feedback_para` (`para_id`, `batch_id`, `b_id`, `sem_id`, `division_id`) VALUES
(1, 2, 1, 2, 1);

-- --------------------------------------------------------

--
-- Table structure for table `feedback_ques_master`
--

CREATE TABLE `feedback_ques_master` (
  `q_id` int(20) NOT NULL,
  `ques` varchar(255) NOT NULL,
  `one_word` varchar(255) NOT NULL
) ENGINE=InnoDB DEFAULT CHARSET=latin1;

--
-- Dumping data for table `feedback_ques_master`
--

INSERT INTO `feedback_ques_master` (`q_id`, `ques`, `one_word`) VALUES
(1, 'Faculty was punctual in class.', 'Punctual '),
(2, 'Faculty was well prepared for the classes.', 'Well_prepared'),
(3, 'Faculty communication skill were good.', 'Communication'),
(4, 'Teaching methodology was good.', 'Methodology '),
(5, 'Faculty had clearly defined objectives for each class.', 'Defined_objectives'),
(6, 'Faculty adequately cleared all my doubts and was helpful in solving queries.', 'Solving_queries'),
(7, 'Faculty treated me with respect and aided in my learning.', 'Respected'),
(8, 'Faculty was instrumental in the value addition process.', 'Instrumental_use'),
(9, 'In my opinion the same faculty should be continued for such subjects.', 'Be_continued');

-- --------------------------------------------------------

--
-- Table structure for table `members`
--

CREATE TABLE `members` (
  `username` varchar(255) NOT NULL,
  `password` varchar(255) NOT NULL
) ENGINE=InnoDB DEFAULT CHARSET=latin1;

--
-- Dumping data for table `members`
--

INSERT INTO `members` (`username`, `password`) VALUES
('admin', '*00A51F3F48415C7D4E8908980D443C29C69B60C9');

-- --------------------------------------------------------

--
-- Table structure for table `semester_master`
--

CREATE TABLE `semester_master` (
  `sem_id` int(20) NOT NULL,
  `sem_name` varchar(255) NOT NULL
) ENGINE=InnoDB DEFAULT CHARSET=latin1;

--
-- Dumping data for table `semester_master`
--

INSERT INTO `semester_master` (`sem_id`, `sem_name`) VALUES
(1, 'I'),
(2, 'II'),
(3, 'III'),
(4, 'IV');

-- --------------------------------------------------------

--
-- Table structure for table `subject_master`
--

CREATE TABLE `subject_master` (
  `sub_id` int(20) NOT NULL,
  `sub_name` varchar(255) NOT NULL,
  `sem_id` int(20) NOT NULL,
  `f_id` int(20) NOT NULL,
  `batch_id` int(20) NOT NULL,
  `division_id` int(10) NOT NULL
) ENGINE=InnoDB DEFAULT CHARSET=latin1;

--
-- Dumping data for table `subject_master`
--

INSERT INTO `subject_master` (`sub_id`, `sub_name`, `sem_id`, `f_id`, `batch_id`, `division_id`) VALUES
(1, 'RAP', 1, 1, 2, 1),
(2, 'NMS', 2, 1, 2, 1),
(3, 'Linux Archi.', 2, 1, 2, 1),
(4, 'PM', 1, 2, 2, 1),
(5, 'NP', 2, 2, 2, 2),
(6, 'Wireless Comm.', 1, 4, 2, 1),
(7, 'Wireless LAN', 2, 4, 2, 2),
(8, 'CCN', 1, 5, 2, 1),
(9, 'ND&O', 2, 5, 2, 2),
(10, 'Database', 1, 7, 2, 1);

--
-- Indexes for dumped tables
--

--
-- Indexes for table `batch_master`
--
ALTER TABLE `batch_master`
  ADD PRIMARY KEY (`batch_id`);

--
-- Indexes for table `branch_master`
--
ALTER TABLE `branch_master`
  ADD PRIMARY KEY (`b_id`);

--
-- Indexes for table `division_master`
--
ALTER TABLE `division_master`
  ADD PRIMARY KEY (`id`);

--
-- Indexes for table `faculty_master`
--
ALTER TABLE `faculty_master`
  ADD PRIMARY KEY (`f_id`);

--
-- Indexes for table `feedback_master`
--
ALTER TABLE `feedback_master`
  ADD PRIMARY KEY (`feed_id`);

--
-- Indexes for table `feedback_ques_master`
--
ALTER TABLE `feedback_ques_master`
  ADD PRIMARY KEY (`q_id`);

--
-- Indexes for table `semester_master`
--
ALTER TABLE `semester_master`
  ADD PRIMARY KEY (`sem_id`);

--
-- Indexes for table `subject_master`
--
ALTER TABLE `subject_master`
  ADD PRIMARY KEY (`sub_id`);

--
-- AUTO_INCREMENT for dumped tables
--

--
-- AUTO_INCREMENT for table `batch_master`
--
ALTER TABLE `batch_master`
  MODIFY `batch_id` int(20) NOT NULL AUTO_INCREMENT, AUTO_INCREMENT=4;
--
-- AUTO_INCREMENT for table `branch_master`
--
ALTER TABLE `branch_master`
  MODIFY `b_id` int(20) NOT NULL AUTO_INCREMENT, AUTO_INCREMENT=6;
--
-- AUTO_INCREMENT for table `division_master`
--
ALTER TABLE `division_master`
  MODIFY `id` int(10) NOT NULL AUTO_INCREMENT, AUTO_INCREMENT=5;
--
-- AUTO_INCREMENT for table `faculty_master`
--
ALTER TABLE `faculty_master`
  MODIFY `f_id` int(20) NOT NULL AUTO_INCREMENT, AUTO_INCREMENT=8;
--
-- AUTO_INCREMENT for table `feedback_master`
--
ALTER TABLE `feedback_master`
  MODIFY `feed_id` int(20) NOT NULL AUTO_INCREMENT, AUTO_INCREMENT=16;
--
-- AUTO_INCREMENT for table `feedback_ques_master`
--
ALTER TABLE `feedback_ques_master`
  MODIFY `q_id` int(20) NOT NULL AUTO_INCREMENT, AUTO_INCREMENT=10;
--
-- AUTO_INCREMENT for table `semester_master`
--
ALTER TABLE `semester_master`
  MODIFY `sem_id` int(20) NOT NULL AUTO_INCREMENT, AUTO_INCREMENT=5;
--
-- AUTO_INCREMENT for table `subject_master`
--
ALTER TABLE `subject_master`
  MODIFY `sub_id` int(20) NOT NULL AUTO_INCREMENT, AUTO_INCREMENT=11;--
-- Database: `fpms`
--
CREATE DATABASE IF NOT EXISTS `fpms` DEFAULT CHARACTER SET latin1 COLLATE latin1_swedish_ci;
USE `fpms`;

-- --------------------------------------------------------

--
-- Table structure for table `accounts`
--

CREATE TABLE `accounts` (
  `id` int(11) NOT NULL,
  `Bank_Name` varchar(200) DEFAULT NULL,
  `Account_Number` varchar(200) DEFAULT NULL,
  `Branch` varchar(200) DEFAULT NULL
) ENGINE=InnoDB DEFAULT CHARSET=latin1;

--
-- Dumping data for table `accounts`
--

INSERT INTO `accounts` (`id`, `Bank_Name`, `Account_Number`, `Branch`) VALUES
(1, 'LIPA NA MPESA', '11111110', 'Safaricom'),
(2, 'COPARATIVE BANK', '0213289993', 'Meru'),
(3, 'NATIONAL BANK', '099887765666', 'Meru'),
(4, 'COMMERCIAL BANK', '3476374654623', 'Meru'),
(5, 'STARDAND CHARTER', '345646332', 'Meru'),
(6, 'EQUIT BANK', '21242423432', 'Meru');

-- --------------------------------------------------------

--
-- Table structure for table `activity_log`
--

CREATE TABLE `activity_log` (
  `activity_log_id` int(11) NOT NULL,
  `username` varchar(100) NOT NULL,
  `date` varchar(100) NOT NULL,
  `action` varchar(128) NOT NULL
) ENGINE=InnoDB DEFAULT CHARSET=latin1;

--
-- Dumping data for table `activity_log`
--

INSERT INTO `activity_log` (`activity_log_id`, `username`, `date`, `action`) VALUES
(23, 'admin', '2016-03-21 12:28:12', 'Add System User admin'),
(24, 'fark murithi', '2016-03-21 12:37:56', 'Added Student scs05'),
(26, 'James Mwenda', '2016-03-21 12:49:28', 'paid fees'),
(27, 'James Mwenda', '2016-03-21 12:51:35', 'paid fees'),
(28, 'James Mwenda', '2016-03-21 12:51:58', 'paid fees'),
(29, 'James Mwenda', '2016-03-21 12:53:07', 'paid fees'),
(30, '', '2016-03-23 10:27:58', 'Added Student '),
(31, 'denis muthamia', '2016-03-23 10:28:22', 'paid fees'),
(32, 'fark murithi', '2016-03-23 11:14:52', 'Added Student scs20'),
(33, 'fark murithi', '2016-03-27 20:41:11', 'Added Student scs19'),
(34, 'mutua stephen', '2016-03-27 20:42:29', 'paid fees'),
(35, '', '2016-03-27 20:43:16', 'Added Student '),
(36, 'mutua stephen', '2016-03-27 20:43:35', 'paid fees'),
(37, 'admin', '2016-03-29 13:07:50', 'Added Student scs06'),
(38, '', '2016-03-29 13:14:13', 'Added Student '),
(39, 'Julius Yego ', '2016-03-29 13:16:25', 'paid fees'),
(40, '', '2016-03-29 16:07:22', 'Added Student '),
(41, 'Julius Yego ', '2016-03-29 16:07:59', 'paid fees'),
(42, '', '2016-03-29 16:09:02', 'Added Student '),
(43, 'Julius Yego ', '2016-03-29 16:10:03', 'paid fees');

-- --------------------------------------------------------

--
-- Table structure for table `admin`
--

CREATE TABLE `admin` (
  `admin_id` int(128) NOT NULL,
  `firstname` varchar(128) NOT NULL,
  `lastname` varchar(128) NOT NULL,
  `username` varchar(128) NOT NULL,
  `password` varchar(128) NOT NULL,
  `adminthumbnails` varchar(300) NOT NULL
) ENGINE=InnoDB DEFAULT CHARSET=latin1;

--
-- Dumping data for table `admin`
--

INSERT INTO `admin` (`admin_id`, `firstname`, `lastname`, `username`, `password`, `adminthumbnails`) VALUES
(1, 'Kithinji', 'Gocdfrey', 'admin', 'admin', 'uploads/IMG_20160228_152154.jpg'),
(2, 'admin', 'admin', 'master', '1234', 'images/NO-IMAGE-AVAILABLE.jpg');

-- --------------------------------------------------------

--
-- Table structure for table `announcement`
--

CREATE TABLE `announcement` (
  `announcement_id` int(11) NOT NULL,
  `title` varchar(20) NOT NULL,
  `content` text NOT NULL
) ENGINE=InnoDB DEFAULT CHARSET=latin1;

--
-- Dumping data for table `announcement`
--

INSERT INTO `announcement` (`announcement_id`, `title`, `content`) VALUES
(1, 'notice', 'ALL FEES SHOULD BE PAID THROUGH THE ACCOUNTS GIVEN. NO CASH WILL BE ACCEPTED');

-- --------------------------------------------------------

--
-- Table structure for table `bank`
--

CREATE TABLE `bank` (
  `slip_number` int(11) NOT NULL,
  `Amount` smallint(6) NOT NULL,
  `time` timestamp NOT NULL DEFAULT CURRENT_TIMESTAMP,
  `bank_name` varchar(32) DEFAULT NULL,
  `balance` int(8) DEFAULT NULL,
  `account` varchar(200) DEFAULT NULL,
  `regno` varchar(200) DEFAULT NULL,
  `name` varchar(200) NOT NULL
) ENGINE=InnoDB DEFAULT CHARSET=latin1;

--
-- Dumping data for table `bank`
--

INSERT INTO `bank` (`slip_number`, `Amount`, `time`, `bank_name`, `balance`, `account`, `regno`, `name`) VALUES
(5, 19000, '2016-03-16 23:45:13', 'national bank', 4000, '102993984', 'scs11', 'kathhurima mularia'),
(6, 23000, '2016-03-17 00:16:40', 'Faulu', 0, '00908765656', 'scs32', 'kithijni gosfrey'),
(7, 20000, '2016-03-17 08:01:18', 'Equity', 3000, '1212223', 'scs21', 'Kareei'),
(8, 5000, '2016-03-17 14:21:33', 'coop', 18000, 'okumu', 'gte545', 'chur chill'),
(9, 20000, '2016-03-18 12:32:01', 'Coop Bank', 3000, '099847747', 'scs12', 'robert cherotich'),
(10, 22344, '2016-03-18 13:01:59', 'Equity', 656, '34242', 'scs31', 'martin muthuri '),
(11, 20000, '2016-03-21 09:48:31', 'KCB', 3000, '34242', 'scs05', 'James Mwenda'),
(12, 19000, '2016-03-21 12:38:25', 'Equity', 4000, '00908765656', 'scs03', 'harun mwau'),
(13, 4000, '2016-03-21 13:22:30', 'equity', 19000, '34242', 'scs03', 'harun mwau'),
(14, 21000, '2016-03-22 13:43:49', 'Equity', 2000, '234342554', 'scs11', 'James Mwenda'),
(15, 21000, '2016-03-23 07:27:58', 'KCB', 2000, '989905940', 'scs10', 'Dennis Muthamia'),
(16, 21700, '2016-03-23 08:18:48', 'KCB', 1300, '43232', 'scs20', 'kevin muinde'),
(17, 15000, '2016-03-24 13:58:28', 'KCB', 8000, '5345252', 'scs03', 'haron mwau'),
(18, 12000, '2016-03-27 17:43:16', 'Equity', 11000, '00908765656', 'scs19', 'mutua stephen'),
(19, 21000, '2016-03-29 10:14:12', 'national bank', 2000, '099887765666', 'scs06', 'Julius Yego'),
(20, 20000, '2016-03-29 13:07:22', 'national bank', 3000, '099887765666', 'scs06', 'julius yego'),
(21, 20000, '2016-03-29 13:09:02', 'national bank', 3000, '099887765666', 'scs06', 'Julius Yego');

-- --------------------------------------------------------

--
-- Table structure for table `constants`
--

CREATE TABLE `constants` (
  `id` int(11) NOT NULL,
  `Fee_expected` smallint(6) NOT NULL
) ENGINE=InnoDB DEFAULT CHARSET=latin1;

--
-- Dumping data for table `constants`
--

INSERT INTO `constants` (`id`, `Fee_expected`) VALUES
(1, 23000);

-- --------------------------------------------------------

--
-- Table structure for table `fees`
--

CREATE TABLE `fees` (
  `fee_id` int(11) NOT NULL,
  `fee_paid` int(11) DEFAULT NULL,
  `slip_number` varchar(128) DEFAULT NULL,
  `bank_name` varchar(200) DEFAULT NULL,
  `balance` int(28) DEFAULT NULL,
  `time` timestamp NOT NULL DEFAULT CURRENT_TIMESTAMP,
  `regno` varchar(200) DEFAULT NULL
) ENGINE=InnoDB DEFAULT CHARSET=latin1;

--
-- Dumping data for table `fees`
--

INSERT INTO `fees` (`fee_id`, `fee_paid`, `slip_number`, `bank_name`, `balance`, `time`, `regno`) VALUES
(3, 12000, '1', 'National Bank', 11000, '2016-03-16 22:42:16', 'scs32'),
(8, 20000, '9', 'Coop Bank', 3000, '2016-03-18 12:41:35', 'scs32'),
(9, 5000, '8', 'coop', 18000, '2016-03-18 12:48:20', 'scs12'),
(10, 23000, '6', 'Faulu', 0, '2016-03-18 13:09:31', 'scs32'),
(11, 20000, '11', 'KCB', 3000, '2016-03-21 09:49:28', 'scs05'),
(12, 19000, '5', 'national bank', 4000, '2016-03-21 09:53:07', 'scs11'),
(13, 19000, '12', 'Equity', 4000, '2016-03-21 12:38:48', 'scs03'),
(14, 4000, '13', 'equity', 19000, '2016-03-21 13:23:38', 'scs03'),
(15, 21000, '14', 'Equity', 2000, '2016-03-22 13:46:23', 'scs11'),
(16, 21000, '15', 'KCB', 2000, '2016-03-23 07:28:22', 'scs10'),
(17, 21700, '16', 'KCB', 1300, '2016-03-23 08:19:07', 'scs20'),
(18, 15000, '17', 'KCB', 8000, '2016-03-24 13:58:53', 'scs03'),
(19, 12000, '18', 'Equity', 11000, '2016-03-27 17:43:35', 'scs19'),
(20, 21000, '19', 'national bank', 2000, '2016-03-29 10:16:24', 'scs06'),
(21, 20000, '20', 'national bank', 3000, '2016-03-29 13:07:59', 'scs06'),
(22, 20000, '21', 'national bank', 3000, '2016-03-29 13:10:03', 'scs06');

-- --------------------------------------------------------

--
-- Table structure for table `message`
--

CREATE TABLE `message` (
  `msg_id` int(11) NOT NULL,
  `student_id` int(11) NOT NULL,
  `message` varchar(255) NOT NULL,
  `status` varchar(255) NOT NULL,
  `time` datetime NOT NULL,
  `username` varchar(200) DEFAULT NULL
) ENGINE=InnoDB DEFAULT CHARSET=latin1;

--
-- Dumping data for table `message`
--

INSERT INTO `message` (`msg_id`, `student_id`, `message`, `status`, `time`, `username`) VALUES
(15, 8, 'chech my account', 'staff', '2016-03-23 09:57:54', NULL),
(17, 5, 'kilo speaker\r\n', 'student', '2016-03-23 10:06:32', NULL),
(18, 1, 'kkilo ', 'staff', '2016-03-23 10:06:50', NULL);

-- --------------------------------------------------------

--
-- Table structure for table `reply`
--

CREATE TABLE `reply` (
  `msg_id` int(11) NOT NULL,
  `id` int(11) NOT NULL,
  `message` varchar(255) NOT NULL,
  `status` varchar(255) NOT NULL,
  `time` datetime NOT NULL
) ENGINE=InnoDB DEFAULT CHARSET=latin1;

-- --------------------------------------------------------

--
-- Table structure for table `signature`
--

CREATE TABLE `signature` (
  `id` int(11) NOT NULL,
  `p` varchar(300) DEFAULT NULL,
  `dp` varchar(300) DEFAULT NULL
) ENGINE=InnoDB DEFAULT CHARSET=latin1;

--
-- Dumping data for table `signature`
--

INSERT INTO `signature` (`id`, `p`, `dp`) VALUES
(1, 'img/p.jpg', 'img/dp.jpg');

-- --------------------------------------------------------

--
-- Table structure for table `staff`
--

CREATE TABLE `staff` (
  `staff_id` int(128) NOT NULL,
  `username` varchar(128) NOT NULL,
  `password` varchar(128) NOT NULL,
  `firstname` varchar(128) NOT NULL,
  `lastname` varchar(128) NOT NULL,
  `thumbnails` varchar(200) NOT NULL
) ENGINE=InnoDB DEFAULT CHARSET=latin1;

--
-- Dumping data for table `staff`
--

INSERT INTO `staff` (`staff_id`, `username`, `password`, `firstname`, `lastname`, `thumbnails`) VALUES
(1, 'bursar', '1234', 'fark', 'murithi', 'uploads/IMG_20130601_031759.jpg'),
(2, 'asa', '12', 'q', 'q', 'uploads/DSC04034.JPG'),
(3, 'sas', '1234', 'kithinji ', 'Godfrey', 'images/NO-IMAGE-AVAILABLE.jpg');

-- --------------------------------------------------------

--
-- Table structure for table `student`
--

CREATE TABLE `student` (
  `student_id` int(128) NOT NULL,
  `username` varchar(300) NOT NULL,
  `Name` varchar(300) DEFAULT NULL,
  `Form` varchar(128) DEFAULT NULL,
  `password` varchar(300) DEFAULT NULL,
  `contacts` varchar(200) DEFAULT NULL,
  `post_address` varchar(200) DEFAULT NULL,
  `Postal_code` varchar(200) DEFAULT NULL,
  `Date_of_Birth` int(11) DEFAULT NULL,
  `Place_of_Birth` varchar(200) DEFAULT NULL,
  `thumbnail` varchar(500) DEFAULT NULL,
  `contact_name` varchar(200) DEFAULT NULL
) ENGINE=InnoDB DEFAULT CHARSET=latin1;

--
-- Dumping data for table `student`
--

INSERT INTO `student` (`student_id`, `username`, `Name`, `Form`, `password`, `contacts`, `post_address`, `Postal_code`, `Date_of_Birth`, `Place_of_Birth`, `thumbnail`, `contact_name`) VALUES
(1, 'scs32', 'Kithinji Godfrey Mutia', '4S', '1234', '072435389ll', '56', '60602', 1990, 'Kenya', 'uploads/20150322_110408.jpg', 'Bejamin Mutia'),
(2, 'scs31', 'martin muthuri', '4k', '1234', '0723456789', '45 nyeri', '8080', 1992, 'kirirnyaga', 'uploads/DSC07376.JPG', 'mama'),
(3, 'scs23', 'Johnstone kenyatta', '2K', '1234', '0545485787', '897 kiri', '9090', 1993, 'kiki', 'uploads/Family.jpg', 'mamamamama'),
(4, 'scs12', 'robert cherotich', '3K', '1234', '09876543', '67hgsd', '2344', 1993, 'kericho', 'uploads/DSC00166.JPG', 'Kipcherotich'),
(5, 'scs10', 'denis muthamia', '1L', '1234', '09876543', '78', '3232', 1998, 'kiaaaa', 'uploads/20151106_141658.jpg', 'adsded'),
(6, 'scs11', 'Ezra Mugambi', '2d', '1234', '2131231', '123', '1232', 1994, 'fdfd', '', 'sarah'),
(7, 'scs01', 'kevinn muinde', '2J', '1234', '098594758', '76jhc', '845747', 1992, 'machakus', 'uploads/20150322_110401.jpg', 'Muinde'),
(8, 'scs02', 'cyrus Murimi', '3e', '1234', '5456546', '56', '23423', 1990, 'kinuki', '', 'Milka'),
(9, 'scs03', 'haron mwau', '2D', '1234', '435345', '12', '32', 1994, 'kililil', 'uploads/JED.png', 'justin'),
(11, 'scs05', 'James Mwenda', '4K', '1234', '072324232', '89-9000', '2320', 1997, 'kirima', '', 'joseph'),
(12, 'scs20', 'kevin Muinde', '3K', '4321', '078989878', '45 nyeri', '80909', 1994, 'Machakos', 'uploads/DSC04106.JPG', 'Muide 2'),
(13, 'scs19', 'mutua stephen', '3K', '12345', '07454547547', '34', '43222', 1992, 'makueni', '', 'Abraham'),
(14, 'scs06', 'Julius Yego ', '3J', '1234', '072324232', '56 Kianjai', '60602', 1992, 'kirinyaga', 'uploads/IMG_20151203_084651.jpg', 'Tony Maina');

-- --------------------------------------------------------

--
-- Table structure for table `user_log`
--

CREATE TABLE `user_log` (
  `user_log_id` int(11) NOT NULL,
  `username` varchar(25) NOT NULL,
  `login_date` varchar(30) NOT NULL,
  `logout_date` varchar(128) NOT NULL,
  `admin_id` int(128) NOT NULL,
  `student_id` varchar(128) NOT NULL
) ENGINE=InnoDB DEFAULT CHARSET=latin1;

--
-- Dumping data for table `user_log`
--

INSERT INTO `user_log` (`user_log_id`, `username`, `login_date`, `logout_date`, `admin_id`, `student_id`) VALUES
(3, 'scs32', '2016-03-10 15:41:17', '2016-03-18', 0, '1'),
(4, 'admin', '2016-03-10 15:47:48', '2016-05-06', 1, ''),
(5, 'scs31', '2016-03-10 15:54:14', '2016-05-06', 0, '2'),
(6, 'scs32', '2016-03-11 13:26:36', '2016-03-18', 0, '1'),
(7, 'scs31', '2016-03-11 20:59:25', '2016-05-06', 0, '2'),
(8, 'scs31', '2016-03-11 21:11:40', '2016-05-06', 0, '2'),
(9, 'scs32', '2016-03-14 09:06:44', '2016-03-18', 0, '1'),
(10, 'admin', '2016-03-14 09:07:36', '2016-05-06', 1, ''),
(11, 'admin', '2016-03-13 15:24:31', '2016-05-06', 1, ''),
(12, 'admin', '2016-03-13 15:24:33', '2016-05-06', 1, ''),
(13, 'scs12', '2016-03-14 14:51:36', '2016-03-18', 0, '4'),
(14, 'admin', '2016-03-16 20:45:10', '2016-05-06', 1, ''),
(15, 'admin', '2016-03-16 20:45:11', '2016-05-06', 1, ''),
(16, 'admin', '2016-03-16 20:45:10', '2016-05-06', 1, ''),
(17, 'admin', '2016-03-16 20:45:11', '2016-05-06', 1, ''),
(18, 'admin', '2016-03-16 20:45:11', '2016-05-06', 1, ''),
(33, 'admin', '2016-03-18 15:56:39', '2016-05-06', 1, ''),
(34, 'scs32', '2016-03-18 16:07:35', '', 0, '1'),
(35, 'admin', '2016-03-21 12:23:38', '2016-05-06', 1, ''),
(36, 'scs05', '2016-03-21 12:49:13', '', 0, '11'),
(37, 'scs10', '2016-03-21 13:07:10', '2016-05-06', 0, '5'),
(38, 'admin', '2016-03-21 13:09:48', '2016-05-06', 1, ''),
(39, 'admin', '2016-03-21 15:36:52', '2016-05-06', 1, ''),
(40, 'scs03', '2016-03-21 15:37:29', '', 0, '9'),
(41, 'scs03', '2016-03-21 16:23:24', '', 0, '9'),
(42, 'scs11', '2016-03-22 16:45:33', '', 0, '6'),
(43, 'admin', '2016-03-22 23:19:07', '2016-05-06', 1, ''),
(44, 'scs03', '2016-03-22 23:28:56', '', 0, '9'),
(45, 'scs10', '2016-03-23 09:45:46', '2016-05-06', 0, '5'),
(46, 'admin', '2016-03-23 09:57:25', '2016-05-06', 1, ''),
(47, 'admin', '2016-03-23 10:07:09', '2016-05-06', 1, ''),
(48, 'scs20', '2016-03-23 11:15:53', '', 0, '12'),
(49, 'scs20', '2016-03-23 11:15:54', '', 0, '12'),
(50, 'admin', '2016-03-24 16:51:41', '2016-05-06', 1, ''),
(51, 'scs03', '2016-03-24 16:56:47', '', 0, '9'),
(52, 'scs10', '2016-03-24 19:50:48', '2016-05-06', 0, '5'),
(53, 'admin', '2016-03-26 21:05:22', '2016-05-06', 1, ''),
(54, 'scs19', '2016-03-27 20:41:55', '', 0, '13'),
(55, 'admin', '2016-03-28 16:11:23', '2016-05-06', 1, ''),
(56, 'admin', '2016-03-28 18:15:46', '2016-05-06', 1, ''),
(57, 'admin', '2016-03-29 13:05:19', '2016-05-06', 1, ''),
(58, 'scs06', '2016-03-29 13:10:59', '', 0, '14'),
(59, 'admin', '2016-03-29 13:54:11', '2016-05-06', 1, ''),
(60, 'admin', '2016-03-29 13:55:29', '2016-05-06', 1, ''),
(61, 'scs06', '2016-03-29 14:01:38', '', 0, '14'),
(62, 'admin', '2016-03-29 16:04:02', '2016-05-06', 1, ''),
(63, 'scs06', '2016-03-29 16:06:33', '', 0, '14'),
(64, 'scs06', '2016-03-29 16:09:48', '', 0, '14'),
(65, 'admin', '2016-03-29 16:16:18', '2016-05-06', 1, ''),
(66, 'admin', '2016-04-03 18:30:17', '2016-05-06', 1, ''),
(67, 'admin', '2016-04-30 15:14:52', '2016-05-06', 1, ''),
(68, 'admin', '2016-05-03 12:31:47', '2016-05-06', 1, ''),
(69, 'scs31', '2016-05-06 11:28:44', '2016-05-06', 0, '2'),
(70, 'scs10', '2016-05-06 11:29:50', '2016-05-06', 0, '5'),
(71, 'admin', '2016-05-06 11:32:43', '', 1, ''),
(72, 'admin', '2016-05-10 14:44:01', '', 1, '');

--
-- Indexes for dumped tables
--

--
-- Indexes for table `accounts`
--
ALTER TABLE `accounts`
  ADD PRIMARY KEY (`id`);

--
-- Indexes for table `activity_log`
--
ALTER TABLE `activity_log`
  ADD PRIMARY KEY (`activity_log_id`);

--
-- Indexes for table `admin`
--
ALTER TABLE `admin`
  ADD PRIMARY KEY (`admin_id`);

--
-- Indexes for table `announcement`
--
ALTER TABLE `announcement`
  ADD PRIMARY KEY (`announcement_id`);

--
-- Indexes for table `bank`
--
ALTER TABLE `bank`
  ADD PRIMARY KEY (`slip_number`),
  ADD UNIQUE KEY `time` (`time`);

--
-- Indexes for table `constants`
--
ALTER TABLE `constants`
  ADD PRIMARY KEY (`id`);

--
-- Indexes for table `fees`
--
ALTER TABLE `fees`
  ADD PRIMARY KEY (`fee_id`),
  ADD UNIQUE KEY `time` (`time`);

--
-- Indexes for table `message`
--
ALTER TABLE `message`
  ADD PRIMARY KEY (`msg_id`);

--
-- Indexes for table `reply`
--
ALTER TABLE `reply`
  ADD PRIMARY KEY (`msg_id`);

--
-- Indexes for table `signature`
--
ALTER TABLE `signature`
  ADD PRIMARY KEY (`id`);

--
-- Indexes for table `staff`
--
ALTER TABLE `staff`
  ADD PRIMARY KEY (`staff_id`);

--
-- Indexes for table `student`
--
ALTER TABLE `student`
  ADD PRIMARY KEY (`student_id`),
  ADD UNIQUE KEY `username` (`username`);

--
-- Indexes for table `user_log`
--
ALTER TABLE `user_log`
  ADD PRIMARY KEY (`user_log_id`);

--
-- AUTO_INCREMENT for dumped tables
--

--
-- AUTO_INCREMENT for table `accounts`
--
ALTER TABLE `accounts`
  MODIFY `id` int(11) NOT NULL AUTO_INCREMENT, AUTO_INCREMENT=7;
--
-- AUTO_INCREMENT for table `activity_log`
--
ALTER TABLE `activity_log`
  MODIFY `activity_log_id` int(11) NOT NULL AUTO_INCREMENT, AUTO_INCREMENT=44;
--
-- AUTO_INCREMENT for table `admin`
--
ALTER TABLE `admin`
  MODIFY `admin_id` int(128) NOT NULL AUTO_INCREMENT, AUTO_INCREMENT=3;
--
-- AUTO_INCREMENT for table `announcement`
--
ALTER TABLE `announcement`
  MODIFY `announcement_id` int(11) NOT NULL AUTO_INCREMENT, AUTO_INCREMENT=2;
--
-- AUTO_INCREMENT for table `bank`
--
ALTER TABLE `bank`
  MODIFY `slip_number` int(11) NOT NULL AUTO_INCREMENT, AUTO_INCREMENT=22;
--
-- AUTO_INCREMENT for table `constants`
--
ALTER TABLE `constants`
  MODIFY `id` int(11) NOT NULL AUTO_INCREMENT, AUTO_INCREMENT=2;
--
-- AUTO_INCREMENT for table `fees`
--
ALTER TABLE `fees`
  MODIFY `fee_id` int(11) NOT NULL AUTO_INCREMENT, AUTO_INCREMENT=23;
--
-- AUTO_INCREMENT for table `message`
--
ALTER TABLE `message`
  MODIFY `msg_id` int(11) NOT NULL AUTO_INCREMENT, AUTO_INCREMENT=19;
--
-- AUTO_INCREMENT for table `reply`
--
ALTER TABLE `reply`
  MODIFY `msg_id` int(11) NOT NULL AUTO_INCREMENT;
--
-- AUTO_INCREMENT for table `signature`
--
ALTER TABLE `signature`
  MODIFY `id` int(11) NOT NULL AUTO_INCREMENT, AUTO_INCREMENT=2;
--
-- AUTO_INCREMENT for table `staff`
--
ALTER TABLE `staff`
  MODIFY `staff_id` int(128) NOT NULL AUTO_INCREMENT, AUTO_INCREMENT=4;
--
-- AUTO_INCREMENT for table `student`
--
ALTER TABLE `student`
  MODIFY `student_id` int(128) NOT NULL AUTO_INCREMENT, AUTO_INCREMENT=15;
--
-- AUTO_INCREMENT for table `user_log`
--
ALTER TABLE `user_log`
  MODIFY `user_log_id` int(11) NOT NULL AUTO_INCREMENT, AUTO_INCREMENT=73;--
-- Database: `full`
--
CREATE DATABASE IF NOT EXISTS `full` DEFAULT CHARACTER SET latin1 COLLATE latin1_swedish_ci;
USE `full`;

-- --------------------------------------------------------

--
-- Table structure for table `admin`
--

CREATE TABLE `admin` (
  `id` int(11) NOT NULL,
  `auser` varchar(50) NOT NULL,
  `apass` varchar(50) NOT NULL,
  `marquee1` text NOT NULL,
  `colgname` varchar(99) NOT NULL,
  `colgintro` text NOT NULL,
  `footerinfo` varchar(50) NOT NULL,
  `abouthead` varchar(50) NOT NULL,
  `aboutinfo` text NOT NULL
) ENGINE=InnoDB DEFAULT CHARSET=latin1;

--
-- Dumping data for table `admin`
--

INSERT INTO `admin` (`id`, `auser`, `apass`, `marquee1`, `colgname`, `colgintro`, `footerinfo`, `abouthead`, `aboutinfo`) VALUES
(1, 'admin', 'caf1a3dfb505ffed0d024130f58c5cfa', 'College Information', 'ABC Group Of Institutions', 'a pioneer educational Institute of Northern India, has been striving to provide quality higher education since 2000. Approved by AICTE and UGC, ABC has a sprawling multi-discipline campus, world class facilities and competent faculty, with prime focus on research and quality education. Creating a benchmark in the field of education, ABC aims to create proficient technocrats and future leaders with emphasis on overall development of personality imbibing core human values among students.', 'dddddddddddd', 'About Us', 'Our College  is dedicated to preparing students with the knowledge, skills and training needed for meaningful employment. Through education, we create opportunities, change lives and impact futures.</font><br> <h3><b>Our values</b></h3> <font size="+1">We are dedicated to preparing students for meaningful employment. We provide a quality education and learning environment. We embody integrity in everything we do. We believe in partnership with employers, students, graduates and our communities. We have pride in our students and are passionate about their success. We respect diversity and believe all people should have the opportunity to get an education and find meaningful employment. We believe in continuous improvement and exploring new ideas.</font><br> <h3><b>Who we are</b></h3> <font size="+1">ABC is the parent organization for XYZ College.  Since its inception, ABC has been a leader in career-focused education, meeting workforce needs for in-demand employment fields. As occupational challenges and opportunities are recognized, ABC develops new programs in cooperation with industry leaders to meet the needs of our students and graduates and of employers, as well.'),
(2, 'sanjeev', '98d34c1758b15b5a359b69c2b08c5767', '', '', '', '', '', '');

-- --------------------------------------------------------

--
-- Table structure for table `users`
--

CREATE TABLE `users` (
  `id` int(11) NOT NULL,
  `username` varchar(50) NOT NULL,
  `password` varchar(50) NOT NULL,
  `email` varchar(50) NOT NULL,
  `gender` enum('m','f') NOT NULL,
  `mob` bigint(50) NOT NULL,
  `address` text NOT NULL
) ENGINE=InnoDB DEFAULT CHARSET=latin1;

--
-- Dumping data for table `users`
--

INSERT INTO `users` (`id`, `username`, `password`, `email`, `gender`, `mob`, `address`) VALUES
(26, 'neeraj', '3b3b8360f70b78bb4f6239078e636626', 'neeraj@gmail.com', 'm', 8800670473, ''),
(28, 'nishant', 'caf1a3dfb505ffed0d024130f58c5cfa', 'nishant@nishant.com', 'm', 9451626198, ''),
(30, 'test', '098f6bcd4621d373cade4e832627b4f6', 'test@tets.com', 'm', 9458822647, ''),
(31, 'test3', '8ad8757baa8564dc136c1e07507f4a98', 'test2@gmail.com', 'm', 9898789, 'tst test '),
(32, 'test0', '202cb962ac59075b964b07152d234b70', 'admin@gmail.com', 'f', 987897987, 'asndhasvd'),
(33, 'test123', '202cb962ac59075b964b07152d234b70', 'test2@gmail.com', 'm', 123, ''),
(34, 'ravi', '63dd3e154ca6d948fc380fa576343ba6', 'ravi@gmail.com', 'm', 901555555, 'delhi'),
(35, 'tyyu', '7bfcb8d7cd6cd1633a8826af75713f14', 't@gmail.com', 'm', 5356, 'tryfgh');

--
-- Indexes for dumped tables
--

--
-- Indexes for table `admin`
--
ALTER TABLE `admin`
  ADD PRIMARY KEY (`id`);

--
-- Indexes for table `users`
--
ALTER TABLE `users`
  ADD PRIMARY KEY (`id`);

--
-- AUTO_INCREMENT for dumped tables
--

--
-- AUTO_INCREMENT for table `admin`
--
ALTER TABLE `admin`
  MODIFY `id` int(11) NOT NULL AUTO_INCREMENT, AUTO_INCREMENT=3;
--
-- AUTO_INCREMENT for table `users`
--
ALTER TABLE `users`
  MODIFY `id` int(11) NOT NULL AUTO_INCREMENT, AUTO_INCREMENT=36;--
-- Database: `gr`
--
CREATE DATABASE IF NOT EXISTS `gr` DEFAULT CHARACTER SET latin1 COLLATE latin1_swedish_ci;
USE `gr`;
--
-- Database: `grading`
--
CREATE DATABASE IF NOT EXISTS `grading` DEFAULT CHARACTER SET latin1 COLLATE latin1_swedish_ci;
USE `grading`;

-- --------------------------------------------------------

--
-- Table structure for table `class`
--

CREATE TABLE `class` (
  `id` int(11) NOT NULL,
  `course` varchar(50) NOT NULL,
  `year` varchar(50) NOT NULL,
  `section` varchar(50) NOT NULL,
  `sem` varchar(50) NOT NULL,
  `teacher` varchar(100) NOT NULL,
  `subject` varchar(100) NOT NULL
) ENGINE=InnoDB DEFAULT CHARSET=latin1;

--
-- Dumping data for table `class`
--

INSERT INTO `class` (`id`, `course`, `year`, `section`, `sem`, `teacher`, `subject`) VALUES
(4, 'BSIT', 'III', 'A', '2nd', '4', 'IT104'),
(7, 'BSIT', 'III', 'A', '2nd', '5', 'IT103'),
(8, 'BSIT', 'I', 'B', '1st', '3', 'IT100'),
(9, 'BSIT', 'I', 'C', '1st', '3', 'IT103'),
(10, 'BSIT', 'IV', 'A', '2nd', '5', 'IT113');

-- --------------------------------------------------------

--
-- Table structure for table `student`
--

CREATE TABLE `student` (
  `id` int(11) NOT NULL,
  `studid` varchar(50) NOT NULL,
  `fname` varchar(100) NOT NULL,
  `lname` varchar(100) NOT NULL
) ENGINE=InnoDB DEFAULT CHARSET=latin1;

--
-- Dumping data for table `student`
--

INSERT INTO `student` (`id`, `studid`, `fname`, `lname`) VALUES
(1, '0825-2007', 'Jimmy', 'Lomocso'),
(2, '0826-2007', 'Rolan', 'Algara'),
(3, '0983-2007', 'Mark', 'Pasicaran'),
(4, '0732-2008', 'Fernando', 'Genon'),
(5, '0001-2014', 'Cherry', 'Aguaviva');

-- --------------------------------------------------------

--
-- Table structure for table `studentsubject`
--

CREATE TABLE `studentsubject` (
  `id` int(11) NOT NULL,
  `studid` varchar(50) NOT NULL,
  `classid` int(11) NOT NULL,
  `att1` float NOT NULL,
  `att2` float NOT NULL,
  `att3` float NOT NULL,
  `exam1` float NOT NULL,
  `exam2` float NOT NULL,
  `exam3` float NOT NULL,
  `quiz1` float NOT NULL,
  `quiz2` float NOT NULL,
  `quiz3` float NOT NULL,
  `project1` float NOT NULL,
  `project2` float NOT NULL,
  `project3` float NOT NULL
) ENGINE=InnoDB DEFAULT CHARSET=latin1;

--
-- Dumping data for table `studentsubject`
--

INSERT INTO `studentsubject` (`id`, `studid`, `classid`, `att1`, `att2`, `att3`, `exam1`, `exam2`, `exam3`, `quiz1`, `quiz2`, `quiz3`, `project1`, `project2`, `project3`) VALUES
(14, '2', 8, 76, 66, 66, 78, 66, 66, 80, 66, 66, 90, 66, 66),
(15, '2', 9, 78, 78, 87, 74, 66, 88, 85, 77, 88, 90, 90, 75),
(16, '1', 9, 76, 100, 67, 90, 85, 66, 80, 90, 66, 100, 50, 66),
(22, '3', 9, 67, 77, 87, 67, 77, 87, 67, 77, 87, 67, 77, 87),
(23, '1', 4, 87, 0, 0, 98, 0, 0, 78, 0, 0, 89, 0, 0),
(24, '2', 4, 0, 0, 0, 0, 0, 0, 0, 0, 0, 0, 0, 0),
(25, '3', 4, 0, 0, 0, 0, 0, 0, 0, 0, 0, 0, 0, 0),
(26, '2', 10, 100, 90, 100, 70, 70, 75, 78, 70, 80, 80, 80, 75),
(27, '1', 10, 100, 100, 100, 80, 85, 80, 75, 90, 90, 80, 90, 95),
(28, '3', 10, 0, 0, 0, 0, 0, 0, 0, 0, 0, 0, 0, 0),
(29, '4', 10, 0, 0, 0, 0, 0, 0, 0, 0, 0, 0, 0, 0),
(31, '5', 4, 90, 100, 80, 75, 80, 75, 80, 80, 90, 50, 75, 90);

-- --------------------------------------------------------

--
-- Table structure for table `subject`
--

CREATE TABLE `subject` (
  `id` int(11) NOT NULL,
  `code` varchar(50) NOT NULL,
  `title` varchar(100) NOT NULL
) ENGINE=InnoDB DEFAULT CHARSET=latin1;

--
-- Dumping data for table `subject`
--

INSERT INTO `subject` (`id`, `code`, `title`) VALUES
(1, 'IT100', 'IT Fundamentals'),
(2, 'IT104', 'System Analysis Design'),
(4, 'IT103', 'Basic Programming'),
(5, 'IT113', 'Capstone Project');

-- --------------------------------------------------------

--
-- Table structure for table `teacher`
--

CREATE TABLE `teacher` (
  `id` int(11) NOT NULL,
  `teachid` varchar(50) NOT NULL,
  `fname` varchar(100) NOT NULL,
  `lname` varchar(100) NOT NULL
) ENGINE=InnoDB DEFAULT CHARSET=latin1;

--
-- Dumping data for table `teacher`
--

INSERT INTO `teacher` (`id`, `teachid`, `fname`, `lname`) VALUES
(3, '0023-2008', 'James', 'Castillo'),
(4, '0823-0000', 'Jimmy', 'Lomocso'),
(5, '9082-2006', 'Robert', 'Quingking');

-- --------------------------------------------------------

--
-- Table structure for table `userdata`
--

CREATE TABLE `userdata` (
  `id` int(11) NOT NULL,
  `username` varchar(100) NOT NULL,
  `password` varchar(100) NOT NULL,
  `fname` varchar(100) NOT NULL,
  `lname` varchar(100) NOT NULL,
  `level` varchar(100) NOT NULL
) ENGINE=InnoDB DEFAULT CHARSET=latin1;

--
-- Dumping data for table `userdata`
--

INSERT INTO `userdata` (`id`, `username`, `password`, `fname`, `lname`, `level`) VALUES
(1, 'admin', 'd033e22ae348aeb5660fc2140aec35850c4da997', 'admin', 'admin', 'admin'),
(11, '9082-2006', 'd033e22ae348aeb5660fc2140aec35850c4da997', 'Robert', 'Quingking', 'teacher'),
(12, '0825-2007', '12dea96fec20593566ab75692c9949596833adc9', 'Jimmy', 'Lomocso', 'student'),
(13, '0823-0000', 'd033e22ae348aeb5660fc2140aec35850c4da997', 'Jimmy', 'Lomocso', 'teacher'),
(14, '0001-2014', '2f68984ed15e11940e0345b2a3c478649b677aba', 'Cherry', 'Aguaviva', 'student');

--
-- Indexes for dumped tables
--

--
-- Indexes for table `class`
--
ALTER TABLE `class`
  ADD PRIMARY KEY (`id`);

--
-- Indexes for table `student`
--
ALTER TABLE `student`
  ADD PRIMARY KEY (`id`);

--
-- Indexes for table `studentsubject`
--
ALTER TABLE `studentsubject`
  ADD PRIMARY KEY (`id`);

--
-- Indexes for table `subject`
--
ALTER TABLE `subject`
  ADD PRIMARY KEY (`id`);

--
-- Indexes for table `teacher`
--
ALTER TABLE `teacher`
  ADD PRIMARY KEY (`id`);

--
-- Indexes for table `userdata`
--
ALTER TABLE `userdata`
  ADD PRIMARY KEY (`id`);

--
-- AUTO_INCREMENT for dumped tables
--

--
-- AUTO_INCREMENT for table `class`
--
ALTER TABLE `class`
  MODIFY `id` int(11) NOT NULL AUTO_INCREMENT, AUTO_INCREMENT=11;
--
-- AUTO_INCREMENT for table `student`
--
ALTER TABLE `student`
  MODIFY `id` int(11) NOT NULL AUTO_INCREMENT, AUTO_INCREMENT=6;
--
-- AUTO_INCREMENT for table `studentsubject`
--
ALTER TABLE `studentsubject`
  MODIFY `id` int(11) NOT NULL AUTO_INCREMENT, AUTO_INCREMENT=32;
--
-- AUTO_INCREMENT for table `subject`
--
ALTER TABLE `subject`
  MODIFY `id` int(11) NOT NULL AUTO_INCREMENT, AUTO_INCREMENT=6;
--
-- AUTO_INCREMENT for table `teacher`
--
ALTER TABLE `teacher`
  MODIFY `id` int(11) NOT NULL AUTO_INCREMENT, AUTO_INCREMENT=6;
--
-- AUTO_INCREMENT for table `userdata`
--
ALTER TABLE `userdata`
  MODIFY `id` int(11) NOT NULL AUTO_INCREMENT, AUTO_INCREMENT=15;--
-- Database: `hospital`
--
CREATE DATABASE IF NOT EXISTS `hospital` DEFAULT CHARACTER SET latin1 COLLATE latin1_swedish_ci;
USE `hospital`;

-- --------------------------------------------------------

--
-- Table structure for table `appointment`
--

CREATE TABLE `appointment` (
  `appo_no` int(11) NOT NULL,
  `appo_reason` varchar(255) CHARACTER SET armscii8 COLLATE armscii8_bin DEFAULT NULL,
  `appo_date` date NOT NULL,
  `MRN` int(20) NOT NULL,
  `user_id` varchar(10) NOT NULL
) ENGINE=InnoDB DEFAULT CHARSET=latin1;

--
-- Dumping data for table `appointment`
--

INSERT INTO `appointment` (`appo_no`, `appo_reason`, `appo_date`, `MRN`, `user_id`) VALUES
(1, 'For Check Up', '2015-05-28', 7, '12'),
(2, 'check up', '2015-06-14', 25, '12'),
(3, 'vftf', '2015-06-10', 44, '12345'),
(4, 'check', '2015-05-21', 5, '19'),
(5, 'check', '2015-05-22', 14, '19'),
(6, 'fg', '2015-05-30', 26, '19'),
(7, 'ghbv', '2015-05-25', 46, '12'),
(8, 'nhynj ', '2015-05-25', 32, '19'),
(9, 'jt78j', '2015-05-25', 27, '19'),
(10, 'j8jji', '2015-05-25', 43, '19'),
(11, 'dvvvdv', '2015-05-25', 35, '19'),
(12, 'sdfgd', '2015-05-26', 51, '12'),
(13, 'hgyjkj', '2015-05-27', 53, '777'),
(14, '          $insert= mysql_query("INSERT INTO patient_history (MRN,date,symptom,past_illness,physicalExamination,generalApperance,diseaseName,treatment', '2015-05-27', 49, '12'),
(15, 'patients1', '2015-05-27', 52, '12'),
(16, 'patients1', '2015-05-28', 55, '12');

-- --------------------------------------------------------

--
-- Table structure for table `bed`
--

CREATE TABLE `bed` (
  `bed_no` int(11) NOT NULL,
  `room_no` int(11) NOT NULL,
  `status` varchar(10) NOT NULL,
  `MRN` int(20) NOT NULL
) ENGINE=InnoDB DEFAULT CHARSET=latin1;

--
-- Dumping data for table `bed`
--

INSERT INTO `bed` (`bed_no`, `room_no`, `status`, `MRN`) VALUES
(1, 1, 'assigned', 56),
(2, 1, 'assigned', 19),
(3, 1, 'assigned', 54),
(1, 2, 'assigned', 56),
(1, 4, 'assigned', 56),
(1, 6, 'assigned', 56),
(1, 6, 'assigned', 56),
(1, 6, 'assigned', 56),
(1, 6, 'assigned', 56),
(1, 6, 'assigned', 56),
(1, 6, 'assigned', 56),
(1, 6, 'assigned', 56),
(1, 6, 'assigned', 56),
(1, 6, 'assigned', 56),
(1, 6, 'assigned', 56),
(1, 6, 'assigned', 56),
(1, 6, 'assigned', 56),
(1, 6, 'assigned', 56),
(1, 6, 'assigned', 56),
(1, 6, 'assigned', 56),
(1, 6, 'assigned', 56),
(1, 6, 'assigned', 56),
(1, 6, 'assigned', 56),
(1, 6, 'assigned', 56),
(1, 6, 'assigned', 56),
(1, 6, 'assigned', 56),
(1, 6, 'assigned', 56),
(1, 6, 'assigned', 56),
(1, 6, 'assigned', 56),
(1, 6, 'assigned', 56),
(1, 6, 'assigned', 56),
(1, 6, 'assigned', 56),
(1, 6, 'assigned', 56),
(1, 6, 'assigned', 56),
(1, 6, 'assigned', 56),
(1, 6, 'assigned', 56),
(1, 6, 'assigned', 56),
(1, 6, 'assigned', 56),
(1, 6, 'assigned', 56),
(1, 6, 'assigned', 56),
(1, 6, 'assigned', 56),
(1, 6, 'assigned', 56),
(1, 6, 'assigned', 56),
(1, 6, 'assigned', 56),
(1, 6, 'assigned', 56),
(1, 6, 'assigned', 56),
(1, 6, 'assigned', 56),
(1, 6, 'assigned', 56),
(1, 6, 'assigned', 56),
(1, 6, 'assigned', 56),
(1, 6, 'assigned', 56),
(1, 6, 'assigned', 56),
(1, 6, 'assigned', 56),
(1, 6, 'assigned', 56),
(1, 6, 'assigned', 56),
(1, 6, 'assigned', 56),
(1, 6, 'assigned', 56),
(1, 6, 'assigned', 56),
(1, 6, 'assigned', 56),
(1, 6, 'assigned', 56),
(1, 6, 'assigned', 56),
(1, 6, 'assigned', 56),
(1, 6, 'assigned', 56),
(1, 6, 'assigned', 56),
(1, 6, 'assigned', 56),
(1, 6, 'assigned', 56),
(1, 6, 'assigned', 56),
(1, 6, 'assigned', 56),
(1, 6, 'assigned', 56),
(1, 6, 'assigned', 56),
(1, 6, 'assigned', 56),
(1, 6, 'assigned', 56),
(1, 6, 'assigned', 56),
(1, 6, 'assigned', 56),
(1, 6, 'assigned', 56),
(1, 6, 'assigned', 56),
(1, 6, 'assigned', 56),
(1, 6, 'assigned', 56),
(1, 6, 'assigned', 56),
(1, 6, 'assigned', 56),
(1, 6, 'assigned', 56),
(1, 6, 'assigned', 56),
(1, 6, 'assigned', 56),
(1, 6, 'assigned', 56),
(1, 6, 'assigned', 56),
(1, 6, 'assigned', 56),
(1, 6, 'assigned', 56),
(1, 6, 'assigned', 56),
(1, 6, 'assigned', 56),
(1, 6, 'assigned', 56),
(1, 6, 'assigned', 56),
(1, 6, 'assigned', 56),
(1, 6, 'assigned', 56),
(1, 6, 'assigned', 56),
(1, 6, 'assigned', 56),
(1, 6, 'assigned', 56),
(1, 6, 'assigned', 56),
(1, 6, 'assigned', 56),
(1, 6, 'assigned', 56),
(1, 6, 'assigned', 56),
(1, 6, 'assigned', 56),
(1, 6, 'assigned', 56),
(1, 6, 'assigned', 56),
(1, 6, 'assigned', 56),
(1, 6, 'assigned', 56),
(1, 6, 'assigned', 56),
(1, 6, 'assigned', 56),
(1, 6, 'assigned', 56),
(1, 6, 'assigned', 56),
(1, 6, 'assigned', 56),
(1, 6, 'assigned', 56),
(1, 6, 'assigned', 56),
(1, 6, 'assigned', 56),
(1, 6, 'assigned', 56),
(1, 6, 'assigned', 56),
(1, 6, 'assigned', 56),
(1, 6, 'assigned', 56),
(1, 6, 'assigned', 56),
(1, 6, 'assigned', 56),
(1, 6, 'assigned', 56),
(1, 6, 'assigned', 56),
(1, 6, 'assigned', 56),
(1, 6, 'assigned', 56),
(1, 6, 'assigned', 56),
(1, 6, 'assigned', 56),
(1, 6, 'assigned', 56),
(1, 6, 'assigned', 56),
(1, 6, 'assigned', 56),
(1, 6, 'assigned', 56),
(1, 6, 'assigned', 56),
(1, 6, 'assigned', 56),
(1, 6, 'assigned', 56),
(1, 6, 'assigned', 56),
(1, 6, 'assigned', 56),
(1, 6, 'assigned', 56),
(1, 6, 'assigned', 56),
(1, 6, 'assigned', 56),
(1, 6, 'assigned', 56),
(1, 6, 'assigned', 56),
(1, 6, 'assigned', 56),
(1, 6, 'assigned', 56),
(1, 6, 'assigned', 56),
(1, 6, 'assigned', 56),
(1, 6, 'assigned', 56),
(1, 6, 'assigned', 56),
(1, 6, 'assigned', 56),
(1, 6, 'assigned', 56),
(1, 6, 'assigned', 56),
(1, 6, 'assigned', 56),
(1, 6, 'assigned', 56),
(1, 6, 'assigned', 56),
(1, 6, 'assigned', 56),
(1, 6, 'assigned', 56),
(1, 6, 'assigned', 56),
(1, 6, 'assigned', 56),
(1, 6, 'assigned', 56),
(1, 6, 'assigned', 56),
(1, 6, 'assigned', 56),
(1, 6, 'assigned', 56),
(1, 6, 'assigned', 56),
(1, 6, 'assigned', 56),
(1, 6, 'assigned', 56),
(1, 6, 'assigned', 56),
(1, 6, 'assigned', 56),
(1, 6, 'assigned', 56),
(1, 6, 'assigned', 56),
(1, 6, 'assigned', 56),
(1, 6, 'assigned', 56),
(1, 6, 'assigned', 56),
(1, 6, 'assigned', 56),
(1, 6, 'assigned', 56),
(1, 6, 'assigned', 56),
(1, 6, 'assigned', 56),
(1, 6, 'assigned', 56),
(1, 6, 'assigned', 56),
(1, 6, 'assigned', 56),
(1, 6, 'assigned', 56),
(1, 6, 'assigned', 56),
(1, 6, 'assigned', 56),
(1, 6, 'assigned', 56),
(1, 6, 'assigned', 56),
(1, 6, 'assigned', 56),
(1, 6, 'assigned', 56),
(1, 6, 'assigned', 56),
(1, 6, 'assigned', 56),
(1, 6, 'assigned', 56),
(1, 6, 'assigned', 56),
(1, 6, 'assigned', 56),
(1, 6, 'assigned', 56),
(1, 6, 'assigned', 56),
(1, 6, 'assigned', 56),
(1, 6, 'assigned', 56),
(1, 6, 'assigned', 56),
(1, 6, 'assigned', 56),
(1, 6, 'assigned', 56),
(1, 6, 'assigned', 56),
(1, 6, 'assigned', 56),
(1, 6, 'assigned', 56),
(1, 6, 'assigned', 56),
(1, 6, 'assigned', 56),
(1, 6, 'assigned', 56),
(1, 6, 'assigned', 56),
(1, 6, 'assigned', 56),
(1, 6, 'assigned', 56),
(1, 6, 'assigned', 56),
(1, 6, 'assigned', 56),
(1, 6, 'assigned', 56),
(1, 6, 'assigned', 56),
(1, 6, 'assigned', 56),
(1, 6, 'assigned', 56),
(1, 6, 'assigned', 56),
(1, 6, 'assigned', 56),
(1, 6, 'assigned', 56),
(1, 6, 'assigned', 56),
(1, 6, 'assigned', 56),
(1, 6, 'assigned', 56),
(1, 6, 'assigned', 56),
(1, 6, 'assigned', 56),
(1, 6, 'assigned', 56),
(1, 6, 'assigned', 56),
(1, 6, 'assigned', 56),
(1, 6, 'assigned', 56),
(1, 6, 'assigned', 56),
(1, 6, 'assigned', 56),
(1, 6, 'assigned', 56),
(1, 6, 'assigned', 56),
(1, 6, 'assigned', 56),
(1, 6, 'assigned', 56),
(1, 6, 'assigned', 56),
(1, 6, 'assigned', 56),
(1, 6, 'assigned', 56),
(1, 6, 'assigned', 56),
(1, 6, 'assigned', 56),
(1, 6, 'assigned', 56),
(1, 6, 'assigned', 56),
(1, 6, 'assigned', 56),
(1, 6, 'assigned', 56),
(1, 6, 'assigned', 56),
(1, 6, 'assigned', 56),
(1, 6, 'assigned', 56),
(1, 6, 'assigned', 56),
(1, 6, 'assigned', 56),
(1, 6, 'assigned', 56),
(1, 6, 'assigned', 56),
(1, 6, 'assigned', 56),
(1, 6, 'assigned', 56),
(1, 6, 'assigned', 56),
(1, 6, 'assigned', 56),
(1, 6, 'assigned', 56),
(1, 6, 'assigned', 56),
(1, 6, 'assigned', 56),
(1, 6, 'assigned', 56),
(1, 6, 'assigned', 56),
(1, 6, 'assigned', 56),
(1, 6, 'assigned', 56),
(1, 6, 'assigned', 56),
(1, 6, 'assigned', 56),
(1, 6, 'assigned', 56),
(1, 6, 'assigned', 56),
(1, 6, 'assigned', 56),
(1, 6, 'assigned', 56),
(1, 6, 'assigned', 56),
(1, 6, 'assigned', 56),
(1, 6, 'assigned', 56),
(1, 6, 'assigned', 56),
(1, 6, 'assigned', 56),
(1, 6, 'assigned', 56),
(1, 6, 'assigned', 56),
(1, 6, 'assigned', 56),
(1, 6, 'assigned', 56),
(1, 6, 'assigned', 56),
(1, 6, 'assigned', 56),
(1, 6, 'assigned', 56),
(1, 6, 'assigned', 56),
(1, 6, 'assigned', 56),
(1, 6, 'assigned', 56),
(1, 6, 'assigned', 56),
(1, 6, 'assigned', 56),
(1, 6, 'assigned', 56),
(1, 6, 'assigned', 56),
(1, 6, 'assigned', 56),
(1, 6, 'assigned', 56),
(1, 6, 'assigned', 56),
(1, 6, 'assigned', 56),
(1, 6, 'assigned', 56),
(1, 6, 'assigned', 56),
(1, 6, 'assigned', 56),
(1, 6, 'assigned', 56),
(1, 6, 'assigned', 56),
(1, 6, 'assigned', 56),
(1, 6, 'assigned', 56),
(1, 6, 'assigned', 56),
(1, 6, 'assigned', 56),
(1, 6, 'assigned', 56),
(1, 6, 'assigned', 56),
(1, 6, 'assigned', 56),
(1, 6, 'assigned', 56),
(1, 6, 'assigned', 56),
(1, 6, 'assigned', 56),
(1, 6, 'assigned', 56),
(1, 6, 'assigned', 56),
(1, 6, 'assigned', 56),
(1, 6, 'assigned', 56),
(1, 6, 'assigned', 56),
(1, 6, 'assigned', 56),
(1, 6, 'assigned', 56),
(1, 6, 'assigned', 56),
(1, 6, 'assigned', 56),
(1, 6, 'assigned', 56),
(1, 6, 'assigned', 56),
(1, 6, 'assigned', 56),
(1, 6, 'assigned', 56),
(1, 6, 'assigned', 56),
(1, 6, 'assigned', 56),
(1, 6, 'assigned', 56),
(1, 6, 'assigned', 56),
(1, 6, 'assigned', 56),
(1, 6, 'assigned', 56),
(1, 6, 'assigned', 56),
(1, 6, 'assigned', 56),
(1, 6, 'assigned', 56),
(1, 6, 'assigned', 56),
(1, 6, 'assigned', 56),
(1, 6, 'assigned', 56),
(1, 6, 'assigned', 56),
(1, 6, 'assigned', 56),
(1, 6, 'assigned', 56),
(1, 6, 'assigned', 56),
(1, 6, 'assigned', 56),
(1, 6, 'assigned', 56),
(1, 6, 'assigned', 56),
(1, 6, 'assigned', 56),
(1, 6, 'assigned', 56),
(1, 6, 'assigned', 56),
(1, 6, 'assigned', 56),
(1, 6, 'assigned', 56),
(1, 6, 'assigned', 56),
(1, 6, 'assigned', 56),
(1, 6, 'assigned', 56),
(1, 6, 'assigned', 56),
(1, 6, 'assigned', 56),
(1, 6, 'assigned', 56),
(1, 6, 'assigned', 56),
(1, 6, 'assigned', 56),
(1, 6, 'assigned', 56),
(1, 6, 'assigned', 56),
(1, 6, 'assigned', 56),
(1, 6, 'assigned', 56),
(1, 6, 'assigned', 56),
(1, 6, 'assigned', 56),
(1, 6, 'assigned', 56),
(1, 6, 'assigned', 56),
(1, 6, 'assigned', 56),
(1, 6, 'assigned', 56),
(1, 6, 'assigned', 56),
(1, 6, 'assigned', 56),
(1, 6, 'assigned', 56),
(1, 6, 'assigned', 56),
(1, 6, 'assigned', 56),
(1, 6, 'assigned', 56),
(1, 6, 'assigned', 56),
(1, 6, 'assigned', 56),
(1, 6, 'assigned', 56),
(1, 6, 'assigned', 56),
(1, 6, 'assigned', 56),
(1, 6, 'assigned', 56),
(1, 6, 'assigned', 56),
(1, 6, 'assigned', 56),
(1, 6, 'assigned', 56),
(1, 6, 'assigned', 56),
(1, 6, 'assigned', 56),
(1, 6, 'assigned', 56),
(1, 6, 'assigned', 56),
(1, 6, 'assigned', 56),
(1, 6, 'assigned', 56),
(1, 6, 'assigned', 56),
(1, 6, 'assigned', 56),
(1, 6, 'assigned', 56),
(1, 6, 'assigned', 56),
(1, 6, 'assigned', 56),
(1, 6, 'assigned', 56),
(1, 6, 'assigned', 56),
(1, 6, 'assigned', 56),
(1, 6, 'assigned', 56),
(1, 6, 'assigned', 56),
(1, 6, 'assigned', 56),
(1, 6, 'assigned', 56),
(1, 6, 'assigned', 56),
(1, 6, 'assigned', 56),
(1, 6, 'assigned', 56),
(1, 6, 'assigned', 56),
(1, 6, 'assigned', 56),
(1, 6, 'assigned', 56),
(1, 6, 'assigned', 56),
(1, 6, 'assigned', 56),
(1, 6, 'assigned', 56),
(1, 6, 'assigned', 56),
(1, 6, 'assigned', 56),
(1, 6, 'assigned', 56),
(1, 6, 'assigned', 56),
(1, 6, 'assigned', 56),
(1, 6, 'assigned', 56),
(1, 6, 'assigned', 56),
(1, 6, 'assigned', 56),
(1, 6, 'assigned', 56),
(1, 6, 'assigned', 56),
(1, 6, 'assigned', 56),
(1, 6, 'assigned', 56),
(1, 6, 'assigned', 56),
(1, 6, 'assigned', 56),
(1, 6, 'assigned', 56),
(1, 6, 'assigned', 56),
(1, 6, 'assigned', 56),
(1, 6, 'assigned', 56),
(1, 6, 'assigned', 56),
(1, 6, 'assigned', 56),
(1, 6, 'assigned', 56),
(1, 6, 'assigned', 56),
(1, 6, 'assigned', 56),
(1, 6, 'assigned', 56),
(1, 6, 'assigned', 56),
(1, 6, 'assigned', 56),
(1, 6, 'assigned', 56),
(1, 6, 'assigned', 56),
(1, 6, 'assigned', 56),
(1, 6, 'assigned', 56),
(1, 6, 'assigned', 56),
(1, 6, 'assigned', 56),
(1, 6, 'assigned', 56),
(1, 6, 'assigned', 56),
(1, 6, 'assigned', 56),
(1, 6, 'assigned', 56),
(1, 6, 'assigned', 56),
(1, 6, 'assigned', 56),
(1, 6, 'assigned', 56),
(1, 6, 'assigned', 56),
(1, 6, 'assigned', 56),
(1, 6, 'assigned', 56),
(1, 6, 'assigned', 56),
(1, 6, 'assigned', 56),
(1, 6, 'assigned', 56),
(1, 6, 'assigned', 56),
(1, 6, 'assigned', 56),
(1, 6, 'assigned', 56),
(1, 6, 'assigned', 56),
(1, 6, 'assigned', 56),
(1, 6, 'assigned', 56),
(1, 6, 'assigned', 56),
(1, 6, 'assigned', 56),
(1, 6, 'assigned', 56),
(1, 6, 'assigned', 56),
(1, 6, 'assigned', 56),
(1, 6, 'assigned', 56),
(1, 6, 'assigned', 56),
(1, 6, 'assigned', 56),
(1, 6, 'assigned', 56),
(1, 6, 'assigned', 56),
(1, 6, 'assigned', 56),
(1, 6, 'assigned', 56),
(1, 6, 'assigned', 56),
(1, 6, 'assigned', 56),
(1, 6, 'assigned', 56),
(1, 6, 'assigned', 56),
(1, 6, 'assigned', 56),
(1, 6, 'assigned', 56),
(1, 6, 'assigned', 56),
(1, 6, 'assigned', 56),
(1, 6, 'assigned', 56),
(1, 6, 'assigned', 56),
(1, 6, 'assigned', 56),
(1, 6, 'assigned', 56),
(1, 6, 'assigned', 56),
(1, 6, 'assigned', 56),
(1, 6, 'assigned', 56),
(1, 6, 'assigned', 56),
(1, 6, 'assigned', 56),
(1, 6, 'assigned', 56),
(1, 6, 'assigned', 56),
(1, 6, 'assigned', 56),
(1, 6, 'assigned', 56),
(1, 6, 'assigned', 56),
(1, 6, 'assigned', 56),
(1, 6, 'assigned', 56),
(1, 6, 'assigned', 56),
(1, 6, 'assigned', 56),
(1, 6, 'assigned', 56),
(1, 6, 'assigned', 56),
(1, 6, 'assigned', 56),
(1, 6, 'assigned', 56),
(1, 6, 'assigned', 56),
(1, 6, 'assigned', 56),
(1, 6, 'assigned', 56),
(1, 6, 'assigned', 56),
(1, 6, 'assigned', 56),
(1, 6, 'assigned', 56),
(1, 6, 'assigned', 56),
(1, 6, 'assigned', 56),
(1, 6, 'assigned', 56),
(1, 6, 'assigned', 56),
(1, 6, 'assigned', 56),
(1, 6, 'assigned', 56),
(1, 6, 'assigned', 56),
(1, 6, 'assigned', 56),
(1, 6, 'assigned', 56),
(1, 6, 'assigned', 56),
(1, 6, 'assigned', 56),
(1, 6, 'assigned', 56),
(1, 6, 'assigned', 56),
(1, 6, 'assigned', 56),
(1, 6, 'assigned', 56),
(1, 6, 'assigned', 56),
(1, 6, 'assigned', 56),
(1, 6, 'assigned', 56),
(1, 6, 'assigned', 56),
(1, 6, 'assigned', 56),
(1, 6, 'assigned', 56),
(1, 6, 'assigned', 56),
(1, 6, 'assigned', 56),
(1, 6, 'assigned', 56),
(1, 6, 'assigned', 56),
(1, 6, 'assigned', 56),
(1, 6, 'assigned', 56),
(1, 6, 'assigned', 56),
(1, 6, 'assigned', 56),
(1, 6, 'assigned', 56),
(1, 6, 'assigned', 56),
(1, 6, 'assigned', 56),
(1, 6, 'assigned', 56),
(1, 6, 'assigned', 56),
(1, 6, 'assigned', 56),
(1, 6, 'assigned', 56),
(1, 6, 'assigned', 56),
(1, 6, 'assigned', 56),
(1, 6, 'assigned', 56),
(1, 6, 'assigned', 56),
(1, 6, 'assigned', 56),
(1, 6, 'assigned', 56),
(1, 6, 'assigned', 56),
(1, 6, 'assigned', 56),
(1, 6, 'assigned', 56),
(1, 6, 'assigned', 56),
(1, 6, 'assigned', 56),
(1, 6, 'assigned', 56),
(1, 6, 'assigned', 56),
(1, 6, 'assigned', 56),
(1, 6, 'assigned', 56),
(1, 6, 'assigned', 56),
(1, 6, 'assigned', 56),
(1, 6, 'assigned', 56),
(1, 6, 'assigned', 56),
(1, 6, 'assigned', 56),
(1, 6, 'assigned', 56),
(1, 6, 'assigned', 56),
(1, 6, 'assigned', 56),
(1, 6, 'assigned', 56),
(1, 6, 'assigned', 56),
(1, 6, 'assigned', 56),
(1, 6, 'assigned', 56),
(1, 6, 'assigned', 56),
(1, 6, 'assigned', 56),
(1, 6, 'assigned', 56),
(1, 6, 'assigned', 56),
(1, 6, 'assigned', 56),
(1, 6, 'assigned', 56),
(1, 6, 'assigned', 56),
(1, 6, 'assigned', 56),
(1, 6, 'assigned', 56),
(1, 6, 'assigned', 56),
(1, 6, 'assigned', 56),
(1, 6, 'assigned', 56),
(1, 6, 'assigned', 56),
(1, 6, 'assigned', 56),
(1, 6, 'assigned', 56),
(1, 6, 'assigned', 56),
(1, 6, 'assigned', 56),
(1, 6, 'assigned', 56),
(1, 6, 'assigned', 56),
(1, 6, 'assigned', 56),
(1, 6, 'assigned', 56),
(1, 6, 'assigned', 56),
(1, 6, 'assigned', 56),
(1, 6, 'assigned', 56),
(1, 6, 'assigned', 56),
(1, 6, 'assigned', 56),
(1, 6, 'assigned', 56),
(1, 6, 'assigned', 56),
(1, 6, 'assigned', 56),
(1, 6, 'assigned', 56),
(1, 6, 'assigned', 56),
(1, 6, 'assigned', 56),
(1, 6, 'assigned', 56),
(1, 6, 'assigned', 56),
(1, 6, 'assigned', 56),
(1, 6, 'assigned', 56),
(1, 6, 'assigned', 56),
(1, 6, 'assigned', 56),
(1, 6, 'assigned', 56),
(1, 6, 'assigned', 56),
(1, 6, 'assigned', 56),
(1, 6, 'assigned', 56),
(1, 6, 'assigned', 56),
(1, 6, 'assigned', 56),
(1, 6, 'assigned', 56),
(1, 6, 'assigned', 56),
(1, 6, 'assigned', 56),
(1, 6, 'assigned', 56),
(1, 6, 'assigned', 56),
(1, 6, 'assigned', 56),
(1, 6, 'assigned', 56),
(1, 6, 'assigned', 56),
(1, 6, 'assigned', 56),
(1, 6, 'assigned', 56),
(1, 6, 'assigned', 56),
(1, 6, 'assigned', 56),
(1, 6, 'assigned', 56),
(1, 6, 'assigned', 56),
(1, 6, 'assigned', 56),
(1, 6, 'assigned', 56),
(1, 6, 'assigned', 56),
(1, 6, 'assigned', 56),
(1, 6, 'assigned', 56),
(1, 6, 'assigned', 56),
(1, 6, 'assigned', 56),
(1, 6, 'assigned', 56),
(1, 6, 'assigned', 56),
(1, 6, 'assigned', 56),
(1, 6, 'assigned', 56),
(1, 6, 'assigned', 56),
(1, 6, 'assigned', 56),
(1, 6, 'assigned', 56),
(1, 6, 'assigned', 56),
(1, 6, 'assigned', 56),
(1, 6, 'assigned', 56),
(1, 6, 'assigned', 56),
(1, 6, 'assigned', 56),
(1, 6, 'assigned', 56),
(1, 6, 'assigned', 56),
(1, 6, 'assigned', 56),
(1, 6, 'assigned', 56),
(1, 6, 'assigned', 56),
(1, 6, 'assigned', 56),
(1, 6, 'assigned', 56),
(1, 6, 'assigned', 56),
(1, 6, 'assigned', 56),
(1, 6, 'assigned', 56),
(1, 6, 'assigned', 56),
(1, 6, 'assigned', 56),
(1, 6, 'assigned', 56),
(1, 6, 'assigned', 56),
(1, 6, 'assigned', 56),
(1, 6, 'assigned', 56),
(1, 6, 'assigned', 56),
(1, 6, 'assigned', 56),
(1, 6, 'assigned', 56),
(1, 6, 'assigned', 56),
(1, 6, 'assigned', 56),
(1, 6, 'assigned', 56),
(1, 6, 'assigned', 56),
(1, 6, 'assigned', 56),
(1, 6, 'assigned', 56),
(1, 6, 'assigned', 56),
(1, 6, 'assigned', 56),
(1, 6, 'assigned', 56),
(1, 6, 'assigned', 56),
(1, 6, 'assigned', 56),
(1, 6, 'assigned', 56),
(1, 6, 'assigned', 56),
(1, 6, 'assigned', 56),
(1, 6, 'assigned', 56),
(1, 6, 'assigned', 56),
(1, 6, 'assigned', 56),
(1, 6, 'assigned', 56),
(1, 6, 'assigned', 56),
(1, 6, 'assigned', 56),
(1, 6, 'assigned', 56),
(1, 6, 'assigned', 56),
(1, 6, 'assigned', 56),
(1, 6, 'assigned', 56),
(1, 6, 'assigned', 56),
(1, 6, 'assigned', 56),
(1, 6, 'assigned', 56),
(1, 6, 'assigned', 56),
(1, 6, 'assigned', 56),
(1, 6, 'assigned', 56),
(1, 6, 'assigned', 56),
(1, 6, 'assigned', 56),
(1, 6, 'assigned', 56),
(1, 6, 'assigned', 56),
(1, 6, 'assigned', 56),
(1, 6, 'assigned', 56),
(1, 6, 'assigned', 56),
(1, 6, 'assigned', 56),
(1, 6, 'assigned', 56),
(1, 6, 'assigned', 56),
(1, 6, 'assigned', 56),
(1, 6, 'assigned', 56),
(1, 6, 'assigned', 56),
(1, 6, 'assigned', 56),
(1, 6, 'assigned', 56),
(1, 6, 'assigned', 56),
(1, 6, 'assigned', 56),
(1, 6, 'assigned', 56),
(1, 6, 'assigned', 56),
(1, 6, 'assigned', 56),
(1, 6, 'assigned', 56),
(1, 6, 'assigned', 56),
(1, 6, 'assigned', 56),
(1, 6, 'assigned', 56),
(1, 6, 'assigned', 56),
(1, 6, 'assigned', 56),
(1, 6, 'assigned', 56),
(1, 6, 'assigned', 56),
(1, 6, 'assigned', 56),
(1, 6, 'assigned', 56),
(1, 6, 'assigned', 56),
(1, 6, 'assigned', 56),
(1, 6, 'assigned', 56),
(1, 6, 'assigned', 56),
(1, 6, 'assigned', 56),
(1, 6, 'assigned', 56),
(1, 6, 'assigned', 56),
(1, 6, 'assigned', 56),
(1, 6, 'assigned', 56),
(1, 6, 'assigned', 56),
(1, 6, 'assigned', 56),
(1, 6, 'assigned', 56),
(1, 6, 'assigned', 56),
(1, 6, 'assigned', 56),
(1, 6, 'assigned', 56),
(1, 6, 'assigned', 56),
(1, 6, 'assigned', 56),
(1, 6, 'assigned', 56),
(1, 6, 'assigned', 56),
(1, 6, 'assigned', 56),
(1, 6, 'assigned', 56),
(1, 6, 'assigned', 56),
(1, 6, 'assigned', 56),
(1, 6, 'assigned', 56),
(1, 6, 'assigned', 56),
(1, 6, 'assigned', 56),
(1, 6, 'assigned', 56),
(1, 6, 'assigned', 56),
(1, 6, 'assigned', 56),
(1, 6, 'assigned', 56),
(1, 6, 'assigned', 56),
(1, 6, 'assigned', 56),
(1, 6, 'assigned', 56),
(1, 6, 'assigned', 56),
(1, 6, 'assigned', 56),
(1, 6, 'assigned', 56),
(1, 6, 'assigned', 56),
(1, 6, 'assigned', 56),
(1, 6, 'assigned', 56),
(1, 6, 'assigned', 56),
(1, 6, 'assigned', 56),
(1, 6, 'assigned', 56),
(1, 6, 'assigned', 56),
(1, 6, 'assigned', 56),
(1, 6, 'assigned', 56),
(1, 6, 'assigned', 56),
(1, 6, 'assigned', 56),
(1, 6, 'assigned', 56),
(1, 6, 'assigned', 56),
(1, 6, 'assigned', 56),
(1, 6, 'assigned', 56),
(1, 6, 'assigned', 56),
(1, 6, 'assigned', 56),
(1, 6, 'assigned', 56),
(1, 6, 'assigned', 56),
(1, 6, 'assigned', 56),
(1, 6, 'assigned', 56),
(1, 6, 'assigned', 56),
(1, 6, 'assigned', 56),
(1, 6, 'assigned', 56),
(1, 6, 'assigned', 56),
(1, 6, 'assigned', 56),
(1, 6, 'assigned', 56),
(1, 6, 'assigned', 56),
(1, 6, 'assigned', 56),
(1, 6, 'assigned', 56),
(1, 6, 'assigned', 56),
(1, 6, 'assigned', 56),
(1, 6, 'assigned', 56),
(1, 6, 'assigned', 56),
(1, 6, 'assigned', 56),
(1, 6, 'assigned', 56),
(1, 6, 'assigned', 56),
(1, 6, 'assigned', 56),
(1, 6, 'assigned', 56),
(1, 6, 'assigned', 56),
(1, 6, 'assigned', 56),
(1, 6, 'assigned', 56),
(1, 6, 'assigned', 56),
(1, 6, 'assigned', 56),
(1, 6, 'assigned', 56),
(1, 6, 'assigned', 56),
(1, 6, 'assigned', 56),
(1, 6, 'assigned', 56),
(1, 6, 'assigned', 56),
(1, 6, 'assigned', 56),
(1, 6, 'assigned', 56),
(1, 6, 'assigned', 56),
(1, 6, 'assigned', 56),
(1, 6, 'assigned', 56),
(1, 6, 'assigned', 56),
(1, 6, 'assigned', 56),
(1, 6, 'assigned', 56),
(1, 6, 'assigned', 56),
(1, 6, 'assigned', 56),
(1, 6, 'assigned', 56),
(1, 6, 'assigned', 56),
(1, 6, 'assigned', 56),
(1, 6, 'assigned', 56),
(1, 6, 'assigned', 56),
(1, 6, 'assigned', 56),
(1, 6, 'assigned', 56),
(1, 6, 'assigned', 56),
(1, 6, 'assigned', 56),
(1, 6, 'assigned', 56),
(1, 6, 'assigned', 56),
(1, 6, 'assigned', 56),
(1, 6, 'assigned', 56),
(1, 6, 'assigned', 56),
(1, 6, 'assigned', 56),
(1, 6, 'assigned', 56),
(1, 6, 'assigned', 56),
(1, 6, 'assigned', 56),
(1, 6, 'assigned', 56),
(1, 6, 'assigned', 56),
(1, 6, 'assigned', 56),
(1, 6, 'assigned', 56),
(1, 6, 'assigned', 56),
(1, 6, 'assigned', 56),
(1, 6, 'assigned', 56),
(1, 6, 'assigned', 56),
(1, 6, 'assigned', 56),
(1, 6, 'assigned', 56),
(1, 6, 'assigned', 56),
(1, 6, 'assigned', 56),
(1, 6, 'assigned', 56),
(1, 6, 'assigned', 56),
(1, 6, 'assigned', 56),
(1, 6, 'assigned', 56),
(1, 6, 'assigned', 56),
(1, 6, 'assigned', 56),
(1, 6, 'assigned', 56),
(1, 6, 'assigned', 56),
(1, 6, 'assigned', 56),
(1, 6, 'assigned', 56),
(1, 6, 'assigned', 56),
(1, 6, 'assigned', 56),
(1, 6, 'assigned', 56),
(1, 6, 'assigned', 56),
(1, 6, 'assigned', 56),
(1, 6, 'assigned', 56),
(1, 6, 'assigned', 56),
(1, 6, 'assigned', 56),
(1, 6, 'assigned', 56),
(1, 6, 'assigned', 56),
(1, 6, 'assigned', 56),
(1, 6, 'assigned', 56),
(1, 6, 'assigned', 56),
(1, 6, 'assigned', 56),
(1, 6, 'assigned', 56),
(1, 6, 'assigned', 56),
(1, 6, 'assigned', 56),
(1, 6, 'assigned', 56),
(1, 6, 'assigned', 56),
(1, 6, 'assigned', 56),
(1, 6, 'assigned', 56),
(1, 6, 'assigned', 56),
(1, 6, 'assigned', 56),
(1, 6, 'assigned', 56),
(1, 6, 'assigned', 56),
(1, 6, 'assigned', 56),
(1, 6, 'assigned', 56),
(1, 6, 'assigned', 56),
(1, 6, 'assigned', 56),
(1, 6, 'assigned', 56),
(1, 6, 'assigned', 56),
(1, 6, 'assigned', 56),
(1, 6, 'assigned', 56),
(1, 6, 'assigned', 56),
(1, 6, 'assigned', 56),
(1, 6, 'assigned', 56),
(1, 6, 'assigned', 56),
(1, 6, 'assigned', 56),
(1, 6, 'assigned', 56),
(1, 6, 'assigned', 56),
(1, 6, 'assigned', 56),
(1, 6, 'assigned', 56),
(1, 6, 'assigned', 56),
(1, 6, 'assigned', 56),
(1, 6, 'assigned', 56),
(1, 6, 'assigned', 56),
(1, 6, 'assigned', 56),
(1, 6, 'assigned', 56),
(1, 6, 'assigned', 56),
(1, 6, 'assigned', 56),
(1, 6, 'assigned', 56),
(1, 6, 'assigned', 56),
(1, 6, 'assigned', 56),
(1, 6, 'assigned', 56),
(1, 6, 'assigned', 56),
(1, 6, 'assigned', 56),
(1, 6, 'assigned', 56),
(1, 6, 'assigned', 56),
(1, 6, 'assigned', 56),
(1, 6, 'assigned', 56),
(1, 6, 'assigned', 56),
(1, 6, 'assigned', 56),
(1, 6, 'assigned', 56),
(1, 6, 'assigned', 56),
(1, 6, 'assigned', 56),
(1, 6, 'assigned', 56),
(1, 6, 'assigned', 56),
(1, 6, 'assigned', 56),
(1, 6, 'assigned', 56),
(1, 6, 'assigned', 56),
(1, 6, 'assigned', 56),
(1, 6, 'assigned', 56),
(1, 6, 'assigned', 56),
(1, 6, 'assigned', 56),
(1, 6, 'assigned', 56),
(1, 6, 'assigned', 56),
(1, 6, 'assigned', 56),
(1, 6, 'assigned', 56),
(1, 6, 'assigned', 56),
(1, 6, 'assigned', 56),
(1, 6, 'assigned', 56),
(1, 6, 'assigned', 56),
(1, 6, 'assigned', 56),
(1, 6, 'assigned', 56),
(1, 6, 'assigned', 56),
(1, 6, 'assigned', 56),
(1, 6, 'assigned', 56),
(1, 6, 'assigned', 56),
(1, 6, 'assigned', 56),
(1, 6, 'assigned', 56),
(1, 6, 'assigned', 56),
(1, 6, 'assigned', 56),
(1, 6, 'assigned', 56),
(1, 6, 'assigned', 56),
(1, 6, 'assigned', 56),
(1, 6, 'assigned', 56),
(1, 6, 'assigned', 56),
(1, 6, 'assigned', 56),
(1, 6, 'assigned', 56),
(1, 6, 'assigned', 56),
(1, 6, 'assigned', 56),
(1, 6, 'assigned', 56),
(1, 6, 'assigned', 56),
(1, 6, 'assigned', 56),
(1, 6, 'assigned', 56),
(1, 6, 'assigned', 56),
(1, 6, 'assigned', 56),
(1, 6, 'assigned', 56),
(1, 6, 'assigned', 56),
(1, 6, 'assigned', 56),
(1, 6, 'assigned', 56),
(1, 6, 'assigned', 56),
(1, 6, 'assigned', 56),
(1, 6, 'assigned', 56),
(1, 6, 'assigned', 56),
(1, 6, 'assigned', 56),
(1, 6, 'assigned', 56),
(1, 6, 'assigned', 56),
(1, 6, 'assigned', 56),
(1, 6, 'assigned', 56),
(1, 6, 'assigned', 56),
(1, 6, 'assigned', 56),
(1, 6, 'assigned', 56),
(1, 6, 'assigned', 56),
(1, 6, 'assigned', 56),
(1, 6, 'assigned', 56),
(1, 6, 'assigned', 56),
(1, 6, 'assigned', 56),
(1, 6, 'assigned', 56),
(1, 6, 'assigned', 56),
(1, 6, 'assigned', 56),
(1, 6, 'assigned', 56),
(1, 6, 'assigned', 56),
(1, 6, 'assigned', 56),
(1, 6, 'assigned', 56),
(1, 6, 'assigned', 56),
(1, 6, 'assigned', 56),
(1, 6, 'assigned', 56),
(1, 6, 'assigned', 56),
(1, 6, 'assigned', 56),
(1, 6, 'assigned', 56),
(1, 6, 'assigned', 56),
(1, 6, 'assigned', 56),
(1, 6, 'assigned', 56),
(1, 6, 'assigned', 56),
(1, 6, 'assigned', 56),
(1, 6, 'assigned', 56),
(1, 6, 'assigned', 56),
(1, 6, 'assigned', 56),
(1, 6, 'assigned', 56),
(1, 6, 'assigned', 56),
(1, 6, 'assigned', 56),
(1, 6, 'assigned', 56),
(1, 6, 'assigned', 56),
(1, 6, 'assigned', 56),
(1, 6, 'assigned', 56),
(1, 6, 'assigned', 56),
(1, 6, 'assigned', 56),
(1, 6, 'assigned', 56),
(1, 6, 'assigned', 56),
(1, 6, 'assigned', 56),
(1, 6, 'assigned', 56),
(1, 6, 'assigned', 56),
(1, 6, 'assigned', 56),
(1, 6, 'assigned', 56),
(1, 6, 'assigned', 56),
(1, 6, 'assigned', 56),
(1, 6, 'assigned', 56),
(1, 6, 'assigned', 56),
(1, 6, 'assigned', 56),
(1, 6, 'assigned', 56),
(1, 6, 'assigned', 56),
(1, 6, 'assigned', 56),
(1, 6, 'assigned', 56),
(1, 6, 'assigned', 56),
(1, 6, 'assigned', 56),
(1, 6, 'assigned', 56),
(1, 6, 'assigned', 56),
(1, 6, 'assigned', 56),
(1, 6, 'assigned', 56),
(1, 6, 'assigned', 56),
(1, 6, 'assigned', 56),
(1, 6, 'assigned', 56),
(1, 6, 'assigned', 56),
(1, 6, 'assigned', 56),
(1, 6, 'assigned', 56),
(1, 6, 'assigned', 56),
(1, 6, 'assigned', 56),
(1, 6, 'assigned', 56),
(1, 6, 'assigned', 56),
(1, 6, 'assigned', 56),
(1, 6, 'assigned', 56),
(1, 7, 'assigned', 56),
(2, 7, 'assigned', 19),
(3, 7, 'assigned', 54),
(1, 10, 'assigned', 56),
(2, 10, 'assigned', 19),
(3, 10, 'assigned', 54),
(4, 10, 'ready', 0),
(5, 10, 'ready', 0),
(6, 10, 'ready', 0),
(7, 10, 'ready', 0),
(8, 10, 'ready', 0),
(9, 10, 'ready', 0),
(10, 10, 'ready', 0),
(1, 11, 'ready', 0),
(2, 11, 'ready', 0),
(3, 11, 'ready', 0),
(4, 11, 'ready', 0),
(5, 11, 'ready', 0),
(1, 12, 'assigned', 56),
(2, 12, 'assigned', 19),
(3, 12, 'ready', 0),
(4, 12, 'ready', 0),
(5, 12, 'ready', 0),
(1, 13, 'ready', 0),
(2, 13, 'ready', 0),
(3, 13, 'ready', 0),
(4, 13, 'ready', 0),
(5, 13, 'ready', 0),
(1, 12, 'assigned', 56),
(2, 12, 'assigned', 19),
(3, 12, 'ready', 0),
(4, 12, 'ready', 0),
(1, 12, 'assigned', 56),
(2, 12, 'assigned', 19),
(3, 12, 'ready', 0),
(4, 12, 'ready', 0),
(1, 12, 'assigned', 56),
(2, 12, 'assigned', 19),
(3, 12, 'ready', 0),
(4, 12, 'ready', 0),
(1, 15, 'assigned', 56),
(2, 15, 'assigned', 19),
(3, 15, 'ready', 0),
(4, 15, 'ready', 0),
(1, 15, 'assigned', 56),
(2, 15, 'assigned', 19),
(3, 15, 'ready', 0),
(4, 15, 'ready', 0),
(1, 15, 'assigned', 56),
(2, 15, 'assigned', 19),
(3, 15, 'ready', 0),
(4, 15, 'ready', 0),
(1, 15, 'assigned', 56),
(2, 15, 'assigned', 19),
(3, 15, 'ready', 0),
(4, 15, 'ready', 0),
(1, 15, 'assigned', 56),
(2, 15, 'assigned', 19),
(3, 15, 'ready', 0),
(4, 15, 'ready', 0),
(5, 15, 'ready', 0),
(1, 8, 'ready', 0),
(2, 8, 'ready', 0),
(3, 8, 'ready', 0),
(4, 8, 'ready', 0),
(5, 8, 'ready', 0),
(1, 8, 'ready', 0),
(2, 8, 'ready', 0),
(3, 8, 'ready', 0),
(4, 8, 'ready', 0),
(5, 8, 'ready', 0),
(1, 16, 'assigned', 56),
(2, 16, 'assigned', 19),
(3, 16, 'ready', 0),
(4, 16, 'ready', 0),
(5, 16, 'ready', 0),
(6, 16, 'ready', 0),
(7, 16, 'ready', 0),
(8, 16, 'ready', 0),
(9, 16, 'ready', 0),
(10, 16, 'ready', 0),
(1, 16, 'ready', 0),
(2, 16, 'ready', 0),
(3, 16, 'ready', 0),
(4, 16, 'ready', 0),
(5, 16, 'ready', 0),
(6, 16, 'ready', 0),
(1, 17, 'ready', 0),
(2, 17, 'ready', 0),
(3, 17, 'ready', 0),
(4, 17, 'ready', 0),
(5, 17, 'ready', 0),
(6, 17, 'ready', 0);

-- --------------------------------------------------------

--
-- Table structure for table `department`
--

CREATE TABLE `department` (
  `dep_id` varchar(20) NOT NULL,
  `dep_name` varchar(50) NOT NULL
) ENGINE=InnoDB DEFAULT CHARSET=latin1;

--
-- Dumping data for table `department`
--

INSERT INTO `department` (`dep_id`, `dep_name`) VALUES
('dental', 'Dental and Teeth Clinic'),
('ear', 'Ear and Related'),
('MCH', 'Mother and Child Health Clinic'),
('OR', 'Operation Room'),
('searg', 'seargeory'),
('Terapy', 'Phiseoterapy');

-- --------------------------------------------------------

--
-- Table structure for table `doctor`
--

CREATE TABLE `doctor` (
  `user_id` varchar(10) NOT NULL,
  `qualification` varchar(50) NOT NULL,
  `dep_id` varchar(20) NOT NULL
) ENGINE=InnoDB DEFAULT CHARSET=latin1;

--
-- Dumping data for table `doctor`
--

INSERT INTO `doctor` (`user_id`, `qualification`, `dep_id`) VALUES
('12', 'PHD', 'dental'),
('19', 'PHD', 'MCH'),
('Dr001', 'PHD', 'MCH'),
('788', 'PHD', 'ear'),
('12345', 'PHD', 'searg'),
('21', 'Physeoterapy specialist', 'searg'),
('777', 'PHD', 'Terapy'),
('187', 'PHD', 'searg');

-- --------------------------------------------------------

--
-- Table structure for table `image`
--

CREATE TABLE `image` (
  `id` int(11) NOT NULL,
  `image_id` varchar(255) NOT NULL,
  `location` varchar(255) NOT NULL
) ENGINE=InnoDB DEFAULT CHARSET=latin1;

--
-- Dumping data for table `image`
--

INSERT INTO `image` (`id`, `image_id`, `location`) VALUES
(9, '111', 'upload/1511157_557032187774272_8321475463606548682_n.jpg'),
(1, '12', 'upload/Copy of DSC_0124.JPG'),
(3, '12345', 'upload/1901388_515397765262877_1735178143017400513_n.jpg'),
(11, '187', 'upload/283513_294493267323361_574388335_n.jpg'),
(5, '19', 'upload/Copy of DSC_0124.JPG'),
(6, '21', 'upload/10329083_1412340589052357_7859809013972545666_n.jpg'),
(10, '777', 'upload/10455566_1432415320378217_8472537343818290722_n.jpg'),
(7, '788', 'upload/1511157_557032187774272_8321475463606548682_n.jpg'),
(8, 'Dr001', 'upload/Tedy Afro.jpg');

-- --------------------------------------------------------

--
-- Table structure for table `inpatient`
--

CREATE TABLE `inpatient` (
  `no` int(11) NOT NULL,
  `MRN` int(20) NOT NULL,
  `room_no` int(11) DEFAULT NULL,
  `bed_no` int(11) DEFAULT NULL,
  `diseaseName` varchar(60) NOT NULL,
  `entry_date` date NOT NULL,
  `out_date` date DEFAULT NULL,
  `status` varchar(10) NOT NULL,
  `payStatus` varchar(10) NOT NULL,
  `user_id` varchar(10) NOT NULL
) ENGINE=InnoDB DEFAULT CHARSET=latin1;

--
-- Dumping data for table `inpatient`
--

INSERT INTO `inpatient` (`no`, `MRN`, `room_no`, `bed_no`, `diseaseName`, `entry_date`, `out_date`, `status`, `payStatus`, `user_id`) VALUES
(1, 14, 1, 2, 'Malaria', '2015-05-20', '2015-05-25', 'on', 'unpaid', '12'),
(2, 16, 2, 2, 'TB', '2015-05-20', '0000-00-00', 'on', 'unpaid', '12'),
(3, 18, 3, 2, 'TB', '2015-05-20', '0000-00-00', 'on', 'unpaid', '12'),
(4, 17, 1, 2, 'Malaria', '2015-05-20', '0000-00-00', 'on', 'paid', '12'),
(5, 24, 1, 2, 'ytyut76', '2015-05-20', '0000-00-00', 'on', 'paid', '12'),
(6, 23, 1, 2, 'Malaria', '2015-05-21', '0000-00-00', 'on', 'unpaid', '12'),
(8, 40, 1, 3, 'HIV', '2015-05-21', '0000-00-00', 'on', 'paid', '12'),
(9, 2, 1, 2, 'HIV', '2015-05-21', '0000-00-00', 'on', 'unpaid', '12'),
(10, 3, 4, 1, 'HIV', '2015-05-21', '0000-00-00', 'on', 'unpaid', '19'),
(11, 4, 4, 1, 'Malaria', '2015-05-21', '0000-00-00', 'on', 'unpaid', '19'),
(12, 6, 4, 1, 'HIV', '2015-05-21', '0000-00-00', 'on', 'unpaid', '19'),
(13, 46, 4, 1, 'malaria', '2015-05-22', '2015-05-26', 'off', 'paid', '12'),
(14, 30, 15, 0, 'Malaria', '2015-05-24', '0000-00-00', 'on', 'paid', '19'),
(15, 27, 15, 0, 'yj', '2015-05-24', '0000-00-00', 'on', 'paid', '19'),
(16, 29, 3, 0, 'Cancer', '2015-05-24', '0000-00-00', 'on', 'unpaid', '19'),
(17, 38, 6, 1, 'GGG', '2015-05-24', '0000-00-00', 'off', 'paid', '19'),
(18, 48, 7, 1, 'yt', '2015-05-24', '2015-05-26', 'on', 'paid', '12'),
(19, 32, 0, 0, 'malaria', '2015-05-25', '0000-00-00', 'on', 'unpaid', '19'),
(20, 7, 10, 1, 'Enfluenza', '2015-05-25', '0000-00-00', 'on', 'unpaid', '19'),
(21, 49, 10, 1, 'ghu8', '2015-05-26', '2015-05-28', 'off', 'unpaid', '12'),
(22, 50, 10, 2, 'Malaria', '2015-05-26', '0000-00-00', 'off', 'unpaid', '12'),
(24, 53, 10, 3, 'Malaria', '2015-05-27', '2015-05-27', 'off', 'unpaid', '777'),
(25, 54, 10, 3, 'tuyu', '2015-05-27', '2015-05-29', 'on', 'unpaid', '777'),
(27, 52, 5, 1, 'Malaria', '2015-05-28', '2015-05-28', 'on', 'unpaid', '12'),
(28, 56, 12, 1, 'Malaria', '2015-05-29', '0000-00-00', 'on', 'unpaid', '12'),
(29, 19, 12, 2, 'HIV', '2015-05-29', '0000-00-00', 'on', 'unpaid', '12'),
(30, 36, 10, 0, 'Malaria', '2015-05-29', '0000-00-00', 'on', 'unpaid', '19'),
(31, 37, 1, 1, 'Malaria', '2015-05-29', '0000-00-00', 'on', 'unpaid', '19'),
(32, 42, 6, 0, 'Malaria', '2015-05-29', '0000-00-00', 'on', 'unpaid', '19'),
(33, 41, 16, 1, 'enfluenza', '2015-05-29', '0000-00-00', 'on', 'unpaid', '19'),
(34, 57, 0, 0, 'thyjuhkilj', '2015-05-31', '0000-00-00', 'on', 'unpaid', '12');

-- --------------------------------------------------------

--
-- Table structure for table `lab_order`
--

CREATE TABLE `lab_order` (
  `lab_order_no` int(11) NOT NULL,
  `lab_id` varchar(20) NOT NULL,
  `description` varchar(255) NOT NULL,
  `status` varchar(10) NOT NULL,
  `viewStatus` varchar(10) NOT NULL,
  `payStatus` varchar(10) NOT NULL,
  `MRN` int(20) NOT NULL,
  `user_id` varchar(10) NOT NULL,
  `order_date` date NOT NULL
) ENGINE=InnoDB DEFAULT CHARSET=latin1;

--
-- Dumping data for table `lab_order`
--

INSERT INTO `lab_order` (`lab_order_no`, `lab_id`, `description`, `status`, `viewStatus`, `payStatus`, `MRN`, `user_id`, `order_date`) VALUES
(6, 'full', 'check up', 'checked', '', 'paid', 41, '788', '2015-05-05'),
(8, 'full', 'check up', 'checked', '', 'paid', 28, '19', '2015-05-05'),
(11, 'full', 'detect if any', 'checked', 'not_viewed', 'paid', 46, '12', '2015-05-05'),
(12, 'eye', 'check for virus', 'checked', '', 'paid', 32, '19', '2015-05-05'),
(13, 'radiology', 'check', 'checked', 'not_viewed', 'paid', 32, '19', '2015-05-05'),
(14, 'eye', 'dfrgrg', 'checked', 'not_viewed', 'paid', 31, '19', '2015-05-05'),
(15, 'radiology', 'rgfrgrg', 'checked', 'viewed', 'paid', 31, '19', '2015-05-05'),
(16, 'full', 'wer', 'checked', 'viewed', 'paid', 40, '19', '2015-05-05'),
(17, 'radiology', 'ergf', 'checked', 'viewed', 'paid', 40, '19', '2015-05-05'),
(18, 'eye', 'tgh', 'checked', 'viewed', 'paid', 40, '19', '2015-05-05'),
(19, 'radiology', 'vbc\r\n', 'checked', 'viewed', 'paid', 44, '19', '2015-05-05'),
(20, 'urine', 'wsed', 'checked', 'viewed', 'paid', 46, '12', '2015-05-05'),
(21, 'full', 'tgyt', 'checked', 'viewed', 'paid', 46, '12', '2015-05-05'),
(22, 'OR', 'dsfrg', 'checked', 'viewed', 'paid', 46, '12', '2015-05-05'),
(23, 'full', 'bhg', 'checked', 'viewed', 'paid', 34, '19', '2015-05-05'),
(24, 'OR', 'trty', 'checked', 'viewed', 'paid', 34, '19', '2015-05-05'),
(26, 'full', 'yuft', 'checked', 'viewed', 'paid', 34, '19', '2015-05-05'),
(27, 'OR', 'rythytj', 'checked', '', 'paid', 34, '19', '2015-05-05'),
(28, 'eye', 'DFG', 'checked', 'viewed', 'paid', 21, '19', '2015-05-05'),
(30, 'eye', 'FGDFG\r\n', 'checked', '', 'paid', 21, '19', '2015-05-05'),
(31, 'OR', 'ghjujiuu', 'checked', 'viewed', 'paid', 7, '19', '2015-05-05'),
(32, 'radiology', 'tytu', 'unchecked', '', 'paid', 7, '19', '2015-05-05'),
(33, 'full', 'dgfrgh', 'checked', '', 'paid', 27, '19', '2015-05-05'),
(34, 'radiology', 'WERE', 'checked', 'viewed', 'paid', 50, '12', '2015-05-05'),
(35, 'urine', 'The concept of entrepreneurship differs from economy to economy and period to period. It has shown significant development in terms ', 'checked', '', 'paid', 50, '12', '2015-05-05'),
(36, 'eye', 'The concept of entrepreneurship differs from economy to economy and period to period. It has shown significant development in terms of scope in the past few centuries alone. ', 'checked', '', 'paid', 52, '12', '2015-05-05'),
(37, 'full', '1. how to add placeholder in dropdown list(<select></select>)\r\n2. Autofill Text from database table\r\n3. Text Area col and row\r\n4. how to drop primarykey\r\n5. make textarea non resizable\r\n', 'checked', 'viewed', 'paid', 49, '12', '2015-05-05'),
(38, 'radiology', '1. how to add placeholder in dropdown list(<select></select>)\r\n2. Autofill Text from database table\r\n3. Text Area col and row\r\n4. how to drop primarykey\r\n5. make textarea non resizable\r\n', 'checked', '', 'paid', 49, '12', '2015-05-05'),
(39, 'eye', 'In the 17th century came the concept of risk as important aspect of entrepreneurship. During the 18th century the entrepreneur was clearly separated from venture capitalist. In the late 19th and early 20th century', 'checked', 'viewed', 'paid', 52, '12', '2015-05-05'),
(40, 'radiology', 'In the 17th century came the concept of risk as important aspect of entrepreneurship. During the 18th century the entrepreneur was clearly separated from venture capitalist. In the late 19th and early 20th century', 'checked', '', 'paid', 52, '12', '2015-05-05'),
(41, 'full', 'fdghj', 'checked', 'viewed', 'paid', 53, '777', '2015-05-05'),
(42, 'radiology', 'yufytudfu', 'checked', '', 'paid', 53, '777', '2015-05-05'),
(43, 'OR', '&nbsp;', 'unchecked', '', 'paid', 55, '12', '2015-05-05'),
(44, 'OR', 'well come well come well come well come well come well come ', 'unchecked', '', 'paid', 55, '12', '2015-05-05'),
(45, 'radiology', 'not_viewednot_viewednot_viewednot_viewed', 'unchecked', 'not_viewed', 'paid', 55, '12', '2015-05-05'),
(46, 'TB', 'uncheckeduncheckeduncheckeduncheckeduncheckedunchecked', 'unchecked', 'not_viewed', 'paid', 55, '12', '2015-05-05'),
(47, 'eye', 'uncheckeduncheckeduncheckedunchecked', 'unchecked', 'not_viewed', 'paid', 55, '12', '2015-05-05'),
(48, 'urine', 'not_viewednot_viewednot_viewed', 'unchecked', 'not_viewed', 'paid', 55, '12', '2015-05-05'),
(49, 'radiology', 'The concept of entrepreneurship differs from economy to economy and period to period. It has shown significant development in terms of scope in the past few centuries alone. In the earliest period the entrepreneur was a merchant adventurer who sells the g', 'checked', 'viewed', 'paid', 56, '12', '2015-05-05'),
(50, 'full', 'Yenei Qonjo, yenei honesh endewu? honesh\r\nAlemeyn liyewu, geiTey neyina\r\nYeQalkiidan, gibi beitey?\r\nBangetish lay, yihun largilish\r\nEndewegu, bebiitawu fiit\r\nDess endiilegn, andey lisamisha', 'unchecked', 'not_viewed', 'unpaid', 20, '12', '2015-05-06'),
(51, 'radiology', 'Yenei Qonjo, yenei honesh endewu? honesh\r\nAlemeyn liyewu, geiTey neyina\r\nYeQalkiidan, gibi beitey?\r\nBangetish lay, yihun largilish\r\nEndewegu, bebiitawu fiit\r\nDess endiilegn, andey lisamisha', 'unchecked', 'not_viewed', 'unpaid', 20, '12', '0000-00-00'),
(52, 'full', 'Yenei Qonjo, yenei honesh endewu? honesh\r\nAlemeyn liyewu, geiTey neyina\r\nYeQalkiidan, gibi beitey?\r\nBangetish lay, yihun largilish\r\nEndewegu, bebiitawu fiit\r\nDess endiilegn, andey lisamisha', 'unchecked', 'not_viewed', 'unpaid', 20, '12', '2015-05-31'),
(56, 'eye', 'dfdg', 'unchecked', 'not_viewed', 'unpaid', 56, '12', '2015-05-31'),
(57, 'radiology', 'dsgrghr', 'unchecked', 'not_viewed', 'unpaid', 56, '12', '2015-05-31');

-- --------------------------------------------------------

--
-- Table structure for table `lab_result`
--

CREATE TABLE `lab_result` (
  `result_no` int(11) NOT NULL,
  `report` varchar(255) NOT NULL,
  `lab_order_no` int(11) NOT NULL,
  `user_id` varchar(10) NOT NULL,
  `status` varchar(10) NOT NULL
) ENGINE=InnoDB DEFAULT CHARSET=latin1;

--
-- Dumping data for table `lab_result`
--

INSERT INTO `lab_result` (`result_no`, `report`, `lab_order_no`, `user_id`, `status`) VALUES
(1, 'better', 15, '20', 'checked'),
(2, 'sounds cool doctor\r\n', 18, '20', 'checked'),
(3, 'I think there is nothing danger', 16, '20', 'unchecked'),
(4, 'May b there is infection there', 17, '20', 'unchecked'),
(5, 'good', 21, '20', 'unchecked'),
(6, 'better', 22, '20', 'unchecked'),
(7, 'good', 20, '20', 'unchecked'),
(8, 'well done well donewell donewell donewell donewell donewell donewell donewell donewell donewell donewell donewell donewell donewell donewell donewell done', 19, '20', 'unchecked'),
(9, 'mysql_query("UPDATE lab_order O, lab_result R SET O.viewStatus', 23, '20', 'unchecked'),
(10, 'mysql_query("UPDATE lab_order O, lab_result R SET O.viewStatus', 26, '20', 'unchecked'),
(11, 'mysql_query("UPDATE lab_order O, lab_result R SET O.viewStatus', 24, '20', 'unchecked'),
(12, 'mysql_query("UPDATE lab_order O, lab_result R SET O.viewStatus', 27, '20', 'unchecked'),
(13, 'GOOD', 28, '20', 'unchecked'),
(14, 'BETTER BETTER', 30, '20', 'unchecked'),
(15, 'hergteytyet ghgt', 31, '20', 'unchecked'),
(16, 'The concept of entrepreneurship differs from economy to economy and period to period. It has shown significant development in terms ', 34, '20', 'unchecked'),
(17, 'The concept of entrepreneurship differs from economy to economy and period to period. It has shown significant development in terms ', 35, '20', 'unchecked'),
(18, '1. how to add placeholder in dropdown list(<select></select>)\r\n2. Autofill Text from database table\r\n3. Text Area col and row\r\n4. how to drop primarykey\r\n5. make textarea non resizable\r\n', 36, '20', 'unchecked'),
(19, '1. how to add placeholder in dropdown list(<select></select>)\r\n2. Autofill Text from database table\r\n3. Text Area col and row\r\n4. how to drop primarykey\r\n5. make textarea non resizable\r\n', 33, '20', 'unchecked'),
(20, 'In the 17th century came the concept of risk as important aspect of entrepreneurship. During the 18th century the entrepreneur was clearly separated from venture capitalist. In the late 19th and early 20th century', 37, '20', 'unchecked'),
(21, 'In the 17th century came the concept of risk as important aspect of entrepreneurship. During the 18th century the entrepreneur was clearly separated from venture capitalist. In the late 19th and early 20th century', 38, '20', 'unchecked'),
(22, 'In the 17th century came the concept of risk as important aspect of entrepreneurship. During the 18th century the entrepreneur was clearly separated from venture capitalist. In the late 19th and early 20th century', 39, '20', 'unchecked'),
(23, 'In the 17th century came the concept of risk as important aspect of entrepreneurship. During the 18th century the entrepreneur was clearly separated from venture capitalist. In the late 19th and early 20th century', 40, '20', 'unchecked'),
(24, 'AbebeAbebeAbebeAbebeAbebeAbebeAbebeAbebeAbebe AbebeAbebeAbebeAbebeAbebeAbebeAbebeAbebeAbebeAbebe', 41, '20', 'unchecked'),
(25, 'AbebeAbebeAbebe AbebeAbebeAbebeAbebeAbebeAbebeAbebeAbebe Abebe', 42, '20', 'unchecked'),
(26, 'The concept of entrepreneurship differs from economy to economy and period to period. It has shown significant development in terms of scope in the past few centuries alone. In the earliest period the entrepreneur was a merchant adventurer who sells it.', 49, '20', 'unchecked');

-- --------------------------------------------------------

--
-- Table structure for table `laboratory`
--

CREATE TABLE `laboratory` (
  `lab_id` varchar(20) NOT NULL,
  `lab_name` varchar(50) NOT NULL,
  `charge` int(11) NOT NULL
) ENGINE=InnoDB DEFAULT CHARSET=latin1;

--
-- Dumping data for table `laboratory`
--

INSERT INTO `laboratory` (`lab_id`, `lab_name`, `charge`) VALUES
('eye', 'Eye Clinik', 150),
('full', 'full analysis', 100),
('OR', 'Operation Room', 120),
('radiology', 'Altrasound and X-ray', 300),
('TB', 'Tuberclosis', 100),
('urine', 'Urinalysis Laboratory', 65);

-- --------------------------------------------------------

--
-- Table structure for table `medicine`
--

CREATE TABLE `medicine` (
  `medicine_name` varchar(50) NOT NULL,
  `charge` varchar(50) NOT NULL,
  `user_id` varchar(10) NOT NULL
) ENGINE=InnoDB DEFAULT CHARSET=latin1;

-- --------------------------------------------------------

--
-- Table structure for table `medicine_order`
--

CREATE TABLE `medicine_order` (
  `order_no` int(11) NOT NULL,
  `MRN` int(20) NOT NULL,
  `medicine_name` varchar(50) NOT NULL,
  `quantity` varchar(50) NOT NULL,
  `user_id` varchar(10) NOT NULL
) ENGINE=InnoDB DEFAULT CHARSET=latin1;

--
-- Dumping data for table `medicine_order`
--

INSERT INTO `medicine_order` (`order_no`, `MRN`, `medicine_name`, `quantity`, `user_id`) VALUES
(11, 18, 'ORS', '3 packs', '19'),
(15, 7, 'Amoxacillin', '30 pills', '19'),
(16, 56, 'Amoxacillin', '30 pills', '12'),
(17, 56, 'Amoxacillin', '30 pills', '12');

-- --------------------------------------------------------

--
-- Table structure for table `patient`
--

CREATE TABLE `patient` (
  `MRN` int(20) NOT NULL,
  `date` date NOT NULL,
  `fname` varchar(20) NOT NULL,
  `lname` varchar(20) NOT NULL,
  `gender` varchar(6) NOT NULL,
  `age` int(3) NOT NULL,
  `grandFathername` varchar(50) NOT NULL,
  `occupation` varchar(50) NOT NULL,
  `region` varchar(50) NOT NULL,
  `wereda` varchar(50) NOT NULL,
  `kebele` varchar(50) NOT NULL,
  `patientType` varchar(15) NOT NULL,
  `diseaseName` varchar(50) DEFAULT NULL,
  `dep_id` varchar(20) NOT NULL,
  `user_id` varchar(10) NOT NULL
) ENGINE=InnoDB DEFAULT CHARSET=latin1;

--
-- Dumping data for table `patient`
--

INSERT INTO `patient` (`MRN`, `date`, `fname`, `lname`, `gender`, `age`, `grandFathername`, `occupation`, `region`, `wereda`, `kebele`, `patientType`, `diseaseName`, `dep_id`, `user_id`) VALUES
(1, '2005-10-15', 'Abrehet', 'Yisak', 'F', 24, 'Abebe', 'Student', 'Tigray', 'Shire', '09', 'regular', NULL, 'MCH', '15'),
(2, '2015-05-21', 'Adino', 'lala', 'M', 24, 'Almaz Ayana', 'Student', 'Amhara', 'Shire', '09', 'regular', NULL, 'dental', '15'),
(3, '2015-10-15', 'Asehnafi', 'wondim', 'M', 24, 'Alemitu', 'Student', 'Amhara', 'Shire', '09', 'regular', NULL, 'MCH', '15'),
(4, '2005-11-15', 'Abebe', 'Kirub', 'M', 24, 'Meareg', 'Student', 'Amhara', 'Shire', '09', 'regular', NULL, 'MCH', '15'),
(5, '2005-12-15', 'Adino', 'Ababe', 'M', 24, 'kebede', 'Student', 'Amhara', 'Shire', '09', 'outpatient', 'Malaria', 'MCH', '15'),
(6, '2015-05-13', 'Adino', 'Ababe', 'M', 24, 'kebede', 'Student', 'Amhara', 'Shire', '09', 'regular', NULL, 'MCH', '15'),
(7, '2015-05-13', 'Tiumay', 'Kiros', 'M', 24, 'Abrehet Yisak', 'Student', 'Tigray', 'Shire', '09', 'regular', 'Enfluenza', 'MCH', '15'),
(8, '2015-05-13', 'Bile', 'Metebo', 'M', 24, 'Aziza Ahmed', 'Student', 'Amhara', 'Shire', '09', 'regular', 'uglgy', 'MCH', '15'),
(11, '0000-00-00', 'Samuael', 'Tesema', 'M', 24, 'Almaz Ayana', 'Student', 'Amhara', 'Shire', '09', 'outpatient', 'malaria', 'MCH', '15'),
(14, '0000-00-00', 'Yosef', 'Ahmed', 'M', 24, 'Abrehet Yisak', 'Student', 'Amhara', 'Shire', '09', 'inpatient', 'fdy', 'MCH', '15'),
(16, '0000-00-00', 'Dejene', 'Belete', 'M', 24, 'Alemitu', 'Student', 'Amhara', 'Shire', '09', 'new', NULL, 'OR', '15'),
(17, '0000-00-00', 'Yihun', 'Abebe', 'M', 24, 'Abrehet Yisak', 'Student', 'Amhara', 'Shire', '09', 'outpatient', 'ytuyiuo', 'MCH', '15'),
(18, '0000-00-00', 'Akman', 'Akiro', 'M', 24, 'Abrehet Yisak', 'Student', 'Amhara', 'Shire', '09', 'regular', 'Malaria', 'MCH', '15'),
(19, '2015-07-21', 'Asehnafi', 'Fikre', 'M', 24, 'Aziza Ahmed', 'Student', 'Amhara', 'Shire', '09', 'inpatient', 'HIV', 'dental', '15'),
(20, '2015-05-31', 'Temam', 'Hussein', 'M', 24, 'Alemitu', 'Student', 'Tigray', 'Shire', '09', 'regular', 'Malaria', 'dental', '15'),
(21, '0000-00-00', 'Kebede', 'Tesema', 'M', 24, 'Abrehet Yisak', 'Student', 'Amhara', 'Shire', '09', 'inpatient', 'guh', 'MCH', '15'),
(22, '0000-00-00', 'Kebede', 'Tesema', 'M', 24, 'Abrehet Yisak', 'Student', 'Amhara', 'Shire', '09', 'regular', 'fghj', 'MCH', '15'),
(23, '0000-00-00', 'Kebede', 'Tesema', 'M', 24, 'Abrehet Yisak', 'Student', 'Amhara', 'Shire', '09', 'regular', 'ddd', 'MCH', '15'),
(24, '0000-00-00', 'Adino', 'Fikre', 'M', 24, 'Abrehet Yisak', 'Student', 'Amhara', 'Shire', '09', 'regular', 'Malaria', 'MCH', '15'),
(25, '0000-00-00', 'Adino', 'Fikre', 'M', 24, 'Abrehet Yisak', 'Student', 'Amhara', 'Shire', '09', 'inpatient', 'HIV', 'MCH', '15'),
(26, '0000-00-00', 'Kario', 'lala', 'M', 24, 'Almaz Ayana', 'Student', 'Gumz', 'Shire', '09', 'regular', 'ityui', 'MCH', '15'),
(27, '0000-00-00', 'Kario', 'lala', 'M', 24, 'Almaz Ayana', 'Student', 'Gumz', 'Shire', '09', 'regular', 'yj', 'MCH', '15'),
(28, '0000-00-00', 'Kario', 'lala', 'M', 24, 'Almaz Ayana', 'Student', 'Gumz', 'Shire', '09', 'regular', 'Malaria', 'MCH', '15'),
(29, '0000-00-00', 'Tomy', 'Hussein', 'M', 24, 'Abrehet Yisak', 'Student', 'Tigray', 'Shire', '09', 'inpatient', 'Cancer', 'MCH', '15'),
(30, '0000-00-00', 'Hadash', 'Yisak', 'M', 24, 'Alemitu', 'Student', 'Tigray', 'Shire', '09', 'inpatient', 'Malaria', 'MCH', '15'),
(31, '0000-00-00', 'Temam', 'Cat', 'M', 24, 'Aziza Ahmed', 'Student', 'Amhara', 'Shire', '09', 'regular', 'Malaria', 'MCH', '15'),
(32, '0000-00-00', 'Tiumay', 'Fikre', 'M', 24, 'Abrehet Yisak', 'Student', 'Amhara', 'Shire', '09', 'regular', 'malaria', 'MCH', '15'),
(33, '2015-05-21', 'Asehnafi', 'Hussein', 'M', 24, 'Almaz Ayana', 'Student', 'Tigray', 'Shire', '09', 'outpatient', NULL, 'dental', '15'),
(34, '0000-00-00', 'Kario', 'Cat', 'M', 24, 'Abrehet Yisak', 'Student', 'Amhara', 'Shire', '09', 'regular', 'yjrt', 'MCH', '15'),
(35, '0000-00-00', 'abebe', 'wondimu', 'M', 24, 'Alemitu', 'Student', 'Amhara', 'Shire', '09', 'regular', 'dsvdv', 'MCH', '15'),
(36, '0000-00-00', 'Kebede', 'Abebe', 'M', 24, 'Nana Mara', 'Student', 'Tigray', 'Shire', '09', 'inpatient', 'Malaria', 'MCH', '15'),
(37, '0000-00-00', 'saba', 'Mulugeta', 'M', 24, 'Alemitu', 'Student', 'Tigray', 'Shire', '09', 'inpatient', 'Malaria', 'MCH', '15'),
(38, '0000-00-00', 'Zemenu', 'Gumz', 'M', 24, 'Alemitu', 'Student', 'Gumz', 'Shire', '09', 'regular', 'GGG', 'MCH', '15'),
(40, '0000-00-00', 'Mama', 'Love', 'F', 24, 'Abrehet Yisak', 'Student', 'Amhara', 'Shire', '09', 'regular', 'uyjgh', 'MCH', '15'),
(41, '0000-00-00', 'Alemu', 'Kebede', 'M', 24, 'Alemitu', 'Student', 'Amhara', 'Shire', '09', 'inpatient', 'enfluenza', 'MCH', '15'),
(42, '0000-00-00', 'Alemitu', 'lala', 'F', 24, 'Abrehet Yisak', 'Student', 'Amhara', 'Shire', '09', 'inpatient', 'Malaria', 'MCH', '15'),
(43, '2015-05-20', 'Zeki', 'lala', 'M', 24, 'mam', 'Student', 'Amhara', 'Shire', '09', 'regular', '8jjj', 'MCH', '15'),
(44, '2015-05-20', 'Bini', 'Yisak', 'M', 24, 'Abrehet Yisak', 'Student', 'Amhara', 'Shire', '09', 'regular', 'hiv', 'MCH', '15'),
(45, '2015-05-21', 'Seid', 'Ahmed', 'M', 45, 'Muhammed', 'Student', 'Tigray', 'Enticho', '01', 'new', NULL, 'ear', '15'),
(46, '2015-05-21', 'Abreham', 'Tesema', 'M', 45, 'kebede', 'Driver', 'Amhara', 'Shire', '06', 'inpatient', 'malaria', 'dental', '15'),
(47, '2015-05-21', 'Jemale', 'Yisak', 'M', 45, 'Muhammed', 'Driver', 'Amhara', 'Shire', 'colfe', 'regular', 'Flue', 'dental', '15'),
(48, '2015-05-24', 'Abreham', 'Yisak', 'M', 45, 'Muhammed', 'Driver', 'Amhara', 'DB', '06', 'regular', 'yt', 'dental', '15'),
(49, '2015-05-26', 'Ashenafi', 'Wasu', 'M', 15, 'Abebe', 'student', 'Amhara', 'DB', '03', 'inpatient', 'ghu8', 'dental', '15'),
(50, '2015-05-26', 'Bini', 'Getnet', 'M', 25, 'Muhammed', 'Student', 'Tigray', 'AA', '06', 'inpatient', 'Malaria', 'dental', '15'),
(51, '2015-05-26', 'Kebede', 'Tesema', 'M', 44, 'Muhammed', 'Driver', 'Amhara', 'Shire', 'colfe', 'regular', 'tyufiyo9pi', 'dental', '15'),
(52, '2015-05-31', 'Zemenu', 'Getnet', 'M', 45, 'Muhammed', 'Student', 'Gumz', 'Colfe', '06', 'new', 'patients1', 'ear', '15'),
(53, '2015-05-27', 'Bini', 'Yisak', 'M', 10, 'kebede', 'Student', 'Amhara', 'Colfe', '06', 'new', 'Malaria', 'searg', '15'),
(54, '2015-05-27', 'Zemenu', 'lala', 'M', 23, 'Muhammed', 'Driver', 'Amhara', 'Enticho', '09', 'inpatient', 'tuyu', 'Terapy', '15'),
(55, '2015-05-28', 'Bini', 'Hussein', 'M', 45, 'Muhammed', 'Driver', 'Amhara', 'Kola', 'Diba', 'regular', 'patients1', 'dental', '15'),
(56, '2015-05-28', 'Zemenu', 'lala', 'M', 23, 'Muhammed', 'Student', 'Amhara', 'Shire', '06', 'inpatient', 'Malaria', 'dental', '15'),
(57, '2015-05-30', 'Bini', 'Yisak', 'M', 23, 'Muhammed', 'Driver', 'Tigray', 'DB', '06', 'inpatient', 'thyjuhkilj', 'dental', '15');

-- --------------------------------------------------------

--
-- Table structure for table `patient_history`
--

CREATE TABLE `patient_history` (
  `MRN` int(20) NOT NULL,
  `date` date NOT NULL,
  `symptom` varchar(255) NOT NULL,
  `past_illness` varchar(255) NOT NULL,
  `physicalExamination` varchar(255) NOT NULL,
  `generalApperance` varchar(255) NOT NULL,
  `diseaseName` varchar(255) NOT NULL,
  `treatment` varchar(255) NOT NULL
) ENGINE=InnoDB DEFAULT CHARSET=latin1;

--
-- Dumping data for table `patient_history`
--

INSERT INTO `patient_history` (`MRN`, `date`, `symptom`, `past_illness`, `physicalExamination`, `generalApperance`, `diseaseName`, `treatment`) VALUES
(14, '0000-00-00', 'cough', 'two times', 'good ', 'better', 'Malaria', 'medicine'),
(16, '0000-00-00', 'sneezing,cough', 'no', ' seems good', 'better', 'TB', 'medicine'),
(18, '0000-00-00', 'cough with blood', 'Malaria', ' Risky', 'harshest condition', 'TB', 'mediciene'),
(17, '0000-00-00', 'diarrhea', 'two yrs before', 'good ', 'weight loss', 'Malaria', 'Follow up'),
(44, '0000-00-00', 'ffhf', 'gnffh', 'fjhgfgf ', 'jfghf', 'gfhf', 'fgfhf'),
(24, '0000-00-00', 'u8t', 'tjytuyfjkt', 'uty ', 'yitt6', 'ytyut76', 'tyut'),
(23, '0000-00-00', 'mbhfgu', 'hfftuf', 'jhfjfut ', 'jhfgyufu', 'Malaria', 'huggt'),
(27, '0000-00-00', 'hmghj', 'jftyf', 'gjftff ', 'jftyf', 'Enfluenza', 'bhgu'),
(40, '0000-00-00', 'mmhfutf', 'jhgjftf', 'hjff y8hy', 'jfugtf', 'HIV', 'jio'),
(1, '0000-00-00', 'gfdfyd', 'gtfydf', 'hftf ', 'hfgjyf', 'Malaria', 'guftf'),
(2, '2015-05-21', 'nfghtyf', 'hftff', 'jffuf ', 'jfyuy', 'Enfluenza', 'jygyutfg'),
(2, '2015-05-21', 'hjgyf', 'yjfftuf', 'ftf ', 'jftft', 'HIV', 'good'),
(2, '2015-05-21', 'vdtdf', 'fgggtfyf', 'ftf ', 'ftf', 'HIV', 'gyug'),
(2, '2015-05-21', 'fff7', '', 'hffjff ', 'vffg', 'Enfluenza', 'tffk'),
(2, '2015-05-21', 'hvfggf', '', 'hgjguyg ', 'hjguyg', 'Enfluenza', 'ygug'),
(2, '2015-05-21', 'ggguygg', '', 'gygh ', 'ggugyjg', 'Enfluenza', 'gyuggh'),
(2, '2015-05-21', 'gggg', '', 'hggugg ', 'bgg8', 'Enfluenza', 'uuyikgi'),
(3, '2015-05-21', 'hvggg`g', 'hkg8g8g', 'jbgiugg ', 'jbgguigg', 'HIV', 'jggu7gt'),
(3, '2015-05-21', 'hghugtfg', '', 'vjgvyvgnvf ', 'jhvmgbhvuky', 'HIV', 'uyjhgl'),
(4, '2015-05-21', 'tgdrftjhgk', 'dgfdgkjh', 'rftgyhukj ', 'hgjkk', 'Malaria', 'tyuiop['),
(4, '2015-05-21', 'dsfghj', '', 'GFHJJK ', 'GHGHJBKNJ', 'HIV', 'GHJHJUK'),
(19, '2015-05-21', 'TFGJHdrfghj', 'fdgfhgj', 'fdghgj ', 'yfguyhk', 'HIV', 'fyguhi'),
(5, '2015-05-21', 'ytuyioj', 'ytugyhkulj', 'yuyiuli ', 'ugih', 'Malaria', 'ytuyiuoio'),
(5, '2015-05-21', 'etsryftuyg', 'tryftkugyjl', 'htjrthfgyjk ', 'trytjyku', 'Malaria', 'trytuiuo'),
(6, '2015-05-21', 'dgfhgjkhu', 'gfhgjyuh,', 'hjghu, ', 'hgjk', 'HIV', 'fhjkl'),
(47, '2015-05-21', 'tyuio', 'ytuyjuk', 'ytjyg ', 'ktjygkuh', 'Flue', 'whjkk'),
(46, '2015-05-22', 'cfgjhkjil', 'cvghulji', 'viblnk. ', 'bjlk.', 'malaria', 'fguiop'),
(8, '2015-05-22', 'uitfgly', 'yhgflo', 'hgguilh ', 'iuglh', 'uglgy', 'ouyhulh9'),
(21, '2015-05-22', 'ytykhj;kghlb', 'uyfjlghn', 'uil ', 'uyiuo', 'guh', 'uihuo'),
(11, '2015-05-22', 'jkugk;pmgtjhlgt', 'yujkghylg', 'yifkgj; ', 'utyilguho0', 'malaria', 'tyiuop'),
(17, '2015-05-22', 'tuyiuoipo', 'ytuyiuoip', 'ytuyiuoip ', 'yuiop', 'ytuyiuo', 'ytuyiuop'),
(14, '2015-05-22', 'yrdfjud', 'tuifi', 'fktf ', 'utfd', 'fdy', '8utfotuf'),
(18, '2015-05-22', 'yftugyuhj;', 'tytuyhu', 'tyuiuoi ', 'tyuyiuo', 'Malaria', 'tryuyio'),
(23, '2015-05-22', 'gfhgjhk', 'dfgfhghj', 'tyjguh ', 'tfgyu', 'ddd', 'tfytugyi'),
(28, '2015-05-22', 'tyuil', 'tuyiui', 'uyiui ', 'ghj', 'Malaria', 'dfuoio'),
(22, '2015-05-22', 'fdgfgh', 'ghyui', 'fgjk ', 'dhyu', 'fghj', 'fdgh'),
(26, '2015-05-22', 'tyui', 'tyui', 'fyui ', 'fgu', 'ityui', 'fg'),
(46, '2015-05-22', 'fdghjk', '', 'ghjkl ', 'hgjkl', 'malaria', 'gghjiop'),
(24, '2015-05-23', 'tfygu', 'trtyfygu', 'rhtfy ', 'tfy', 'Malaria', 'rtfgyuh'),
(46, '2015-05-24', 'gfghjhkk', '', 'fbcgnvhmj ', 'hjkfcghvhjjhk', 'malaria', 'hjgukhi'),
(6, '2015-05-24', 'rtfyui', '', 'fg ', 'ytyuk', 'HIV', 'ytuyuiy'),
(25, '2015-05-24', 'tgfrd', 'nbhgtvf', ' nbvg', 'nbgt', 'enfluenza', 'nbgtf'),
(25, '2015-05-24', 'jhuyg', 'mnb', ' nyb', 'gn', 'HIV', 'njhg'),
(30, '2015-05-24', 'vre3g', 'v3g', ' v3', 'v3g', 'HIV', 'v35t'),
(30, '2015-05-24', 'rr', 'rrr', ' rrr', 'rrrrr', 'rrrrr', 'rrrrr'),
(30, '2015-05-24', 'rrfqwer', 'fd32rqwef', ' v5wtreg', 'vby54w', 'Malaria', 'vt3refv'),
(27, '2015-05-24', 'efrtjhk', 'tyfutykg', 'trydtfkj ', 'ygrytuk', 'yj', 'rytuy'),
(29, '2015-05-24', 'jyfk', 'jfgkfuf', 'jffuf ', 'fuff', 'Cancer', 'grf'),
(38, '2015-05-24', 'wf', 'ET', 'GT4 ', 'REF', 'GGG', 'EGR'),
(48, '2015-05-24', 'nvh', 'gtytguy', 'thjt ', 'ytyt', 'yt', 'yriiu'),
(32, '2015-05-25', 'hgfjfg', 'bngfg', 'hgutf7 ', 'ngyf', 'malaria', 'yr75rw'),
(31, '2015-05-25', 'defrq', 'rgqrgqrg', ' regregreg', 'rgrgr', 'Malaria', 'gargr'),
(40, '2015-05-25', 'gfhgj', 'gguft', 'hjhjgug ', 'jhgfjgftu', 'uyjgh', 'guygu'),
(44, '2015-05-25', 'gcfgd', 'fdsgg', 'fdsgser ', 'dfgss', 'hiv', 'dfzdfzf'),
(46, '2015-05-25', 'hkgjhytg', '', 'jfytf ', 'jfufttf', 'malaria', 'uyfuf'),
(46, '2015-05-25', 'jyrr', '', 'hjurfrf ', 'yrtry', 'malaria', 'utyrjft'),
(34, '2015-05-25', 'yurtr6ur', 'yrryryr', 'ukt68t ', 'tytu6t', 'yjrt', 'ertyu'),
(21, '2015-05-25', 'fghjk', '', 'YUI ', 'YTUU', 'guh', 'YTYUU'),
(7, '2015-05-25', 'ytyjthtyj', 'rtrr', ' ru6r67', 'ytr', 'Enfluenza', 'yru6r'),
(7, '2015-05-26', 'fgthtr', '', ' thrtjtr', 'rtjryjrj', 'Enfluenza', 'tjrjtrj'),
(32, '2015-05-26', 'dcfed', '', ' edcevc', 'efcefce', 'malaria', 'efee'),
(27, '2015-05-26', 'rij', '', ' jii', 'ji8i', 'Enfluenza', 'j8i'),
(43, '2015-05-26', 'nbyuj6n7', 'nh8j7i', ' n78j8j', 'hj', '8jjj', 'j8j'),
(35, '2015-05-26', 'cvsfv', 'dvsv', ' dvdsvsd', 'vsdvsdvds', 'dsvdv', 'dvdvd'),
(48, '2015-05-26', 'ft', '', 'ddertyd ', 'fsdgse', 'yt', 'grse'),
(46, '2015-05-26', 'fg', '', 'hjtfyjgukh ', 'thfyjgyuh', 'malaria', 'rthygjhu'),
(46, '2015-05-26', 'jygt', '', 'ghjufg ', 'gyufgf', 'malaria', 'jhfgjf'),
(49, '2015-05-26', 'iygit', 'jgtgt78', 'yi79y ', 'iyh7', 'ghu8', 'hui8'),
(27, '2015-05-26', 'hjh', '', 'kiuti7y ', 'tghiy', 'Enfluenza', 'ssdd'),
(27, '2015-05-26', 'hhkuy', '', 'yujgu ', 'jyfy6u', 'Enfluenza', 'yugtyu'),
(27, '2015-05-26', 'yfyfutfr', '', 'jfftyf ', 'fftyf', 'ffttyf', 'tfy'),
(46, '2015-05-26', 'yy7y78', '', 'uigt97gyt ', 'igfyuf', 'malaria', 'iyhi'),
(50, '2015-05-26', 'The concept of entrepreneurship differs from economy to economy and period to period. It has shown significant development in terms ', 'The concept of entrepreneurship differs from economy to economy and period to period. It has shown significant development in terms ', 'The concept of entrepreneurship differs from economy to economy and period to period. It has shown significant development in terms ', 'The concept of entrepreneurship differs from economy to economy and period to period. It has shown significant development in terms ', 'Malaria', 'The concept of entrepreneurship differs from economy to economy and period to period. It has shown significant development in terms '),
(50, '2015-05-26', 'The concept of entrepreneurship differs from economy to economy and period to period. It has shown significant development in terms ', '', ' The concept of entrepreneurship differs from economy to economy and period to period. It has shown significant development in terms ', 'The concept of entrepreneurship differs from economy to economy and period to period. It has shown significant development in terms ', 'Malaria', 'The concept of entrepreneurship differs from economy to economy and period to period. It has shown significant development in terms '),
(51, '2015-05-26', 'yuflgkbhjk', 'huigfyiguoi', 'tfyugioup[0o ', 'gthygjukiuo', 'tyufiyo9pi', 'ytfuioip'),
(52, '2015-05-27', 'The concept of entrepreneurship differs from economy to economy and period to period. It has shown significant development in terms of scope in the past few centuries alone. ', 'The concept of entrepreneurship differs from economy to economy and period to period. It has shown significant development in terms of scope in the past few centuries alone. ', ' The concept of entrepreneurship differs from economy to economy and period to period. It has shown significant development in terms of scope in the past few centuries alone. ', 'The concept of entrepreneurship differs from economy to economy and period to period. It has shown significant development in terms of scope in the past few centuries alone. ', 'Malaria', 'The concept of entrepreneurship differs from economy to economy and period to period. It has shown significant development in terms of scope in the past few centuries alone. '),
(49, '2015-05-27', '1. how to add placeholder in dropdown list(<select></select>)\r\n2. Autofill Text from database table\r\n3. Text Area col and row\r\n4. how to drop primarykey\r\n5. make textarea non resizable\r\n', '', '1. how to add placeholder in dropdown list(<select></select>)\r\n2. Autofill Text from database table\r\n3. Text Area col and row\r\n4. how to drop primarykey\r\n5. make textarea non resizable\r\n ', '1. how to add placeholder in dropdown list(<select></select>)\r\n2. Autofill Text from database table\r\n3. Text Area col and row\r\n4. how to drop primarykey\r\n5. make textarea non resizable\r\n', 'Malaria', '1. how to add placeholder in dropdown list(<select></select>)\r\n2. Autofill Text from database table\r\n3. Text Area col and row\r\n4. how to drop primarykey\r\n5. make textarea non resizable\r\n'),
(52, '2015-05-27', 'In the 17th century came the concept of risk as important aspect of entrepreneurship. During the 18th century the entrepreneur was clearly separated from venture capitalist. In the late 19th and early 20th century', '', 'In the 17th century came the concept of risk as important aspect of entrepreneurship. During the 18th century the entrepreneur was clearly separated from venture capitalist. In the late 19th and early 20th century ', 'In the 17th century came the concept of risk as important aspect of entrepreneurship. During the 18th century the entrepreneur was clearly separated from venture capitalist. In the late 19th and early 20th century', 'Malaria', 'In the 17th century came the concept of risk as important aspect of entrepreneurship. During the 18th century the entrepreneur was clearly separated from venture capitalist. In the late 19th and early 20th century'),
(53, '2015-05-27', 'rhfyjghjfytyjukuyk', 'tfyj', 'u87ityi ', '6uiy', 'Malaria', 'uyu'),
(53, '2015-05-27', 'rtyu', '', 'yuty ', 'yuiui', 'Malaria', 'tryuui'),
(54, '2015-05-27', 'hdffdyru6r', 'yrrt7r56', 'yjtr6r ', 'yiutiyui', 'tuyu', 'yrtui'),
(52, '2015-05-28', '          $insert= mysql_query("INSERT INTO patient_history (MRN,date,symptom,past_illness,physicalExamination,generalApperance,diseaseName,treatment', '          $insert= mysql_query("INSERT INTO patient_history (MRN,date,symptom,past_illness,physicalExamination,generalApperance,diseaseName,treatment', '          $insert= mysql_query("INSERT INTO patient_history (MRN,date,symptom,past_illness,physicalExamination,generalApperance,diseaseName,treatment ', '          $insert= mysql_query("INSERT INTO patient_history (MRN,date,symptom,past_illness,physicalExamination,generalApperance,diseaseName,treatment', 'Malaria', '          $insert= mysql_query("INSERT INTO patient_history (MRN,date,symptom,past_illness,physicalExamination,generalApperance,diseaseName,treatment'),
(49, '2015-05-28', '          $insert= mysql_query("INSERT INTO patient_history (MRN,date,symptom,past_illness,physicalExamination,generalApperance,diseaseName,treatment', '', '          $insert= mysql_query("INSERT INTO patient_history (MRN,date,symptom,past_illness,physicalExamination,generalApperance,diseaseName,treatment ', '          $insert= mysql_query("INSERT INTO patient_history (MRN,date,symptom,past_illness,physicalExamination,generalApperance,diseaseName,treatment', 'ghu8', '          $insert= mysql_query("INSERT INTO patient_history (MRN,date,symptom,past_illness,physicalExamination,generalApperance,diseaseName,treatment'),
(52, '2015-05-28', 'patients1', 'patients1', 'patients1 ', 'vpatients1', 'Malaria', 'patients1'),
(52, '2015-05-28', 'patients1', 'patients1', 'patients1 ', 'patients1', 'patients1', 'vpatients1'),
(55, '2015-05-28', 'patients1', 'patients1', 'patients1 ', 'patients1', 'patients1', 'patients1'),
(55, '2015-05-28', 'fdghgjkl', '', 'gfhgjhkjljk ', 'gfhgjkhulij', 'patients1', 'ytfuygiuohijpo'),
(55, '2015-05-28', 'well come well come well come well come well come well come well come well come ', '', 'well come well come well come well come well come well come well come well come well come well come  ', 'well come well come well come well come well come well come well come well come well come well come ', 'patients1', 'well come well come well come well come well come well come well come well come well come `'),
(56, '2015-05-29', 'The concept of entrepreneurship differs from economy to economy and period to period. It has shown significant development in terms of scope in the past few centuries alone. In the earliest period the entrepreneur was a merchant adventurer who sells the g', 'The concept of entrepreneurship differs from economy to economy and period to period. It has shown significant development in terms of scope in the past few centuries alone. In the earliest period the entrepreneur was a merchant adventurer who sells the g', 'The concept of entrepreneurship differs from economy to economy and period to period. It has shown significant development in terms of scope in the past few centuries alone. In the earliest period the entrepreneur was a merchant adventurer who sells the  ', 'The concept of entrepreneurship differs from economy to economy and period to period. It has shown significant development in terms of scope in the past few centuries alone. In the earliest period the entrepreneur was a merchant adventurer who sells the g', 'Malaria', 'The concept of entrepreneurship differs from economy to economy and period to period. It has shown significant development in terms of scope in the past few centuries alone. In the earliest period the entrepreneur was a merchant adventurer who sells the g'),
(19, '2015-05-29', 'trtyui', 'rtyu', 'ytyu ', 'yui', 'HIV', 'tyuhi'),
(36, '2015-05-29', 'rtyyui', 'fyghui', 'fyghuij ', 'oguh', 'Malaria', 'uhijo'),
(37, '2015-05-29', 'dgfhgjjk', 'fgghjhjk', 'cgvhj ', 'hjygukhi', 'Malaria', 'trytuyiu'),
(41, '2015-05-29', 'The concept of entrepreneurship differs from economy to economy and period to period. It has shown significant development in terms of scope in the past few centuries alone. In the earliest period the entrepreneur was a merchant adventurer who sells the g', 'The concept of entrepreneurship differs from economy to economy and period to period. It has shown significant development in terms of scope in the past few centuries alone. In the earliest period the entrepreneur was a merchant adventurer who sells the g', 'The concept of entrepreneurship differs from economy to economy and period to period. It has shown significant development in terms of scope in the past few centuries alone. In the earliest period the entrepreneur was a merchant adventurer who sells the  ', 'The concept of entrepreneurship differs from economy to economy and period to period. It has shown significant development in terms of scope in the past few centuries alone. In the earliest period the entrepreneur was a merchant adventurer who sells the g', 'HIV', 'The concept of entrepreneurship differs from economy to economy and period to period. It has shown significant development in terms of scope in the past few centuries alone. In the earliest period the entrepreneur was a merchant adventurer who sells the g'),
(42, '2015-05-29', 'The concept of entrepreneurship differs from economy to economy and period to period. It has shown significant development in terms of scope in the past few centuries alone. In the earliest period the entrepreneur was a merchant adventurer who sells the g', 'The concept of entrepreneurship differs from economy to economy and period to period. It has shown significant development in terms of scope in the past few centuries alone. In the earliest period the entrepreneur was a merchant adventurer who sells the g', 'The concept of entrepreneurship differs from economy to economy and period to period. It has shown significant development in terms of scope in the past few centuries alone. In the earliest period the entrepreneur was a merchant adventurer who sells the  ', 'The concept of entrepreneurship differs from economy to economy and period to period. It has shown significant development in terms of scope in the past few centuries alone. In the earliest period the entrepreneur was a merchant adventurer who sells the g', 'Malaria', 'The concept of entrepreneurship differs from economy to economy and period to period. It has shown significant development in terms of scope in the past few centuries alone. In the earliest period the entrepreneur was a merchant adventurer who sells the g'),
(38, '2015-05-29', 'The concept of entrepreneurship differs from economy to economy and period to period. It has shown significant development in terms of scope in the past few centuries alone. In the earliest period the entrepreneur was a merchant adventurer who sells the g', '', 'The concept of entrepreneurship differs from economy to economy and period to period. It has shown significant development in terms of scope in the past few centuries alone. In the earliest period the entrepreneur was a merchant adventurer who sells the g', 'The concept of entrepreneurship differs from economy to economy and period to period. It has shown significant development in terms of scope in the past few centuries alone. In the earliest period the entrepreneur was a merchant adventurer who sells the g', 'GGG', 'The concept of entrepreneurship differs from economy to economy and period to period. It has shown significant development in terms of scope in the past few centuries alone. In the earliest period the entrepreneur was a merchant adventurer who sells the g'),
(42, '2015-05-29', 'Abebe Kebede  data_recorder\r\n4. Elsa Assefa  doctor\r\n5. Nur Hussein  doctor\r\n6. Tadesse Tade  doctor\r\n7. Solomon Kebede  doctor', 'Abebe Kebede  data_recorder\r\n4. Elsa Assefa  doctor\r\n5. Nur Hussein  doctor\r\n6. Tadesse Tade  doctor\r\n7. Solomon Kebede  doctor', 'Abebe Kebede  data_recorder\r\n4. Elsa Assefa  doctor\r\n5. Nur Hussein  doctor\r\n6. Tadesse Tade  doctor\r\n7. Solomon Kebede  doctor ', 'Abebe Kebede  data_recorder\r\n4. Elsa Assefa  doctor\r\n5. Nur Hussein  doctor\r\n6. Tadesse Tade  doctor\r\n7. Solomon Kebede  doctor', 'Malaria', 'Abebe Kebede  data_recorder\r\n4. Elsa Assefa  doctor\r\n5. Nur Hussein  doctor\r\n6. Tadesse Tade  doctor\r\n7. Solomon Kebede  doctor'),
(41, '2015-05-29', 'gfnhd', 'hgdhdrtyd', 'jhfjfytif ', 'ugtiyfyufvjg', 'enfluenza', 'nhffsfuy'),
(56, '2015-05-29', 'fgh', '', 'ghtfjgyhuk ', 'hjfygukhl', 'Malaria', 'thjfygukhil'),
(57, '2015-05-31', 'gfhgjhkkl', 'gfhgjhku', 'gfhhjjk ', 'dfghj', 'thyjuhkilj', 'tyhyjuhi'),
(20, '2015-05-31', 'Yenei Qonjo, yenei honesh endewu? honesh\r\nAlemeyn liyewu, geiTey neyina\r\nYeQalkiidan, gibi beitey?\r\nBangetish lay, yihun largilish\r\nEndewegu, bebiitawu fiit\r\nDess endiilegn, andey lisamisha', 'Yenei Qonjo, yenei honesh endewu? honesh\r\nAlemeyn liyewu, geiTey neyina\r\nYeQalkiidan, gibi beitey?\r\nBangetish lay, yihun largilish\r\nEndewegu, bebiitawu fiit\r\nDess endiilegn, andey lisamisha', 'Yenei Qonjo, yenei honesh endewu? honesh\r\nAlemeyn liyewu, geiTey neyina\r\nYeQalkiidan, gibi beitey?\r\nBangetish lay, yihun largilish\r\nEndewegu, bebiitawu fiit\r\nDess endiilegn, andey lisamisha ', 'Yenei Qonjo, yenei honesh endewu? honesh\r\nAlemeyn liyewu, geiTey neyina\r\nYeQalkiidan, gibi beitey?\r\nBangetish lay, yihun largilish\r\nEndewegu, bebiitawu fiit\r\nDess endiilegn, andey lisamisha', 'Malaria', 'Yenei Qonjo, yenei honesh endewu? honesh\r\nAlemeyn liyewu, geiTey neyina\r\nYeQalkiidan, gibi beitey?\r\nBangetish lay, yihun largilish\r\nEndewegu, bebiitawu fiit\r\nDess endiilegn, andey lisamisha');

-- --------------------------------------------------------

--
-- Table structure for table `patient_referal`
--

CREATE TABLE `patient_referal` (
  `refer_no` int(11) NOT NULL,
  `referTo` varchar(50) NOT NULL,
  `reasonForReferal` varchar(255) NOT NULL,
  `user_id` varchar(10) NOT NULL,
  `MRN` int(20) NOT NULL
) ENGINE=InnoDB DEFAULT CHARSET=latin1;

--
-- Dumping data for table `patient_referal`
--

INSERT INTO `patient_referal` (`refer_no`, `referTo`, `reasonForReferal`, `user_id`, `MRN`) VALUES
(1, 'DB Referal Hospital', 'for surgery', '12', 7),
(2, 'DB Referal Hospital', 'sfgh', '19', 22),
(3, 'DB Referal Hospital', 'wfegg', '19', 27),
(4, 'DB Referal Hospital', '', '19', 27),
(5, 'DB Referal Hospital', '', '19', 27),
(6, 'DB Referal Hospital', '', '12', 50),
(7, 'DB Referal Hospital', '', '12', 50),
(8, 'DB Referal Hospital', '', '19', 42),
(9, 'DB Referal Hospital', '', '19', 38);

-- --------------------------------------------------------

--
-- Table structure for table `room`
--

CREATE TABLE `room` (
  `room_no` int(11) NOT NULL,
  `roomType` varchar(30) NOT NULL,
  `category` varchar(15) NOT NULL,
  `user_id` varchar(10) NOT NULL
) ENGINE=InnoDB DEFAULT CHARSET=latin1;

--
-- Dumping data for table `room`
--

INSERT INTO `room` (`room_no`, `roomType`, `category`, `user_id`) VALUES
(1, '2nd Level', 'obstetric', '16'),
(2, '2nd Level', 'paediatric', '16'),
(3, '2nd Level', 'medical', '16'),
(4, '1st Level', 'obstetric', '16'),
(5, '3rd Level', 'medical', '16'),
(6, '1st Level', 'obstetric', '16'),
(7, '2nd Level', 'obstetric', '16'),
(8, '1st Level', 'maternal', '16'),
(10, '2nd Level', 'maternal', '16'),
(11, '3rd Level', 'medical', '16'),
(12, '2nd Level', 'medical', '16'),
(13, '2nd Level', 'surgical', '16'),
(15, '3rd Level', 'obstetric', '16'),
(16, '1st Level', 'obstetric', '16'),
(17, '1st Level', 'medical', '16');

-- --------------------------------------------------------

--
-- Table structure for table `user`
--

CREATE TABLE `user` (
  `user_id` varchar(10) NOT NULL,
  `fname` varchar(20) NOT NULL,
  `lname` varchar(20) NOT NULL,
  `sex` varchar(6) NOT NULL,
  `phone_Tel_No` varchar(10) NOT NULL,
  `worktype` varchar(15) NOT NULL,
  `username` varchar(15) NOT NULL,
  `password` char(32) NOT NULL,
  `status` varchar(3) NOT NULL
) ENGINE=InnoDB DEFAULT CHARSET=latin1;

--
-- Dumping data for table `user`
--

INSERT INTO `user` (`user_id`, `fname`, `lname`, `sex`, `phone_Tel_No`, `worktype`, `username`, `password`, `status`) VALUES
('112', 'Beti', 'Getnet', 'M', '0918175732', 'clerk', 'mymy', '123456', 'on'),
('12', 'Tom', 'Cat', 'M', '0911562345', 'doctor', 'mymy', '123456', 'on'),
('12345', 'Solomon', 'Kebede', 'M', '0918175732', 'doctor', 'sol', '123456', 'on'),
('13', 'Shambel', 'Getaneh', 'M', '0915464949', 'admin', 'mymy', '123456', 'on'),
('15', 'Abebe', 'Kebede', 'M', '0911562345', 'data_recorder', 'mymy', '123456', 'on'),
('16', 'Bini', 'lala', 'M', '0918175732', 'leasing_nurse', 'mymy', '123456', 'on'),
('17', 'Abrehet', 'Yisak', 'M', '0918175732', 'pharmacist', 'mymy', '123456', 'on'),
('187', 'Tedros', 'Fekadu', 'M', '0918175732', 'doctor', 'tedo', '123456', 'on'),
('19', 'Nur', 'Hussein', 'M', '0914568988', 'doctor', 'mema', '123456', 'on'),
('20', 'Adem', 'Mohammed', 'M', '0956124578', 'lab_technician', 'mymy', '123456', 'on'),
('21', 'Elsa', 'Assefa', 'M', '0922564087', 'doctor', 'elsi', '123456', 'on'),
('777', 'Tadesse', 'Tade', 'M', '0911562345', 'doctor', 'Tade', '123123', 'on'),
('788', 'Gossa', 'Getaneh', 'M', '0918175732', 'doctor', 'josy', '123123', 'off'),
('Dr001', 'Ashenafi', 'Kirub', 'M', '0914568988', 'doctor', 'memu', 'e10adc3949ba59abbe56e057f20f883e', 'off');

-- --------------------------------------------------------

--
-- Table structure for table `vis`
--

CREATE TABLE `vis` (
  `vis_no` int(11) NOT NULL,
  `bp` varchar(20) NOT NULL,
  `pr` varchar(20) NOT NULL,
  `temp` varchar(20) NOT NULL,
  `rr` varchar(20) NOT NULL,
  `remark` varchar(255) NOT NULL,
  `date` datetime NOT NULL,
  `MRN` int(20) NOT NULL
) ENGINE=InnoDB DEFAULT CHARSET=latin1;

--
-- Dumping data for table `vis`
--

INSERT INTO `vis` (`vis_no`, `bp`, `pr`, `temp`, `rr`, `remark`, `date`, `MRN`) VALUES
(1, '120/80', '', '37', '55/66', '', '0000-00-00 00:00:00', 14),
(2, '120/80', '', '37', '70/80', '', '0000-00-00 00:00:00', 5),
(3, '120/80', '', '37', '70/80', '', '0000-00-00 00:00:00', 16),
(4, '120/80', '85', '40', '70/80', '', '0000-00-00 00:00:00', 18),
(5, '120/80', '85', '40', '70/80', '', '2015-05-20 09:05:26', 17),
(6, '120/80', '85', '40', '55/66', 'The font family of a text is set with the font-family property. The font-family property should hold several font names as a "fallback" system. If the browser does not support the first font, it tries the next font.', '2015-05-21 01:05:08', 18),
(7, '120/80', '77', '35', '72/80', 'better improvements', '2015-05-21 01:05:42', 16),
(9, '120/80', '85', '37', '70/80', 'The font family of a text is set with the font-family property. The font-family property should hold several font names as a "fallback" system. If the browser does not support the first font, it tries the next font.', '2015-05-26 01:05:04', 30),
(10, '15/05/26', '85', '37', '70/80', 'The concept of entrepreneurship differs from economy to economy and period to period. It has shown significant development in terms ', '2015-05-26 04:05:47', 50),
(11, '15/05/27', '85', '37', '70/80', 'tryy', '2015-05-27 07:05:31', 54);

--
-- Indexes for dumped tables
--

--
-- Indexes for table `appointment`
--
ALTER TABLE `appointment`
  ADD PRIMARY KEY (`appo_no`),
  ADD KEY `MRN` (`MRN`,`user_id`),
  ADD KEY `user_id` (`user_id`);

--
-- Indexes for table `bed`
--
ALTER TABLE `bed`
  ADD KEY `room_no` (`room_no`),
  ADD KEY `MRN` (`MRN`);

--
-- Indexes for table `department`
--
ALTER TABLE `department`
  ADD PRIMARY KEY (`dep_id`);

--
-- Indexes for table `doctor`
--
ALTER TABLE `doctor`
  ADD KEY `dep_id` (`dep_id`),
  ADD KEY `user_id` (`user_id`);

--
-- Indexes for table `image`
--
ALTER TABLE `image`
  ADD PRIMARY KEY (`image_id`),
  ADD UNIQUE KEY `id` (`id`);

--
-- Indexes for table `inpatient`
--
ALTER TABLE `inpatient`
  ADD PRIMARY KEY (`no`),
  ADD KEY `MRN` (`MRN`,`room_no`,`user_id`),
  ADD KEY `user_id` (`user_id`);

--
-- Indexes for table `lab_order`
--
ALTER TABLE `lab_order`
  ADD PRIMARY KEY (`lab_order_no`),
  ADD KEY `lab_id` (`lab_id`,`MRN`,`user_id`),
  ADD KEY `MRN` (`MRN`),
  ADD KEY `user_id` (`user_id`);

--
-- Indexes for table `lab_result`
--
ALTER TABLE `lab_result`
  ADD PRIMARY KEY (`result_no`),
  ADD KEY `lab_order_no` (`lab_order_no`),
  ADD KEY `user_id` (`user_id`);

--
-- Indexes for table `laboratory`
--
ALTER TABLE `laboratory`
  ADD PRIMARY KEY (`lab_id`);

--
-- Indexes for table `medicine`
--
ALTER TABLE `medicine`
  ADD PRIMARY KEY (`medicine_name`),
  ADD KEY `user_id` (`user_id`);

--
-- Indexes for table `medicine_order`
--
ALTER TABLE `medicine_order`
  ADD PRIMARY KEY (`order_no`),
  ADD KEY `MRN` (`MRN`,`user_id`),
  ADD KEY `user_id` (`user_id`);

--
-- Indexes for table `patient`
--
ALTER TABLE `patient`
  ADD PRIMARY KEY (`MRN`),
  ADD KEY `dep_id` (`dep_id`,`user_id`),
  ADD KEY `user_id` (`user_id`);

--
-- Indexes for table `patient_history`
--
ALTER TABLE `patient_history`
  ADD KEY `MRN` (`MRN`);

--
-- Indexes for table `patient_referal`
--
ALTER TABLE `patient_referal`
  ADD PRIMARY KEY (`refer_no`),
  ADD KEY `user_id` (`user_id`),
  ADD KEY `MRN` (`MRN`);

--
-- Indexes for table `room`
--
ALTER TABLE `room`
  ADD PRIMARY KEY (`room_no`),
  ADD KEY `user_id` (`user_id`);

--
-- Indexes for table `user`
--
ALTER TABLE `user`
  ADD PRIMARY KEY (`user_id`);

--
-- Indexes for table `vis`
--
ALTER TABLE `vis`
  ADD PRIMARY KEY (`vis_no`),
  ADD KEY `MRN` (`MRN`);

--
-- AUTO_INCREMENT for dumped tables
--

--
-- AUTO_INCREMENT for table `appointment`
--
ALTER TABLE `appointment`
  MODIFY `appo_no` int(11) NOT NULL AUTO_INCREMENT, AUTO_INCREMENT=17;
--
-- AUTO_INCREMENT for table `image`
--
ALTER TABLE `image`
  MODIFY `id` int(11) NOT NULL AUTO_INCREMENT, AUTO_INCREMENT=12;
--
-- AUTO_INCREMENT for table `inpatient`
--
ALTER TABLE `inpatient`
  MODIFY `no` int(11) NOT NULL AUTO_INCREMENT, AUTO_INCREMENT=35;
--
-- AUTO_INCREMENT for table `lab_order`
--
ALTER TABLE `lab_order`
  MODIFY `lab_order_no` int(11) NOT NULL AUTO_INCREMENT, AUTO_INCREMENT=58;
--
-- AUTO_INCREMENT for table `lab_result`
--
ALTER TABLE `lab_result`
  MODIFY `result_no` int(11) NOT NULL AUTO_INCREMENT, AUTO_INCREMENT=27;
--
-- AUTO_INCREMENT for table `medicine_order`
--
ALTER TABLE `medicine_order`
  MODIFY `order_no` int(11) NOT NULL AUTO_INCREMENT, AUTO_INCREMENT=18;
--
-- AUTO_INCREMENT for table `patient`
--
ALTER TABLE `patient`
  MODIFY `MRN` int(20) NOT NULL AUTO_INCREMENT, AUTO_INCREMENT=58;
--
-- AUTO_INCREMENT for table `patient_referal`
--
ALTER TABLE `patient_referal`
  MODIFY `refer_no` int(11) NOT NULL AUTO_INCREMENT, AUTO_INCREMENT=10;
--
-- AUTO_INCREMENT for table `vis`
--
ALTER TABLE `vis`
  MODIFY `vis_no` int(11) NOT NULL AUTO_INCREMENT, AUTO_INCREMENT=12;
--
-- Constraints for dumped tables
--

--
-- Constraints for table `appointment`
--
ALTER TABLE `appointment`
  ADD CONSTRAINT `appointment_ibfk_1` FOREIGN KEY (`user_id`) REFERENCES `user` (`user_id`),
  ADD CONSTRAINT `appointment_ibfk_2` FOREIGN KEY (`MRN`) REFERENCES `patient` (`MRN`);

--
-- Constraints for table `doctor`
--
ALTER TABLE `doctor`
  ADD CONSTRAINT `doctor_ibfk_1` FOREIGN KEY (`user_id`) REFERENCES `user` (`user_id`),
  ADD CONSTRAINT `doctor_ibfk_2` FOREIGN KEY (`dep_id`) REFERENCES `department` (`dep_id`);

--
-- Constraints for table `inpatient`
--
ALTER TABLE `inpatient`
  ADD CONSTRAINT `inpatient_ibfk_1` FOREIGN KEY (`MRN`) REFERENCES `patient` (`MRN`),
  ADD CONSTRAINT `inpatient_ibfk_2` FOREIGN KEY (`user_id`) REFERENCES `user` (`user_id`);

--
-- Constraints for table `lab_order`
--
ALTER TABLE `lab_order`
  ADD CONSTRAINT `lab_order_ibfk_1` FOREIGN KEY (`MRN`) REFERENCES `patient` (`MRN`),
  ADD CONSTRAINT `lab_order_ibfk_2` FOREIGN KEY (`user_id`) REFERENCES `user` (`user_id`),
  ADD CONSTRAINT `lab_order_ibfk_3` FOREIGN KEY (`lab_id`) REFERENCES `laboratory` (`lab_id`);

--
-- Constraints for table `lab_result`
--
ALTER TABLE `lab_result`
  ADD CONSTRAINT `lab_result_ibfk_1` FOREIGN KEY (`lab_order_no`) REFERENCES `lab_order` (`lab_order_no`),
  ADD CONSTRAINT `lab_result_ibfk_2` FOREIGN KEY (`user_id`) REFERENCES `user` (`user_id`);

--
-- Constraints for table `medicine`
--
ALTER TABLE `medicine`
  ADD CONSTRAINT `medicine_ibfk_1` FOREIGN KEY (`user_id`) REFERENCES `user` (`user_id`);

--
-- Constraints for table `medicine_order`
--
ALTER TABLE `medicine_order`
  ADD CONSTRAINT `medicine_order_ibfk_1` FOREIGN KEY (`MRN`) REFERENCES `patient` (`MRN`),
  ADD CONSTRAINT `medicine_order_ibfk_2` FOREIGN KEY (`user_id`) REFERENCES `user` (`user_id`);

--
-- Constraints for table `patient`
--
ALTER TABLE `patient`
  ADD CONSTRAINT `patient_ibfk_1` FOREIGN KEY (`user_id`) REFERENCES `user` (`user_id`),
  ADD CONSTRAINT `patient_ibfk_2` FOREIGN KEY (`dep_id`) REFERENCES `department` (`dep_id`);

--
-- Constraints for table `patient_history`
--
ALTER TABLE `patient_history`
  ADD CONSTRAINT `patient_history_ibfk_1` FOREIGN KEY (`MRN`) REFERENCES `patient` (`MRN`);

--
-- Constraints for table `patient_referal`
--
ALTER TABLE `patient_referal`
  ADD CONSTRAINT `patient_referal_ibfk_1` FOREIGN KEY (`MRN`) REFERENCES `patient` (`MRN`);

--
-- Constraints for table `room`
--
ALTER TABLE `room`
  ADD CONSTRAINT `room_ibfk_1` FOREIGN KEY (`user_id`) REFERENCES `user` (`user_id`);

--
-- Constraints for table `vis`
--
ALTER TABLE `vis`
  ADD CONSTRAINT `vis_ibfk_1` FOREIGN KEY (`MRN`) REFERENCES `patient` (`MRN`);
--
-- Database: `hotel`
--
CREATE DATABASE IF NOT EXISTS `hotel` DEFAULT CHARACTER SET latin1 COLLATE latin1_swedish_ci;
USE `hotel`;

-- --------------------------------------------------------

--
-- Table structure for table `comment`
--

CREATE TABLE `comment` (
  `id` int(11) NOT NULL,
  `name` varchar(20) NOT NULL,
  `email` varchar(20) NOT NULL,
  `message` varchar(200) NOT NULL
) ENGINE=InnoDB DEFAULT CHARSET=latin1;

-- --------------------------------------------------------

--
-- Table structure for table `customer`
--

CREATE TABLE `customer` (
  `stud_id` varchar(255) NOT NULL,
  `firstname` varchar(100) NOT NULL,
  `lastname` varchar(100) NOT NULL,
  `username` varchar(100) NOT NULL,
  `gender` varchar(3) NOT NULL
) ENGINE=MyISAM DEFAULT CHARSET=latin1;

--
-- Dumping data for table `customer`
--

INSERT INTO `customer` (`stud_id`, `firstname`, `lastname`, `username`, `gender`) VALUES
('2020', 'Hamisi', 'Ally', 'ifm', 'BCS');

-- --------------------------------------------------------

--
-- Table structure for table `login`
--

CREATE TABLE `login` (
  `login_id` int(200) NOT NULL,
  `username` varchar(100) NOT NULL,
  `password` varchar(100) NOT NULL,
  `rank` varchar(80) NOT NULL DEFAULT 'student',
  `status` varchar(10) NOT NULL DEFAULT 'ACTIVE'
) ENGINE=MyISAM DEFAULT CHARSET=latin1;

--
-- Dumping data for table `login`
--

INSERT INTO `login` (`login_id`, `username`, `password`, `rank`, `status`) VALUES
(33, 'serate', '25d55ad283aa400af464c76d713c07ad', 'student', 'INACTIVE'),
(1, 'admin', '21232f297a57a5a743894a0e4a801fc3', 'administrator', 'ACTIVE'),
(19, 'asefa', 'e10adc3949ba59abbe56e057f20f883e', 'student', 'ACTIVE'),
(20, 'wase', 'fcea920f7412b5da7be0cf42b8c93759', 'student', 'ACTIVE'),
(21, 'getalew', 'c7349dc8ac2e2b3ec64f41e51c995cc4', 'student', 'ACTIVE'),
(22, 'setotaw', '25d55ad283aa400af464c76d713c07ad', 'student', 'ACTIVE'),
(31, 'ashenafi', '25d55ad283aa400af464c76d713c07ad', 'student', 'ACTIVE'),
(24, 'desalgn', 'bf0d439b2ac9d4a36afb960083ffc6fa', 'student', 'ACTIVE'),
(25, 'asfa', '1234567', 'student', 'ACTIVE'),
(26, 'ashu', '1234567', 'student', 'ACTIVE'),
(27, 'ashumare', 'fcea920f7412b5da7be0cf42b8c93759', 'student', 'ACTIVE'),
(28, 'adam', 'fcea920f7412b5da7be0cf42b8c93759', 'student', 'ACTIVE'),
(34, 'markos', 'fcea920f7412b5da7be0cf42b8c93759', 'student', 'ACTIVE'),
(35, 'asfg', '25d55ad283aa400af464c76d713c07ad', 'student', 'ACTIVE'),
(36, 'kebede', 'fcea920f7412b5da7be0cf42b8c93759', 'student', 'ACTIVE');

-- --------------------------------------------------------

--
-- Table structure for table `register`
--

CREATE TABLE `register` (
  `fname` varchar(25) NOT NULL,
  `mname` varchar(25) NOT NULL,
  `lname` varchar(25) NOT NULL,
  `sex` varchar(8) NOT NULL,
  `idno` varchar(15) NOT NULL,
  `phone` varchar(15) NOT NULL,
  `role` int(2) NOT NULL,
  `username` varchar(20) NOT NULL,
  `password` varchar(20) NOT NULL
) ENGINE=InnoDB DEFAULT CHARSET=latin1;

--
-- Dumping data for table `register`
--

INSERT INTO `register` (`fname`, `mname`, `lname`, `sex`, `idno`, `phone`, `role`, `username`, `password`) VALUES
('Temesegan', 'walelign', 'ayele', 'male', '089/03', '0922553395', 1, 'temu', '7891');

-- --------------------------------------------------------

--
-- Table structure for table `reservation`
--

CREATE TABLE `reservation` (
  `fname` varchar(20) NOT NULL,
  `lname` varchar(20) NOT NULL,
  `idno` varchar(20) NOT NULL,
  `country` varchar(20) NOT NULL,
  `city` varchar(20) NOT NULL,
  `phone` int(20) NOT NULL,
  `price` int(20) NOT NULL,
  `duration` int(20) NOT NULL,
  `total` int(20) NOT NULL,
  `date` varchar(20) NOT NULL,
  `roomid` int(20) NOT NULL,
  `roomno` int(20) NOT NULL
) ENGINE=InnoDB DEFAULT CHARSET=latin1;

--
-- Dumping data for table `reservation`
--

INSERT INTO `reservation` (`fname`, `lname`, `idno`, `country`, `city`, `phone`, `price`, `duration`, `total`, `date`, `roomid`, `roomno`) VALUES
('dawit', 'akloye', '063', 'ethiopia', 'debre berhan', 921221321, 100, 3, 300, '08/06/14', 13, 13);

-- --------------------------------------------------------

--
-- Table structure for table `rooms`
--

CREATE TABLE `rooms` (
  `roomid` int(11) NOT NULL,
  `roomno` varchar(15) NOT NULL,
  `category` varchar(20) NOT NULL,
  `price` varchar(10) NOT NULL,
  `status` varchar(20) NOT NULL,
  `photo` varchar(100) NOT NULL
) ENGINE=InnoDB DEFAULT CHARSET=latin1;

--
-- Dumping data for table `rooms`
--

INSERT INTO `rooms` (`roomid`, `roomno`, `category`, `price`, `status`, `photo`) VALUES
(13, '13', 'single', '100', 'reserved', 'upload/2011-01-01 03.17.59.jpg'),
(14, '14', 'single', '150', 'available', 'upload/2011-01-01 03.25.10.jpg');

-- --------------------------------------------------------

--
-- Table structure for table `user`
--

CREATE TABLE `user` (
  `fname` varchar(25) NOT NULL,
  `lname` varchar(25) NOT NULL,
  `gender` varchar(6) NOT NULL,
  `username` varchar(20) NOT NULL,
  `password` varchar(20) NOT NULL,
  `re_typepassword` varchar(20) NOT NULL,
  `Mobile` varchar(13) NOT NULL,
  `role` int(2) NOT NULL,
  `status` int(2) NOT NULL
) ENGINE=InnoDB DEFAULT CHARSET=latin1;

--
-- Indexes for dumped tables
--

--
-- Indexes for table `comment`
--
ALTER TABLE `comment`
  ADD PRIMARY KEY (`id`);

--
-- Indexes for table `login`
--
ALTER TABLE `login`
  ADD PRIMARY KEY (`login_id`),
  ADD UNIQUE KEY `username` (`username`);

--
-- Indexes for table `register`
--
ALTER TABLE `register`
  ADD PRIMARY KEY (`idno`);

--
-- Indexes for table `rooms`
--
ALTER TABLE `rooms`
  ADD PRIMARY KEY (`roomid`);

--
-- AUTO_INCREMENT for dumped tables
--

--
-- AUTO_INCREMENT for table `comment`
--
ALTER TABLE `comment`
  MODIFY `id` int(11) NOT NULL AUTO_INCREMENT;
--
-- AUTO_INCREMENT for table `login`
--
ALTER TABLE `login`
  MODIFY `login_id` int(200) NOT NULL AUTO_INCREMENT, AUTO_INCREMENT=37;
--
-- AUTO_INCREMENT for table `rooms`
--
ALTER TABLE `rooms`
  MODIFY `roomid` int(11) NOT NULL AUTO_INCREMENT, AUTO_INCREMENT=15;--
-- Database: `ict_db`
--
CREATE DATABASE IF NOT EXISTS `ict_db` DEFAULT CHARACTER SET latin1 COLLATE latin1_swedish_ci;
USE `ict_db`;

-- --------------------------------------------------------

--
-- Table structure for table `account`
--

CREATE TABLE `account` (
  `id` int(11) NOT NULL,
  `fullname` varchar(100) NOT NULL,
  `username` varchar(100) NOT NULL,
  `password` varchar(32) NOT NULL,
  `phone_number` int(32) NOT NULL,
  `account_type` varchar(40) NOT NULL
) ENGINE=InnoDB DEFAULT CHARSET=latin1;

--
-- Dumping data for table `account`
--

INSERT INTO `account` (`id`, `fullname`, `username`, `password`, `phone_number`, `account_type`) VALUES
(1, 'Abebe', 'Admin', 'Admin', 922930290, 'Administrator'),
(2, 'Alemu', 'Customer', 'Customer', 923442109, 'Customer'),
(3, 'Selemon', 'Technician', 'Technician', 912892345, 'Technician'),
(4, 'Kebede', 'Manager', 'Manager', 912275678, 'Manager');

-- --------------------------------------------------------

--
-- Table structure for table `assigntechnician`
--

CREATE TABLE `assigntechnician` (
  `casenumber` int(11) NOT NULL,
  `Techfullname` varchar(30) NOT NULL,
  `proffision` varchar(30) NOT NULL,
  `casetype` varchar(200) NOT NULL
) ENGINE=InnoDB DEFAULT CHARSET=latin1;

-- --------------------------------------------------------

--
-- Table structure for table `contact_us`
--

CREATE TABLE `contact_us` (
  `id` int(11) NOT NULL,
  `name` varchar(30) NOT NULL,
  `email` varchar(30) NOT NULL,
  `comment` varchar(200) NOT NULL
) ENGINE=InnoDB DEFAULT CHARSET=latin1;

-- --------------------------------------------------------

--
-- Table structure for table `customer`
--

CREATE TABLE `customer` (
  `member_id` int(11) NOT NULL,
  `firstname` varchar(50) NOT NULL,
  `lastname` varchar(50) NOT NULL,
  `email` varchar(50) NOT NULL,
  `mobile_number` varchar(20) NOT NULL,
  `house1` varchar(225) NOT NULL,
  `city` varchar(100) NOT NULL,
  `Department` varchar(50) NOT NULL,
  `member_type` varchar(60) NOT NULL
) ENGINE=InnoDB DEFAULT CHARSET=latin1;

--
-- Dumping data for table `customer`
--

INSERT INTO `customer` (`member_id`, `firstname`, `lastname`, `email`, `mobile_number`, `house1`, `city`, `Department`, `member_type`) VALUES
(1, 'atalel', 'dawit', '123', '0922930290', '123', 'kombolcha', 'Info tech', 'student');

-- --------------------------------------------------------

--
-- Table structure for table `generatereport`
--

CREATE TABLE `generatereport` (
  `fullname` varchar(50) NOT NULL,
  `number` int(30) NOT NULL,
  `name` varchar(30) NOT NULL,
  `nameoffice` varchar(30) NOT NULL,
  `numberoffice` int(30) NOT NULL,
  `pnumber` int(100) NOT NULL,
  `idate` varchar(100) NOT NULL,
  `casenumber` int(30) NOT NULL,
  `ofcase` varchar(40) DEFAULT NULL
) ENGINE=InnoDB DEFAULT CHARSET=latin1;

-- --------------------------------------------------------

--
-- Table structure for table `image`
--

CREATE TABLE `image` (
  `image_id` int(11) NOT NULL,
  `location` varchar(200) NOT NULL
) ENGINE=InnoDB DEFAULT CHARSET=latin1;

-- --------------------------------------------------------

--
-- Table structure for table `message`
--

CREATE TABLE `message` (
  `id` int(11) NOT NULL,
  `frm` varchar(30) NOT NULL,
  `too` varchar(40) NOT NULL,
  `pnumber` int(12) NOT NULL,
  `message` varchar(200) NOT NULL,
  `proffision` varchar(40) NOT NULL,
  `maintainer` varchar(30) NOT NULL
) ENGINE=InnoDB DEFAULT CHARSET=latin1;

--
-- Dumping data for table `message`
--

INSERT INTO `message` (`id`, `frm`, `too`, `pnumber`, `message`, `proffision`, `maintainer`) VALUES
(1, 'KIOT', 'Technician', 934566789, 'there is work at building 23', 'Networking', 'solomon'),
(2, 'KIOT', 'Technician', 956123413, 'there is work at building 20', 'Computer', 'alebachew'),
(3, 'KIOT', 'Technician', 928345679, 'there is work at building 17', 'Internet', 'solomon');

-- --------------------------------------------------------

--
-- Table structure for table `news`
--

CREATE TABLE `news` (
  `id` int(11) NOT NULL,
  `news` varchar(200) DEFAULT NULL
) ENGINE=InnoDB DEFAULT CHARSET=latin1;

--
-- Dumping data for table `news`
--

INSERT INTO `news` (`id`, `news`) VALUES
(1, 'We provide quality services on networking'),
(2, 'We start give 12 hour service'),
(3, 'CISCO networking starts free maintainace services');

-- --------------------------------------------------------

--
-- Table structure for table `request`
--

CREATE TABLE `request` (
  `casenumber` int(10) NOT NULL,
  `fullname` varchar(50) DEFAULT NULL,
  `number` varchar(11) DEFAULT NULL,
  `name` varchar(11) DEFAULT NULL,
  `nameoffice` varchar(40) DEFAULT NULL,
  `numberoffice` int(11) DEFAULT NULL,
  `ofcase` varchar(40) DEFAULT NULL,
  `pnumber` int(11) DEFAULT NULL,
  `idate` varchar(30) DEFAULT NULL
) ENGINE=InnoDB DEFAULT CHARSET=latin1;

--
-- Dumping data for table `request`
--

INSERT INTO `request` (`casenumber`, `fullname`, `number`, `name`, `nameoffice`, `numberoffice`, `ofcase`, `pnumber`, `idate`) VALUES
(1, 'Abebe', '2', 'Administrat', 'head office', 7, 'Networking', 912893412, '4/4/2014');

-- --------------------------------------------------------

--
-- Table structure for table `serviceregistration`
--

CREATE TABLE `serviceregistration` (
  `id` int(11) NOT NULL,
  `name` varchar(40) NOT NULL,
  `ofcase` varchar(200) NOT NULL,
  `numberoffice` int(11) NOT NULL,
  `number` varchar(40) NOT NULL,
  `maintainer` varchar(40) NOT NULL,
  `solution` varchar(40) NOT NULL,
  `sdate` varchar(40) NOT NULL
) ENGINE=InnoDB DEFAULT CHARSET=latin1;

-- --------------------------------------------------------

--
-- Table structure for table `solution`
--

CREATE TABLE `solution` (
  `id` int(11) NOT NULL,
  `name` varchar(40) NOT NULL,
  `ofcase` varchar(200) NOT NULL,
  `numberoffice` int(11) NOT NULL,
  `number` varchar(40) NOT NULL,
  `solution` varchar(40) NOT NULL,
  `sdate` varchar(40) NOT NULL
) ENGINE=InnoDB DEFAULT CHARSET=latin1;

-- --------------------------------------------------------

--
-- Table structure for table `technicianprofile`
--

CREATE TABLE `technicianprofile` (
  `techid` int(11) NOT NULL,
  `techname` varchar(100) NOT NULL,
  `proffision` varchar(32) NOT NULL,
  `sex` varchar(32) NOT NULL,
  `age` int(10) NOT NULL,
  `pnumber` int(30) DEFAULT NULL
) ENGINE=InnoDB DEFAULT CHARSET=latin1;

--
-- Dumping data for table `technicianprofile`
--

INSERT INTO `technicianprofile` (`techid`, `techname`, `proffision`, `sex`, `age`, `pnumber`) VALUES
(1, 'Selomon', 'Networking', 'Male', 28, 912892345),
(2, 'Daniel', 'Other', 'Male', 25, 95688566),
(3, 'Alebachewu', 'Maintainance', 'Male', 26, 923498982),
(4, 'Dawit', 'Computer', 'Male', 26, 928498982);

--
-- Indexes for dumped tables
--

--
-- Indexes for table `account`
--
ALTER TABLE `account`
  ADD PRIMARY KEY (`id`);

--
-- Indexes for table `assigntechnician`
--
ALTER TABLE `assigntechnician`
  ADD PRIMARY KEY (`casenumber`);

--
-- Indexes for table `contact_us`
--
ALTER TABLE `contact_us`
  ADD PRIMARY KEY (`id`);

--
-- Indexes for table `customer`
--
ALTER TABLE `customer`
  ADD PRIMARY KEY (`member_id`);

--
-- Indexes for table `generatereport`
--
ALTER TABLE `generatereport`
  ADD PRIMARY KEY (`casenumber`);

--
-- Indexes for table `image`
--
ALTER TABLE `image`
  ADD PRIMARY KEY (`image_id`);

--
-- Indexes for table `message`
--
ALTER TABLE `message`
  ADD PRIMARY KEY (`id`);

--
-- Indexes for table `news`
--
ALTER TABLE `news`
  ADD PRIMARY KEY (`id`);

--
-- Indexes for table `request`
--
ALTER TABLE `request`
  ADD PRIMARY KEY (`casenumber`);

--
-- Indexes for table `serviceregistration`
--
ALTER TABLE `serviceregistration`
  ADD PRIMARY KEY (`id`);

--
-- Indexes for table `solution`
--
ALTER TABLE `solution`
  ADD PRIMARY KEY (`id`);

--
-- Indexes for table `technicianprofile`
--
ALTER TABLE `technicianprofile`
  ADD PRIMARY KEY (`techid`);

--
-- AUTO_INCREMENT for dumped tables
--

--
-- AUTO_INCREMENT for table `account`
--
ALTER TABLE `account`
  MODIFY `id` int(11) NOT NULL AUTO_INCREMENT, AUTO_INCREMENT=5;
--
-- AUTO_INCREMENT for table `assigntechnician`
--
ALTER TABLE `assigntechnician`
  MODIFY `casenumber` int(11) NOT NULL AUTO_INCREMENT;
--
-- AUTO_INCREMENT for table `contact_us`
--
ALTER TABLE `contact_us`
  MODIFY `id` int(11) NOT NULL AUTO_INCREMENT;
--
-- AUTO_INCREMENT for table `customer`
--
ALTER TABLE `customer`
  MODIFY `member_id` int(11) NOT NULL AUTO_INCREMENT, AUTO_INCREMENT=2;
--
-- AUTO_INCREMENT for table `generatereport`
--
ALTER TABLE `generatereport`
  MODIFY `casenumber` int(30) NOT NULL AUTO_INCREMENT;
--
-- AUTO_INCREMENT for table `image`
--
ALTER TABLE `image`
  MODIFY `image_id` int(11) NOT NULL AUTO_INCREMENT;
--
-- AUTO_INCREMENT for table `message`
--
ALTER TABLE `message`
  MODIFY `id` int(11) NOT NULL AUTO_INCREMENT, AUTO_INCREMENT=4;
--
-- AUTO_INCREMENT for table `news`
--
ALTER TABLE `news`
  MODIFY `id` int(11) NOT NULL AUTO_INCREMENT, AUTO_INCREMENT=4;
--
-- AUTO_INCREMENT for table `request`
--
ALTER TABLE `request`
  MODIFY `casenumber` int(10) NOT NULL AUTO_INCREMENT, AUTO_INCREMENT=2;
--
-- AUTO_INCREMENT for table `serviceregistration`
--
ALTER TABLE `serviceregistration`
  MODIFY `id` int(11) NOT NULL AUTO_INCREMENT;
--
-- AUTO_INCREMENT for table `solution`
--
ALTER TABLE `solution`
  MODIFY `id` int(11) NOT NULL AUTO_INCREMENT;
--
-- AUTO_INCREMENT for table `technicianprofile`
--
ALTER TABLE `technicianprofile`
  MODIFY `techid` int(11) NOT NULL AUTO_INCREMENT, AUTO_INCREMENT=5;--
-- Database: `jay_art`
--
CREATE DATABASE IF NOT EXISTS `jay_art` DEFAULT CHARACTER SET latin1 COLLATE latin1_general_ci;
USE `jay_art`;

-- --------------------------------------------------------

--
-- Table structure for table `commentbox`
--

CREATE TABLE `commentbox` (
  `id` int(10) NOT NULL,
  `name` varchar(15) CHARACTER SET utf8 COLLATE utf8_unicode_ci NOT NULL DEFAULT '',
  `comments` text CHARACTER SET utf8 COLLATE utf8_unicode_ci NOT NULL
) ENGINE=MyISAM DEFAULT CHARSET=utf8 MAX_ROWS=30;

-- --------------------------------------------------------

--
-- Table structure for table `tbl_cart`
--

CREATE TABLE `tbl_cart` (
  `ct_id` int(10) UNSIGNED NOT NULL,
  `pd_id` int(10) UNSIGNED NOT NULL DEFAULT '0',
  `ct_qty` mediumint(8) UNSIGNED NOT NULL DEFAULT '1',
  `ct_session_id` char(32) COLLATE latin1_general_ci NOT NULL DEFAULT '',
  `ct_date` datetime NOT NULL DEFAULT '0000-00-00 00:00:00'
) ENGINE=MyISAM DEFAULT CHARSET=latin1 COLLATE=latin1_general_ci;

-- --------------------------------------------------------

--
-- Table structure for table `tbl_category`
--

CREATE TABLE `tbl_category` (
  `cat_id` int(10) UNSIGNED NOT NULL,
  `cat_parent_id` int(11) NOT NULL DEFAULT '0',
  `cat_name` varchar(50) COLLATE latin1_general_ci NOT NULL DEFAULT '',
  `cat_description` varchar(200) COLLATE latin1_general_ci NOT NULL DEFAULT '',
  `cat_image` varchar(255) COLLATE latin1_general_ci NOT NULL DEFAULT ''
) ENGINE=MyISAM DEFAULT CHARSET=latin1 COLLATE=latin1_general_ci;

-- --------------------------------------------------------

--
-- Table structure for table `tbl_currency`
--

CREATE TABLE `tbl_currency` (
  `cy_id` int(10) UNSIGNED NOT NULL,
  `cy_code` char(3) COLLATE latin1_general_ci NOT NULL DEFAULT '',
  `cy_symbol` varchar(8) COLLATE latin1_general_ci NOT NULL DEFAULT ''
) ENGINE=MyISAM DEFAULT CHARSET=latin1 COLLATE=latin1_general_ci;

-- --------------------------------------------------------

--
-- Table structure for table `tbl_order`
--

CREATE TABLE `tbl_order` (
  `od_id` int(10) UNSIGNED NOT NULL,
  `od_date` datetime DEFAULT NULL,
  `od_last_update` datetime NOT NULL DEFAULT '0000-00-00 00:00:00',
  `od_status` enum('New','Paid','Shipped','Completed','Cancelled') COLLATE latin1_general_ci NOT NULL DEFAULT 'New',
  `od_memo` varchar(255) COLLATE latin1_general_ci NOT NULL DEFAULT '',
  `od_shipping_first_name` varchar(50) COLLATE latin1_general_ci NOT NULL DEFAULT '',
  `od_shipping_last_name` varchar(50) COLLATE latin1_general_ci NOT NULL DEFAULT '',
  `od_shipping_address1` varchar(100) COLLATE latin1_general_ci NOT NULL DEFAULT '',
  `od_shipping_address2` varchar(100) COLLATE latin1_general_ci NOT NULL DEFAULT '',
  `od_shipping_phone` varchar(32) COLLATE latin1_general_ci NOT NULL DEFAULT '',
  `od_shipping_city` varchar(100) COLLATE latin1_general_ci NOT NULL DEFAULT '',
  `od_shipping_state` varchar(32) COLLATE latin1_general_ci NOT NULL DEFAULT '',
  `od_shipping_postal_code` varchar(10) COLLATE latin1_general_ci NOT NULL DEFAULT '',
  `od_shipping_cost` decimal(5,2) DEFAULT '0.00',
  `od_payment_first_name` varchar(50) COLLATE latin1_general_ci NOT NULL DEFAULT '',
  `od_payment_last_name` varchar(50) COLLATE latin1_general_ci NOT NULL DEFAULT '',
  `od_payment_address1` varchar(100) COLLATE latin1_general_ci NOT NULL DEFAULT '',
  `od_payment_address2` varchar(100) COLLATE latin1_general_ci NOT NULL DEFAULT '',
  `od_payment_phone` varchar(32) COLLATE latin1_general_ci NOT NULL DEFAULT '',
  `od_payment_city` varchar(100) COLLATE latin1_general_ci NOT NULL DEFAULT '',
  `od_payment_state` varchar(32) COLLATE latin1_general_ci NOT NULL DEFAULT '',
  `od_payment_postal_code` varchar(10) COLLATE latin1_general_ci NOT NULL DEFAULT ''
) ENGINE=MyISAM DEFAULT CHARSET=latin1 COLLATE=latin1_general_ci;

-- --------------------------------------------------------

--
-- Table structure for table `tbl_order_item`
--

CREATE TABLE `tbl_order_item` (
  `od_id` int(10) UNSIGNED NOT NULL DEFAULT '0',
  `pd_id` int(10) UNSIGNED NOT NULL DEFAULT '0',
  `od_qty` int(10) UNSIGNED NOT NULL DEFAULT '0'
) ENGINE=MyISAM DEFAULT CHARSET=latin1 COLLATE=latin1_general_ci;

-- --------------------------------------------------------

--
-- Table structure for table `tbl_product`
--

CREATE TABLE `tbl_product` (
  `pd_id` int(10) UNSIGNED NOT NULL,
  `cat_id` int(10) UNSIGNED NOT NULL DEFAULT '0',
  `pd_name` varchar(100) COLLATE latin1_general_ci NOT NULL DEFAULT '',
  `pd_description` text COLLATE latin1_general_ci NOT NULL,
  `pd_price` decimal(9,2) NOT NULL DEFAULT '0.00',
  `pd_qty` smallint(5) UNSIGNED NOT NULL DEFAULT '0',
  `pd_image` varchar(200) COLLATE latin1_general_ci DEFAULT NULL,
  `pd_thumbnail` varchar(200) COLLATE latin1_general_ci DEFAULT NULL,
  `pd_date` datetime NOT NULL DEFAULT '0000-00-00 00:00:00',
  `pd_last_update` datetime NOT NULL DEFAULT '0000-00-00 00:00:00'
) ENGINE=MyISAM DEFAULT CHARSET=latin1 COLLATE=latin1_general_ci;

-- --------------------------------------------------------

--
-- Table structure for table `tbl_shop_config`
--

CREATE TABLE `tbl_shop_config` (
  `sc_name` varchar(50) COLLATE latin1_general_ci NOT NULL DEFAULT '',
  `sc_address` varchar(100) COLLATE latin1_general_ci NOT NULL DEFAULT '',
  `sc_phone` varchar(30) COLLATE latin1_general_ci NOT NULL DEFAULT '',
  `sc_email` varchar(30) COLLATE latin1_general_ci NOT NULL DEFAULT '',
  `sc_shipping_cost` decimal(5,2) NOT NULL DEFAULT '0.00',
  `sc_currency` int(10) UNSIGNED NOT NULL DEFAULT '1',
  `sc_order_email` enum('y','n') COLLATE latin1_general_ci NOT NULL DEFAULT 'n'
) ENGINE=MyISAM DEFAULT CHARSET=latin1 COLLATE=latin1_general_ci;

-- --------------------------------------------------------

--
-- Table structure for table `tbl_user`
--

CREATE TABLE `tbl_user` (
  `user_id` int(10) UNSIGNED NOT NULL,
  `user_name` varchar(20) COLLATE latin1_general_ci NOT NULL DEFAULT '',
  `user_password` varchar(32) COLLATE latin1_general_ci NOT NULL DEFAULT '',
  `user_regdate` datetime NOT NULL DEFAULT '0000-00-00 00:00:00',
  `user_last_login` datetime NOT NULL DEFAULT '0000-00-00 00:00:00'
) ENGINE=MyISAM DEFAULT CHARSET=latin1 COLLATE=latin1_general_ci;

--
-- Indexes for dumped tables
--

--
-- Indexes for table `commentbox`
--
ALTER TABLE `commentbox`
  ADD PRIMARY KEY (`id`);

--
-- Indexes for table `tbl_cart`
--
ALTER TABLE `tbl_cart`
  ADD PRIMARY KEY (`ct_id`),
  ADD KEY `pd_id` (`pd_id`),
  ADD KEY `ct_session_id` (`ct_session_id`);

--
-- Indexes for table `tbl_category`
--
ALTER TABLE `tbl_category`
  ADD PRIMARY KEY (`cat_id`),
  ADD KEY `cat_parent_id` (`cat_parent_id`),
  ADD KEY `cat_name` (`cat_name`);

--
-- Indexes for table `tbl_currency`
--
ALTER TABLE `tbl_currency`
  ADD PRIMARY KEY (`cy_id`);

--
-- Indexes for table `tbl_order`
--
ALTER TABLE `tbl_order`
  ADD PRIMARY KEY (`od_id`);

--
-- Indexes for table `tbl_order_item`
--
ALTER TABLE `tbl_order_item`
  ADD PRIMARY KEY (`od_id`,`pd_id`);

--
-- Indexes for table `tbl_product`
--
ALTER TABLE `tbl_product`
  ADD PRIMARY KEY (`pd_id`),
  ADD KEY `cat_id` (`cat_id`),
  ADD KEY `pd_name` (`pd_name`);

--
-- Indexes for table `tbl_user`
--
ALTER TABLE `tbl_user`
  ADD PRIMARY KEY (`user_id`),
  ADD UNIQUE KEY `user_name` (`user_name`);

--
-- AUTO_INCREMENT for dumped tables
--

--
-- AUTO_INCREMENT for table `commentbox`
--
ALTER TABLE `commentbox`
  MODIFY `id` int(10) NOT NULL AUTO_INCREMENT;
--
-- AUTO_INCREMENT for table `tbl_cart`
--
ALTER TABLE `tbl_cart`
  MODIFY `ct_id` int(10) UNSIGNED NOT NULL AUTO_INCREMENT;
--
-- AUTO_INCREMENT for table `tbl_category`
--
ALTER TABLE `tbl_category`
  MODIFY `cat_id` int(10) UNSIGNED NOT NULL AUTO_INCREMENT;
--
-- AUTO_INCREMENT for table `tbl_currency`
--
ALTER TABLE `tbl_currency`
  MODIFY `cy_id` int(10) UNSIGNED NOT NULL AUTO_INCREMENT;
--
-- AUTO_INCREMENT for table `tbl_order`
--
ALTER TABLE `tbl_order`
  MODIFY `od_id` int(10) UNSIGNED NOT NULL AUTO_INCREMENT;
--
-- AUTO_INCREMENT for table `tbl_product`
--
ALTER TABLE `tbl_product`
  MODIFY `pd_id` int(10) UNSIGNED NOT NULL AUTO_INCREMENT;
--
-- AUTO_INCREMENT for table `tbl_user`
--
ALTER TABLE `tbl_user`
  MODIFY `user_id` int(10) UNSIGNED NOT NULL AUTO_INCREMENT;--
-- Database: `josgv`
--
CREATE DATABASE IF NOT EXISTS `josgv` DEFAULT CHARACTER SET latin1 COLLATE latin1_swedish_ci;
USE `josgv`;

DELIMITER $$
--
-- Functions
--
CREATE DEFINER=`root`@`localhost` FUNCTION `CALC_CUM_GPA_MP` (`mp_id` INT) RETURNS INT(11) BEGIN
  DECLARE done INT DEFAULT 0;
   DECLARE student_id INT;
   DECLARE weighted_factor NUMERIC;
   
 
   DECLARE cur1 CURSOR FOR
     SELECT sms.student_id, 
     (sum(sms.sum_weighted_factors)/sum(sms.count_weighted_factors)) as weighted_factor
     FROM MARKING_PERIODS mp
     INNER JOIN STUDENT_MP_STATS sms ON mp.marking_period_id=sms.marking_period_id
     AND mp.end_date <= mp.end_date
     AND mp.mp_type = mp.mp_type
     AND mp.school_id = mp.school_id
     WHERE mp.marking_period_id = mp_id
     GROUP BY sms.student_id;
 
   DECLARE CONTINUE HANDLER FOR NOT FOUND SET done = 1;
 
   OPEN cur1;
   FETCH cur1 INTO student_id,weighted_factor;
 
   WHILE NOT done DO
     UPDATE STUDENT_MP_STATS
       SET cum_weighted_factor = weighted_factor
               WHERE student_id = student_id and marking_period_id = mp_id;
     FETCH cur1 INTO student_id,weighted_factor;
   END WHILE;
   CLOSE cur1;
   RETURN 1;
 END$$

CREATE DEFINER=`root`@`localhost` FUNCTION `CALC_GPA_MP` (`s_id` INT, `mp_id` INT) RETURNS INT(11) BEGIN
   
 
   SELECT COUNT(*) INTO @val FROM STUDENT_MP_STATS WHERE student_id = s_id and marking_period_id = mp_id;
   IF FOUND THEN
 	select 
         sum(weighted_gp/gp_scale),
         count(*)
 	INTO @sum_weighted_factors, @count_weighted_factors
         from STUDENT_REPORT_CARD_GRADES where student_id = s_id and marking_period_id = mp_id
 	    and not gp_scale = 0 and not marking_period_id LIKE 'E%' 
 		group by student_id, marking_period_id;
 
     UPDATE STUDENT_MP_STATS
       SET 
         sum_weighted_factors = @sum_weighted_factors, 
         count_weighted_factors = @count_weighted_factors
         WHERE student_id = s_id and marking_period_id = mp_id;
     RETURN 1;
   ELSE
     INSERT INTO STUDENT_MP_STATS (student_id, marking_period_id, sum_weighted_factors, count_weighted_factors, grade_level_short)
         select 
             srcg.student_id, srcg.marking_period_id,
             sum(weighted_gp/gp_scale) as sum_weighted_factors, 
             count(*) as count_weighted_factors,                        
             eg.short_name
         from STUDENT_REPORT_CARD_GRADES srcg 
 	join MARKING_PERIODS mp on (mp.marking_period_id = srcg.marking_period_id) 
 	join ENROLL_GRADE eg on (eg.student_id = srcg.student_id and eg.syear = mp.syear and eg.school_id = mp.school_id)
         where srcg.student_id = s_id and srcg.marking_period_id = mp_id and not srcg.gp_scale = 0 and not 
         srcg.marking_period_id LIKE 'E%' group by srcg.student_id, srcg.marking_period_id, eg.short_name;
     RETURN 0;
 	End IF;
 END$$

CREATE DEFINER=`root`@`localhost` FUNCTION `CREDIT` (`cp_id` INT, `mp_id` INT) RETURNS DECIMAL(10,0) BEGIN
   
 
 select credits,marking_period_id into @credits,@marking_period_id from COURSE_PERIODS where course_period_id = cp_id;
 select mp,mp_type into @mp,@mp_type from MARKING_PERIODS where marking_period_id = mp_id;
 
 IF @marking_period_id = mp_id THEN
     return @credits;
 ELSEIF @mp = 'FY' AND @mp_type = 'semester' THEN
     select count(*) into @val from MARKING_PERIODS where parent_id = @marking_period_id group by parent_id;
 ELSEIF @mp = 'FY' and @mp_type = 'quarter' THEN
     select count(*) into @val from MARKING_PERIODS where grandparent_id = @marking_period_id group by grandparent_id;
 ELSEIF @mp = 'SEM' and @mp_type = 'quarter' THEN
     select count(*) into @val from MARKING_PERIODS where parent_id = @marking_period_id group by parent_id;
 ELSE
     RETURN 0;
 END IF;
 IF @val > 0 THEN
     return @credits/@val;
 END IF;
 return 0;
 
 END$$

CREATE DEFINER=`root`@`localhost` FUNCTION `fn_address_fields_seq` () RETURNS INT(11) BEGIN
   INSERT INTO address_fields_seq VALUES(NULL);
   DELETE FROM address_fields_seq;
   RETURN LAST_INSERT_ID();
 END$$

CREATE DEFINER=`root`@`localhost` FUNCTION `fn_address_field_categories_seq` () RETURNS INT(11) BEGIN
   INSERT INTO address_field_categories_seq VALUES(NULL);
   DELETE FROM address_field_categories_seq;
   RETURN LAST_INSERT_ID();
 END$$

CREATE DEFINER=`root`@`localhost` FUNCTION `fn_address_seq` () RETURNS INT(11) BEGIN
   INSERT INTO address_seq VALUES(NULL);
   DELETE FROM address_seq;
   RETURN LAST_INSERT_ID();
 END$$

CREATE DEFINER=`root`@`localhost` FUNCTION `fn_attendance_codes_seq` () RETURNS INT(11) BEGIN
   INSERT INTO attendance_codes_seq VALUES(NULL);
   DELETE FROM attendance_codes_seq;
   RETURN LAST_INSERT_ID();
 END$$

CREATE DEFINER=`root`@`localhost` FUNCTION `fn_attendance_code_categories_seq` () RETURNS INT(11) BEGIN
   INSERT INTO attendance_code_categories_seq VALUES(NULL);
   DELETE FROM attendance_code_categories_seq;
   RETURN LAST_INSERT_ID();
 END$$

CREATE DEFINER=`root`@`localhost` FUNCTION `fn_calendars_seq` () RETURNS INT(11) BEGIN
   INSERT INTO calendars_seq VALUES(NULL);
   DELETE FROM calendars_seq;
   RETURN LAST_INSERT_ID();
 END$$

CREATE DEFINER=`root`@`localhost` FUNCTION `fn_calendar_events_seq` () RETURNS INT(11) BEGIN
   INSERT INTO calendar_events_seq VALUES(NULL);
   DELETE FROM calendar_events_seq;
   RETURN LAST_INSERT_ID();
 END$$

CREATE DEFINER=`root`@`localhost` FUNCTION `fn_courses_seq` () RETURNS INT(11) BEGIN
   INSERT INTO courses_seq VALUES(NULL);
   DELETE FROM courses_seq;
   RETURN LAST_INSERT_ID();
 END$$

CREATE DEFINER=`root`@`localhost` FUNCTION `fn_course_periods_seq` () RETURNS INT(11) BEGIN
   INSERT INTO course_periods_seq VALUES(NULL);
   DELETE FROM course_periods_seq;
   RETURN LAST_INSERT_ID();
 END$$

CREATE DEFINER=`root`@`localhost` FUNCTION `fn_course_subjects_seq` () RETURNS INT(11) BEGIN
   INSERT INTO course_subjects_seq VALUES(NULL);
   DELETE FROM course_subjects_seq;
   RETURN LAST_INSERT_ID();
 END$$

CREATE DEFINER=`root`@`localhost` FUNCTION `fn_custom_seq` () RETURNS INT(11) BEGIN
   INSERT INTO custom_seq VALUES(NULL);
   DELETE FROM custom_seq;
   RETURN LAST_INSERT_ID();
 END$$

CREATE DEFINER=`root`@`localhost` FUNCTION `fn_eligibility_activities_seq` () RETURNS INT(11) BEGIN
   INSERT INTO eligibility_activities_seq VALUES(NULL);
   DELETE FROM eligibility_activities_seq;
   RETURN LAST_INSERT_ID();
 END$$

CREATE DEFINER=`root`@`localhost` FUNCTION `fn_gradebook_assignments_seq` () RETURNS INT(11) BEGIN
   INSERT INTO gradebook_assignments_seq VALUES(NULL);
   DELETE FROM gradebook_assignments_seq;
   RETURN LAST_INSERT_ID();
 END$$

CREATE DEFINER=`root`@`localhost` FUNCTION `fn_gradebook_assignment_types_seq` () RETURNS INT(11) BEGIN
   INSERT INTO gradebook_assignment_types_seq VALUES(NULL);
   DELETE FROM gradebook_assignment_types_seq;
   RETURN LAST_INSERT_ID();
 END$$

CREATE DEFINER=`root`@`localhost` FUNCTION `fn_marking_period_seq` () RETURNS INT(11) BEGIN
   INSERT INTO marking_period_seq VALUES(NULL);
   DELETE FROM marking_period_seq;
   RETURN LAST_INSERT_ID();
 END$$

CREATE DEFINER=`root`@`localhost` FUNCTION `fn_people_fields_seq` () RETURNS INT(11) BEGIN
   INSERT INTO people_fields_seq VALUES(NULL);
   DELETE FROM people_fields_seq;
   RETURN LAST_INSERT_ID();
 END$$

CREATE DEFINER=`root`@`localhost` FUNCTION `fn_people_field_categories_seq` () RETURNS INT(11) BEGIN
   INSERT INTO people_field_categories_seq VALUES(NULL);
   DELETE FROM people_field_categories_seq;
   RETURN LAST_INSERT_ID();
 END$$

CREATE DEFINER=`root`@`localhost` FUNCTION `fn_people_join_contacts_seq` () RETURNS INT(11) BEGIN
   INSERT INTO people_join_contacts_seq VALUES(NULL);
   DELETE FROM people_join_contacts_seq;
   RETURN LAST_INSERT_ID();
 END$$

CREATE DEFINER=`root`@`localhost` FUNCTION `fn_people_seq` () RETURNS INT(11) BEGIN
   INSERT INTO people_seq VALUES(NULL);
   DELETE FROM people_seq;
   RETURN LAST_INSERT_ID();
 END$$

CREATE DEFINER=`root`@`localhost` FUNCTION `fn_portal_notes_seq` () RETURNS INT(11) BEGIN
   INSERT INTO portal_notes_seq VALUES(NULL);
   DELETE FROM portal_notes_seq;
   RETURN LAST_INSERT_ID();
 END$$

CREATE DEFINER=`root`@`localhost` FUNCTION `fn_report_card_comments_seq` () RETURNS INT(11) BEGIN
   INSERT INTO report_card_comments_seq VALUES(NULL);
   DELETE FROM report_card_comments_seq;
   RETURN LAST_INSERT_ID();
 END$$

CREATE DEFINER=`root`@`localhost` FUNCTION `fn_report_card_grades_seq` () RETURNS INT(11) BEGIN
   INSERT INTO report_card_grades_seq VALUES(NULL);
   DELETE FROM report_card_grades_seq;
   RETURN LAST_INSERT_ID();
 END$$

CREATE DEFINER=`root`@`localhost` FUNCTION `fn_report_card_grade_scales_seq` () RETURNS INT(11) BEGIN
   INSERT INTO report_card_grade_scales_seq VALUES(NULL);
   DELETE FROM report_card_grade_scales_seq;
   RETURN LAST_INSERT_ID();
 END$$

CREATE DEFINER=`root`@`localhost` FUNCTION `fn_schedule_requests_seq` () RETURNS INT(11) BEGIN
   INSERT INTO schedule_requests_seq VALUES(NULL);
   DELETE FROM schedule_requests_seq;
   RETURN LAST_INSERT_ID();
 END$$

CREATE DEFINER=`root`@`localhost` FUNCTION `fn_schedule_seq` () RETURNS INT(11) BEGIN
   INSERT INTO schedule_seq VALUES(NULL);
   DELETE FROM schedule_seq;
   RETURN LAST_INSERT_ID();
 END$$

CREATE DEFINER=`root`@`localhost` FUNCTION `fn_schools_seq` () RETURNS INT(11) BEGIN
   INSERT INTO schools_seq VALUES(NULL);
   DELETE FROM schools_seq;
   RETURN LAST_INSERT_ID();
 END$$

CREATE DEFINER=`root`@`localhost` FUNCTION `fn_school_gradelevels_seq` () RETURNS INT(11) BEGIN
   INSERT INTO school_gradelevels_seq VALUES(NULL);
   DELETE FROM school_gradelevels_seq;
   RETURN LAST_INSERT_ID();
 END$$

CREATE DEFINER=`root`@`localhost` FUNCTION `fn_school_periods_seq` () RETURNS INT(11) BEGIN
   INSERT INTO school_periods_seq VALUES(NULL);
   DELETE FROM school_periods_seq;
   RETURN LAST_INSERT_ID();
 END$$

CREATE DEFINER=`root`@`localhost` FUNCTION `fn_staff_fields_seq` () RETURNS INT(11) BEGIN
   INSERT INTO staff_fields_seq VALUES(NULL);
   DELETE FROM staff_fields_seq;
   RETURN LAST_INSERT_ID();
 END$$

CREATE DEFINER=`root`@`localhost` FUNCTION `fn_staff_field_categories_seq` () RETURNS INT(11) BEGIN
   INSERT INTO staff_field_categories_seq VALUES(NULL);
   DELETE FROM staff_field_categories_seq;
   RETURN LAST_INSERT_ID();
 END$$

CREATE DEFINER=`root`@`localhost` FUNCTION `fn_staff_seq` () RETURNS INT(11) BEGIN
   INSERT INTO staff_seq VALUES(NULL);
   DELETE FROM staff_seq;
   RETURN LAST_INSERT_ID();
 END$$

CREATE DEFINER=`root`@`localhost` FUNCTION `fn_students_join_address_seq` () RETURNS INT(11) BEGIN
   INSERT INTO students_join_address_seq VALUES(NULL);
   DELETE FROM students_join_address_seq;
   RETURN LAST_INSERT_ID();
 END$$

CREATE DEFINER=`root`@`localhost` FUNCTION `fn_students_join_people_seq` () RETURNS INT(11) BEGIN
   INSERT INTO students_join_people_seq VALUES(NULL);
   DELETE FROM students_join_people_seq;
   RETURN LAST_INSERT_ID();
 END$$

CREATE DEFINER=`root`@`localhost` FUNCTION `fn_students_seq` () RETURNS INT(11) BEGIN
   INSERT INTO students_seq VALUES(NULL);
   DELETE FROM students_seq;
   RETURN LAST_INSERT_ID();
 END$$

CREATE DEFINER=`root`@`localhost` FUNCTION `fn_student_enrollment_codes_seq` () RETURNS INT(11) BEGIN
   INSERT INTO student_enrollment_codes_seq VALUES(NULL);
   DELETE FROM student_enrollment_codes_seq;
   RETURN LAST_INSERT_ID();
 END$$

CREATE DEFINER=`root`@`localhost` FUNCTION `fn_student_enrollment_seq` () RETURNS INT(11) BEGIN
   INSERT INTO student_enrollment_seq VALUES(NULL);
   DELETE FROM student_enrollment_seq;
   RETURN LAST_INSERT_ID();
 END$$

CREATE DEFINER=`root`@`localhost` FUNCTION `fn_student_field_categories_seq` () RETURNS INT(11) BEGIN
   INSERT INTO student_field_categories_seq VALUES(NULL);
   DELETE FROM student_field_categories_seq;
   RETURN LAST_INSERT_ID();
 END$$

CREATE DEFINER=`root`@`localhost` FUNCTION `fn_student_medical_alerts_seq` () RETURNS INT(11) BEGIN
   INSERT INTO student_medical_alerts_seq VALUES(NULL);
   DELETE FROM student_medical_alerts_seq;
   RETURN LAST_INSERT_ID();
 END$$

CREATE DEFINER=`root`@`localhost` FUNCTION `fn_student_medical_seq` () RETURNS INT(11) BEGIN
   INSERT INTO student_medical_seq VALUES(NULL);
   DELETE FROM student_medical_seq;
   RETURN LAST_INSERT_ID();
 END$$

CREATE DEFINER=`root`@`localhost` FUNCTION `fn_student_medical_visits_seq` () RETURNS INT(11) BEGIN
   INSERT INTO student_medical_visits_seq VALUES(NULL);
   DELETE FROM student_medical_visits_seq;
   RETURN LAST_INSERT_ID();
 END$$

CREATE DEFINER=`root`@`localhost` FUNCTION `fn_student_report_card_grades_seq` () RETURNS INT(11) BEGIN
   INSERT INTO student_report_card_grades_seq VALUES(NULL);
   DELETE FROM student_report_card_grades_seq;
   RETURN LAST_INSERT_ID();
 END$$

CREATE DEFINER=`root`@`localhost` FUNCTION `fn_user_profiles_seq` () RETURNS INT(11) BEGIN
   INSERT INTO user_profiles_seq VALUES(NULL);
   DELETE FROM user_profiles_seq;
   RETURN LAST_INSERT_ID();
 END$$

CREATE DEFINER=`root`@`localhost` FUNCTION `SET_CLASS_RANK_MP` (`mp_id` INT) RETURNS INT(11) BEGIN
 
 DECLARE done INT DEFAULT 0;
 DECLARE marking_period_id INT;
 DECLARE student_id INT;
 DECLARE rank NUMERIC;
 
 declare cur1 cursor for
 select
   mp.marking_period_id,
   sgm.student_id,
  (select count(*)+1 
    from STUDENT_MP_STATS sgm3
    where sgm3.cum_weighted_factor > sgm.cum_weighted_factor
      and sgm3.marking_period_id = mp.marking_period_id 
      and sgm3.student_id in (select distinct sgm2.student_id 
                             from STUDENT_MP_STATS sgm2, STUDENT_ENROLLMENT se2
                             where sgm2.student_id = se2.student_id 
                               and sgm2.marking_period_id = mp.marking_period_id 
                		      and se2.grade_id = se.grade_id
                               and se2.syear = se.syear)
   ) as rank
   from STUDENT_ENROLLMENT se, STUDENT_MP_STATS sgm, MARKING_PERIODS mp
   where se.student_id = sgm.student_id
     and sgm.marking_period_id = mp.marking_period_id
     and mp.marking_period_id = mp_id
     and se.syear = mp.syear
     and not sgm.cum_weighted_factor is null
   order by grade_id, rank;
 DECLARE CONTINUE HANDLER FOR NOT FOUND SET done = 1;
 
 open cur1;
 fetch cur1 into marking_period_id,student_id,rank;
 
 while not done DO
 	update STUDENT_MP_STATS
 	  set
 	    cum_rank = rank
 	where STUDENT_MP_STATS.marking_period_id = marking_period_id
 	  and STUDENT_MP_STATS.student_id = student_id;
 	fetch cur1 into marking_period_id,student_id,rank;
 END WHILE;
 CLOSE cur1;
 
 RETURN 1;
 END$$

DELIMITER ;

-- --------------------------------------------------------

--
-- Table structure for table `address`
--

CREATE TABLE `address` (
  `address_id` decimal(10,0) NOT NULL,
  `house_no` decimal(5,0) DEFAULT NULL,
  `fraction` varchar(3) DEFAULT NULL,
  `letter` varchar(2) DEFAULT NULL,
  `direction` varchar(2) DEFAULT NULL,
  `street` varchar(30) DEFAULT NULL,
  `apt` varchar(5) DEFAULT NULL,
  `zipcode` varchar(50) DEFAULT NULL,
  `plus4` varchar(4) DEFAULT NULL,
  `city` varchar(60) DEFAULT NULL,
  `state` varchar(50) DEFAULT NULL,
  `mail_street` varchar(30) DEFAULT NULL,
  `mail_city` varchar(60) DEFAULT NULL,
  `mail_state` varchar(50) DEFAULT NULL,
  `mail_zipcode` varchar(50) DEFAULT NULL,
  `address` varchar(255) DEFAULT NULL,
  `mail_address` varchar(255) DEFAULT NULL,
  `phone` varchar(30) DEFAULT NULL,
  `student_id` decimal(10,0) DEFAULT NULL,
  `bus_no` varchar(20) DEFAULT NULL,
  `bus_pickup` varchar(2) DEFAULT NULL,
  `bus_dropoff` varchar(2) DEFAULT NULL,
  `prim_student_relation` varchar(100) DEFAULT NULL,
  `pri_first_name` varchar(100) DEFAULT NULL,
  `pri_last_name` varchar(100) DEFAULT NULL,
  `home_phone` varchar(100) DEFAULT NULL,
  `work_phone` varchar(100) DEFAULT NULL,
  `mobile_phone` varchar(100) DEFAULT NULL,
  `email` varchar(100) DEFAULT NULL,
  `prim_custody` varchar(2) DEFAULT NULL,
  `prim_address` varchar(100) DEFAULT NULL,
  `prim_street` varchar(100) DEFAULT NULL,
  `prim_city` varchar(100) DEFAULT NULL,
  `prim_state` varchar(100) DEFAULT NULL,
  `prim_zipcode` varchar(20) DEFAULT NULL,
  `sec_student_relation` varchar(100) DEFAULT NULL,
  `sec_first_name` varchar(100) DEFAULT NULL,
  `sec_last_name` varchar(100) DEFAULT NULL,
  `sec_home_phone` varchar(100) DEFAULT NULL,
  `sec_work_phone` varchar(100) DEFAULT NULL,
  `sec_mobile_phone` varchar(100) DEFAULT NULL,
  `sec_email` varchar(100) DEFAULT NULL,
  `sec_custody` varchar(2) DEFAULT NULL,
  `sec_address` varchar(100) DEFAULT NULL,
  `sec_street` varchar(100) DEFAULT NULL,
  `sec_city` varchar(60) DEFAULT NULL,
  `sec_state` varchar(100) DEFAULT NULL,
  `sec_zipcode` varchar(100) DEFAULT NULL
) ENGINE=InnoDB DEFAULT CHARSET=utf8;

--
-- Dumping data for table `address`
--

INSERT INTO `address` (`address_id`, `house_no`, `fraction`, `letter`, `direction`, `street`, `apt`, `zipcode`, `plus4`, `city`, `state`, `mail_street`, `mail_city`, `mail_state`, `mail_zipcode`, `address`, `mail_address`, `phone`, `student_id`, `bus_no`, `bus_pickup`, `bus_dropoff`, `prim_student_relation`, `pri_first_name`, `pri_last_name`, `home_phone`, `work_phone`, `mobile_phone`, `email`, `prim_custody`, `prim_address`, `prim_street`, `prim_city`, `prim_state`, `prim_zipcode`, `sec_student_relation`, `sec_first_name`, `sec_last_name`, `sec_home_phone`, `sec_work_phone`, `sec_mobile_phone`, `sec_email`, `sec_custody`, `sec_address`, `sec_street`, `sec_city`, `sec_state`, `sec_zipcode`) VALUES
('1', NULL, NULL, NULL, NULL, NULL, NULL, '30044', NULL, 'Lawrenceville', 'GA', NULL, 'Lawrenceville', 'GA', '30044', '3355 Lawrenceville Hwy.', '3355 Lawrenceville Hwy.', NULL, '1', '14', NULL, NULL, 'Father', 'Dennis', 'Williams', '404-555-1212', NULL, NULL, NULL, 'Y', '3355 Lawrenceville Hwy.', NULL, 'Lawrenceville', 'GA', '30044', 'Mother', 'Julia', 'Williams', '404-555-1212', NULL, NULL, NULL, 'Y', '3355 Lawrenceville Hwy.', NULL, 'Lawrenceville', 'GA', '30044');

-- --------------------------------------------------------

--
-- Table structure for table `address_field_categories`
--

CREATE TABLE `address_field_categories` (
  `id` decimal(10,0) NOT NULL,
  `title` varchar(100) DEFAULT NULL,
  `sort_order` decimal(10,0) DEFAULT NULL,
  `residence` char(1) DEFAULT NULL,
  `mailing` char(1) DEFAULT NULL,
  `bus` char(1) DEFAULT NULL
) ENGINE=InnoDB DEFAULT CHARSET=utf8;

-- --------------------------------------------------------

--
-- Table structure for table `address_field_categories_seq`
--

CREATE TABLE `address_field_categories_seq` (
  `id` int(11) NOT NULL
) ENGINE=InnoDB DEFAULT CHARSET=utf8;

-- --------------------------------------------------------

--
-- Table structure for table `address_fields`
--

CREATE TABLE `address_fields` (
  `id` decimal(10,0) NOT NULL,
  `type` varchar(10) DEFAULT NULL,
  `search` varchar(1) DEFAULT NULL,
  `title` varchar(30) DEFAULT NULL,
  `sort_order` decimal(10,0) DEFAULT NULL,
  `select_options` varchar(10000) DEFAULT NULL,
  `category_id` decimal(10,0) DEFAULT NULL,
  `system_field` char(1) DEFAULT NULL,
  `required` varchar(1) DEFAULT NULL,
  `default_selection` varchar(255) DEFAULT NULL
) ENGINE=InnoDB DEFAULT CHARSET=utf8;

-- --------------------------------------------------------

--
-- Table structure for table `address_fields_seq`
--

CREATE TABLE `address_fields_seq` (
  `id` int(11) NOT NULL
) ENGINE=InnoDB DEFAULT CHARSET=utf8;

-- --------------------------------------------------------

--
-- Table structure for table `address_seq`
--

CREATE TABLE `address_seq` (
  `id` int(11) NOT NULL
) ENGINE=InnoDB DEFAULT CHARSET=utf8;

-- --------------------------------------------------------

--
-- Table structure for table `app`
--

CREATE TABLE `app` (
  `name` varchar(100) NOT NULL,
  `value` varchar(100) NOT NULL
) ENGINE=InnoDB DEFAULT CHARSET=utf8;

--
-- Dumping data for table `app`
--

INSERT INTO `app` (`name`, `value`) VALUES
('version', '1.0.0'),
('date', '2012-02-12'),
('build', '02122012000'),
('update', '1'),
('last_updated', 'Feb. 12, 2012');

-- --------------------------------------------------------

--
-- Table structure for table `attendance_calendar`
--

CREATE TABLE `attendance_calendar` (
  `syear` decimal(4,0) NOT NULL,
  `school_id` decimal(10,0) NOT NULL,
  `school_date` date NOT NULL,
  `minutes` decimal(10,0) DEFAULT NULL,
  `block` varchar(10) DEFAULT NULL,
  `calendar_id` decimal(10,0) NOT NULL
) ENGINE=InnoDB DEFAULT CHARSET=utf8;

--
-- Dumping data for table `attendance_calendar`
--

INSERT INTO `attendance_calendar` (`syear`, `school_id`, `school_date`, `minutes`, `block`, `calendar_id`) VALUES
('2012', '1', '2010-01-01', '999', NULL, '1'),
('2012', '1', '2010-01-04', '999', NULL, '1'),
('2012', '1', '2010-01-05', '999', NULL, '1'),
('2012', '1', '2010-01-06', '999', NULL, '1'),
('2012', '1', '2010-01-07', '999', NULL, '1'),
('2012', '1', '2010-01-08', '999', NULL, '1'),
('2012', '1', '2010-01-11', '999', NULL, '1'),
('2012', '1', '2010-01-12', '999', NULL, '1'),
('2012', '1', '2010-01-13', '999', NULL, '1'),
('2012', '1', '2010-01-14', '999', NULL, '1'),
('2012', '1', '2010-01-15', '999', NULL, '1'),
('2012', '1', '2010-01-18', '999', NULL, '1'),
('2012', '1', '2010-01-19', '999', NULL, '1'),
('2012', '1', '2010-01-20', '999', NULL, '1'),
('2012', '1', '2010-01-21', '999', NULL, '1'),
('2012', '1', '2010-01-22', '999', NULL, '1'),
('2012', '1', '2010-01-25', '999', NULL, '1'),
('2012', '1', '2010-01-26', '999', NULL, '1'),
('2012', '1', '2010-01-27', '999', NULL, '1'),
('2012', '1', '2010-01-28', '999', NULL, '1'),
('2012', '1', '2010-01-29', '999', NULL, '1'),
('2012', '1', '2010-02-01', '999', NULL, '1'),
('2012', '1', '2010-02-02', '999', NULL, '1'),
('2012', '1', '2010-02-03', '999', NULL, '1'),
('2012', '1', '2010-02-04', '999', NULL, '1'),
('2012', '1', '2010-02-05', '999', NULL, '1'),
('2012', '1', '2010-02-08', '999', NULL, '1'),
('2012', '1', '2010-02-09', '999', NULL, '1'),
('2012', '1', '2010-02-10', '999', NULL, '1'),
('2012', '1', '2010-02-11', '999', NULL, '1'),
('2012', '1', '2010-02-12', '999', NULL, '1'),
('2012', '1', '2010-02-15', '999', NULL, '1'),
('2012', '1', '2010-02-16', '999', NULL, '1'),
('2012', '1', '2010-02-17', '999', NULL, '1'),
('2012', '1', '2010-02-18', '999', NULL, '1'),
('2012', '1', '2010-02-19', '999', NULL, '1'),
('2012', '1', '2010-02-22', '999', NULL, '1'),
('2012', '1', '2010-02-23', '999', NULL, '1'),
('2012', '1', '2010-02-24', '999', NULL, '1'),
('2012', '1', '2010-02-25', '999', NULL, '1'),
('2012', '1', '2010-02-26', '999', NULL, '1'),
('2012', '1', '2010-03-01', '999', NULL, '1'),
('2012', '1', '2010-03-02', '999', NULL, '1'),
('2012', '1', '2010-03-03', '999', NULL, '1'),
('2012', '1', '2010-03-04', '999', NULL, '1'),
('2012', '1', '2010-03-05', '999', NULL, '1'),
('2012', '1', '2010-03-08', '999', NULL, '1'),
('2012', '1', '2010-03-09', '999', NULL, '1'),
('2012', '1', '2010-03-10', '999', NULL, '1'),
('2012', '1', '2010-03-11', '999', NULL, '1'),
('2012', '1', '2010-03-12', '999', NULL, '1'),
('2012', '1', '2010-03-15', '999', NULL, '1'),
('2012', '1', '2010-03-16', '999', NULL, '1'),
('2012', '1', '2010-03-17', '999', NULL, '1'),
('2012', '1', '2010-03-18', '999', NULL, '1'),
('2012', '1', '2010-03-19', '999', NULL, '1'),
('2012', '1', '2010-03-22', '999', NULL, '1'),
('2012', '1', '2010-03-23', '999', NULL, '1'),
('2012', '1', '2010-03-24', '999', NULL, '1'),
('2012', '1', '2010-03-25', '999', NULL, '1'),
('2012', '1', '2010-03-26', '999', NULL, '1'),
('2012', '1', '2010-03-29', '999', NULL, '1'),
('2012', '1', '2010-03-30', '999', NULL, '1'),
('2012', '1', '2010-03-31', '999', NULL, '1'),
('2012', '1', '2010-04-01', '999', NULL, '1'),
('2012', '1', '2010-04-02', '999', NULL, '1'),
('2012', '1', '2010-04-05', '999', NULL, '1'),
('2012', '1', '2010-04-06', '999', NULL, '1'),
('2012', '1', '2010-04-07', '999', NULL, '1'),
('2012', '1', '2010-04-08', '999', NULL, '1'),
('2012', '1', '2010-04-09', '999', NULL, '1'),
('2012', '1', '2010-04-12', '999', NULL, '1'),
('2012', '1', '2010-04-13', '999', NULL, '1'),
('2012', '1', '2010-04-14', '999', NULL, '1'),
('2012', '1', '2010-04-15', '999', NULL, '1'),
('2012', '1', '2010-04-16', '999', NULL, '1'),
('2012', '1', '2010-04-19', '999', NULL, '1'),
('2012', '1', '2010-04-20', '999', NULL, '1'),
('2012', '1', '2010-04-21', '999', NULL, '1'),
('2012', '1', '2010-04-22', '999', NULL, '1'),
('2012', '1', '2010-04-23', '999', NULL, '1'),
('2012', '1', '2010-04-26', '999', NULL, '1'),
('2012', '1', '2010-04-27', '999', NULL, '1'),
('2012', '1', '2010-04-28', '999', NULL, '1'),
('2012', '1', '2010-04-29', '999', NULL, '1'),
('2012', '1', '2010-04-30', '999', NULL, '1'),
('2012', '1', '2010-05-03', '999', NULL, '1'),
('2012', '1', '2010-05-04', '999', NULL, '1'),
('2012', '1', '2010-05-05', '999', NULL, '1'),
('2012', '1', '2010-05-06', '999', NULL, '1'),
('2012', '1', '2010-05-07', '999', NULL, '1'),
('2012', '1', '2010-05-10', '999', NULL, '1'),
('2012', '1', '2010-05-11', '999', NULL, '1'),
('2012', '1', '2010-05-12', '999', NULL, '1'),
('2012', '1', '2010-05-13', '999', NULL, '1'),
('2012', '1', '2010-05-14', '999', NULL, '1'),
('2012', '1', '2010-05-17', '999', NULL, '1'),
('2012', '1', '2010-05-18', '999', NULL, '1'),
('2012', '1', '2010-05-19', '999', NULL, '1'),
('2012', '1', '2010-05-20', '999', NULL, '1'),
('2012', '1', '2010-05-21', '999', NULL, '1'),
('2012', '1', '2010-05-24', '999', NULL, '1'),
('2012', '1', '2010-05-25', '999', NULL, '1'),
('2012', '1', '2010-05-26', '999', NULL, '1'),
('2012', '1', '2010-05-27', '999', NULL, '1'),
('2012', '1', '2010-05-28', '999', NULL, '1'),
('2012', '1', '2010-05-31', '999', NULL, '1'),
('2012', '1', '2010-06-01', '999', NULL, '1'),
('2012', '1', '2010-06-02', '999', NULL, '1'),
('2012', '1', '2010-06-03', '999', NULL, '1'),
('2012', '1', '2010-06-04', '999', NULL, '1'),
('2012', '1', '2010-06-07', '999', NULL, '1'),
('2012', '1', '2010-06-08', '999', NULL, '1'),
('2012', '1', '2010-06-09', '999', NULL, '1'),
('2012', '1', '2010-06-10', '999', NULL, '1'),
('2012', '1', '2010-06-11', '999', NULL, '1'),
('2012', '1', '2010-06-14', '999', NULL, '1'),
('2012', '1', '2010-06-15', '999', NULL, '1'),
('2012', '1', '2010-06-16', '999', NULL, '1'),
('2012', '1', '2010-06-17', '999', NULL, '1'),
('2012', '1', '2010-06-18', '999', NULL, '1'),
('2012', '1', '2010-06-21', '999', NULL, '1'),
('2012', '1', '2010-06-22', '999', NULL, '1'),
('2012', '1', '2010-06-23', '999', NULL, '1'),
('2012', '1', '2010-06-24', '999', NULL, '1'),
('2012', '1', '2010-06-25', '999', NULL, '1'),
('2012', '1', '2010-06-28', '999', NULL, '1'),
('2012', '1', '2010-06-29', '999', NULL, '1'),
('2012', '1', '2010-06-30', '999', NULL, '1'),
('2012', '1', '2010-07-01', '999', NULL, '1'),
('2012', '1', '2012-02-12', '999', NULL, '1'),
('2012', '1', '2012-08-19', '999', NULL, '1'),
('2012', '1', '2012-08-20', '999', NULL, '1'),
('2012', '1', '2012-08-21', '999', NULL, '1'),
('2012', '1', '2012-08-24', '999', NULL, '1'),
('2012', '1', '2012-08-25', '999', NULL, '1'),
('2012', '1', '2012-08-26', '999', NULL, '1'),
('2012', '1', '2012-08-27', '999', NULL, '1'),
('2012', '1', '2012-08-28', '999', NULL, '1'),
('2012', '1', '2012-08-31', '999', NULL, '1'),
('2012', '1', '2012-09-01', '999', NULL, '1'),
('2012', '1', '2012-09-02', '999', NULL, '1'),
('2012', '1', '2012-09-03', '999', NULL, '1'),
('2012', '1', '2012-09-04', '999', NULL, '1'),
('2012', '1', '2012-09-07', '999', NULL, '1'),
('2012', '1', '2012-09-08', '999', NULL, '1'),
('2012', '1', '2012-09-09', '999', NULL, '1'),
('2012', '1', '2012-09-10', '999', NULL, '1'),
('2012', '1', '2012-09-11', '999', NULL, '1'),
('2012', '1', '2012-09-14', '999', NULL, '1'),
('2012', '1', '2012-09-15', '999', NULL, '1'),
('2012', '1', '2012-09-16', '999', NULL, '1'),
('2012', '1', '2012-09-17', '999', NULL, '1'),
('2012', '1', '2012-09-18', '999', NULL, '1'),
('2012', '1', '2012-09-21', '999', NULL, '1'),
('2012', '1', '2012-09-23', '999', NULL, '1'),
('2012', '1', '2012-09-24', '999', NULL, '1'),
('2012', '1', '2012-09-25', '999', NULL, '1'),
('2012', '1', '2012-09-28', '999', NULL, '1'),
('2012', '1', '2012-09-29', '999', NULL, '1'),
('2012', '1', '2012-09-30', '999', NULL, '1'),
('2012', '1', '2012-10-01', '999', NULL, '1'),
('2012', '1', '2012-10-02', '999', NULL, '1'),
('2012', '1', '2012-10-05', '999', NULL, '1'),
('2012', '1', '2012-10-06', '999', NULL, '1'),
('2012', '1', '2012-10-07', '999', NULL, '1'),
('2012', '1', '2012-10-08', '999', NULL, '1'),
('2012', '1', '2012-10-09', '999', NULL, '1'),
('2012', '1', '2012-10-12', '999', NULL, '1'),
('2012', '1', '2012-10-13', '999', NULL, '1'),
('2012', '1', '2012-10-14', '999', NULL, '1'),
('2012', '1', '2012-10-15', '999', NULL, '1'),
('2012', '1', '2012-10-16', '999', NULL, '1'),
('2012', '1', '2012-10-19', '999', NULL, '1'),
('2012', '1', '2012-10-20', '999', NULL, '1'),
('2012', '1', '2012-10-21', '999', NULL, '1'),
('2012', '1', '2012-10-22', '999', NULL, '1'),
('2012', '1', '2012-10-23', '999', NULL, '1'),
('2012', '1', '2012-10-26', '999', NULL, '1'),
('2012', '1', '2012-10-27', '999', NULL, '1'),
('2012', '1', '2012-10-28', '999', NULL, '1'),
('2012', '1', '2012-10-29', '999', NULL, '1'),
('2012', '1', '2012-10-30', '999', NULL, '1'),
('2012', '1', '2012-11-02', '999', NULL, '1'),
('2012', '1', '2012-11-03', '999', NULL, '1'),
('2012', '1', '2012-11-04', '999', NULL, '1'),
('2012', '1', '2012-11-05', '999', NULL, '1'),
('2012', '1', '2012-11-06', '999', NULL, '1'),
('2012', '1', '2012-11-09', '999', NULL, '1'),
('2012', '1', '2012-11-10', '999', NULL, '1'),
('2012', '1', '2012-11-11', '999', NULL, '1'),
('2012', '1', '2012-11-12', '999', NULL, '1'),
('2012', '1', '2012-11-13', '999', NULL, '1'),
('2012', '1', '2012-11-16', '999', NULL, '1'),
('2012', '1', '2012-11-17', '999', NULL, '1'),
('2012', '1', '2012-11-18', '999', NULL, '1'),
('2012', '1', '2012-11-19', '999', NULL, '1'),
('2012', '1', '2012-11-20', '999', NULL, '1'),
('2012', '1', '2012-11-23', '999', NULL, '1'),
('2012', '1', '2012-11-24', '999', NULL, '1'),
('2012', '1', '2012-11-25', '999', NULL, '1'),
('2012', '1', '2012-11-26', '999', NULL, '1'),
('2012', '1', '2012-11-27', '999', NULL, '1'),
('2012', '1', '2012-11-30', '999', NULL, '1'),
('2012', '1', '2012-12-01', '999', NULL, '1'),
('2012', '1', '2012-12-02', '999', NULL, '1'),
('2012', '1', '2012-12-03', '999', NULL, '1'),
('2012', '1', '2012-12-04', '999', NULL, '1'),
('2012', '1', '2012-12-07', '999', NULL, '1'),
('2012', '1', '2012-12-08', '999', NULL, '1'),
('2012', '1', '2012-12-09', '999', NULL, '1'),
('2012', '1', '2012-12-10', '999', NULL, '1'),
('2012', '1', '2012-12-11', '999', NULL, '1'),
('2012', '1', '2012-12-14', '999', NULL, '1'),
('2012', '1', '2012-12-15', '999', NULL, '1'),
('2012', '1', '2012-12-16', '999', NULL, '1'),
('2012', '1', '2012-12-17', '999', NULL, '1'),
('2012', '1', '2012-12-18', '999', NULL, '1'),
('2012', '1', '2012-12-21', '999', NULL, '1'),
('2012', '1', '2012-12-22', '999', NULL, '1'),
('2012', '1', '2012-12-23', '999', NULL, '1'),
('2012', '1', '2012-12-24', '999', NULL, '1'),
('2012', '1', '2012-12-25', '999', NULL, '1'),
('2012', '1', '2012-12-28', '999', NULL, '1'),
('2012', '1', '2012-12-29', '999', NULL, '1'),
('2012', '1', '2012-12-30', '999', NULL, '1'),
('2012', '1', '2012-12-31', '999', NULL, '1');

-- --------------------------------------------------------

--
-- Table structure for table `attendance_calendars`
--

CREATE TABLE `attendance_calendars` (
  `school_id` decimal(10,0) DEFAULT NULL,
  `title` varchar(100) DEFAULT NULL,
  `syear` decimal(4,0) DEFAULT NULL,
  `calendar_id` decimal(10,0) NOT NULL,
  `default_calendar` varchar(1) DEFAULT NULL,
  `rollover_id` decimal(10,0) DEFAULT NULL
) ENGINE=InnoDB DEFAULT CHARSET=utf8;

--
-- Dumping data for table `attendance_calendars`
--

INSERT INTO `attendance_calendars` (`school_id`, `title`, `syear`, `calendar_id`, `default_calendar`, `rollover_id`) VALUES
('1', 'Master', '2012', '1', 'Y', NULL);

-- --------------------------------------------------------

--
-- Table structure for table `attendance_code_categories`
--

CREATE TABLE `attendance_code_categories` (
  `id` decimal(10,0) DEFAULT NULL,
  `syear` decimal(4,0) DEFAULT NULL,
  `school_id` decimal(10,0) DEFAULT NULL,
  `title` varchar(255) DEFAULT NULL
) ENGINE=InnoDB DEFAULT CHARSET=utf8;

-- --------------------------------------------------------

--
-- Table structure for table `attendance_code_categories_seq`
--

CREATE TABLE `attendance_code_categories_seq` (
  `id` int(11) NOT NULL
) ENGINE=InnoDB DEFAULT CHARSET=utf8;

-- --------------------------------------------------------

--
-- Table structure for table `attendance_codes`
--

CREATE TABLE `attendance_codes` (
  `id` decimal(10,0) NOT NULL,
  `syear` decimal(4,0) DEFAULT NULL,
  `school_id` decimal(10,0) DEFAULT NULL,
  `title` varchar(100) DEFAULT NULL,
  `short_name` varchar(10) DEFAULT NULL,
  `type` varchar(10) DEFAULT NULL,
  `state_code` varchar(1) DEFAULT NULL,
  `default_code` varchar(1) DEFAULT NULL,
  `table_name` decimal(10,0) DEFAULT NULL,
  `sort_order` decimal(10,0) DEFAULT NULL
) ENGINE=InnoDB DEFAULT CHARSET=utf8;

--
-- Dumping data for table `attendance_codes`
--

INSERT INTO `attendance_codes` (`id`, `syear`, `school_id`, `title`, `short_name`, `type`, `state_code`, `default_code`, `table_name`, `sort_order`) VALUES
('1', '2012', '1', 'Absent', 'A', 'teacher', 'A', NULL, '0', NULL),
('2', '2012', '1', 'Vacation', 'V', 'official', 'A', NULL, '0', NULL),
('3', '2012', '1', 'Present', 'P', 'teacher', 'P', 'Y', '0', NULL),
('4', '2012', '1', 'Tardy', 'T', 'teacher', 'P', NULL, '0', NULL),
('5', '2012', '1', 'Less than 5 minutes late', 'L', 'teacher', 'P', NULL, '0', NULL),
('6', '2012', '1', 'Excused Absence', 'E', 'official', 'A', NULL, '0', NULL),
('7', '2012', '1', 'Sick', 'S', 'official', 'A', NULL, '0', NULL);

-- --------------------------------------------------------

--
-- Table structure for table `attendance_codes_seq`
--

CREATE TABLE `attendance_codes_seq` (
  `id` int(11) NOT NULL
) ENGINE=InnoDB DEFAULT CHARSET=utf8;

-- --------------------------------------------------------

--
-- Table structure for table `attendance_completed`
--

CREATE TABLE `attendance_completed` (
  `staff_id` decimal(10,0) NOT NULL,
  `school_date` date NOT NULL,
  `period_id` decimal(10,0) NOT NULL
) ENGINE=InnoDB DEFAULT CHARSET=utf8;

--
-- Dumping data for table `attendance_completed`
--

INSERT INTO `attendance_completed` (`staff_id`, `school_date`, `period_id`) VALUES
('2', '2012-08-17', '1'),
('2', '2012-08-17', '2'),
('2', '2012-08-17', '4'),
('2', '2012-08-17', '5'),
('2', '2012-08-17', '6'),
('2', '2012-08-17', '7');

-- --------------------------------------------------------

--
-- Table structure for table `attendance_day`
--

CREATE TABLE `attendance_day` (
  `student_id` decimal(10,0) NOT NULL,
  `school_date` date NOT NULL,
  `minutes_present` decimal(10,0) DEFAULT NULL,
  `state_value` decimal(2,1) DEFAULT NULL,
  `syear` decimal(4,0) DEFAULT NULL,
  `marking_period_id` decimal(10,0) DEFAULT NULL,
  `comment` varchar(255) DEFAULT NULL
) ENGINE=InnoDB DEFAULT CHARSET=utf8;

--
-- Dumping data for table `attendance_day`
--

INSERT INTO `attendance_day` (`student_id`, `school_date`, `minutes_present`, `state_value`, `syear`, `marking_period_id`, `comment`) VALUES
('1', '2012-07-01', '300', '1.0', '2012', '3', NULL);

-- --------------------------------------------------------

--
-- Table structure for table `attendance_period`
--

CREATE TABLE `attendance_period` (
  `student_id` decimal(10,0) NOT NULL,
  `school_date` date NOT NULL,
  `period_id` decimal(10,0) NOT NULL,
  `attendance_code` decimal(10,0) DEFAULT NULL,
  `attendance_teacher_code` decimal(10,0) DEFAULT NULL,
  `attendance_reason` varchar(100) DEFAULT NULL,
  `admin` varchar(1) DEFAULT NULL,
  `course_period_id` decimal(10,0) DEFAULT NULL,
  `marking_period_id` decimal(10,0) DEFAULT NULL,
  `comment` varchar(100) DEFAULT NULL
) ENGINE=InnoDB DEFAULT CHARSET=utf8;

--
-- Dumping data for table `attendance_period`
--

INSERT INTO `attendance_period` (`student_id`, `school_date`, `period_id`, `attendance_code`, `attendance_teacher_code`, `attendance_reason`, `admin`, `course_period_id`, `marking_period_id`, `comment`) VALUES
('1', '2012-08-17', '1', '3', '3', NULL, NULL, '8', '3', NULL),
('1', '2012-08-17', '2', '3', '3', NULL, NULL, '7', '3', NULL),
('1', '2012-08-17', '4', '3', '3', NULL, NULL, '5', '3', NULL),
('1', '2012-08-17', '5', '3', '3', NULL, NULL, '4', '3', NULL),
('1', '2012-08-17', '6', '3', '3', NULL, NULL, '2', '3', NULL),
('1', '2012-08-17', '7', '3', '3', NULL, NULL, '1', '3', NULL);

-- --------------------------------------------------------

--
-- Table structure for table `calendar_events`
--

CREATE TABLE `calendar_events` (
  `id` decimal(10,0) NOT NULL,
  `syear` decimal(4,0) DEFAULT NULL,
  `school_id` decimal(10,0) DEFAULT NULL,
  `school_date` date DEFAULT NULL,
  `title` varchar(50) DEFAULT NULL,
  `description` varchar(500) DEFAULT NULL
) ENGINE=InnoDB DEFAULT CHARSET=utf8;

-- --------------------------------------------------------

--
-- Table structure for table `calendar_events_seq`
--

CREATE TABLE `calendar_events_seq` (
  `id` int(11) NOT NULL
) ENGINE=InnoDB DEFAULT CHARSET=utf8;

-- --------------------------------------------------------

--
-- Table structure for table `calendars_seq`
--

CREATE TABLE `calendars_seq` (
  `id` int(11) NOT NULL
) ENGINE=InnoDB DEFAULT CHARSET=utf8;

-- --------------------------------------------------------

--
-- Table structure for table `config`
--

CREATE TABLE `config` (
  `title` varchar(100) DEFAULT NULL,
  `syear` decimal(4,0) DEFAULT NULL,
  `login` varchar(3) DEFAULT NULL
) ENGINE=InnoDB DEFAULT CHARSET=utf8;

--
-- Dumping data for table `config`
--

INSERT INTO `config` (`title`, `syear`, `login`) VALUES
('JEMFC-OSGV ', '2008', 'Y'),
('JEMFC-OSGV ', '2012', 'No');

-- --------------------------------------------------------

--
-- Stand-in structure for view `course_details`
--
CREATE TABLE `course_details` (
`school_id` decimal(10,0)
,`syear` decimal(4,0)
,`marking_period_id` decimal(10,0)
,`period_id` decimal(10,0)
,`subject_id` decimal(10,0)
,`course_id` decimal(10,0)
,`course_period_id` decimal(10,0)
,`teacher_id` decimal(10,0)
,`course_title` varchar(100)
,`cp_title` varchar(100)
,`grade_scale_id` decimal(10,0)
,`mp` varchar(3)
,`credits` decimal(10,3)
);

-- --------------------------------------------------------

--
-- Table structure for table `course_periods`
--

CREATE TABLE `course_periods` (
  `syear` decimal(4,0) NOT NULL,
  `school_id` decimal(10,0) NOT NULL,
  `course_period_id` decimal(10,0) NOT NULL,
  `course_id` decimal(10,0) NOT NULL,
  `course_weight` varchar(10) DEFAULT NULL,
  `title` varchar(100) DEFAULT NULL,
  `short_name` varchar(25) DEFAULT NULL,
  `period_id` decimal(10,0) DEFAULT NULL,
  `mp` varchar(3) DEFAULT NULL,
  `marking_period_id` decimal(10,0) DEFAULT NULL,
  `teacher_id` decimal(10,0) DEFAULT NULL,
  `room` varchar(10) DEFAULT NULL,
  `total_seats` decimal(10,0) DEFAULT NULL,
  `filled_seats` decimal(10,0) DEFAULT '0',
  `does_attendance` varchar(1) DEFAULT NULL,
  `does_honor_roll` varchar(1) DEFAULT NULL,
  `does_class_rank` varchar(1) DEFAULT NULL,
  `gender_restriction` varchar(1) DEFAULT NULL,
  `house_restriction` varchar(1) DEFAULT NULL,
  `availability` decimal(10,0) DEFAULT NULL,
  `parent_id` decimal(10,0) DEFAULT NULL,
  `days` varchar(7) DEFAULT NULL,
  `calendar_id` decimal(10,0) DEFAULT NULL,
  `half_day` varchar(1) DEFAULT NULL,
  `does_breakoff` varchar(1) DEFAULT NULL,
  `rollover_id` decimal(10,0) DEFAULT NULL,
  `grade_scale_id` decimal(10,0) DEFAULT NULL,
  `credits` decimal(10,3) DEFAULT NULL
) ENGINE=InnoDB DEFAULT CHARSET=utf8;

--
-- Dumping data for table `course_periods`
--

INSERT INTO `course_periods` (`syear`, `school_id`, `course_period_id`, `course_id`, `course_weight`, `title`, `short_name`, `period_id`, `mp`, `marking_period_id`, `teacher_id`, `room`, `total_seats`, `filled_seats`, `does_attendance`, `does_honor_roll`, `does_class_rank`, `gender_restriction`, `house_restriction`, `availability`, `parent_id`, `days`, `calendar_id`, `half_day`, `does_breakoff`, `rollover_id`, `grade_scale_id`, `credits`) VALUES
('2012', '1', '1', '14', NULL, 'Period 7 - Q1 - Lib101 - Teach T Teacher', 'Lib101', '7', 'QTR', '3', '2', 'Library', '24', '1', 'Y', NULL, NULL, 'N', NULL, NULL, '1', 'MTWHF', '1', NULL, 'Y', NULL, '1', '0.250'),
('2012', '1', '2', '11', NULL, 'Period 6 - Q1 - USH1 - Teach T Teacher', 'USH1', '6', 'QTR', '3', '2', 'SS101', '24', '1', 'Y', 'Y', 'Y', 'N', NULL, NULL, '2', 'MTWHF', '1', NULL, 'Y', NULL, '1', '0.250'),
('2012', '1', '4', '9', NULL, 'Period 5 - Q1 - GeoSci1 - Teach T Teacher', 'GeoSci1', '5', 'QTR', '3', '2', 'SCI101', '24', '1', 'Y', 'Y', 'Y', 'N', NULL, NULL, '4', 'MTWHF', '1', NULL, 'Y', NULL, '1', '0.250'),
('2012', '1', '5', '8', NULL, 'Period 4 - Q1 - EDM1 - Teach T Teacher', 'EDM1', '4', 'QTR', '3', '2', 'M101', '24', '1', 'Y', 'Y', 'Y', 'N', NULL, NULL, '5', 'MTWHF', '1', NULL, 'Y', NULL, '1', '0.250'),
('2012', '1', '6', '6', NULL, 'Period 3 - L1 - Teach T Teacher', 'L1', '3', 'FY', '11', '2', 'Cafe', '24', '1', NULL, NULL, NULL, 'N', NULL, NULL, '6', 'MTWHF', '1', NULL, NULL, NULL, NULL, NULL),
('2012', '1', '7', '4', NULL, 'Period 2 - Writing - Teach T Teacher', 'Writing', '2', 'FY', '11', '2', 'lang 101', '24', '1', 'Y', NULL, NULL, 'N', NULL, NULL, '7', 'MTWHF', '1', NULL, NULL, NULL, '1', '0.250'),
('2012', '1', '8', '1', NULL, 'Period 1 - Q1 - Mu1 - Teach T Teacher', 'Mu1', '1', 'QTR', '3', '2', 'Mu101', '24', '2', 'Y', NULL, 'Y', 'N', NULL, NULL, '8', 'MTWHF', '1', NULL, 'Y', NULL, '1', '0.250');

-- --------------------------------------------------------

--
-- Table structure for table `course_periods_seq`
--

CREATE TABLE `course_periods_seq` (
  `id` int(11) NOT NULL
) ENGINE=InnoDB DEFAULT CHARSET=utf8;

-- --------------------------------------------------------

--
-- Table structure for table `course_subjects`
--

CREATE TABLE `course_subjects` (
  `syear` decimal(4,0) DEFAULT NULL,
  `school_id` decimal(10,0) DEFAULT NULL,
  `subject_id` decimal(10,0) NOT NULL,
  `title` varchar(100) DEFAULT NULL,
  `short_name` varchar(25) DEFAULT NULL,
  `rollover_id` decimal(10,0) DEFAULT NULL
) ENGINE=InnoDB DEFAULT CHARSET=utf8;

--
-- Dumping data for table `course_subjects`
--

INSERT INTO `course_subjects` (`syear`, `school_id`, `subject_id`, `title`, `short_name`, `rollover_id`) VALUES
('2012', '1', '1', 'Languages', NULL, NULL),
('2012', '1', '2', 'Mathematics', NULL, NULL),
('2012', '1', '3', 'Social Studies', NULL, NULL),
('2012', '1', '4', 'Sciences', NULL, NULL),
('2012', '1', '5', 'Arts', NULL, NULL),
('2012', '1', '6', 'Lunch', NULL, NULL),
('2012', '1', '7', 'Study Skills', NULL, NULL),
('2012', '3', '8', 'Language', NULL, NULL);

-- --------------------------------------------------------

--
-- Table structure for table `course_subjects_seq`
--

CREATE TABLE `course_subjects_seq` (
  `id` int(11) NOT NULL
) ENGINE=InnoDB DEFAULT CHARSET=utf8;

-- --------------------------------------------------------

--
-- Table structure for table `courses`
--

CREATE TABLE `courses` (
  `syear` decimal(4,0) NOT NULL,
  `course_id` decimal(10,0) NOT NULL,
  `subject_id` decimal(10,0) NOT NULL,
  `school_id` decimal(10,0) NOT NULL,
  `grade_level` decimal(10,0) DEFAULT NULL,
  `title` varchar(100) DEFAULT NULL,
  `short_name` varchar(25) DEFAULT NULL,
  `rollover_id` decimal(10,0) DEFAULT NULL
) ENGINE=InnoDB DEFAULT CHARSET=utf8;

--
-- Dumping data for table `courses`
--

INSERT INTO `courses` (`syear`, `course_id`, `subject_id`, `school_id`, `grade_level`, `title`, `short_name`, `rollover_id`) VALUES
('2012', '1', '5', '1', NULL, 'Music', 'Mu', NULL),
('2012', '2', '5', '1', NULL, 'Painting', 'Pa', NULL),
('2012', '3', '5', '1', NULL, 'Sculpture', 'Scul', NULL),
('2012', '4', '1', '1', NULL, 'English', 'Eng', NULL),
('2012', '5', '1', '1', NULL, 'French', 'Fr', NULL),
('2012', '6', '6', '1', NULL, 'Lunch 1', 'Lu1', NULL),
('2012', '7', '6', '1', NULL, 'Lunch 2', 'Lu2', NULL),
('2012', '8', '2', '1', NULL, 'EveryDayMath', 'EDM', NULL),
('2012', '9', '4', '1', NULL, 'GeoScience', 'GSCI', NULL),
('2012', '10', '4', '1', NULL, 'Physics', 'Phy', NULL),
('2012', '11', '3', '1', NULL, 'US History', 'USH', NULL),
('2012', '12', '3', '1', NULL, 'World History', 'WH', NULL),
('2012', '13', '7', '1', NULL, 'Study Hall Tactics', 'SHT', NULL),
('2012', '14', '7', '1', NULL, 'Library Skills', 'LS', NULL),
('2012', '15', '8', '3', NULL, 'English', 'eng', NULL);

-- --------------------------------------------------------

--
-- Table structure for table `courses_seq`
--

CREATE TABLE `courses_seq` (
  `id` int(11) NOT NULL
) ENGINE=InnoDB DEFAULT CHARSET=utf8;

-- --------------------------------------------------------

--
-- Table structure for table `custom`
--

CREATE TABLE `custom` (
  `student_id` decimal(10,0) NOT NULL
) ENGINE=InnoDB DEFAULT CHARSET=utf8;

-- --------------------------------------------------------

--
-- Table structure for table `custom_fields`
--

CREATE TABLE `custom_fields` (
  `id` decimal(10,0) NOT NULL,
  `type` varchar(10) DEFAULT NULL,
  `search` varchar(1) DEFAULT NULL,
  `title` varchar(30) DEFAULT NULL,
  `sort_order` decimal(10,0) DEFAULT NULL,
  `select_options` varchar(10000) DEFAULT NULL,
  `category_id` decimal(10,0) DEFAULT NULL,
  `system_field` char(1) DEFAULT NULL,
  `required` varchar(1) DEFAULT NULL,
  `default_selection` varchar(255) DEFAULT NULL,
  `hide` varchar(1) DEFAULT NULL
) ENGINE=InnoDB DEFAULT CHARSET=utf8;

--
-- Dumping data for table `custom_fields`
--

INSERT INTO `custom_fields` (`id`, `type`, `search`, `title`, `sort_order`, `select_options`, `category_id`, `system_field`, `required`, `default_selection`, `hide`) VALUES
('200000000', 'select', NULL, 'Gender', '0', 'Male\n   Female', '1', 'Y', 'Y', NULL, NULL),
('200000002', 'text', NULL, 'Common Name', '2', NULL, '1', 'Y', NULL, NULL, NULL),
('200000003', 'text', NULL, 'Social Security', '3', NULL, '1', 'Y', NULL, NULL, 'Y'),
('200000004', 'date', NULL, 'Birthdate', '4', NULL, '1', 'Y', 'Y', NULL, NULL),
('200000005', 'select', NULL, 'Language', '5', 'English\n   Spanish', '1', 'Y', NULL, NULL, NULL),
('200000006', 'text', NULL, 'Physician', '6', NULL, '2', 'Y', NULL, NULL, NULL),
('200000007', 'text', NULL, 'Physician Phone', '7', NULL, '2', 'Y', NULL, NULL, NULL),
('200000008', 'text', NULL, 'Preferred Hospital', '8', NULL, '2', 'Y', NULL, NULL, NULL),
('200000009', 'textarea', NULL, 'Comments', '9', NULL, '2', 'Y', NULL, NULL, NULL),
('200000011', 'textarea', NULL, 'Doctor''s Note Comments', '11', NULL, '2', 'Y', NULL, NULL, NULL),
('200000012', 'date', NULL, 'Estimated Grad. Date', NULL, NULL, '1', 'Y', NULL, NULL, NULL);

-- --------------------------------------------------------

--
-- Table structure for table `custom_seq`
--

CREATE TABLE `custom_seq` (
  `id` int(11) NOT NULL
) ENGINE=InnoDB DEFAULT CHARSET=utf8;

-- --------------------------------------------------------

--
-- Table structure for table `eligibility`
--

CREATE TABLE `eligibility` (
  `student_id` decimal(10,0) DEFAULT NULL,
  `syear` decimal(4,0) DEFAULT NULL,
  `school_date` date DEFAULT NULL,
  `period_id` decimal(10,0) DEFAULT NULL,
  `eligibility_code` varchar(20) DEFAULT NULL,
  `course_period_id` decimal(10,0) DEFAULT NULL
) ENGINE=InnoDB DEFAULT CHARSET=utf8;

--
-- Dumping data for table `eligibility`
--

INSERT INTO `eligibility` (`student_id`, `syear`, `school_date`, `period_id`, `eligibility_code`, `course_period_id`) VALUES
('1', '2012', '2012-08-17', '2', 'FAILING', '7'),
('1', '2012', '2012-08-17', '1', 'PASSING', '8');

-- --------------------------------------------------------

--
-- Table structure for table `eligibility_activities`
--

CREATE TABLE `eligibility_activities` (
  `id` decimal(10,0) NOT NULL,
  `syear` decimal(4,0) DEFAULT NULL,
  `school_id` decimal(10,0) DEFAULT NULL,
  `title` varchar(100) DEFAULT NULL,
  `start_date` date DEFAULT NULL,
  `end_date` date DEFAULT NULL
) ENGINE=InnoDB DEFAULT CHARSET=utf8;

--
-- Dumping data for table `eligibility_activities`
--

INSERT INTO `eligibility_activities` (`id`, `syear`, `school_id`, `title`, `start_date`, `end_date`) VALUES
('1', '2008', '1', 'Boy''s Basketball', '2008-01-01', '2008-04-14'),
('2', '2008', '1', 'Chess Team', '2008-09-01', '2008-06-04'),
('3', '2008', '1', 'Girl''s Basketball', '2008-01-01', '2008-04-15'),
('4', '2012', '1', 'test', '2012-07-01', '2012-07-12'),
('5', '2012', '1', 'new ', '2012-07-01', '2012-07-31');

-- --------------------------------------------------------

--
-- Table structure for table `eligibility_activities_seq`
--

CREATE TABLE `eligibility_activities_seq` (
  `id` int(11) NOT NULL
) ENGINE=InnoDB DEFAULT CHARSET=utf8;

-- --------------------------------------------------------

--
-- Table structure for table `eligibility_completed`
--

CREATE TABLE `eligibility_completed` (
  `staff_id` decimal(10,0) NOT NULL,
  `school_date` date NOT NULL,
  `period_id` decimal(10,0) NOT NULL
) ENGINE=InnoDB DEFAULT CHARSET=utf8;

--
-- Dumping data for table `eligibility_completed`
--

INSERT INTO `eligibility_completed` (`staff_id`, `school_date`, `period_id`) VALUES
('2', '2012-08-17', '1');

-- --------------------------------------------------------

--
-- Stand-in structure for view `enroll_grade`
--
CREATE TABLE `enroll_grade` (
`id` decimal(10,0)
,`syear` decimal(4,0)
,`school_id` decimal(10,0)
,`student_id` decimal(10,0)
,`start_date` date
,`end_date` date
,`short_name` varchar(2)
,`title` varchar(50)
);

-- --------------------------------------------------------

--
-- Table structure for table `gradebook_assignment_types`
--

CREATE TABLE `gradebook_assignment_types` (
  `assignment_type_id` decimal(10,0) NOT NULL,
  `staff_id` decimal(10,0) DEFAULT NULL,
  `course_id` decimal(10,0) DEFAULT NULL,
  `title` varchar(100) DEFAULT NULL,
  `final_grade_percent` decimal(6,5) DEFAULT NULL
) ENGINE=InnoDB DEFAULT CHARSET=utf8;

--
-- Dumping data for table `gradebook_assignment_types`
--

INSERT INTO `gradebook_assignment_types` (`assignment_type_id`, `staff_id`, `course_id`, `title`, `final_grade_percent`) VALUES
('1', '2', '1', 'Homework', '0.20000'),
('2', '2', '1', 'Quiz', '0.40000'),
('3', '2', '1', 'Tests', '0.40000'),
('4', '2', '4', 'Homework', '0.20000'),
('5', '2', '4', 'Quiz', '0.40000'),
('6', '2', '4', 'Test', '0.40000'),
('7', '2', '8', 'Homework', '0.20000'),
('8', '2', '8', 'Quiz', '0.40000'),
('9', '2', '8', 'Test', '0.40000'),
('10', '2', '9', 'Test', '0.40000'),
('11', '2', '9', 'Quiz', '0.40000'),
('12', '2', '9', 'Homework', '0.20000'),
('13', '2', '11', 'Homework', '0.20000'),
('14', '2', '11', 'Quiz', '0.40000'),
('15', '2', '11', 'Test', '0.40000'),
('16', '2', '14', 'Homework', '0.20000'),
('17', '2', '14', 'Quiz', '0.40000'),
('18', '2', '14', 'Test', '0.40000');

-- --------------------------------------------------------

--
-- Table structure for table `gradebook_assignment_types_seq`
--

CREATE TABLE `gradebook_assignment_types_seq` (
  `id` int(11) NOT NULL
) ENGINE=InnoDB DEFAULT CHARSET=utf8;

-- --------------------------------------------------------

--
-- Table structure for table `gradebook_assignments`
--

CREATE TABLE `gradebook_assignments` (
  `assignment_id` decimal(10,0) NOT NULL,
  `staff_id` decimal(10,0) DEFAULT NULL,
  `marking_period_id` decimal(10,0) DEFAULT NULL,
  `course_period_id` decimal(10,0) DEFAULT NULL,
  `course_id` decimal(10,0) DEFAULT NULL,
  `assignment_type_id` decimal(10,0) DEFAULT NULL,
  `title` varchar(100) DEFAULT NULL,
  `assigned_date` date DEFAULT NULL,
  `due_date` date DEFAULT NULL,
  `points` decimal(10,0) DEFAULT NULL,
  `description` varchar(1000) DEFAULT NULL
) ENGINE=InnoDB DEFAULT CHARSET=utf8;

--
-- Dumping data for table `gradebook_assignments`
--

INSERT INTO `gradebook_assignments` (`assignment_id`, `staff_id`, `marking_period_id`, `course_period_id`, `course_id`, `assignment_type_id`, `title`, `assigned_date`, `due_date`, `points`, `description`) VALUES
('1', '2', '3', '8', NULL, '1', 'H1', '2012-08-17', NULL, '10', NULL),
('2', '2', '3', '8', NULL, '1', 'H2', '2012-08-17', NULL, '10', NULL),
('3', '2', '3', '8', NULL, '1', 'H3', '2012-08-17', NULL, '10', NULL),
('4', '2', '3', '8', NULL, '1', 'H4', '2012-08-17', NULL, '10', NULL),
('5', '2', '3', '8', NULL, '1', 'H5', '2012-08-17', NULL, '10', NULL),
('6', '2', '3', '8', NULL, '1', 'H6', '2012-08-17', NULL, '10', NULL),
('7', '2', '3', '8', NULL, '1', 'H7', '2012-08-17', NULL, '10', NULL),
('8', '2', '3', '8', NULL, '1', 'H8', '2012-08-17', NULL, '10', NULL),
('9', '2', '3', '8', NULL, '1', 'H9', '2012-08-17', NULL, '10', NULL),
('10', '2', '3', '8', NULL, '1', 'H10', '2012-08-17', NULL, '10', NULL),
('11', '2', '3', '8', NULL, '2', 'Q1', '2012-08-17', NULL, '10', NULL),
('12', '2', '3', '8', NULL, '2', 'Q2', '2012-08-17', NULL, '10', NULL),
('13', '2', '3', '8', NULL, '2', 'Q3', '2012-08-17', NULL, '10', NULL),
('14', '2', '3', '8', NULL, '2', 'Q4', '2012-08-17', NULL, '10', NULL),
('15', '2', '3', '8', NULL, '2', 'Q5', '2012-08-17', NULL, '10', ''),
('16', '2', '3', '8', NULL, '2', 'Q6', '2012-08-17', NULL, '10', NULL),
('17', '2', '3', '8', NULL, '2', 'Q7', '2012-08-17', NULL, '10', NULL),
('18', '2', '3', '8', NULL, '2', 'Q8', '2012-08-17', NULL, '10', NULL),
('19', '2', '3', '8', NULL, '2', 'Q9', '2012-08-17', NULL, '10', NULL),
('20', '2', '3', '8', NULL, '2', 'Q10', '2012-08-17', NULL, '10', NULL),
('21', '2', '3', '8', NULL, '3', 'T1', '2012-08-17', NULL, '25', NULL),
('22', '2', '3', '8', NULL, '3', 'T2', '2012-08-17', NULL, '25', NULL),
('23', '2', '3', '8', NULL, '3', 'T3', '2012-08-17', NULL, '25', NULL),
('24', '2', '3', '8', NULL, '3', 'T4', '2012-08-17', NULL, '25', NULL),
('25', '2', '3', '7', NULL, '6', 'T1', '2012-08-17', NULL, '25', ''),
('26', '2', '3', '7', NULL, '6', 'T2', '2012-08-17', NULL, '25', NULL),
('27', '2', '3', '7', NULL, '6', 'T3', '2012-08-17', NULL, '25', NULL),
('28', '2', '3', '7', NULL, '6', 'T4', '2012-08-17', NULL, '25', NULL),
('29', '2', '3', '7', NULL, '5', 'Q1', '2012-08-17', NULL, '25', NULL),
('30', '2', '3', '7', NULL, '5', 'Q2', '2012-08-17', NULL, '25', NULL),
('31', '2', '3', '7', NULL, '5', 'Q3', '2012-08-17', NULL, '25', NULL),
('32', '2', '3', '7', NULL, '5', 'Q4', '2012-08-17', NULL, '25', NULL),
('33', '2', '3', '7', NULL, '4', 'H1', '2012-08-17', NULL, '10', NULL),
('34', '2', '3', '7', NULL, '4', 'H2', '2012-08-17', NULL, '10', NULL),
('35', '2', '3', '7', NULL, '4', 'H3', '2012-08-17', NULL, '10', NULL),
('36', '2', '3', '7', NULL, '4', 'H4', '2012-08-17', NULL, '10', NULL),
('37', '2', '3', '7', NULL, '4', 'H5', '2012-08-17', NULL, '10', NULL),
('38', '2', '3', '7', NULL, '4', 'H6', '2012-08-17', NULL, '10', NULL),
('39', '2', '3', '7', NULL, '4', 'H7', '2012-08-17', NULL, '10', NULL),
('40', '2', '3', '7', NULL, '4', 'H8', '2012-08-17', NULL, '10', NULL),
('41', '2', '3', '7', NULL, '4', 'H9', '2012-08-17', NULL, '10', NULL),
('42', '2', '3', '7', NULL, '4', 'H10', '2012-08-17', NULL, '10', NULL),
('43', '2', '3', '5', NULL, '9', 'T1', '2012-08-17', NULL, '25', NULL),
('44', '2', '3', '5', NULL, '9', 'T2', '2012-08-17', NULL, '25', NULL),
('45', '2', '3', '5', NULL, '9', 'T3', '2012-08-17', NULL, '25', NULL),
('46', '2', '3', '5', NULL, '9', 'T4', '2012-08-17', NULL, '25', NULL),
('47', '2', '3', '5', NULL, '8', 'Q1', '2012-08-17', NULL, '25', NULL),
('48', '2', '3', '5', NULL, '8', 'Q2', '2012-08-17', NULL, '25', NULL),
('49', '2', '3', '5', NULL, '8', 'Q3', '2012-08-17', NULL, '25', NULL),
('50', '2', '3', '5', NULL, '8', 'Q4', '2012-08-17', NULL, '25', NULL),
('51', '2', '3', '5', NULL, '7', 'H1', '2012-08-17', NULL, '20', NULL),
('52', '2', '3', '5', NULL, '7', 'H2', '2012-08-17', NULL, '20', NULL),
('53', '2', '3', '5', NULL, '7', 'H3', '2012-08-17', NULL, '20', NULL),
('54', '2', '3', '5', NULL, '7', 'H4', '2012-08-17', NULL, '20', NULL),
('55', '2', '3', '5', NULL, '7', 'H5', '2012-08-17', NULL, '20', NULL),
('56', '2', '3', '4', NULL, '12', 'H1', '2012-08-17', NULL, '20', NULL),
('57', '2', '3', '4', NULL, '12', 'H2', '2012-08-17', NULL, '20', NULL),
('58', '2', '3', '4', NULL, '12', 'H3', '2012-08-17', NULL, '20', NULL),
('59', '2', '3', '4', NULL, '12', 'H4', '2012-08-17', NULL, '20', NULL),
('60', '2', '3', '4', NULL, '12', 'H5', '2012-06-27', NULL, '20', NULL),
('61', '2', '3', '4', NULL, '11', 'Q1', '2012-08-17', NULL, '25', NULL),
('62', '2', '3', '4', NULL, '11', 'Q2', '2012-08-17', NULL, '25', NULL),
('63', '2', '3', '4', NULL, '11', 'Q3', '2012-08-17', NULL, '25', NULL),
('64', '2', '3', '4', NULL, '11', 'Q4', '2012-08-17', NULL, '25', NULL),
('65', '2', '3', '4', NULL, '10', 'T1', '2012-08-17', NULL, '25', NULL),
('66', '2', '3', '4', NULL, '10', 'T2', '2012-08-17', NULL, '25', NULL),
('67', '2', '3', '4', NULL, '10', 'T3', '2012-08-17', NULL, '25', NULL),
('68', '2', '3', '4', NULL, '10', 'T4', '2012-08-17', NULL, '25', NULL),
('69', '2', '3', '2', NULL, '13', 'H1', '2012-08-17', NULL, '20', NULL),
('70', '2', '3', '2', NULL, '13', 'H2', '2012-08-17', NULL, '20', NULL),
('71', '2', '3', '2', NULL, '13', 'H3', '2012-08-17', NULL, '20', NULL),
('72', '2', '3', '2', NULL, '13', 'H4', '2012-08-17', NULL, '20', NULL),
('73', '2', '3', '2', NULL, '13', 'H5', '2012-08-17', NULL, '20', NULL),
('74', '2', '3', '2', NULL, '14', 'Q1', '2012-08-17', NULL, '25', NULL),
('75', '2', '3', '2', NULL, '14', 'Q2', '2012-08-17', NULL, '25', NULL),
('76', '2', '3', '2', NULL, '14', 'Q3', '2012-08-17', NULL, '25', NULL),
('77', '2', '3', '2', NULL, '14', 'Q4', '2012-08-17', NULL, '25', NULL),
('78', '2', '3', '2', NULL, '15', 'T1', '2012-08-17', NULL, '25', NULL),
('79', '2', '3', '2', NULL, '15', 'T2', '2012-08-17', NULL, '25', NULL),
('80', '2', '3', '2', NULL, '15', 'T3', '2012-08-17', NULL, '25', NULL),
('81', '2', '3', '2', NULL, '15', 'T4', '2012-08-17', NULL, '25', NULL),
('82', '2', '3', '1', NULL, '16', 'H1', '2012-08-17', NULL, '20', NULL),
('83', '2', '3', '1', NULL, '16', 'H2', '2012-08-17', NULL, '20', NULL),
('84', '2', '3', '1', NULL, '16', 'H3', '2012-08-17', NULL, '20', NULL),
('85', '2', '3', '1', NULL, '16', 'H4', '2012-08-17', NULL, '20', NULL),
('86', '2', '3', '1', NULL, '16', 'H5', '2012-08-17', NULL, '20', NULL),
('87', '2', '3', '1', NULL, '17', 'Q1', '2012-08-17', NULL, '25', NULL),
('88', '2', '3', '1', NULL, '17', 'Q2', '2012-08-17', NULL, '25', NULL),
('89', '2', '3', '1', NULL, '17', 'Q3', '2012-08-17', NULL, '25', NULL),
('90', '2', '3', '1', NULL, '17', 'Q4', '2012-08-17', NULL, '25', NULL),
('91', '2', '3', '1', NULL, '18', 'T1', '2012-08-17', NULL, '25', NULL),
('92', '2', '3', '1', NULL, '18', 'T2', '2012-08-17', NULL, '25', NULL),
('93', '2', '3', '1', NULL, '18', 'T3', '2012-08-17', NULL, '25', NULL),
('94', '2', '3', '1', NULL, '18', 'T4', '2012-08-17', NULL, '25', '');

-- --------------------------------------------------------

--
-- Table structure for table `gradebook_assignments_seq`
--

CREATE TABLE `gradebook_assignments_seq` (
  `id` int(11) NOT NULL
) ENGINE=InnoDB DEFAULT CHARSET=utf8;

-- --------------------------------------------------------

--
-- Table structure for table `gradebook_grades`
--

CREATE TABLE `gradebook_grades` (
  `student_id` decimal(10,0) NOT NULL,
  `period_id` decimal(10,0) DEFAULT NULL,
  `course_period_id` decimal(10,0) NOT NULL,
  `assignment_id` decimal(10,0) NOT NULL,
  `points` decimal(6,2) DEFAULT NULL,
  `comment` varchar(100) DEFAULT NULL
) ENGINE=InnoDB DEFAULT CHARSET=utf8;

--
-- Dumping data for table `gradebook_grades`
--

INSERT INTO `gradebook_grades` (`student_id`, `period_id`, `course_period_id`, `assignment_id`, `points`, `comment`) VALUES
('1', '1', '8', '1', '8.00', NULL),
('1', '1', '8', '2', '7.00', NULL),
('1', '1', '8', '3', '7.00', NULL),
('1', '1', '8', '4', '6.00', NULL),
('1', '1', '8', '5', '9.00', NULL),
('1', '1', '8', '6', '8.00', NULL),
('1', '1', '8', '7', '6.00', NULL),
('1', '1', '8', '8', '8.00', NULL),
('1', '1', '8', '9', '7.00', NULL),
('1', '1', '8', '10', '8.00', NULL),
('1', '1', '8', '11', '9.00', NULL),
('1', '1', '8', '12', '10.00', NULL),
('1', '1', '8', '13', '7.00', NULL),
('1', '1', '8', '14', '7.00', NULL),
('1', '1', '8', '15', '5.00', NULL),
('1', '1', '8', '16', '8.00', NULL),
('1', '1', '8', '17', '7.00', NULL),
('1', '1', '8', '18', '5.00', NULL),
('1', '1', '8', '19', '8.00', NULL),
('1', '1', '8', '20', '8.00', NULL),
('1', '1', '8', '21', '25.00', NULL),
('1', '1', '8', '22', '21.00', NULL),
('1', '1', '8', '23', '24.00', NULL),
('1', '1', '8', '24', '23.00', NULL),
('1', '2', '7', '25', '24.00', NULL),
('1', '2', '7', '26', '22.00', NULL),
('1', '2', '7', '27', '25.00', NULL),
('1', '2', '7', '28', '23.00', NULL),
('1', '2', '7', '29', '21.00', NULL),
('1', '2', '7', '30', '22.00', NULL),
('1', '2', '7', '31', '19.00', NULL),
('1', '2', '7', '32', '23.00', NULL),
('1', '2', '7', '33', '6.00', NULL),
('1', '2', '7', '34', '7.00', NULL),
('1', '2', '7', '35', '8.00', NULL),
('1', '2', '7', '36', '6.00', NULL),
('1', '2', '7', '37', '9.00', NULL),
('1', '2', '7', '38', '8.00', NULL),
('1', '2', '7', '39', '6.00', NULL),
('1', '2', '7', '40', '7.00', NULL),
('1', '2', '7', '41', '8.00', NULL),
('1', '2', '7', '42', '9.00', NULL),
('1', '4', '5', '43', '21.00', NULL),
('1', '4', '5', '44', '19.00', NULL),
('1', '4', '5', '45', '17.00', NULL),
('1', '4', '5', '46', '22.00', NULL),
('1', '4', '5', '47', '23.00', NULL),
('1', '4', '5', '48', '24.00', NULL),
('1', '4', '5', '49', '21.00', NULL),
('1', '4', '5', '50', '23.00', NULL),
('1', '4', '5', '51', '17.00', NULL),
('1', '4', '5', '52', '16.00', NULL),
('1', '4', '5', '53', '18.00', NULL),
('1', '4', '5', '54', '19.00', NULL),
('1', '4', '5', '55', '19.00', '2'),
('1', '5', '4', '56', '19.00', NULL),
('1', '5', '4', '57', '17.00', NULL),
('1', '5', '4', '58', '18.00', NULL),
('1', '5', '4', '59', '20.00', NULL),
('1', '5', '4', '60', '19.00', NULL),
('1', '5', '4', '61', '21.00', NULL),
('1', '5', '4', '62', '22.00', NULL),
('1', '5', '4', '63', '25.00', NULL),
('1', '5', '4', '64', '24.00', NULL),
('1', '5', '4', '65', '21.00', NULL),
('1', '5', '4', '66', '25.00', NULL),
('1', '5', '4', '67', '24.00', NULL),
('1', '5', '4', '68', '23.00', '1'),
('1', '6', '2', '69', '20.00', NULL),
('1', '6', '2', '70', '18.00', NULL),
('1', '6', '2', '71', '19.00', NULL),
('1', '6', '2', '72', '18.00', NULL),
('1', '6', '2', '73', '19.00', NULL),
('1', '6', '2', '74', '22.00', NULL),
('1', '6', '2', '75', '23.00', NULL),
('1', '6', '2', '76', '24.00', NULL),
('1', '6', '2', '77', '25.00', NULL),
('1', '6', '2', '78', '23.00', NULL),
('1', '6', '2', '79', '21.00', NULL),
('1', '6', '2', '80', '24.00', NULL),
('1', '6', '2', '81', '24.00', NULL),
('1', '7', '1', '82', '19.00', NULL),
('1', '7', '1', '83', '18.00', NULL),
('1', '7', '1', '84', '19.00', NULL),
('1', '7', '1', '85', '20.00', NULL),
('1', '7', '1', '86', '19.00', NULL),
('1', '7', '1', '87', '22.00', NULL),
('1', '7', '1', '88', '25.00', NULL),
('1', '7', '1', '89', '24.00', NULL),
('1', '7', '1', '90', '25.00', NULL),
('1', '7', '1', '91', '25.00', NULL),
('1', '7', '1', '92', '22.00', NULL),
('1', '7', '1', '93', '23.00', NULL),
('1', '7', '1', '94', '24.00', '1');

-- --------------------------------------------------------

--
-- Table structure for table `grades_completed`
--

CREATE TABLE `grades_completed` (
  `staff_id` decimal(10,0) NOT NULL,
  `marking_period_id` decimal(10,0) NOT NULL,
  `period_id` decimal(10,0) NOT NULL
) ENGINE=InnoDB DEFAULT CHARSET=utf8;

-- --------------------------------------------------------

--
-- Table structure for table `hacking_log`
--

CREATE TABLE `hacking_log` (
  `host_name` varchar(20) DEFAULT NULL,
  `ip_address` varchar(20) DEFAULT NULL,
  `login_date` date DEFAULT NULL,
  `version` varchar(20) DEFAULT NULL,
  `php_self` varchar(20) DEFAULT NULL,
  `document_root` varchar(100) DEFAULT NULL,
  `script_name` varchar(100) DEFAULT NULL,
  `modname` varchar(100) DEFAULT NULL,
  `username` varchar(20) DEFAULT NULL
) ENGINE=InnoDB DEFAULT CHARSET=utf8;

-- --------------------------------------------------------

--
-- Table structure for table `history_marking_periods`
--

CREATE TABLE `history_marking_periods` (
  `parent_id` int(11) DEFAULT NULL,
  `mp_type` char(20) DEFAULT NULL,
  `name` char(30) DEFAULT NULL,
  `post_end_date` date DEFAULT NULL,
  `school_id` int(11) DEFAULT NULL,
  `syear` int(11) DEFAULT NULL,
  `marking_period_id` int(11) NOT NULL DEFAULT '0'
) ENGINE=InnoDB DEFAULT CHARSET=utf8;

-- --------------------------------------------------------

--
-- Table structure for table `lunch_period`
--

CREATE TABLE `lunch_period` (
  `student_id` decimal(10,0) DEFAULT NULL,
  `school_date` date DEFAULT NULL,
  `period_id` decimal(10,0) DEFAULT NULL,
  `attendance_code` decimal(10,0) DEFAULT NULL,
  `attendance_teacher_code` decimal(10,0) DEFAULT NULL,
  `attendance_reason` varchar(100) DEFAULT NULL,
  `admin` varchar(1) DEFAULT NULL,
  `course_period_id` decimal(10,0) DEFAULT NULL,
  `marking_period_id` decimal(10,0) DEFAULT NULL,
  `lunch_period` varchar(100) DEFAULT NULL,
  `table_name` decimal(10,0) DEFAULT NULL
) ENGINE=InnoDB DEFAULT CHARSET=utf8;

-- --------------------------------------------------------

--
-- Table structure for table `marking_period_seq`
--

CREATE TABLE `marking_period_seq` (
  `id` int(11) NOT NULL
) ENGINE=InnoDB DEFAULT CHARSET=utf8;

-- --------------------------------------------------------

--
-- Stand-in structure for view `marking_periods`
--
CREATE TABLE `marking_periods` (
`marking_period_id` decimal(10,0)
,`mp_source` varchar(7)
,`syear` decimal(10,0)
,`school_id` decimal(10,0)
,`mp_type` varchar(20)
,`title` varchar(50)
,`short_name` varchar(10)
,`sort_order` decimal(10,0)
,`parent_id` decimal(19,0)
,`grandparent_id` decimal(19,0)
,`start_date` date
,`end_date` date
,`post_start_date` date
,`post_end_date` date
,`does_grades` varchar(1)
,`does_exam` varchar(1)
,`does_comments` varchar(1)
);

-- --------------------------------------------------------

--
-- Table structure for table `old_course_weights`
--

CREATE TABLE `old_course_weights` (
  `syear` decimal(4,0) DEFAULT NULL,
  `school_id` decimal(10,0) DEFAULT NULL,
  `course_id` decimal(10,0) DEFAULT NULL,
  `course_weight` varchar(10) DEFAULT NULL,
  `gpa_multiplier` decimal(10,0) DEFAULT NULL,
  `year_fraction` decimal(10,0) DEFAULT NULL,
  `rollover_id` decimal(10,0) DEFAULT NULL
) ENGINE=InnoDB DEFAULT CHARSET=utf8;

-- --------------------------------------------------------

--
-- Table structure for table `people`
--

CREATE TABLE `people` (
  `person_id` decimal(10,0) NOT NULL,
  `last_name` varchar(25) NOT NULL,
  `first_name` varchar(25) NOT NULL,
  `middle_name` varchar(25) DEFAULT NULL
) ENGINE=InnoDB DEFAULT CHARSET=utf8;

-- --------------------------------------------------------

--
-- Table structure for table `people_field_categories`
--

CREATE TABLE `people_field_categories` (
  `id` decimal(10,0) NOT NULL,
  `title` varchar(100) DEFAULT NULL,
  `sort_order` decimal(10,0) DEFAULT NULL,
  `custody` char(1) DEFAULT NULL,
  `emergency` char(1) DEFAULT NULL
) ENGINE=InnoDB DEFAULT CHARSET=utf8;

-- --------------------------------------------------------

--
-- Table structure for table `people_field_categories_seq`
--

CREATE TABLE `people_field_categories_seq` (
  `id` int(11) NOT NULL
) ENGINE=InnoDB DEFAULT CHARSET=utf8;

-- --------------------------------------------------------

--
-- Table structure for table `people_fields`
--

CREATE TABLE `people_fields` (
  `id` decimal(10,0) NOT NULL,
  `type` varchar(10) DEFAULT NULL,
  `search` varchar(1) DEFAULT NULL,
  `title` varchar(30) DEFAULT NULL,
  `sort_order` decimal(10,0) DEFAULT NULL,
  `select_options` varchar(10000) DEFAULT NULL,
  `category_id` decimal(10,0) DEFAULT NULL,
  `system_field` char(1) DEFAULT NULL,
  `required` varchar(1) DEFAULT NULL,
  `default_selection` varchar(255) DEFAULT NULL
) ENGINE=InnoDB DEFAULT CHARSET=utf8;

-- --------------------------------------------------------

--
-- Table structure for table `people_fields_seq`
--

CREATE TABLE `people_fields_seq` (
  `id` int(11) NOT NULL
) ENGINE=InnoDB DEFAULT CHARSET=utf8;

-- --------------------------------------------------------

--
-- Table structure for table `people_join_contacts`
--

CREATE TABLE `people_join_contacts` (
  `id` decimal(10,0) NOT NULL,
  `person_id` decimal(10,0) DEFAULT NULL,
  `title` varchar(100) DEFAULT NULL,
  `value` varchar(100) DEFAULT NULL
) ENGINE=InnoDB DEFAULT CHARSET=utf8;

-- --------------------------------------------------------

--
-- Table structure for table `people_join_contacts_seq`
--

CREATE TABLE `people_join_contacts_seq` (
  `id` int(11) NOT NULL
) ENGINE=InnoDB DEFAULT CHARSET=utf8;

-- --------------------------------------------------------

--
-- Table structure for table `people_seq`
--

CREATE TABLE `people_seq` (
  `id` int(11) NOT NULL
) ENGINE=InnoDB DEFAULT CHARSET=utf8;

-- --------------------------------------------------------

--
-- Table structure for table `portal_notes`
--

CREATE TABLE `portal_notes` (
  `id` decimal(10,0) NOT NULL,
  `school_id` decimal(10,0) DEFAULT NULL,
  `syear` decimal(4,0) DEFAULT NULL,
  `title` varchar(255) DEFAULT NULL,
  `content` varchar(5000) DEFAULT NULL,
  `sort_order` decimal(10,0) DEFAULT NULL,
  `published_user` decimal(10,0) DEFAULT NULL,
  `published_date` timestamp NOT NULL DEFAULT CURRENT_TIMESTAMP ON UPDATE CURRENT_TIMESTAMP,
  `start_date` date DEFAULT NULL,
  `end_date` date DEFAULT NULL,
  `published_profiles` varchar(255) DEFAULT NULL
) ENGINE=InnoDB DEFAULT CHARSET=utf8;

--
-- Dumping data for table `portal_notes`
--

INSERT INTO `portal_notes` (`id`, `school_id`, `syear`, `title`, `content`, `sort_order`, `published_user`, `published_date`, `start_date`, `end_date`, `published_profiles`) VALUES
('1', '1', '2012', 'Welcome to JEMFC-OSGV', 'Welcome to JEMFC-OSGV, a web-based online student grade viewer for the JE Mondejar Foundation College students!', '1', '1', '2012-08-17 22:04:59', '2012-08-17', '2010-01-11', ',admin,teacher,parent,0,1,2,3,');

-- --------------------------------------------------------

--
-- Table structure for table `portal_notes_seq`
--

CREATE TABLE `portal_notes_seq` (
  `id` int(11) NOT NULL
) ENGINE=InnoDB DEFAULT CHARSET=utf8;

-- --------------------------------------------------------

--
-- Table structure for table `profile_exceptions`
--

CREATE TABLE `profile_exceptions` (
  `profile_id` decimal(10,0) DEFAULT NULL,
  `modname` varchar(255) DEFAULT NULL,
  `can_use` varchar(1) DEFAULT NULL,
  `can_edit` varchar(1) DEFAULT NULL
) ENGINE=InnoDB DEFAULT CHARSET=utf8;

--
-- Dumping data for table `profile_exceptions`
--

INSERT INTO `profile_exceptions` (`profile_id`, `modname`, `can_use`, `can_edit`) VALUES
('0', 'School_Setup/Schools.php', 'Y', NULL),
('0', 'School_Setup/Calendar.php', 'Y', NULL),
('0', 'Students/Student.php', 'Y', NULL),
('0', 'Students/Student.php&category_id=1', 'Y', NULL),
('0', 'Students/Student.php&category_id=3', 'Y', NULL),
('0', 'Scheduling/Schedule.php', 'Y', NULL),
('0', 'Scheduling/Requests.php', 'Y', NULL),
('0', 'Grades/StudentGrades.php', 'Y', NULL),
('0', 'Grades/FinalGrades.php', 'Y', NULL),
('0', 'Grades/ReportCards.php', 'Y', NULL),
('0', 'Grades/Transcripts.php', 'Y', NULL),
('0', 'Grades/GPARankList.php', 'Y', NULL),
('0', 'Attendance/StudentSummary.php', 'Y', NULL),
('0', 'Attendance/DailySummary.php', 'Y', NULL),
('0', 'Eligibility/Student.php', 'Y', NULL),
('0', 'Eligibility/StudentList.php', 'Y', NULL),
('1', 'School_Setup/PortalNotes.php', 'Y', 'Y'),
('1', 'School_Setup/Schools.php', 'Y', 'Y'),
('1', 'School_Setup/Schools.php?new_school=true', 'Y', 'Y'),
('1', 'School_Setup/CopySchool.php', 'Y', 'Y'),
('1', 'School_Setup/MarkingPeriods.php', 'Y', 'Y'),
('1', 'School_Setup/Calendar.php', 'Y', 'Y'),
('1', 'School_Setup/Periods.php', 'Y', 'Y'),
('1', 'School_Setup/GradeLevels.php', 'Y', 'Y'),
('1', 'School_Setup/Rollover.php', 'Y', 'Y'),
('1', 'School_Setup/Courses.php', 'Y', 'Y'),
('1', 'School_Setup/CourseCatalog.php', 'Y', 'Y'),
('1', 'School_Setup/PrintCatalog.php', 'Y', 'Y'),
('1', 'School_Setup/PrintAllCourses.php', 'Y', 'Y'),
('1', 'Students/Student.php', 'Y', 'Y'),
('1', 'Students/Student.php&include=General_Info&student_id=new', 'Y', 'Y'),
('1', 'Students/AssignOtherInfo.php', 'Y', 'Y'),
('1', 'Students/AddUsers.php', 'Y', 'Y'),
('1', 'Students/AdvancedReport.php', 'Y', 'Y'),
('1', 'Students/AddDrop.php', 'Y', 'Y'),
('1', 'Students/Letters.php', 'Y', 'Y'),
('1', 'Students/MailingLabels.php', 'Y', 'Y'),
('1', 'Students/StudentLabels.php', 'Y', 'Y'),
('1', 'Students/PrintStudentInfo.php', 'Y', 'Y'),
('1', 'Students/StudentFields.php', 'Y', 'Y'),
('1', 'Students/AddressFields.php', 'Y', 'Y'),
('1', 'Students/PeopleFields.php', 'Y', 'Y'),
('1', 'Students/EnrollmentCodes.php', 'Y', 'Y'),
('1', 'Students/Upload.php?modfunc=edit', 'Y', 'Y'),
('1', 'Students/Upload.php', 'Y', 'Y'),
('1', 'Students/Student.php&category_id=1', 'Y', 'Y'),
('1', 'Students/Student.php&category_id=3', 'Y', 'Y'),
('1', 'Students/Student.php&category_id=2', 'Y', 'Y'),
('1', 'Students/Student.php&category_id=4', 'Y', 'Y'),
('1', 'Users/User.php', 'Y', 'Y'),
('1', 'Users/User.php&category_id=1', 'Y', NULL),
('1', 'Users/User.php&staff_id=new', 'Y', 'Y'),
('1', 'Users/AddStudents.php', 'Y', 'Y'),
('1', 'Users/Preferences.php', 'Y', 'Y'),
('1', 'Users/Profiles.php', 'Y', 'Y'),
('1', 'Users/Exceptions.php', 'Y', 'Y'),
('1', 'Users/UserFields.php', 'Y', 'Y'),
('1', 'Users/TeacherPrograms.php?include=Grades/InputFinalGrades.php', 'Y', 'Y'),
('1', 'Users/TeacherPrograms.php?include=Grades/Grades.php', 'Y', 'Y'),
('1', 'Users/TeacherPrograms.php?include=Attendance/TakeAttendance.php', 'Y', 'Y'),
('1', 'Users/TeacherPrograms.php?include=Attendance/Missing_Attendance.php', 'Y', 'Y'),
('1', 'Users/TeacherPrograms.php?include=Eligibility/EnterEligibility.php', 'Y', 'Y'),
('1', 'Scheduling/Schedule.php', 'Y', 'Y'),
('1', 'Scheduling/Requests.php', 'Y', 'Y'),
('1', 'Scheduling/MassSchedule.php', 'Y', 'Y'),
('1', 'Scheduling/MassRequests.php', 'Y', 'Y'),
('1', 'Scheduling/MassDrops.php', 'Y', 'Y'),
('1', 'Scheduling/ScheduleReport.php', 'Y', 'Y'),
('1', 'Scheduling/RequestsReport.php', 'Y', 'Y'),
('1', 'Scheduling/UnfilledRequests.php', 'Y', 'Y'),
('1', 'Scheduling/IncompleteSchedules.php', 'Y', 'Y'),
('1', 'Scheduling/AddDrop.php', 'Y', 'Y'),
('1', 'Scheduling/PrintSchedules.php', 'Y', 'Y'),
('1', 'Scheduling/PrintRequests.php', 'Y', 'Y'),
('1', 'Scheduling/PrintClassLists.php', 'Y', 'Y'),
('1', 'Scheduling/PrintClassPictures.php', 'Y', 'Y'),
('1', 'Scheduling/Courses.php', 'Y', 'Y'),
('1', 'Scheduling/Scheduler.php', 'Y', 'Y'),
('1', 'Grades/ReportCards.php', 'Y', 'Y'),
('1', 'Grades/CalcGPA.php', 'Y', 'Y'),
('1', 'Grades/Transcripts.php', 'Y', 'Y'),
('1', 'Grades/TeacherCompletion.php', 'Y', 'Y'),
('1', 'Grades/GradeBreakdown.php', 'Y', 'Y'),
('1', 'Grades/FinalGrades.php', 'Y', 'Y'),
('1', 'Grades/GPARankList.php', 'Y', 'Y'),
('1', 'Grades/ReportCardGrades.php', 'Y', 'Y'),
('1', 'Grades/ReportCardComments.php', 'Y', 'Y'),
('1', 'Grades/FixGPA.php', 'Y', 'Y'),
('1', 'Grades/EditReportCardGrades.php', 'Y', 'Y'),
('1', 'Grades/EditHistoryMarkingPeriods.php', 'Y', 'Y'),
('1', 'Attendance/Administration.php', 'Y', 'Y'),
('1', 'Attendance/AddAbsences.php', 'Y', 'Y'),
('1', 'Attendance/Percent.php', 'Y', 'Y'),
('1', 'Attendance/Percent.php?list_by_day=true', 'Y', 'Y'),
('1', 'Attendance/DailySummary.php', 'Y', 'Y'),
('1', 'Attendance/StudentSummary.php', 'Y', 'Y'),
('1', 'Attendance/TeacherCompletion.php', 'Y', 'Y'),
('1', 'Attendance/DuplicateAttendance.php', 'Y', 'Y'),
('1', 'Attendance/AttendanceCodes.php', 'Y', 'Y'),
('1', 'Attendance/FixDailyAttendance.php', 'Y', 'Y'),
('1', 'Eligibility/Student.php', 'Y', 'Y'),
('1', 'Eligibility/AddActivity.php', 'Y', 'Y'),
('1', 'Eligibility/StudentList.php', 'Y', 'Y'),
('1', 'Eligibility/TeacherCompletion.php', 'Y', 'Y'),
('1', 'Eligibility/Activities.php', 'Y', 'Y'),
('1', 'Eligibility/EntryTimes.php', 'Y', 'Y'),
('1', 'Tools/Rollover.php', 'Y', 'Y'),
('1', 'Students/Upload.php', 'Y', 'Y'),
('1', 'Students/Upload.php?modfunc=edit', 'Y', 'Y'),
('2', 'School_Setup/Schools.php', 'Y', NULL),
('2', 'School_Setup/MarkingPeriods.php', 'Y', NULL),
('2', 'School_Setup/Calendar.php', 'Y', NULL),
('2', 'Students/Student.php', 'Y', NULL),
('2', 'Students/AddUsers.php', 'Y', NULL),
('2', 'Students/AdvancedReport.php', 'Y', NULL),
('2', 'Students/Student.php&category_id=1', 'Y', NULL),
('2', 'Students/Student.php&category_id=3', 'Y', NULL),
('2', 'Students/Student.php&category_id=4', 'Y', 'Y'),
('2', 'Users/User.php', 'Y', NULL),
('2', 'Users/User.php&category_id=1', 'Y', NULL),
('2', 'Users/User.php&category_id=2', 'Y', NULL),
('2', 'Users/Preferences.php', 'Y', NULL),
('2', 'Scheduling/Schedule.php', 'Y', NULL),
('2', 'Scheduling/PrintSchedules.php', 'Y', NULL),
('2', 'Scheduling/PrintClassLists.php', 'Y', NULL),
('2', 'Scheduling/PrintClassPictures.php', 'Y', NULL),
('2', 'Grades/InputFinalGrades.php', 'Y', NULL),
('2', 'Grades/ReportCards.php', 'Y', NULL),
('2', 'Grades/Grades.php', 'Y', NULL),
('2', 'Grades/Assignments.php', 'Y', NULL),
('2', 'Grades/AnomalousGrades.php', 'Y', NULL),
('2', 'Grades/Configuration.php', 'Y', NULL),
('2', 'Grades/ProgressReports.php', 'Y', NULL),
('2', 'Grades/StudentGrades.php', 'Y', NULL),
('2', 'Grades/FinalGrades.php', 'Y', NULL),
('2', 'Grades/ReportCardGrades.php', 'Y', NULL),
('2', 'Grades/ReportCardComments.php', 'Y', NULL),
('2', 'Attendance/TakeAttendance.php', 'Y', NULL),
('2', 'Attendance/DailySummary.php', 'Y', NULL),
('2', 'Attendance/StudentSummary.php', 'Y', NULL),
('2', 'Eligibility/EnterEligibility.php', 'Y', NULL),
('3', 'Attendance/StudentSummary.php', 'Y', NULL),
('3', 'Attendance/DailySummary.php', 'Y', NULL),
('3', 'Eligibility/Student.php', 'Y', NULL),
('3', 'Eligibility/StudentList.php', 'Y', NULL),
('3', 'School_Setup/Schools.php', 'Y', NULL),
('3', 'School_Setup/Calendar.php', 'Y', NULL),
('3', 'Students/Student.php', 'Y', NULL),
('3', 'Students/Student.php&category_id=1', 'Y', 'Y'),
('3', 'Students/Student.php&category_id=3', 'Y', 'Y'),
('3', 'Users/User.php', 'Y', NULL),
('3', 'Users/User.php&category_id=1', 'Y', 'Y'),
('3', 'Users/Preferences.php', 'Y', NULL),
('3', 'Scheduling/Schedule.php', 'Y', NULL),
('3', 'Scheduling/Requests.php', 'Y', NULL),
('3', 'Grades/StudentGrades.php', 'Y', NULL),
('3', 'Grades/FinalGrades.php', 'Y', NULL),
('3', 'Grades/ReportCards.php', 'Y', NULL),
('3', 'Grades/Transcripts.php', 'Y', NULL),
('3', 'Grades/GPARankList.php', 'Y', NULL),
('3', 'Students/Student.php&category_id=2', 'Y', NULL),
('3', 'Students/Student.php&category_id=4', 'Y', NULL),
('3', 'Students/Student.php&category_id=5', 'Y', NULL),
('3', 'Users/User.php&category_id=2', 'Y', NULL),
('3', 'Users/User.php&category_id=3', 'Y', NULL),
('3', 'Scheduling/PrintClassPictures.php', 'Y', NULL),
('1', 'Users/User.php&category_id=1', 'Y', 'Y');

-- --------------------------------------------------------

--
-- Table structure for table `program_config`
--

CREATE TABLE `program_config` (
  `syear` decimal(4,0) DEFAULT NULL,
  `school_id` decimal(10,0) DEFAULT NULL,
  `program` varchar(255) DEFAULT NULL,
  `title` varchar(100) DEFAULT NULL,
  `value` varchar(100) DEFAULT NULL
) ENGINE=InnoDB DEFAULT CHARSET=utf8;

--
-- Dumping data for table `program_config`
--

INSERT INTO `program_config` (`syear`, `school_id`, `program`, `title`, `value`) VALUES
('2008', '1', 'eligibility', 'START_DAY', '1'),
('2008', '1', 'eligibility', 'START_HOUR', '23'),
('2008', '1', 'eligibility', 'START_MINUTE', '30'),
('2008', '1', 'eligibility', 'START_M', 'PM'),
('2008', '1', 'eligibility', 'END_DAY', '5'),
('2008', '1', 'eligibility', 'END_HOUR', '23'),
('2008', '1', 'eligibility', 'END_MINUTE', '30'),
('2008', '1', 'eligibility', 'END_M', 'PM'),
('2012', '1', 'eligibility', 'START_DAY', '1'),
('2012', '1', 'eligibility', 'START_HOUR', '23'),
('2012', '1', 'eligibility', 'START_MINUTE', '30'),
('2012', '1', 'eligibility', 'START_M', 'PM'),
('2012', '1', 'eligibility', 'END_DAY', '5'),
('2012', '1', 'eligibility', 'END_HOUR', '23'),
('2012', '1', 'eligibility', 'END_MINUTE', '30'),
('2012', '1', 'eligibility', 'END_M', 'PM');

-- --------------------------------------------------------

--
-- Table structure for table `program_user_config`
--

CREATE TABLE `program_user_config` (
  `user_id` decimal(10,0) NOT NULL,
  `program` varchar(255) DEFAULT NULL,
  `title` varchar(100) DEFAULT NULL,
  `value` varchar(100) DEFAULT NULL
) ENGINE=InnoDB DEFAULT CHARSET=utf8;

--
-- Dumping data for table `program_user_config`
--

INSERT INTO `program_user_config` (`user_id`, `program`, `title`, `value`) VALUES
('1', 'Preferences', 'THEME', 'Green'),
('1', 'Preferences', 'MONTH', 'M'),
('1', 'Preferences', 'DAY', 'j'),
('1', 'Preferences', 'YEAR', 'Y'),
('1', 'Preferences', 'HIDDEN', 'Y'),
('2', 'Gradebook', '3-6', ''),
('2', 'Gradebook', '3-5', ''),
('2', 'Gradebook', '3-4', ''),
('2', 'Gradebook', '3-3', ''),
('2', 'Gradebook', '3-2', ''),
('2', 'Gradebook', '3-1', ''),
('2', 'Gradebook', 'COMMENT_A', ''),
('2', 'Gradebook', 'LATENCY', '0'),
('2', 'Gradebook', 'ANOMALOUS_MAX', '100'),
('2', 'Gradebook', 'ELIGIBILITY_CUMULITIVE', 'Y'),
('2', 'Gradebook', 'DEFAULT_ASSIGNED', 'Y'),
('2', 'Gradebook', 'ASSIGNMENT_SORTING', 'ASSIGNMENT_ID'),
('2', 'Gradebook', 'ROUNDING', ''),
('2', 'Gradebook', '3-7', ''),
('2', 'Gradebook', '3-8', ''),
('2', 'Gradebook', '3-9', ''),
('2', 'Gradebook', '3-10', ''),
('2', 'Gradebook', '3-11', ''),
('2', 'Gradebook', '3-12', ''),
('2', 'Gradebook', '3-14', ''),
('2', 'Gradebook', '3-13', ''),
('2', 'Gradebook', '3-15', ''),
('2', 'Preferences', 'HIGHLIGHT', '#f3bb96'),
('2', 'Preferences', 'MONTH', 'M'),
('2', 'Preferences', 'DAY', 'j'),
('2', 'Preferences', 'YEAR', 'Y'),
('2', 'Preferences', 'HIDDEN', 'Y'),
('2', 'Preferences', 'THEME', 'Green'),
('2', 'Gradebook', 'WEIGHT', 'Y'),
('1', 'Preferences', 'CURRENCY', 'PhP');

-- --------------------------------------------------------

--
-- Table structure for table `report_card_comments`
--

CREATE TABLE `report_card_comments` (
  `id` decimal(10,0) NOT NULL,
  `syear` decimal(4,0) DEFAULT NULL,
  `school_id` decimal(10,0) DEFAULT NULL,
  `course_id` decimal(10,0) DEFAULT NULL,
  `sort_order` decimal(10,0) DEFAULT NULL,
  `title` varchar(100) DEFAULT NULL
) ENGINE=InnoDB DEFAULT CHARSET=utf8;

--
-- Dumping data for table `report_card_comments`
--

INSERT INTO `report_card_comments` (`id`, `syear`, `school_id`, `course_id`, `sort_order`, `title`) VALUES
('1', '2012', '1', NULL, '1', 'Fails to Meet Course Requirements'),
('2', '2012', '1', NULL, '2', 'Comes to Class Unprepared'),
('3', '2012', '1', NULL, '3', 'Exerts Positive Influence in Class');

-- --------------------------------------------------------

--
-- Table structure for table `report_card_comments_seq`
--

CREATE TABLE `report_card_comments_seq` (
  `id` int(11) NOT NULL
) ENGINE=InnoDB DEFAULT CHARSET=utf8;

-- --------------------------------------------------------

--
-- Table structure for table `report_card_grade_scales`
--

CREATE TABLE `report_card_grade_scales` (
  `id` decimal(10,0) NOT NULL,
  `syear` decimal(4,0) DEFAULT NULL,
  `school_id` decimal(10,0) NOT NULL,
  `title` varchar(25) DEFAULT NULL,
  `comment` varchar(100) DEFAULT NULL,
  `sort_order` decimal(10,0) DEFAULT NULL,
  `rollover_id` decimal(10,0) DEFAULT NULL,
  `gp_scale` decimal(10,3) DEFAULT NULL
) ENGINE=InnoDB DEFAULT CHARSET=utf8;

--
-- Dumping data for table `report_card_grade_scales`
--

INSERT INTO `report_card_grade_scales` (`id`, `syear`, `school_id`, `title`, `comment`, `sort_order`, `rollover_id`, `gp_scale`) VALUES
('1', '2012', '1', 'Main', NULL, '1', NULL, '4.000');

-- --------------------------------------------------------

--
-- Table structure for table `report_card_grade_scales_seq`
--

CREATE TABLE `report_card_grade_scales_seq` (
  `id` int(11) NOT NULL
) ENGINE=InnoDB DEFAULT CHARSET=utf8;

-- --------------------------------------------------------

--
-- Table structure for table `report_card_grades`
--

CREATE TABLE `report_card_grades` (
  `id` decimal(10,0) NOT NULL,
  `syear` decimal(4,0) DEFAULT NULL,
  `school_id` decimal(10,0) DEFAULT NULL,
  `title` varchar(3) DEFAULT NULL,
  `sort_order` decimal(10,0) DEFAULT NULL,
  `gpa_value` decimal(4,2) DEFAULT NULL,
  `break_off` decimal(10,0) DEFAULT NULL,
  `comment` varchar(100) DEFAULT NULL,
  `grade_scale_id` decimal(10,0) DEFAULT NULL,
  `unweighted_gp` decimal(4,2) DEFAULT NULL
) ENGINE=InnoDB DEFAULT CHARSET=utf8;

--
-- Dumping data for table `report_card_grades`
--

INSERT INTO `report_card_grades` (`id`, `syear`, `school_id`, `title`, `sort_order`, `gpa_value`, `break_off`, `comment`, `grade_scale_id`, `unweighted_gp`) VALUES
('1', '2012', '1', 'A+', '1', '12.00', '97', 'Consistently superior', '2', '12.00'),
('2', '2012', '1', 'A', '2', '11.00', '93', 'Superior', '2', '11.00'),
('3', '2012', '1', 'A-', '3', '10.00', '90', NULL, '2', '10.00'),
('4', '2012', '1', 'B+', '4', '9.00', '87', NULL, '2', '9.00'),
('5', '2012', '1', 'B', '5', '8.00', '83', 'Above average', '2', '8.00'),
('6', '2012', '1', 'B-', '6', '7.00', '80', NULL, '2', '7.00'),
('7', '2012', '1', 'C+', '7', '6.00', '77', NULL, '2', '6.00'),
('8', '2012', '1', 'C', '8', '5.00', '73', 'Average', '2', '5.00'),
('9', '2012', '1', 'C-', '9', '4.00', '70', NULL, '2', '4.00'),
('10', '2012', '1', 'D+', '10', '3.00', '67', NULL, '2', '3.00'),
('11', '2012', '1', 'D', '11', '2.00', '63', 'Below average', '2', '2.00'),
('12', '2012', '1', 'D-', '12', '1.00', '60', NULL, '2', '1.00'),
('13', '2012', '1', 'F', '13', '0.00', '0', 'Failing', '2', '0.00'),
('14', '2012', '1', 'I', '14', '0.00', '0', 'Incomplete', '2', '0.00'),
('15', '2012', '1', 'N/A', '15', '0.00', NULL, NULL, '2', '0.00'),
('16', '2012', '1', 'A+', '1', '4.00', '97', '', '1', NULL),
('17', '2012', '1', 'A', '2', '3.67', '93', '', '1', NULL),
('18', '2012', '1', 'A-', '3', '3.33', '90', '', '1', NULL),
('19', '2012', '1', 'B+', '4', '3.00', '87', '', '1', NULL),
('20', '2012', '1', 'B', '5', '2.67', '83', '', '1', NULL),
('21', '2012', '1', 'B-', '6', '2.33', '80', '', '1', NULL),
('22', '2012', '1', 'C+', '7', '2.00', '77', '', '1', NULL),
('23', '2012', '1', 'C', '8', '1.67', '73', '', '1', NULL),
('24', '2012', '1', 'C-', '9', '1.33', '70', '', '1', NULL),
('25', '2012', '1', 'D+', '10', '1.00', '67', '', '1', NULL),
('26', '2012', '1', 'D', '11', '0.67', '63', '', '1', NULL),
('27', '2012', '1', 'D-', '12', '0.33', '60', '', '1', NULL),
('28', '2012', '1', 'F', '13', '0.00', '59', '', '1', NULL),
('29', '2012', '1', 'Inc', '14', '0.00', '0', NULL, '1', NULL);

-- --------------------------------------------------------

--
-- Table structure for table `report_card_grades_seq`
--

CREATE TABLE `report_card_grades_seq` (
  `id` int(11) NOT NULL
) ENGINE=InnoDB DEFAULT CHARSET=utf8;

-- --------------------------------------------------------

--
-- Table structure for table `schedule`
--

CREATE TABLE `schedule` (
  `syear` decimal(4,0) NOT NULL,
  `school_id` decimal(10,0) DEFAULT NULL,
  `student_id` decimal(10,0) NOT NULL,
  `start_date` date NOT NULL,
  `end_date` date DEFAULT NULL,
  `modified_date` date DEFAULT NULL,
  `modified_by` varchar(255) DEFAULT NULL,
  `course_id` decimal(10,0) NOT NULL,
  `course_weight` varchar(10) DEFAULT NULL,
  `course_period_id` decimal(10,0) NOT NULL,
  `mp` varchar(3) DEFAULT NULL,
  `marking_period_id` decimal(10,0) DEFAULT NULL,
  `scheduler_lock` varchar(1) DEFAULT NULL,
  `id` decimal(10,0) DEFAULT NULL
) ENGINE=InnoDB DEFAULT CHARSET=utf8;

--
-- Dumping data for table `schedule`
--

INSERT INTO `schedule` (`syear`, `school_id`, `student_id`, `start_date`, `end_date`, `modified_date`, `modified_by`, `course_id`, `course_weight`, `course_period_id`, `mp`, `marking_period_id`, `scheduler_lock`, `id`) VALUES
('2012', '1', '1', '2012-08-17', NULL, NULL, NULL, '1', NULL, '8', 'QTR', '3', NULL, NULL),
('2012', '1', '1', '2012-08-17', NULL, NULL, NULL, '4', NULL, '7', 'FY', '11', NULL, NULL),
('2012', '1', '1', '2012-08-17', NULL, NULL, NULL, '6', NULL, '6', 'FY', '11', NULL, NULL),
('2012', '1', '1', '2012-08-17', NULL, NULL, NULL, '8', NULL, '5', 'QTR', '3', NULL, NULL),
('2012', '1', '1', '2012-08-17', NULL, NULL, NULL, '9', NULL, '4', 'QTR', '3', NULL, NULL),
('2012', '1', '1', '2012-08-17', NULL, NULL, NULL, '11', NULL, '2', 'QTR', '3', NULL, NULL),
('2012', '1', '1', '2012-08-17', NULL, NULL, NULL, '14', NULL, '1', 'QTR', '3', NULL, NULL),
('2012', '1', '2', '2012-02-13', NULL, NULL, NULL, '1', NULL, '8', 'QTR', '3', NULL, NULL);

-- --------------------------------------------------------

--
-- Table structure for table `schedule_requests`
--

CREATE TABLE `schedule_requests` (
  `syear` decimal(4,0) DEFAULT NULL,
  `school_id` decimal(10,0) DEFAULT NULL,
  `request_id` decimal(10,0) NOT NULL,
  `student_id` decimal(10,0) DEFAULT NULL,
  `subject_id` decimal(10,0) DEFAULT NULL,
  `course_id` decimal(10,0) DEFAULT NULL,
  `course_weight` varchar(10) DEFAULT NULL,
  `marking_period_id` decimal(10,0) DEFAULT NULL,
  `priority` decimal(10,0) DEFAULT NULL,
  `with_teacher_id` decimal(10,0) DEFAULT NULL,
  `not_teacher_id` decimal(10,0) DEFAULT NULL,
  `with_period_id` decimal(10,0) DEFAULT NULL,
  `not_period_id` decimal(10,0) DEFAULT NULL
) ENGINE=InnoDB DEFAULT CHARSET=utf8;

-- --------------------------------------------------------

--
-- Table structure for table `schedule_requests_seq`
--

CREATE TABLE `schedule_requests_seq` (
  `id` int(11) NOT NULL
) ENGINE=InnoDB DEFAULT CHARSET=utf8;

-- --------------------------------------------------------

--
-- Table structure for table `schedule_seq`
--

CREATE TABLE `schedule_seq` (
  `id` int(11) NOT NULL
) ENGINE=InnoDB DEFAULT CHARSET=utf8;

-- --------------------------------------------------------

--
-- Table structure for table `school_gradelevels`
--

CREATE TABLE `school_gradelevels` (
  `id` decimal(10,0) NOT NULL,
  `school_id` decimal(10,0) DEFAULT NULL,
  `short_name` varchar(2) DEFAULT NULL,
  `title` varchar(50) DEFAULT NULL,
  `next_grade_id` decimal(10,0) DEFAULT NULL,
  `sort_order` decimal(10,0) DEFAULT NULL
) ENGINE=InnoDB DEFAULT CHARSET=utf8;

--
-- Dumping data for table `school_gradelevels`
--

INSERT INTO `school_gradelevels` (`id`, `school_id`, `short_name`, `title`, `next_grade_id`, `sort_order`) VALUES
('1', '1', 'Pr', 'Pre-Elem', '2', '1'),
('2', '1', 'G1', 'Grade 1', '3', '2'),
('3', '1', 'G2', 'Grade 2', '4', '3'),
('4', '1', 'G3', 'Grade 3', '5', '4'),
('5', '1', 'G4', 'Grade 4', '7', '5'),
('7', '1', 'G5', 'Grade 5', '8', '6'),
('8', '1', 'G6', 'Grade 6', '9', '7'),
('9', '1', 'Y1', '1st Year HS', '10', '8'),
('10', '1', 'Y2', '2nd Year HS', '11', '9'),
('11', '1', 'Y3', '3rd Year HS', '12', '10'),
('12', '1', 'Y4', '4th Year HS', '13', '11'),
('13', '1', 'C1', '1st Year College', '14', '12'),
('14', '1', 'C2', '2nd Year College', '15', '13'),
('15', '1', 'C3', '3rd Year College', '16', '14'),
('16', '1', 'C4', '4th Year College', '15', '15');

-- --------------------------------------------------------

--
-- Table structure for table `school_gradelevels_seq`
--

CREATE TABLE `school_gradelevels_seq` (
  `id` int(11) NOT NULL
) ENGINE=InnoDB DEFAULT CHARSET=utf8;

-- --------------------------------------------------------

--
-- Table structure for table `school_periods`
--

CREATE TABLE `school_periods` (
  `period_id` decimal(10,0) NOT NULL,
  `syear` decimal(4,0) DEFAULT NULL,
  `school_id` decimal(10,0) DEFAULT NULL,
  `sort_order` decimal(10,0) DEFAULT NULL,
  `title` varchar(100) DEFAULT NULL,
  `short_name` varchar(10) DEFAULT NULL,
  `length` decimal(10,0) DEFAULT NULL,
  `block` varchar(10) DEFAULT NULL,
  `attendance` varchar(1) DEFAULT NULL,
  `rollover_id` decimal(10,0) DEFAULT NULL,
  `start_time` varchar(15) DEFAULT NULL,
  `end_time` varchar(15) DEFAULT NULL
) ENGINE=InnoDB DEFAULT CHARSET=utf8;

--
-- Dumping data for table `school_periods`
--

INSERT INTO `school_periods` (`period_id`, `syear`, `school_id`, `sort_order`, `title`, `short_name`, `length`, `block`, `attendance`, `rollover_id`, `start_time`, `end_time`) VALUES
('1', '2012', '1', '1', 'Period 1', 'P1', '50', NULL, 'Y', NULL, '8:00 AM', '8:50 AM'),
('2', '2012', '1', '2', 'Period 2', 'P2', '50', NULL, 'Y', NULL, '9:00 AM', '9:50 AM'),
('3', '2012', '1', '3', 'Period 3', 'P3', '50', NULL, 'Y', NULL, '10:00 AM', '10:50 AM'),
('4', '2012', '1', '4', 'Period 4', 'P4', '50', NULL, 'Y', NULL, '11:00 AM', '11:50 AM'),
('5', '2012', '1', '5', 'Period 5', 'P5', '50', NULL, 'Y', NULL, '12:00 PM', '12:50 PM'),
('6', '2012', '1', '6', 'Period 6', 'P6', '50', NULL, 'Y', NULL, '1:00 PM', '1:50 PM'),
('7', '2012', '1', '7', 'Period 7', 'P7', '50', NULL, 'Y', NULL, '2:00 PM', '2:50 PM');

-- --------------------------------------------------------

--
-- Table structure for table `school_periods_seq`
--

CREATE TABLE `school_periods_seq` (
  `id` int(11) NOT NULL
) ENGINE=InnoDB DEFAULT CHARSET=utf8;

-- --------------------------------------------------------

--
-- Table structure for table `school_progress_periods`
--

CREATE TABLE `school_progress_periods` (
  `marking_period_id` decimal(10,0) NOT NULL,
  `syear` decimal(4,0) DEFAULT NULL,
  `school_id` decimal(10,0) DEFAULT NULL,
  `quarter_id` decimal(10,0) DEFAULT NULL,
  `title` varchar(50) DEFAULT NULL,
  `short_name` varchar(10) DEFAULT NULL,
  `sort_order` decimal(10,0) DEFAULT NULL,
  `start_date` date DEFAULT NULL,
  `end_date` date DEFAULT NULL,
  `post_start_date` date DEFAULT NULL,
  `post_end_date` date DEFAULT NULL,
  `does_grades` varchar(1) DEFAULT NULL,
  `does_exam` varchar(1) DEFAULT NULL,
  `does_comments` varchar(1) DEFAULT NULL,
  `rollover_id` decimal(10,0) DEFAULT NULL
) ENGINE=InnoDB DEFAULT CHARSET=utf8;

--
-- Dumping data for table `school_progress_periods`
--

INSERT INTO `school_progress_periods` (`marking_period_id`, `syear`, `school_id`, `quarter_id`, `title`, `short_name`, `sort_order`, `start_date`, `end_date`, `post_start_date`, `post_end_date`, `does_grades`, `does_exam`, `does_comments`, `rollover_id`) VALUES
('7', '2012', '1', '3', 'Midterm 1', 'M1', '1', '2012-08-22', '2012-02-12', NULL, NULL, 'Y', NULL, NULL, NULL),
('8', '2012', '1', '4', 'Midterm 2', 'M2', '2', '2012-10-12', '2012-11-12', NULL, NULL, 'Y', NULL, NULL, NULL),
('9', '2012', '1', '5', 'Midterm 3', 'M3', '3', '2010-01-08', '2010-02-08', NULL, '0000-00-00', 'Y', NULL, NULL, NULL),
('10', '2012', '1', '6', 'Midterm 4', 'M4', '4', '2010-03-11', '2010-04-11', NULL, '0000-00-00', 'Y', NULL, NULL, NULL);

-- --------------------------------------------------------

--
-- Table structure for table `school_quarters`
--

CREATE TABLE `school_quarters` (
  `marking_period_id` decimal(10,0) NOT NULL,
  `syear` decimal(4,0) DEFAULT NULL,
  `school_id` decimal(10,0) DEFAULT NULL,
  `semester_id` decimal(10,0) DEFAULT NULL,
  `title` varchar(50) DEFAULT NULL,
  `short_name` varchar(10) DEFAULT NULL,
  `sort_order` decimal(10,0) DEFAULT NULL,
  `start_date` date DEFAULT NULL,
  `end_date` date DEFAULT NULL,
  `post_start_date` date DEFAULT NULL,
  `post_end_date` date DEFAULT NULL,
  `does_grades` varchar(1) DEFAULT NULL,
  `does_exam` varchar(1) DEFAULT NULL,
  `does_comments` varchar(1) DEFAULT NULL,
  `rollover_id` decimal(10,0) DEFAULT NULL
) ENGINE=InnoDB DEFAULT CHARSET=utf8;

--
-- Dumping data for table `school_quarters`
--

INSERT INTO `school_quarters` (`marking_period_id`, `syear`, `school_id`, `semester_id`, `title`, `short_name`, `sort_order`, `start_date`, `end_date`, `post_start_date`, `post_end_date`, `does_grades`, `does_exam`, `does_comments`, `rollover_id`) VALUES
('3', '2012', '1', '1', 'Quarter 1', 'Q1', '1', '2012-08-17', '2012-10-09', '2012-10-05', '2012-10-16', 'Y', NULL, 'Y', NULL),
('4', '2012', '1', '1', 'Quarter 2', 'Q2', '2', '2012-10-12', '2010-01-08', '2010-01-04', '2010-01-15', 'Y', NULL, 'Y', NULL),
('5', '2012', '1', '2', 'Quarter 3', 'Q3', '3', '2010-01-11', '2010-03-05', '2010-03-01', '2010-03-12', 'Y', NULL, 'Y', NULL),
('6', '2012', '1', '2', 'Quarter 4', 'Q4', '4', '2010-03-08', '2010-05-28', '2010-05-24', '2010-06-04', 'Y', NULL, 'Y', NULL);

-- --------------------------------------------------------

--
-- Table structure for table `school_semesters`
--

CREATE TABLE `school_semesters` (
  `marking_period_id` decimal(10,0) NOT NULL,
  `syear` decimal(4,0) DEFAULT NULL,
  `school_id` decimal(10,0) DEFAULT NULL,
  `year_id` decimal(10,0) DEFAULT NULL,
  `title` varchar(50) DEFAULT NULL,
  `short_name` varchar(10) DEFAULT NULL,
  `sort_order` decimal(10,0) DEFAULT NULL,
  `start_date` date DEFAULT NULL,
  `end_date` date DEFAULT NULL,
  `post_start_date` date DEFAULT NULL,
  `post_end_date` date DEFAULT NULL,
  `does_grades` varchar(1) DEFAULT NULL,
  `does_exam` varchar(1) DEFAULT NULL,
  `does_comments` varchar(1) DEFAULT NULL,
  `rollover_id` decimal(10,0) DEFAULT NULL
) ENGINE=InnoDB DEFAULT CHARSET=utf8;

--
-- Dumping data for table `school_semesters`
--

INSERT INTO `school_semesters` (`marking_period_id`, `syear`, `school_id`, `year_id`, `title`, `short_name`, `sort_order`, `start_date`, `end_date`, `post_start_date`, `post_end_date`, `does_grades`, `does_exam`, `does_comments`, `rollover_id`) VALUES
('1', '2012', '1', '11', 'Semester 1', 'S1', '1', '2012-08-17', '2010-01-07', '2012-10-05', '2012-10-16', NULL, NULL, NULL, NULL),
('2', '2012', '1', '11', 'Semester 2', 'S2', '2', '2010-01-11', '2010-05-28', '2010-05-24', '2010-06-04', NULL, NULL, NULL, NULL);

-- --------------------------------------------------------

--
-- Table structure for table `school_years`
--

CREATE TABLE `school_years` (
  `marking_period_id` decimal(10,0) NOT NULL,
  `syear` decimal(4,0) DEFAULT NULL,
  `school_id` decimal(10,0) DEFAULT NULL,
  `title` varchar(50) DEFAULT NULL,
  `short_name` varchar(10) DEFAULT NULL,
  `sort_order` decimal(10,0) DEFAULT NULL,
  `start_date` date DEFAULT NULL,
  `end_date` date DEFAULT NULL,
  `post_start_date` date DEFAULT NULL,
  `post_end_date` date DEFAULT NULL,
  `does_grades` varchar(1) DEFAULT NULL,
  `does_exam` varchar(1) DEFAULT NULL,
  `does_comments` varchar(1) DEFAULT NULL,
  `rollover_id` decimal(10,0) DEFAULT NULL
) ENGINE=InnoDB DEFAULT CHARSET=utf8;

--
-- Dumping data for table `school_years`
--

INSERT INTO `school_years` (`marking_period_id`, `syear`, `school_id`, `title`, `short_name`, `sort_order`, `start_date`, `end_date`, `post_start_date`, `post_end_date`, `does_grades`, `does_exam`, `does_comments`, `rollover_id`) VALUES
('11', '2012', '1', 'Full Year', 'FY', '1', '2011-06-06', '2012-03-31', '2012-03-10', '2012-03-22', 'Y', 'Y', 'Y', NULL);

-- --------------------------------------------------------

--
-- Table structure for table `schools`
--

CREATE TABLE `schools` (
  `syear` decimal(4,0) DEFAULT NULL,
  `id` decimal(10,0) NOT NULL,
  `title` varchar(100) DEFAULT NULL,
  `address` varchar(100) DEFAULT NULL,
  `city` varchar(100) DEFAULT NULL,
  `state` varchar(10) DEFAULT NULL,
  `zipcode` varchar(10) DEFAULT NULL,
  `area_code` decimal(3,0) DEFAULT NULL,
  `phone` varchar(30) DEFAULT NULL,
  `principal` varchar(100) DEFAULT NULL,
  `www_address` varchar(100) DEFAULT NULL,
  `e_mail` varchar(100) DEFAULT NULL,
  `ceeb` varchar(100) DEFAULT NULL,
  `reporting_gp_scale` decimal(10,3) DEFAULT NULL
) ENGINE=InnoDB DEFAULT CHARSET=utf8;

--
-- Dumping data for table `schools`
--

INSERT INTO `schools` (`syear`, `id`, `title`, `address`, `city`, `state`, `zipcode`, `area_code`, `phone`, `principal`, `www_address`, `e_mail`, `ceeb`, `reporting_gp_scale`) VALUES
('2012', '1', 'JE Mondejar Foundation College', '123 Brgy. Naga-naga', 'Tacloban City', 'Leyte', '06500', NULL, '(053)-321-1234', 'Mr. Principal', 'www.jemfc.gov.edu', 'jemfc@gmail.com', NULL, '4.000');

-- --------------------------------------------------------

--
-- Table structure for table `schools_seq`
--

CREATE TABLE `schools_seq` (
  `id` int(11) NOT NULL
) ENGINE=InnoDB DEFAULT CHARSET=utf8;

-- --------------------------------------------------------

--
-- Table structure for table `staff`
--

CREATE TABLE `staff` (
  `staff_id` decimal(10,0) NOT NULL,
  `syear` decimal(4,0) DEFAULT NULL,
  `current_school_id` decimal(10,0) DEFAULT NULL,
  `title` varchar(5) DEFAULT NULL,
  `first_name` varchar(100) DEFAULT NULL,
  `last_name` varchar(100) DEFAULT NULL,
  `middle_name` varchar(100) DEFAULT NULL,
  `username` varchar(100) DEFAULT NULL,
  `password` varchar(100) DEFAULT NULL,
  `phone` varchar(100) DEFAULT NULL,
  `email` varchar(100) DEFAULT NULL,
  `profile` varchar(30) DEFAULT NULL,
  `homeroom` varchar(5) DEFAULT NULL,
  `schools` varchar(255) DEFAULT NULL,
  `last_login` timestamp NOT NULL DEFAULT CURRENT_TIMESTAMP ON UPDATE CURRENT_TIMESTAMP,
  `failed_login` decimal(10,0) DEFAULT NULL,
  `profile_id` decimal(10,0) DEFAULT NULL,
  `rollover_id` decimal(10,0) DEFAULT NULL
) ENGINE=InnoDB DEFAULT CHARSET=utf8;

--
-- Dumping data for table `staff`
--

INSERT INTO `staff` (`staff_id`, `syear`, `current_school_id`, `title`, `first_name`, `last_name`, `middle_name`, `username`, `password`, `phone`, `email`, `profile`, `homeroom`, `schools`, `last_login`, `failed_login`, `profile_id`, `rollover_id`) VALUES
('1', '2012', '1', NULL, 'Admin', 'Administrator', 'A', 'admin', '21232f297a57a5a743894a0e4a801fc3', NULL, NULL, 'admin', NULL, NULL, '2012-11-19 03:59:47', NULL, '1', NULL),
('2', '2012', NULL, NULL, 'Mary', 'Teacher', 'M', 'teacher', '8d788385431273d11e8b43bb78f3aa41', NULL, NULL, 'teacher', NULL, ',1,', '2012-03-05 21:46:51', NULL, '2', NULL),
('3', '2012', NULL, NULL, 'Joe', 'Parent', 'J', 'parent', 'd0e45878043844ffc41aac437e86b602', NULL, NULL, 'parent', NULL, NULL, '2012-02-12 10:11:57', NULL, '3', NULL),
('4', '2012', NULL, 'Mrs.', 'Maria', 'Sabilot', 'Oyudat', 'Maria', 'cbc19b07662418d5f14cc55657295924', '09166655257', 'maria@gmail.com', 'parent', NULL, ',1,', '2012-03-05 21:44:58', NULL, '3', NULL);

-- --------------------------------------------------------

--
-- Table structure for table `staff_exceptions`
--

CREATE TABLE `staff_exceptions` (
  `user_id` decimal(10,0) NOT NULL,
  `modname` varchar(255) DEFAULT NULL,
  `can_use` varchar(1) DEFAULT NULL,
  `can_edit` varchar(1) DEFAULT NULL
) ENGINE=InnoDB DEFAULT CHARSET=utf8;

-- --------------------------------------------------------

--
-- Table structure for table `staff_field_categories`
--

CREATE TABLE `staff_field_categories` (
  `id` decimal(10,0) NOT NULL,
  `title` varchar(100) DEFAULT NULL,
  `sort_order` decimal(10,0) DEFAULT NULL,
  `include` varchar(100) DEFAULT NULL,
  `admin` char(1) DEFAULT NULL,
  `teacher` char(1) DEFAULT NULL,
  `parent` char(1) DEFAULT NULL,
  `none` char(1) DEFAULT NULL
) ENGINE=InnoDB DEFAULT CHARSET=utf8;

--
-- Dumping data for table `staff_field_categories`
--

INSERT INTO `staff_field_categories` (`id`, `title`, `sort_order`, `include`, `admin`, `teacher`, `parent`, `none`) VALUES
('1', 'Student', '4', NULL, NULL, NULL, 'Y', NULL);

-- --------------------------------------------------------

--
-- Table structure for table `staff_field_categories_seq`
--

CREATE TABLE `staff_field_categories_seq` (
  `id` int(11) NOT NULL
) ENGINE=InnoDB DEFAULT CHARSET=utf8;

-- --------------------------------------------------------

--
-- Table structure for table `staff_fields`
--

CREATE TABLE `staff_fields` (
  `id` decimal(10,0) NOT NULL,
  `type` varchar(10) DEFAULT NULL,
  `search` varchar(1) DEFAULT NULL,
  `title` varchar(30) DEFAULT NULL,
  `sort_order` decimal(10,0) DEFAULT NULL,
  `select_options` varchar(10000) DEFAULT NULL,
  `category_id` decimal(10,0) DEFAULT NULL,
  `system_field` char(1) DEFAULT NULL,
  `required` varchar(1) DEFAULT NULL,
  `default_selection` varchar(255) DEFAULT NULL
) ENGINE=InnoDB DEFAULT CHARSET=utf8;

-- --------------------------------------------------------

--
-- Table structure for table `staff_fields_seq`
--

CREATE TABLE `staff_fields_seq` (
  `id` int(11) NOT NULL
) ENGINE=InnoDB DEFAULT CHARSET=utf8;

-- --------------------------------------------------------

--
-- Table structure for table `staff_seq`
--

CREATE TABLE `staff_seq` (
  `id` int(11) NOT NULL
) ENGINE=InnoDB DEFAULT CHARSET=utf8;

-- --------------------------------------------------------

--
-- Table structure for table `student_eligibility_activities`
--

CREATE TABLE `student_eligibility_activities` (
  `syear` decimal(4,0) DEFAULT NULL,
  `student_id` decimal(10,0) DEFAULT NULL,
  `activity_id` decimal(10,0) DEFAULT NULL
) ENGINE=InnoDB DEFAULT CHARSET=utf8;

--
-- Dumping data for table `student_eligibility_activities`
--

INSERT INTO `student_eligibility_activities` (`syear`, `student_id`, `activity_id`) VALUES
('2012', '1', '5'),
('2012', '1', '4');

-- --------------------------------------------------------

--
-- Table structure for table `student_enrollment`
--

CREATE TABLE `student_enrollment` (
  `id` decimal(10,0) NOT NULL,
  `syear` decimal(4,0) DEFAULT NULL,
  `school_id` decimal(10,0) DEFAULT NULL,
  `student_id` decimal(10,0) DEFAULT NULL,
  `grade_id` decimal(10,0) DEFAULT NULL,
  `start_date` date DEFAULT NULL,
  `end_date` date DEFAULT NULL,
  `enrollment_code` decimal(10,0) DEFAULT NULL,
  `drop_code` decimal(10,0) DEFAULT NULL,
  `next_school` decimal(10,0) DEFAULT NULL,
  `calendar_id` decimal(10,0) DEFAULT NULL,
  `last_school` decimal(10,0) DEFAULT NULL
) ENGINE=InnoDB DEFAULT CHARSET=utf8;

--
-- Dumping data for table `student_enrollment`
--

INSERT INTO `student_enrollment` (`id`, `syear`, `school_id`, `student_id`, `grade_id`, `start_date`, `end_date`, `enrollment_code`, `drop_code`, `next_school`, `calendar_id`, `last_school`) VALUES
('1', '2012', '1', '1', '1', '2012-08-17', NULL, '3', NULL, NULL, '1', NULL),
('2', '2012', '1', '2', '2', '2011-06-06', NULL, '3', NULL, '1', '1', NULL);

-- --------------------------------------------------------

--
-- Table structure for table `student_enrollment_codes`
--

CREATE TABLE `student_enrollment_codes` (
  `id` decimal(10,0) DEFAULT NULL,
  `syear` decimal(4,0) DEFAULT NULL,
  `title` varchar(100) DEFAULT NULL,
  `short_name` varchar(10) DEFAULT NULL,
  `type` varchar(4) DEFAULT NULL
) ENGINE=InnoDB DEFAULT CHARSET=utf8;

--
-- Dumping data for table `student_enrollment_codes`
--

INSERT INTO `student_enrollment_codes` (`id`, `syear`, `title`, `short_name`, `type`) VALUES
('1', '2012', 'Moved from District', 'MOVE', 'Drop'),
('2', '2012', 'Expelled', 'EXP', 'Drop'),
('3', '2012', 'Beginning of Year', 'EBY', 'Add'),
('4', '2012', 'From Other District', 'OTHER', 'Add'),
('5', '2012', 'Transferred in District', 'TRAN', 'Drop'),
('6', '2012', 'Transferred in District', 'EMY', 'Add');

-- --------------------------------------------------------

--
-- Table structure for table `student_enrollment_codes_seq`
--

CREATE TABLE `student_enrollment_codes_seq` (
  `id` int(11) NOT NULL
) ENGINE=InnoDB DEFAULT CHARSET=utf8;

-- --------------------------------------------------------

--
-- Table structure for table `student_enrollment_seq`
--

CREATE TABLE `student_enrollment_seq` (
  `id` int(11) NOT NULL
) ENGINE=InnoDB DEFAULT CHARSET=utf8;

-- --------------------------------------------------------

--
-- Table structure for table `student_field_categories`
--

CREATE TABLE `student_field_categories` (
  `id` decimal(10,0) NOT NULL,
  `title` varchar(100) DEFAULT NULL,
  `sort_order` decimal(10,0) DEFAULT NULL,
  `include` varchar(100) DEFAULT NULL
) ENGINE=InnoDB DEFAULT CHARSET=utf8;

--
-- Dumping data for table `student_field_categories`
--

INSERT INTO `student_field_categories` (`id`, `title`, `sort_order`, `include`) VALUES
('1', 'General Info', '1', NULL),
('2', 'Medical', '3', NULL),
('3', 'Addresses & Contacts', '2', NULL),
('4', 'Comments', '4', NULL),
('5', 'Food Service', '5', 'Food_Service/Student');

-- --------------------------------------------------------

--
-- Table structure for table `student_field_categories_seq`
--

CREATE TABLE `student_field_categories_seq` (
  `id` int(11) NOT NULL
) ENGINE=InnoDB DEFAULT CHARSET=utf8;

-- --------------------------------------------------------

--
-- Table structure for table `student_gpa_calculated`
--

CREATE TABLE `student_gpa_calculated` (
  `student_id` decimal(10,0) DEFAULT NULL,
  `marking_period_id` decimal(10,0) DEFAULT NULL,
  `mp` varchar(4) DEFAULT NULL,
  `gpa` decimal(10,0) DEFAULT NULL,
  `weighted_gpa` decimal(10,0) DEFAULT NULL,
  `unweighted_gpa` decimal(10,0) DEFAULT NULL,
  `class_rank` decimal(10,0) DEFAULT NULL
) ENGINE=InnoDB DEFAULT CHARSET=utf8;

-- --------------------------------------------------------

--
-- Table structure for table `student_gpa_running`
--

CREATE TABLE `student_gpa_running` (
  `student_id` decimal(10,0) DEFAULT NULL,
  `marking_period_id` decimal(10,0) DEFAULT NULL,
  `gpa_points` decimal(10,0) DEFAULT NULL,
  `gpa_points_weighted` decimal(10,0) DEFAULT NULL,
  `divisor` decimal(10,0) DEFAULT NULL
) ENGINE=InnoDB DEFAULT CHARSET=utf8;

-- --------------------------------------------------------

--
-- Table structure for table `student_medical`
--

CREATE TABLE `student_medical` (
  `id` decimal(10,0) NOT NULL,
  `student_id` decimal(10,0) DEFAULT NULL,
  `type` varchar(25) DEFAULT NULL,
  `medical_date` date DEFAULT NULL,
  `comments` varchar(100) DEFAULT NULL
) ENGINE=InnoDB DEFAULT CHARSET=utf8;

-- --------------------------------------------------------

--
-- Table structure for table `student_medical_alerts`
--

CREATE TABLE `student_medical_alerts` (
  `id` decimal(10,0) NOT NULL,
  `student_id` decimal(10,0) DEFAULT NULL,
  `title` varchar(100) DEFAULT NULL
) ENGINE=InnoDB DEFAULT CHARSET=utf8;

-- --------------------------------------------------------

--
-- Table structure for table `student_medical_alerts_seq`
--

CREATE TABLE `student_medical_alerts_seq` (
  `id` int(11) NOT NULL
) ENGINE=InnoDB DEFAULT CHARSET=utf8;

-- --------------------------------------------------------

--
-- Table structure for table `student_medical_seq`
--

CREATE TABLE `student_medical_seq` (
  `id` int(11) NOT NULL
) ENGINE=InnoDB DEFAULT CHARSET=utf8;

-- --------------------------------------------------------

--
-- Table structure for table `student_medical_visits`
--

CREATE TABLE `student_medical_visits` (
  `id` decimal(10,0) NOT NULL,
  `student_id` decimal(10,0) DEFAULT NULL,
  `school_date` date DEFAULT NULL,
  `time_in` varchar(20) DEFAULT NULL,
  `time_out` varchar(20) DEFAULT NULL,
  `reason` varchar(100) DEFAULT NULL,
  `result` varchar(100) DEFAULT NULL,
  `comments` text
) ENGINE=InnoDB DEFAULT CHARSET=utf8;

-- --------------------------------------------------------

--
-- Table structure for table `student_medical_visits_seq`
--

CREATE TABLE `student_medical_visits_seq` (
  `id` int(11) NOT NULL
) ENGINE=InnoDB DEFAULT CHARSET=utf8;

-- --------------------------------------------------------

--
-- Table structure for table `student_mp_comments`
--

CREATE TABLE `student_mp_comments` (
  `student_id` decimal(10,0) NOT NULL,
  `syear` decimal(4,0) NOT NULL,
  `marking_period_id` decimal(10,0) NOT NULL,
  `comment` text
) ENGINE=InnoDB DEFAULT CHARSET=utf8;

-- --------------------------------------------------------

--
-- Table structure for table `student_mp_stats`
--

CREATE TABLE `student_mp_stats` (
  `student_id` int(11) NOT NULL,
  `marking_period_id` int(11) NOT NULL,
  `cum_weighted_factor` decimal(10,0) DEFAULT NULL,
  `cum_unweighted_factor` decimal(10,0) DEFAULT NULL,
  `cum_rank` int(11) DEFAULT NULL,
  `mp_rank` int(11) DEFAULT NULL,
  `sum_weighted_factors` decimal(10,0) DEFAULT NULL,
  `sum_unweighted_factors` decimal(10,0) DEFAULT NULL,
  `count_weighted_factors` decimal(10,0) DEFAULT NULL,
  `count_unweighted_factors` decimal(10,0) DEFAULT NULL,
  `grade_level_short` varchar(3) DEFAULT NULL,
  `class_size` int(11) DEFAULT NULL
) ENGINE=InnoDB DEFAULT CHARSET=utf8;

--
-- Dumping data for table `student_mp_stats`
--

INSERT INTO `student_mp_stats` (`student_id`, `marking_period_id`, `cum_weighted_factor`, `cum_unweighted_factor`, `cum_rank`, `mp_rank`, `sum_weighted_factors`, `sum_unweighted_factors`, `count_weighted_factors`, `count_unweighted_factors`, `grade_level_short`, `class_size`) VALUES
(2, 1, NULL, NULL, NULL, NULL, NULL, NULL, NULL, NULL, '1', NULL);

-- --------------------------------------------------------

--
-- Table structure for table `student_report_card_comments`
--

CREATE TABLE `student_report_card_comments` (
  `syear` decimal(4,0) NOT NULL,
  `school_id` decimal(10,0) DEFAULT NULL,
  `student_id` decimal(10,0) NOT NULL,
  `course_period_id` decimal(10,0) NOT NULL,
  `report_card_comment_id` decimal(10,0) NOT NULL,
  `comment` varchar(1) DEFAULT NULL,
  `marking_period_id` decimal(10,0) NOT NULL
) ENGINE=InnoDB DEFAULT CHARSET=utf8;

-- --------------------------------------------------------

--
-- Table structure for table `student_report_card_grades`
--

CREATE TABLE `student_report_card_grades` (
  `syear` decimal(4,0) DEFAULT NULL,
  `school_id` decimal(10,0) DEFAULT NULL,
  `student_id` decimal(10,0) NOT NULL,
  `course_period_id` decimal(10,0) DEFAULT NULL,
  `report_card_grade_id` decimal(10,0) DEFAULT NULL,
  `report_card_comment_id` decimal(10,0) DEFAULT NULL,
  `comment` varchar(255) DEFAULT NULL,
  `grade_percent` decimal(4,1) DEFAULT NULL,
  `marking_period_id` decimal(10,0) NOT NULL,
  `grade_letter` varchar(5) DEFAULT NULL,
  `weighted_gp` decimal(10,0) DEFAULT NULL,
  `unweighted_gp` decimal(10,0) DEFAULT NULL,
  `gp_scale` decimal(10,0) DEFAULT NULL,
  `credit_attempted` decimal(10,0) DEFAULT NULL,
  `credit_earned` decimal(10,0) DEFAULT NULL,
  `credit_category` varchar(10) DEFAULT NULL,
  `course_title` varchar(100) DEFAULT NULL,
  `id` int(11) NOT NULL DEFAULT '0'
) ENGINE=InnoDB DEFAULT CHARSET=utf8;

-- --------------------------------------------------------

--
-- Table structure for table `student_report_card_grades_seq`
--

CREATE TABLE `student_report_card_grades_seq` (
  `id` int(11) NOT NULL
) ENGINE=InnoDB DEFAULT CHARSET=utf8;

-- --------------------------------------------------------

--
-- Table structure for table `students`
--

CREATE TABLE `students` (
  `student_id` decimal(10,0) NOT NULL,
  `last_name` varchar(50) NOT NULL,
  `first_name` varchar(50) NOT NULL,
  `middle_name` varchar(50) DEFAULT NULL,
  `name_suffix` varchar(3) DEFAULT NULL,
  `username` varchar(100) DEFAULT NULL,
  `password` varchar(100) DEFAULT NULL,
  `last_login` timestamp NOT NULL DEFAULT CURRENT_TIMESTAMP ON UPDATE CURRENT_TIMESTAMP,
  `failed_login` decimal(10,0) DEFAULT NULL,
  `custom_200000000` varchar(255) DEFAULT NULL,
  `custom_200000002` varchar(255) DEFAULT NULL,
  `custom_200000003` varchar(255) DEFAULT NULL,
  `custom_200000004` varchar(255) DEFAULT NULL,
  `custom_200000005` varchar(255) DEFAULT NULL,
  `custom_200000006` varchar(255) DEFAULT NULL,
  `custom_200000007` varchar(255) DEFAULT NULL,
  `custom_200000008` varchar(255) DEFAULT NULL,
  `custom_200000009` varchar(2052) DEFAULT NULL,
  `custom_200000010` char(1) DEFAULT NULL,
  `custom_200000011` varchar(2052) DEFAULT NULL,
  `custom_200000012` varchar(255) DEFAULT NULL,
  `alt_id` varchar(50) DEFAULT NULL
) ENGINE=InnoDB DEFAULT CHARSET=utf8;

--
-- Dumping data for table `students`
--

INSERT INTO `students` (`student_id`, `last_name`, `first_name`, `middle_name`, `name_suffix`, `username`, `password`, `last_login`, `failed_login`, `custom_200000000`, `custom_200000002`, `custom_200000003`, `custom_200000004`, `custom_200000005`, `custom_200000006`, `custom_200000007`, `custom_200000008`, `custom_200000009`, `custom_200000010`, `custom_200000011`, `custom_200000012`, `alt_id`) VALUES
('1', 'Williams', 'Robert', NULL, NULL, 'student', 'cd73502828457d15655bbd7a63fb0bc8', '2012-02-12 10:13:07', NULL, 'Male', 'Bob', NULL, '1994-12-04', 'English', NULL, NULL, NULL, NULL, NULL, NULL, NULL, NULL),
('2', 'Sabilot', 'Oelasor', 'Oyudat', NULL, 'oelasor', '02f7d82fdcae3642d395cfce9b7b4370', '2012-02-13 09:31:26', NULL, 'Male', 'Oel', NULL, '1972-02-05', 'English', NULL, NULL, NULL, NULL, NULL, NULL, '2012-03-31', '097-39587');

-- --------------------------------------------------------

--
-- Table structure for table `students_join_address`
--

CREATE TABLE `students_join_address` (
  `id` decimal(10,0) NOT NULL,
  `student_id` decimal(10,0) NOT NULL,
  `address_id` decimal(10,0) NOT NULL,
  `contact_seq` decimal(10,0) DEFAULT NULL,
  `gets_mail` varchar(1) DEFAULT NULL,
  `primary_residence` varchar(1) DEFAULT NULL,
  `legal_residence` varchar(1) DEFAULT NULL,
  `am_bus` varchar(1) DEFAULT NULL,
  `pm_bus` varchar(1) DEFAULT NULL,
  `mailing` varchar(1) DEFAULT NULL,
  `residence` varchar(1) DEFAULT NULL,
  `bus` varchar(1) DEFAULT NULL,
  `bus_pickup` varchar(1) DEFAULT NULL,
  `bus_dropoff` varchar(1) DEFAULT NULL,
  `bus_no` varchar(50) DEFAULT NULL
) ENGINE=InnoDB DEFAULT CHARSET=utf8;

--
-- Dumping data for table `students_join_address`
--

INSERT INTO `students_join_address` (`id`, `student_id`, `address_id`, `contact_seq`, `gets_mail`, `primary_residence`, `legal_residence`, `am_bus`, `pm_bus`, `mailing`, `residence`, `bus`, `bus_pickup`, `bus_dropoff`, `bus_no`) VALUES
('1', '1', '1', NULL, NULL, NULL, NULL, NULL, NULL, NULL, NULL, NULL, NULL, NULL, NULL);

-- --------------------------------------------------------

--
-- Table structure for table `students_join_address_seq`
--

CREATE TABLE `students_join_address_seq` (
  `id` int(11) NOT NULL
) ENGINE=InnoDB DEFAULT CHARSET=utf8;

-- --------------------------------------------------------

--
-- Table structure for table `students_join_people`
--

CREATE TABLE `students_join_people` (
  `id` decimal(10,0) NOT NULL,
  `student_id` decimal(10,0) NOT NULL,
  `person_id` decimal(10,0) NOT NULL,
  `address_id` decimal(10,0) DEFAULT NULL,
  `custody` varchar(1) DEFAULT NULL,
  `emergency` varchar(1) DEFAULT NULL,
  `student_relation` varchar(100) DEFAULT NULL,
  `addn_bus_pickup` varchar(2) DEFAULT NULL,
  `addn_bus_dropoff` varchar(2) DEFAULT NULL,
  `addn_busno` varchar(50) DEFAULT NULL,
  `addn_home_phone` varchar(100) DEFAULT NULL,
  `addn_work_phone` varchar(100) DEFAULT NULL,
  `addn_mobile_phone` varchar(100) DEFAULT NULL,
  `addn_email` varchar(100) DEFAULT NULL,
  `addn_address` varchar(100) DEFAULT NULL,
  `addn_street` varchar(100) DEFAULT NULL,
  `addn_city` varchar(100) DEFAULT NULL,
  `addn_state` varchar(100) DEFAULT NULL,
  `addn_zipcode` varchar(100) DEFAULT NULL
) ENGINE=InnoDB DEFAULT CHARSET=utf8;

--
-- Dumping data for table `students_join_people`
--

INSERT INTO `students_join_people` (`id`, `student_id`, `person_id`, `address_id`, `custody`, `emergency`, `student_relation`, `addn_bus_pickup`, `addn_bus_dropoff`, `addn_busno`, `addn_home_phone`, `addn_work_phone`, `addn_mobile_phone`, `addn_email`, `addn_address`, `addn_street`, `addn_city`, `addn_state`, `addn_zipcode`) VALUES
('1', '1', '1', '1', NULL, NULL, NULL, NULL, NULL, NULL, NULL, NULL, NULL, NULL, NULL, NULL, NULL, NULL, NULL);

-- --------------------------------------------------------

--
-- Table structure for table `students_join_people_seq`
--

CREATE TABLE `students_join_people_seq` (
  `id` int(11) NOT NULL
) ENGINE=InnoDB DEFAULT CHARSET=utf8;

-- --------------------------------------------------------

--
-- Table structure for table `students_join_users`
--

CREATE TABLE `students_join_users` (
  `student_id` decimal(10,0) NOT NULL,
  `staff_id` decimal(10,0) NOT NULL
) ENGINE=InnoDB DEFAULT CHARSET=utf8;

--
-- Dumping data for table `students_join_users`
--

INSERT INTO `students_join_users` (`student_id`, `staff_id`) VALUES
('1', '3'),
('2', '4');

-- --------------------------------------------------------

--
-- Table structure for table `students_seq`
--

CREATE TABLE `students_seq` (
  `id` int(11) NOT NULL
) ENGINE=InnoDB DEFAULT CHARSET=utf8;

-- --------------------------------------------------------

--
-- Stand-in structure for view `transcript_grades`
--
CREATE TABLE `transcript_grades` (
`school_id` decimal(10,0)
,`mp_source` varchar(7)
,`mp_id` decimal(10,0)
,`mp_name` varchar(50)
,`syear` decimal(10,0)
,`posted` date
,`student_id` decimal(10,0)
,`gradelevel` varchar(3)
,`grade_letter` varchar(5)
,`gp_value` decimal(10,0)
,`weighting` decimal(10,0)
,`gp_scale` decimal(10,0)
,`credit_attempted` decimal(10,0)
,`credit_earned` decimal(10,0)
,`credit_category` varchar(10)
,`course_name` varchar(100)
,`cum_gp_factor` decimal(10,0)
,`cum_gpa` decimal(20,3)
,`gpa` decimal(24,7)
,`cum_rank` int(11)
);

-- --------------------------------------------------------

--
-- Table structure for table `user_profiles`
--

CREATE TABLE `user_profiles` (
  `id` decimal(10,0) DEFAULT NULL,
  `profile` varchar(30) DEFAULT NULL,
  `title` varchar(100) DEFAULT NULL
) ENGINE=InnoDB DEFAULT CHARSET=utf8;

--
-- Dumping data for table `user_profiles`
--

INSERT INTO `user_profiles` (`id`, `profile`, `title`) VALUES
('0', 'student', 'Student'),
('1', 'admin', 'Administrator'),
('2', 'teacher', 'Teacher'),
('3', 'parent', 'Parent');

-- --------------------------------------------------------

--
-- Table structure for table `user_profiles_seq`
--

CREATE TABLE `user_profiles_seq` (
  `id` int(11) NOT NULL
) ENGINE=InnoDB DEFAULT CHARSET=utf8;

-- --------------------------------------------------------

--
-- Structure for view `course_details`
--
DROP TABLE IF EXISTS `course_details`;

CREATE ALGORITHM=UNDEFINED DEFINER=`root`@`localhost` SQL SECURITY DEFINER VIEW `course_details`  AS  select `cp`.`school_id` AS `school_id`,`cp`.`syear` AS `syear`,`cp`.`marking_period_id` AS `marking_period_id`,`cp`.`period_id` AS `period_id`,`c`.`subject_id` AS `subject_id`,`cp`.`course_id` AS `course_id`,`cp`.`course_period_id` AS `course_period_id`,`cp`.`teacher_id` AS `teacher_id`,`c`.`title` AS `course_title`,`cp`.`title` AS `cp_title`,`cp`.`grade_scale_id` AS `grade_scale_id`,`cp`.`mp` AS `mp`,`cp`.`credits` AS `credits` from (`course_periods` `cp` join `courses` `c`) where (`cp`.`course_id` = `c`.`course_id`) ;

-- --------------------------------------------------------

--
-- Structure for view `enroll_grade`
--
DROP TABLE IF EXISTS `enroll_grade`;

CREATE ALGORITHM=UNDEFINED DEFINER=`root`@`localhost` SQL SECURITY DEFINER VIEW `enroll_grade`  AS  select `e`.`id` AS `id`,`e`.`syear` AS `syear`,`e`.`school_id` AS `school_id`,`e`.`student_id` AS `student_id`,`e`.`start_date` AS `start_date`,`e`.`end_date` AS `end_date`,`sg`.`short_name` AS `short_name`,`sg`.`title` AS `title` from (`student_enrollment` `e` join `school_gradelevels` `sg`) where (`e`.`grade_id` = `sg`.`id`) ;

-- --------------------------------------------------------

--
-- Structure for view `marking_periods`
--
DROP TABLE IF EXISTS `marking_periods`;

CREATE ALGORITHM=UNDEFINED DEFINER=`root`@`localhost` SQL SECURITY DEFINER VIEW `marking_periods`  AS  select `q`.`marking_period_id` AS `marking_period_id`,'Centre' AS `mp_source`,`q`.`syear` AS `syear`,`q`.`school_id` AS `school_id`,'quarter' AS `mp_type`,`q`.`title` AS `title`,`q`.`short_name` AS `short_name`,`q`.`sort_order` AS `sort_order`,`q`.`semester_id` AS `parent_id`,`s`.`year_id` AS `grandparent_id`,`q`.`start_date` AS `start_date`,`q`.`end_date` AS `end_date`,`q`.`post_start_date` AS `post_start_date`,`q`.`post_end_date` AS `post_end_date`,`q`.`does_grades` AS `does_grades`,`q`.`does_exam` AS `does_exam`,`q`.`does_comments` AS `does_comments` from (`school_quarters` `q` join `school_semesters` `s` on((`q`.`semester_id` = `s`.`marking_period_id`))) union select `school_semesters`.`marking_period_id` AS `marking_period_id`,'Centre' AS `mp_source`,`school_semesters`.`syear` AS `syear`,`school_semesters`.`school_id` AS `school_id`,'semester' AS `mp_type`,`school_semesters`.`title` AS `title`,`school_semesters`.`short_name` AS `short_name`,`school_semesters`.`sort_order` AS `sort_order`,`school_semesters`.`year_id` AS `parent_id`,-(1) AS `grandparent_id`,`school_semesters`.`start_date` AS `start_date`,`school_semesters`.`end_date` AS `end_date`,`school_semesters`.`post_start_date` AS `post_start_date`,`school_semesters`.`post_end_date` AS `post_end_date`,`school_semesters`.`does_grades` AS `does_grades`,`school_semesters`.`does_exam` AS `does_exam`,`school_semesters`.`does_comments` AS `does_comments` from `school_semesters` union select `school_years`.`marking_period_id` AS `marking_period_id`,'Centre' AS `mp_source`,`school_years`.`syear` AS `syear`,`school_years`.`school_id` AS `school_id`,'year' AS `mp_type`,`school_years`.`title` AS `title`,`school_years`.`short_name` AS `short_name`,`school_years`.`sort_order` AS `sort_order`,-(1) AS `parent_id`,-(1) AS `grandparent_id`,`school_years`.`start_date` AS `start_date`,`school_years`.`end_date` AS `end_date`,`school_years`.`post_start_date` AS `post_start_date`,`school_years`.`post_end_date` AS `post_end_date`,`school_years`.`does_grades` AS `does_grades`,`school_years`.`does_exam` AS `does_exam`,`school_years`.`does_comments` AS `does_comments` from `school_years` union select `history_marking_periods`.`marking_period_id` AS `marking_period_id`,'History' AS `mp_source`,`history_marking_periods`.`syear` AS `syear`,`history_marking_periods`.`school_id` AS `school_id`,`history_marking_periods`.`mp_type` AS `mp_type`,`history_marking_periods`.`name` AS `title`,NULL AS `short_name`,NULL AS `sort_order`,`history_marking_periods`.`parent_id` AS `parent_id`,-(1) AS `grandparent_id`,NULL AS `start_date`,`history_marking_periods`.`post_end_date` AS `end_date`,NULL AS `post_start_date`,`history_marking_periods`.`post_end_date` AS `post_end_date`,'Y' AS `does_grades`,NULL AS `does_exam`,NULL AS `does_comments` from `history_marking_periods` ;

-- --------------------------------------------------------

--
-- Structure for view `transcript_grades`
--
DROP TABLE IF EXISTS `transcript_grades`;

CREATE ALGORITHM=UNDEFINED DEFINER=`root`@`localhost` SQL SECURITY DEFINER VIEW `transcript_grades`  AS  select `s`.`id` AS `school_id`,`mp`.`mp_source` AS `mp_source`,`mp`.`marking_period_id` AS `mp_id`,`mp`.`title` AS `mp_name`,`mp`.`syear` AS `syear`,`mp`.`end_date` AS `posted`,`rcg`.`student_id` AS `student_id`,`sms`.`grade_level_short` AS `gradelevel`,`rcg`.`grade_letter` AS `grade_letter`,`rcg`.`weighted_gp` AS `gp_value`,`rcg`.`unweighted_gp` AS `weighting`,`rcg`.`gp_scale` AS `gp_scale`,`rcg`.`credit_attempted` AS `credit_attempted`,`rcg`.`credit_earned` AS `credit_earned`,`rcg`.`credit_category` AS `credit_category`,`rcg`.`course_title` AS `course_name`,`sms`.`cum_weighted_factor` AS `cum_gp_factor`,(`sms`.`cum_weighted_factor` * `s`.`reporting_gp_scale`) AS `cum_gpa`,((`sms`.`sum_weighted_factors` / `sms`.`count_weighted_factors`) * `s`.`reporting_gp_scale`) AS `gpa`,`sms`.`cum_rank` AS `cum_rank` from (((`student_report_card_grades` `rcg` join `marking_periods` `mp` on(((`mp`.`marking_period_id` = `rcg`.`marking_period_id`) and (`mp`.`mp_type` = 'semester')))) join `student_mp_stats` `sms` on(((`sms`.`student_id` = `rcg`.`student_id`) and (`sms`.`marking_period_id` = `rcg`.`marking_period_id`)))) join `schools` `s` on((`s`.`id` = `mp`.`school_id`))) ;

--
-- Indexes for dumped tables
--

--
-- Indexes for table `address`
--
ALTER TABLE `address`
  ADD PRIMARY KEY (`address_id`),
  ADD KEY `address_3` (`zipcode`,`plus4`) USING BTREE,
  ADD KEY `address_4` (`street`) USING BTREE;

--
-- Indexes for table `address_field_categories`
--
ALTER TABLE `address_field_categories`
  ADD PRIMARY KEY (`id`);

--
-- Indexes for table `address_field_categories_seq`
--
ALTER TABLE `address_field_categories_seq`
  ADD PRIMARY KEY (`id`);

--
-- Indexes for table `address_fields`
--
ALTER TABLE `address_fields`
  ADD PRIMARY KEY (`id`),
  ADD KEY `address_desc_ind` (`id`) USING BTREE;

--
-- Indexes for table `address_fields_seq`
--
ALTER TABLE `address_fields_seq`
  ADD PRIMARY KEY (`id`);

--
-- Indexes for table `address_seq`
--
ALTER TABLE `address_seq`
  ADD PRIMARY KEY (`id`);

--
-- Indexes for table `attendance_calendar`
--
ALTER TABLE `attendance_calendar`
  ADD PRIMARY KEY (`syear`,`school_id`,`school_date`,`calendar_id`);

--
-- Indexes for table `attendance_code_categories`
--
ALTER TABLE `attendance_code_categories`
  ADD KEY `attendance_code_categories_ind1` (`id`) USING BTREE,
  ADD KEY `attendance_code_categories_ind2` (`syear`,`school_id`) USING BTREE;

--
-- Indexes for table `attendance_code_categories_seq`
--
ALTER TABLE `attendance_code_categories_seq`
  ADD PRIMARY KEY (`id`);

--
-- Indexes for table `attendance_codes`
--
ALTER TABLE `attendance_codes`
  ADD PRIMARY KEY (`id`),
  ADD KEY `attendance_codes_ind2` (`syear`,`school_id`) USING BTREE,
  ADD KEY `attendance_codes_ind3` (`short_name`) USING BTREE;

--
-- Indexes for table `attendance_codes_seq`
--
ALTER TABLE `attendance_codes_seq`
  ADD PRIMARY KEY (`id`);

--
-- Indexes for table `attendance_completed`
--
ALTER TABLE `attendance_completed`
  ADD PRIMARY KEY (`staff_id`,`school_date`,`period_id`);

--
-- Indexes for table `attendance_day`
--
ALTER TABLE `attendance_day`
  ADD PRIMARY KEY (`student_id`,`school_date`);

--
-- Indexes for table `attendance_period`
--
ALTER TABLE `attendance_period`
  ADD PRIMARY KEY (`student_id`,`school_date`,`period_id`),
  ADD KEY `attendance_period_ind1` (`student_id`) USING BTREE,
  ADD KEY `attendance_period_ind2` (`period_id`) USING BTREE,
  ADD KEY `attendance_period_ind3` (`attendance_code`) USING BTREE,
  ADD KEY `attendance_period_ind4` (`school_date`) USING BTREE,
  ADD KEY `attendance_period_ind5` (`attendance_code`) USING BTREE;

--
-- Indexes for table `calendar_events`
--
ALTER TABLE `calendar_events`
  ADD PRIMARY KEY (`id`);

--
-- Indexes for table `calendar_events_seq`
--
ALTER TABLE `calendar_events_seq`
  ADD PRIMARY KEY (`id`);

--
-- Indexes for table `calendars_seq`
--
ALTER TABLE `calendars_seq`
  ADD PRIMARY KEY (`id`);

--
-- Indexes for table `course_periods`
--
ALTER TABLE `course_periods`
  ADD PRIMARY KEY (`course_period_id`),
  ADD KEY `course_periods_ind1` (`syear`) USING BTREE,
  ADD KEY `course_periods_ind2` (`course_id`,`course_weight`,`syear`,`school_id`) USING BTREE,
  ADD KEY `course_periods_ind3` (`course_period_id`) USING BTREE,
  ADD KEY `course_periods_ind4` (`period_id`) USING BTREE,
  ADD KEY `course_periods_ind5` (`parent_id`) USING BTREE;

--
-- Indexes for table `course_periods_seq`
--
ALTER TABLE `course_periods_seq`
  ADD PRIMARY KEY (`id`);

--
-- Indexes for table `course_subjects`
--
ALTER TABLE `course_subjects`
  ADD PRIMARY KEY (`subject_id`),
  ADD KEY `course_subjects_ind1` (`syear`,`school_id`,`subject_id`) USING BTREE;

--
-- Indexes for table `course_subjects_seq`
--
ALTER TABLE `course_subjects_seq`
  ADD PRIMARY KEY (`id`);

--
-- Indexes for table `courses`
--
ALTER TABLE `courses`
  ADD PRIMARY KEY (`course_id`),
  ADD KEY `courses_ind1` (`course_id`,`syear`) USING BTREE,
  ADD KEY `courses_ind2` (`subject_id`) USING BTREE;

--
-- Indexes for table `courses_seq`
--
ALTER TABLE `courses_seq`
  ADD PRIMARY KEY (`id`);

--
-- Indexes for table `custom`
--
ALTER TABLE `custom`
  ADD PRIMARY KEY (`student_id`),
  ADD KEY `custom_ind` (`student_id`) USING BTREE;

--
-- Indexes for table `custom_fields`
--
ALTER TABLE `custom_fields`
  ADD PRIMARY KEY (`id`),
  ADD KEY `address_desc_ind2` (`type`) USING BTREE,
  ADD KEY `address_fields_ind3` (`category_id`) USING BTREE,
  ADD KEY `custom_desc_ind` (`id`) USING BTREE,
  ADD KEY `custom_desc_ind2` (`type`) USING BTREE,
  ADD KEY `custom_fields_ind3` (`category_id`) USING BTREE,
  ADD KEY `people_desc_ind2` (`type`) USING BTREE,
  ADD KEY `people_fields_ind3` (`category_id`) USING BTREE;

--
-- Indexes for table `custom_seq`
--
ALTER TABLE `custom_seq`
  ADD PRIMARY KEY (`id`);

--
-- Indexes for table `eligibility`
--
ALTER TABLE `eligibility`
  ADD KEY `eligibility_ind1` (`student_id`,`course_period_id`,`school_date`) USING BTREE;

--
-- Indexes for table `eligibility_activities`
--
ALTER TABLE `eligibility_activities`
  ADD PRIMARY KEY (`id`),
  ADD KEY `eligibility_activities_ind1` (`school_id`,`syear`) USING BTREE;

--
-- Indexes for table `eligibility_activities_seq`
--
ALTER TABLE `eligibility_activities_seq`
  ADD PRIMARY KEY (`id`);

--
-- Indexes for table `eligibility_completed`
--
ALTER TABLE `eligibility_completed`
  ADD PRIMARY KEY (`staff_id`,`school_date`,`period_id`);

--
-- Indexes for table `gradebook_assignment_types`
--
ALTER TABLE `gradebook_assignment_types`
  ADD PRIMARY KEY (`assignment_type_id`);

--
-- Indexes for table `gradebook_assignment_types_seq`
--
ALTER TABLE `gradebook_assignment_types_seq`
  ADD PRIMARY KEY (`id`);

--
-- Indexes for table `gradebook_assignments`
--
ALTER TABLE `gradebook_assignments`
  ADD PRIMARY KEY (`assignment_id`),
  ADD KEY `gradebook_assignment_types_ind1` (`staff_id`,`course_id`) USING BTREE,
  ADD KEY `gradebook_assignments_ind1` (`staff_id`,`marking_period_id`) USING BTREE,
  ADD KEY `gradebook_assignments_ind2` (`course_id`,`course_period_id`) USING BTREE,
  ADD KEY `gradebook_assignments_ind3` (`assignment_type_id`) USING BTREE;

--
-- Indexes for table `gradebook_assignments_seq`
--
ALTER TABLE `gradebook_assignments_seq`
  ADD PRIMARY KEY (`id`);

--
-- Indexes for table `gradebook_grades`
--
ALTER TABLE `gradebook_grades`
  ADD PRIMARY KEY (`student_id`,`assignment_id`,`course_period_id`),
  ADD KEY `gradebook_grades_ind1` (`assignment_id`) USING BTREE;

--
-- Indexes for table `grades_completed`
--
ALTER TABLE `grades_completed`
  ADD PRIMARY KEY (`staff_id`,`marking_period_id`,`period_id`);

--
-- Indexes for table `history_marking_periods`
--
ALTER TABLE `history_marking_periods`
  ADD PRIMARY KEY (`marking_period_id`),
  ADD KEY `history_marking_period_ind1` (`school_id`) USING BTREE,
  ADD KEY `history_marking_period_ind2` (`syear`) USING BTREE,
  ADD KEY `history_marking_period_ind3` (`mp_type`) USING BTREE;

--
-- Indexes for table `marking_period_seq`
--
ALTER TABLE `marking_period_seq`
  ADD PRIMARY KEY (`id`);

--
-- Indexes for table `people`
--
ALTER TABLE `people`
  ADD PRIMARY KEY (`person_id`),
  ADD KEY `people_1` (`last_name`,`first_name`) USING BTREE,
  ADD KEY `people_3` (`person_id`,`last_name`,`first_name`,`middle_name`) USING BTREE;

--
-- Indexes for table `people_field_categories`
--
ALTER TABLE `people_field_categories`
  ADD PRIMARY KEY (`id`);

--
-- Indexes for table `people_field_categories_seq`
--
ALTER TABLE `people_field_categories_seq`
  ADD PRIMARY KEY (`id`);

--
-- Indexes for table `people_fields`
--
ALTER TABLE `people_fields`
  ADD PRIMARY KEY (`id`),
  ADD KEY `people_desc_ind` (`id`) USING BTREE;

--
-- Indexes for table `people_fields_seq`
--
ALTER TABLE `people_fields_seq`
  ADD PRIMARY KEY (`id`);

--
-- Indexes for table `people_join_contacts`
--
ALTER TABLE `people_join_contacts`
  ADD PRIMARY KEY (`id`),
  ADD KEY `people_join_contacts_ind1` (`person_id`) USING BTREE;

--
-- Indexes for table `people_join_contacts_seq`
--
ALTER TABLE `people_join_contacts_seq`
  ADD PRIMARY KEY (`id`);

--
-- Indexes for table `people_seq`
--
ALTER TABLE `people_seq`
  ADD PRIMARY KEY (`id`);

--
-- Indexes for table `portal_notes`
--
ALTER TABLE `portal_notes`
  ADD PRIMARY KEY (`id`);

--
-- Indexes for table `portal_notes_seq`
--
ALTER TABLE `portal_notes_seq`
  ADD PRIMARY KEY (`id`);

--
-- Indexes for table `program_config`
--
ALTER TABLE `program_config`
  ADD KEY `program_config_ind1` (`program`,`school_id`,`syear`) USING BTREE;

--
-- Indexes for table `program_user_config`
--
ALTER TABLE `program_user_config`
  ADD KEY `program_user_config_ind1` (`user_id`,`program`) USING BTREE;

--
-- Indexes for table `report_card_comments`
--
ALTER TABLE `report_card_comments`
  ADD PRIMARY KEY (`id`),
  ADD KEY `report_card_comments_ind1` (`syear`,`school_id`) USING BTREE;

--
-- Indexes for table `report_card_comments_seq`
--
ALTER TABLE `report_card_comments_seq`
  ADD PRIMARY KEY (`id`);

--
-- Indexes for table `report_card_grade_scales`
--
ALTER TABLE `report_card_grade_scales`
  ADD PRIMARY KEY (`id`);

--
-- Indexes for table `report_card_grade_scales_seq`
--
ALTER TABLE `report_card_grade_scales_seq`
  ADD PRIMARY KEY (`id`);

--
-- Indexes for table `report_card_grades`
--
ALTER TABLE `report_card_grades`
  ADD PRIMARY KEY (`id`),
  ADD KEY `report_card_grades_ind1` (`syear`,`school_id`) USING BTREE;

--
-- Indexes for table `report_card_grades_seq`
--
ALTER TABLE `report_card_grades_seq`
  ADD PRIMARY KEY (`id`);

--
-- Indexes for table `schedule`
--
ALTER TABLE `schedule`
  ADD PRIMARY KEY (`syear`,`student_id`,`course_id`,`course_period_id`,`start_date`),
  ADD KEY `schedule_ind1` (`course_id`,`course_weight`) USING BTREE,
  ADD KEY `schedule_ind2` (`course_period_id`) USING BTREE,
  ADD KEY `schedule_ind3` (`student_id`,`marking_period_id`,`start_date`,`end_date`) USING BTREE,
  ADD KEY `schedule_ind4` (`syear`,`school_id`) USING BTREE;

--
-- Indexes for table `schedule_requests`
--
ALTER TABLE `schedule_requests`
  ADD PRIMARY KEY (`request_id`),
  ADD KEY `schedule_requests_ind1` (`student_id`,`course_id`,`course_weight`,`syear`,`school_id`) USING BTREE,
  ADD KEY `schedule_requests_ind2` (`syear`,`school_id`) USING BTREE,
  ADD KEY `schedule_requests_ind3` (`course_id`,`course_weight`,`syear`,`school_id`) USING BTREE,
  ADD KEY `schedule_requests_ind4` (`with_teacher_id`) USING BTREE,
  ADD KEY `schedule_requests_ind5` (`not_teacher_id`) USING BTREE,
  ADD KEY `schedule_requests_ind6` (`with_period_id`) USING BTREE,
  ADD KEY `schedule_requests_ind7` (`not_period_id`) USING BTREE,
  ADD KEY `schedule_requests_ind8` (`request_id`) USING BTREE;

--
-- Indexes for table `schedule_requests_seq`
--
ALTER TABLE `schedule_requests_seq`
  ADD PRIMARY KEY (`id`);

--
-- Indexes for table `schedule_seq`
--
ALTER TABLE `schedule_seq`
  ADD PRIMARY KEY (`id`);

--
-- Indexes for table `school_gradelevels`
--
ALTER TABLE `school_gradelevels`
  ADD PRIMARY KEY (`id`),
  ADD KEY `school_gradelevels_ind1` (`school_id`) USING BTREE;

--
-- Indexes for table `school_gradelevels_seq`
--
ALTER TABLE `school_gradelevels_seq`
  ADD PRIMARY KEY (`id`);

--
-- Indexes for table `school_periods`
--
ALTER TABLE `school_periods`
  ADD PRIMARY KEY (`period_id`),
  ADD KEY `school_periods_ind1` (`period_id`,`syear`) USING BTREE;

--
-- Indexes for table `school_periods_seq`
--
ALTER TABLE `school_periods_seq`
  ADD PRIMARY KEY (`id`);

--
-- Indexes for table `school_progress_periods`
--
ALTER TABLE `school_progress_periods`
  ADD PRIMARY KEY (`marking_period_id`),
  ADD KEY `school_progress_periods_ind1` (`quarter_id`) USING BTREE,
  ADD KEY `school_progress_periods_ind2` (`syear`,`school_id`,`start_date`,`end_date`) USING BTREE;

--
-- Indexes for table `school_quarters`
--
ALTER TABLE `school_quarters`
  ADD PRIMARY KEY (`marking_period_id`),
  ADD KEY `school_quarters_ind1` (`semester_id`) USING BTREE,
  ADD KEY `school_quarters_ind2` (`syear`,`school_id`,`start_date`,`end_date`) USING BTREE;

--
-- Indexes for table `school_semesters`
--
ALTER TABLE `school_semesters`
  ADD PRIMARY KEY (`marking_period_id`),
  ADD KEY `school_semesters_ind1` (`year_id`) USING BTREE,
  ADD KEY `school_semesters_ind2` (`syear`,`school_id`,`start_date`,`end_date`) USING BTREE;

--
-- Indexes for table `school_years`
--
ALTER TABLE `school_years`
  ADD PRIMARY KEY (`marking_period_id`),
  ADD KEY `school_years_ind2` (`syear`,`school_id`,`start_date`,`end_date`) USING BTREE;

--
-- Indexes for table `schools`
--
ALTER TABLE `schools`
  ADD PRIMARY KEY (`id`),
  ADD KEY `schools_ind1` (`syear`) USING BTREE;

--
-- Indexes for table `schools_seq`
--
ALTER TABLE `schools_seq`
  ADD PRIMARY KEY (`id`);

--
-- Indexes for table `staff`
--
ALTER TABLE `staff`
  ADD PRIMARY KEY (`staff_id`),
  ADD UNIQUE KEY `staff_ind4` (`username`,`syear`) USING BTREE,
  ADD KEY `staff_ind1` (`staff_id`,`syear`) USING BTREE,
  ADD KEY `staff_ind2` (`last_name`,`first_name`) USING BTREE,
  ADD KEY `staff_ind3` (`schools`) USING BTREE;

--
-- Indexes for table `staff_field_categories`
--
ALTER TABLE `staff_field_categories`
  ADD PRIMARY KEY (`id`);

--
-- Indexes for table `staff_field_categories_seq`
--
ALTER TABLE `staff_field_categories_seq`
  ADD PRIMARY KEY (`id`);

--
-- Indexes for table `staff_fields`
--
ALTER TABLE `staff_fields`
  ADD PRIMARY KEY (`id`),
  ADD KEY `staff_desc_ind1` (`id`) USING BTREE,
  ADD KEY `staff_desc_ind2` (`type`) USING BTREE,
  ADD KEY `staff_fields_ind3` (`category_id`) USING BTREE;

--
-- Indexes for table `staff_fields_seq`
--
ALTER TABLE `staff_fields_seq`
  ADD PRIMARY KEY (`id`);

--
-- Indexes for table `staff_seq`
--
ALTER TABLE `staff_seq`
  ADD PRIMARY KEY (`id`);

--
-- Indexes for table `student_eligibility_activities`
--
ALTER TABLE `student_eligibility_activities`
  ADD KEY `student_eligibility_activities_ind1` (`student_id`) USING BTREE;

--
-- Indexes for table `student_enrollment`
--
ALTER TABLE `student_enrollment`
  ADD PRIMARY KEY (`id`),
  ADD KEY `student_enrollment_1` (`student_id`,`enrollment_code`) USING BTREE,
  ADD KEY `student_enrollment_2` (`grade_id`) USING BTREE,
  ADD KEY `student_enrollment_3` (`syear`,`student_id`,`school_id`,`grade_id`) USING BTREE,
  ADD KEY `student_enrollment_6` (`start_date`,`end_date`) USING BTREE,
  ADD KEY `student_enrollment_7` (`school_id`) USING BTREE;

--
-- Indexes for table `student_enrollment_codes_seq`
--
ALTER TABLE `student_enrollment_codes_seq`
  ADD PRIMARY KEY (`id`);

--
-- Indexes for table `student_enrollment_seq`
--
ALTER TABLE `student_enrollment_seq`
  ADD PRIMARY KEY (`id`);

--
-- Indexes for table `student_field_categories`
--
ALTER TABLE `student_field_categories`
  ADD PRIMARY KEY (`id`);

--
-- Indexes for table `student_field_categories_seq`
--
ALTER TABLE `student_field_categories_seq`
  ADD PRIMARY KEY (`id`);

--
-- Indexes for table `student_gpa_calculated`
--
ALTER TABLE `student_gpa_calculated`
  ADD KEY `student_gpa_calculated_ind1` (`marking_period_id`,`student_id`) USING BTREE;

--
-- Indexes for table `student_gpa_running`
--
ALTER TABLE `student_gpa_running`
  ADD KEY `student_gpa_running_ind1` (`marking_period_id`,`student_id`) USING BTREE;

--
-- Indexes for table `student_medical`
--
ALTER TABLE `student_medical`
  ADD PRIMARY KEY (`id`),
  ADD KEY `student_medical_ind1` (`student_id`) USING BTREE;

--
-- Indexes for table `student_medical_alerts`
--
ALTER TABLE `student_medical_alerts`
  ADD PRIMARY KEY (`id`),
  ADD KEY `student_medical_alerts_ind1` (`student_id`) USING BTREE;

--
-- Indexes for table `student_medical_alerts_seq`
--
ALTER TABLE `student_medical_alerts_seq`
  ADD PRIMARY KEY (`id`);

--
-- Indexes for table `student_medical_seq`
--
ALTER TABLE `student_medical_seq`
  ADD PRIMARY KEY (`id`);

--
-- Indexes for table `student_medical_visits`
--
ALTER TABLE `student_medical_visits`
  ADD PRIMARY KEY (`id`),
  ADD KEY `student_medical_visits_ind1` (`student_id`) USING BTREE;

--
-- Indexes for table `student_medical_visits_seq`
--
ALTER TABLE `student_medical_visits_seq`
  ADD PRIMARY KEY (`id`);

--
-- Indexes for table `student_mp_comments`
--
ALTER TABLE `student_mp_comments`
  ADD PRIMARY KEY (`student_id`,`syear`,`marking_period_id`);

--
-- Indexes for table `student_mp_stats`
--
ALTER TABLE `student_mp_stats`
  ADD PRIMARY KEY (`student_id`,`marking_period_id`);

--
-- Indexes for table `student_report_card_comments`
--
ALTER TABLE `student_report_card_comments`
  ADD PRIMARY KEY (`syear`,`student_id`,`course_period_id`,`marking_period_id`,`report_card_comment_id`),
  ADD KEY `student_report_card_comments_ind1` (`school_id`) USING BTREE;

--
-- Indexes for table `student_report_card_grades`
--
ALTER TABLE `student_report_card_grades`
  ADD PRIMARY KEY (`id`),
  ADD UNIQUE KEY `student_report_card_grades_id_key` (`id`),
  ADD KEY `student_report_card_grades_ind1` (`school_id`) USING BTREE,
  ADD KEY `student_report_card_grades_ind2` (`student_id`) USING BTREE,
  ADD KEY `student_report_card_grades_ind3` (`course_period_id`) USING BTREE,
  ADD KEY `student_report_card_grades_ind4` (`marking_period_id`) USING BTREE;

--
-- Indexes for table `student_report_card_grades_seq`
--
ALTER TABLE `student_report_card_grades_seq`
  ADD PRIMARY KEY (`id`);

--
-- Indexes for table `students`
--
ALTER TABLE `students`
  ADD PRIMARY KEY (`student_id`),
  ADD KEY `name` (`last_name`,`first_name`,`middle_name`) USING BTREE;

--
-- Indexes for table `students_join_address`
--
ALTER TABLE `students_join_address`
  ADD PRIMARY KEY (`id`),
  ADD KEY `stu_addr_meets_2` (`address_id`) USING BTREE,
  ADD KEY `stu_addr_meets_3` (`primary_residence`) USING BTREE,
  ADD KEY `stu_addr_meets_4` (`legal_residence`) USING BTREE,
  ADD KEY `students_join_address_ind1` (`student_id`) USING BTREE,
  ADD KEY `sys_c007322` (`id`,`student_id`,`address_id`) USING BTREE;

--
-- Indexes for table `students_join_address_seq`
--
ALTER TABLE `students_join_address_seq`
  ADD PRIMARY KEY (`id`);

--
-- Indexes for table `students_join_people`
--
ALTER TABLE `students_join_people`
  ADD PRIMARY KEY (`id`),
  ADD KEY `relations_meets_2` (`person_id`) USING BTREE,
  ADD KEY `relations_meets_5` (`id`) USING BTREE,
  ADD KEY `relations_meets_6` (`custody`,`emergency`) USING BTREE,
  ADD KEY `students_join_people_ind1` (`student_id`) USING BTREE;

--
-- Indexes for table `students_join_people_seq`
--
ALTER TABLE `students_join_people_seq`
  ADD PRIMARY KEY (`id`);

--
-- Indexes for table `students_join_users`
--
ALTER TABLE `students_join_users`
  ADD PRIMARY KEY (`student_id`,`staff_id`);

--
-- Indexes for table `students_seq`
--
ALTER TABLE `students_seq`
  ADD PRIMARY KEY (`id`);

--
-- Indexes for table `user_profiles_seq`
--
ALTER TABLE `user_profiles_seq`
  ADD PRIMARY KEY (`id`);

--
-- AUTO_INCREMENT for dumped tables
--

--
-- AUTO_INCREMENT for table `address_field_categories_seq`
--
ALTER TABLE `address_field_categories_seq`
  MODIFY `id` int(11) NOT NULL AUTO_INCREMENT;
--
-- AUTO_INCREMENT for table `address_fields_seq`
--
ALTER TABLE `address_fields_seq`
  MODIFY `id` int(11) NOT NULL AUTO_INCREMENT;
--
-- AUTO_INCREMENT for table `address_seq`
--
ALTER TABLE `address_seq`
  MODIFY `id` int(11) NOT NULL AUTO_INCREMENT;
--
-- AUTO_INCREMENT for table `attendance_code_categories_seq`
--
ALTER TABLE `attendance_code_categories_seq`
  MODIFY `id` int(11) NOT NULL AUTO_INCREMENT;
--
-- AUTO_INCREMENT for table `attendance_codes_seq`
--
ALTER TABLE `attendance_codes_seq`
  MODIFY `id` int(11) NOT NULL AUTO_INCREMENT;
--
-- AUTO_INCREMENT for table `calendar_events_seq`
--
ALTER TABLE `calendar_events_seq`
  MODIFY `id` int(11) NOT NULL AUTO_INCREMENT;
--
-- AUTO_INCREMENT for table `calendars_seq`
--
ALTER TABLE `calendars_seq`
  MODIFY `id` int(11) NOT NULL AUTO_INCREMENT;
--
-- AUTO_INCREMENT for table `course_periods_seq`
--
ALTER TABLE `course_periods_seq`
  MODIFY `id` int(11) NOT NULL AUTO_INCREMENT;
--
-- AUTO_INCREMENT for table `course_subjects_seq`
--
ALTER TABLE `course_subjects_seq`
  MODIFY `id` int(11) NOT NULL AUTO_INCREMENT;
--
-- AUTO_INCREMENT for table `courses_seq`
--
ALTER TABLE `courses_seq`
  MODIFY `id` int(11) NOT NULL AUTO_INCREMENT;
--
-- AUTO_INCREMENT for table `custom_seq`
--
ALTER TABLE `custom_seq`
  MODIFY `id` int(11) NOT NULL AUTO_INCREMENT;
--
-- AUTO_INCREMENT for table `eligibility_activities_seq`
--
ALTER TABLE `eligibility_activities_seq`
  MODIFY `id` int(11) NOT NULL AUTO_INCREMENT;
--
-- AUTO_INCREMENT for table `gradebook_assignment_types_seq`
--
ALTER TABLE `gradebook_assignment_types_seq`
  MODIFY `id` int(11) NOT NULL AUTO_INCREMENT;
--
-- AUTO_INCREMENT for table `gradebook_assignments_seq`
--
ALTER TABLE `gradebook_assignments_seq`
  MODIFY `id` int(11) NOT NULL AUTO_INCREMENT;
--
-- AUTO_INCREMENT for table `marking_period_seq`
--
ALTER TABLE `marking_period_seq`
  MODIFY `id` int(11) NOT NULL AUTO_INCREMENT;
--
-- AUTO_INCREMENT for table `people_field_categories_seq`
--
ALTER TABLE `people_field_categories_seq`
  MODIFY `id` int(11) NOT NULL AUTO_INCREMENT;
--
-- AUTO_INCREMENT for table `people_fields_seq`
--
ALTER TABLE `people_fields_seq`
  MODIFY `id` int(11) NOT NULL AUTO_INCREMENT;
--
-- AUTO_INCREMENT for table `people_join_contacts_seq`
--
ALTER TABLE `people_join_contacts_seq`
  MODIFY `id` int(11) NOT NULL AUTO_INCREMENT;
--
-- AUTO_INCREMENT for table `people_seq`
--
ALTER TABLE `people_seq`
  MODIFY `id` int(11) NOT NULL AUTO_INCREMENT;
--
-- AUTO_INCREMENT for table `portal_notes_seq`
--
ALTER TABLE `portal_notes_seq`
  MODIFY `id` int(11) NOT NULL AUTO_INCREMENT;
--
-- AUTO_INCREMENT for table `report_card_comments_seq`
--
ALTER TABLE `report_card_comments_seq`
  MODIFY `id` int(11) NOT NULL AUTO_INCREMENT;
--
-- AUTO_INCREMENT for table `report_card_grade_scales_seq`
--
ALTER TABLE `report_card_grade_scales_seq`
  MODIFY `id` int(11) NOT NULL AUTO_INCREMENT;
--
-- AUTO_INCREMENT for table `report_card_grades_seq`
--
ALTER TABLE `report_card_grades_seq`
  MODIFY `id` int(11) NOT NULL AUTO_INCREMENT;
--
-- AUTO_INCREMENT for table `schedule_requests_seq`
--
ALTER TABLE `schedule_requests_seq`
  MODIFY `id` int(11) NOT NULL AUTO_INCREMENT;
--
-- AUTO_INCREMENT for table `schedule_seq`
--
ALTER TABLE `schedule_seq`
  MODIFY `id` int(11) NOT NULL AUTO_INCREMENT;
--
-- AUTO_INCREMENT for table `school_gradelevels_seq`
--
ALTER TABLE `school_gradelevels_seq`
  MODIFY `id` int(11) NOT NULL AUTO_INCREMENT;
--
-- AUTO_INCREMENT for table `school_periods_seq`
--
ALTER TABLE `school_periods_seq`
  MODIFY `id` int(11) NOT NULL AUTO_INCREMENT;
--
-- AUTO_INCREMENT for table `schools_seq`
--
ALTER TABLE `schools_seq`
  MODIFY `id` int(11) NOT NULL AUTO_INCREMENT;
--
-- AUTO_INCREMENT for table `staff_field_categories_seq`
--
ALTER TABLE `staff_field_categories_seq`
  MODIFY `id` int(11) NOT NULL AUTO_INCREMENT;
--
-- AUTO_INCREMENT for table `staff_fields_seq`
--
ALTER TABLE `staff_fields_seq`
  MODIFY `id` int(11) NOT NULL AUTO_INCREMENT;
--
-- AUTO_INCREMENT for table `staff_seq`
--
ALTER TABLE `staff_seq`
  MODIFY `id` int(11) NOT NULL AUTO_INCREMENT;
--
-- AUTO_INCREMENT for table `student_enrollment_codes_seq`
--
ALTER TABLE `student_enrollment_codes_seq`
  MODIFY `id` int(11) NOT NULL AUTO_INCREMENT;
--
-- AUTO_INCREMENT for table `student_enrollment_seq`
--
ALTER TABLE `student_enrollment_seq`
  MODIFY `id` int(11) NOT NULL AUTO_INCREMENT;
--
-- AUTO_INCREMENT for table `student_field_categories_seq`
--
ALTER TABLE `student_field_categories_seq`
  MODIFY `id` int(11) NOT NULL AUTO_INCREMENT;
--
-- AUTO_INCREMENT for table `student_medical_alerts_seq`
--
ALTER TABLE `student_medical_alerts_seq`
  MODIFY `id` int(11) NOT NULL AUTO_INCREMENT;
--
-- AUTO_INCREMENT for table `student_medical_seq`
--
ALTER TABLE `student_medical_seq`
  MODIFY `id` int(11) NOT NULL AUTO_INCREMENT;
--
-- AUTO_INCREMENT for table `student_medical_visits_seq`
--
ALTER TABLE `student_medical_visits_seq`
  MODIFY `id` int(11) NOT NULL AUTO_INCREMENT;
--
-- AUTO_INCREMENT for table `student_report_card_grades_seq`
--
ALTER TABLE `student_report_card_grades_seq`
  MODIFY `id` int(11) NOT NULL AUTO_INCREMENT;
--
-- AUTO_INCREMENT for table `students_join_address_seq`
--
ALTER TABLE `students_join_address_seq`
  MODIFY `id` int(11) NOT NULL AUTO_INCREMENT;
--
-- AUTO_INCREMENT for table `students_join_people_seq`
--
ALTER TABLE `students_join_people_seq`
  MODIFY `id` int(11) NOT NULL AUTO_INCREMENT;
--
-- AUTO_INCREMENT for table `students_seq`
--
ALTER TABLE `students_seq`
  MODIFY `id` int(11) NOT NULL AUTO_INCREMENT;
--
-- AUTO_INCREMENT for table `user_profiles_seq`
--
ALTER TABLE `user_profiles_seq`
  MODIFY `id` int(11) NOT NULL AUTO_INCREMENT;--
-- Database: `land`
--
CREATE DATABASE IF NOT EXISTS `land` DEFAULT CHARACTER SET latin1 COLLATE latin1_swedish_ci;
USE `land`;

-- --------------------------------------------------------

--
-- Table structure for table `bid`
--

CREATE TABLE `bid` (
  `bid` int(11) NOT NULL DEFAULT '1',
  `title` varchar(600) DEFAULT NULL,
  `landid` int(11) DEFAULT NULL,
  `description` varchar(900) DEFAULT NULL,
  `bidstart` varchar(22) DEFAULT NULL,
  `kebele` int(11) DEFAULT NULL,
  `area` varchar(100) DEFAULT NULL,
  `opdate` varchar(33) DEFAULT NULL,
  `category` varchar(100) DEFAULT NULL,
  `address` varchar(33) DEFAULT NULL,
  `image` varchar(800) DEFAULT NULL,
  `closingdate` varchar(22) DEFAULT NULL,
  `tele` varchar(22) DEFAULT NULL,
  `fax` varchar(22) DEFAULT NULL,
  `mobile` varchar(22) DEFAULT NULL,
  `email` varchar(66) DEFAULT NULL,
  `status` int(1) NOT NULL DEFAULT '1'
) ENGINE=InnoDB DEFAULT CHARSET=latin1;

--
-- Dumping data for table `bid`
--

INSERT INTO `bid` (`bid`, `title`, `landid`, `description`, `bidstart`, `kebele`, `area`, `opdate`, `category`, `address`, `image`, `closingdate`, `tele`, `fax`, `mobile`, `email`, `status`) VALUES
(19, 'hjfkufru', 2, ' hjfliyuryuktjrheasdfghyrte', '300', 1, '150', '2 March 2016', 'residential', '0998765488', 'img/4.jpg', '02/03/2016', '0987654345', '87696', '0998876555', 'tt@gmail.com', 1);

-- --------------------------------------------------------

--
-- Table structure for table `bide`
--

CREATE TABLE `bide` (
  `name` varchar(44) NOT NULL,
  `id` int(11) NOT NULL,
  `address` varchar(44) NOT NULL,
  `landid` int(11) NOT NULL,
  `bankid` varchar(55) NOT NULL,
  `timestamp` varchar(300) NOT NULL,
  `ammount` int(44) NOT NULL,
  `status` int(1) NOT NULL DEFAULT '1'
) ENGINE=InnoDB DEFAULT CHARSET=latin1;

--
-- Dumping data for table `bide`
--

INSERT INTO `bide` (`name`, `id`, `address`, `landid`, `bankid`, `timestamp`, `ammount`, `status`) VALUES
('mik', 93, '0998765488', 2, '100023', '2 March 2016 at 12.28 pm', 2000, 1);

-- --------------------------------------------------------

--
-- Table structure for table `bideaccount`
--

CREATE TABLE `bideaccount` (
  `id` int(11) NOT NULL,
  `securityno` varchar(77) NOT NULL,
  `banckaccount` varchar(11) NOT NULL,
  `payment` varchar(11) NOT NULL,
  `ammount` int(11) NOT NULL,
  `email` varchar(33) NOT NULL,
  `status` int(6) NOT NULL DEFAULT '1',
  `uid` int(11) DEFAULT NULL
) ENGINE=InnoDB DEFAULT CHARSET=latin1;

--
-- Dumping data for table `bideaccount`
--

INSERT INTO `bideaccount` (`id`, `securityno`, `banckaccount`, `payment`, `ammount`, `email`, `status`, `uid`) VALUES
(158, '2016020152218F', '1221', 'cash', 200, 'tt@gmail.com', 0, NULL),
(1433, '2016030239254D', '2436', 'cash', 2543, 'rrrftf@g.com', 0, NULL),
(98, '20160201817DEF', '777', 'check', 500, 'tt@gmail.com', 0, NULL),
(23, '201602164B89E4', 's24', 'check', 23, 'rr@g.com', 0, NULL);

-- --------------------------------------------------------

--
-- Table structure for table `certificate`
--

CREATE TABLE `certificate` (
  `id` int(11) NOT NULL,
  `kebele` int(11) NOT NULL,
  `area` int(100) NOT NULL,
  `category` varchar(100) NOT NULL,
  `north` varchar(22) NOT NULL,
  `south` varchar(22) NOT NULL,
  `east` varchar(22) NOT NULL,
  `weast` varchar(22) NOT NULL,
  `code` varchar(22) NOT NULL,
  `state` int(10) NOT NULL DEFAULT '1'
) ENGINE=InnoDB DEFAULT CHARSET=latin1;

--
-- Dumping data for table `certificate`
--

INSERT INTO `certificate` (`id`, `kebele`, `area`, `category`, `north`, `south`, `east`, `weast`, `code`, `state`) VALUES
(30, 1, 30, 'debrebirhan', 'aster', 'aweke', 'alemu', 'kedir', '201602240A1923', 1),
(72, 1, 120, 'comertioal', 'rodee', 'stadim', 'silassi', 'gebiwech', '20160201186C03', 1),
(158, 4, 200, 'comertioal', 'rodee', 'kk', 'uil', 'jkhl', '20160222AC2B9C', 1),
(200, 5, 150, 'residence', 'abdi', 'abdela', 'selam', 'selemon', '201602242EA21F', 1),
(413, 8, 120, 'residential', 'rodee', 'stadim', 'silassi', 'gebiwech', '20160201F54395', 1),
(497, 9, 200, 'residential', 'rodee', 'stadim', 'silassi', 'gebiwech', '20160224320D84', 1);

-- --------------------------------------------------------

--
-- Table structure for table `comment`
--

CREATE TABLE `comment` (
  `fullname` varchar(55) NOT NULL,
  `id` int(11) NOT NULL,
  `address` varchar(55) NOT NULL,
  `phone` varchar(55) NOT NULL,
  `comment` varchar(55) NOT NULL
) ENGINE=InnoDB DEFAULT CHARSET=latin1;

--
-- Dumping data for table `comment`
--

INSERT INTO `comment` (`fullname`, `id`, `address`, `phone`, `comment`) VALUES
('tamiru', 267, 'aaaaaaaaa', '543', 'sv34324'),
('tamiru', 267, 'aaaaaaaaa', '543', 'sv34324'),
('tamiru', 267, 'aaaaaaaaa', '543', 'sv34324'),
('tamiru', 267, 'aaaaaaaaa', '543', 'sv34324'),
('tamiru', 267, 'aaaaaaaaa', '543', 'sv34324'),
('temesgen', 267, 'sdfv', '9865746', 'sfdb cb'),
('talema ayalew', 10, 'debrebrhan', '0912343325', 'kjguigoghjb');

-- --------------------------------------------------------

--
-- Table structure for table `contact`
--

CREATE TABLE `contact` (
  `tele` varchar(44) NOT NULL,
  `fax` varchar(44) NOT NULL,
  `mobile` varchar(44) NOT NULL,
  `email` varchar(11) NOT NULL,
  `uid` int(11) NOT NULL
) ENGINE=InnoDB DEFAULT CHARSET=latin1;

--
-- Dumping data for table `contact`
--

INSERT INTO `contact` (`tele`, `fax`, `mobile`, `email`, `uid`) VALUES
('0914077110', '1298', '0914077110', 'talema@gmai', 12);

-- --------------------------------------------------------

--
-- Table structure for table `coordinates`
--

CREATE TABLE `coordinates` (
  `id` int(11) NOT NULL,
  `coordinates` varchar(500) NOT NULL
) ENGINE=InnoDB DEFAULT CHARSET=latin1;

--
-- Dumping data for table `coordinates`
--

INSERT INTO `coordinates` (`id`, `coordinates`) VALUES
(1, '2,38,144,19,157,46,169,75,176,98,181,127,181,152,172,152,168,143,124,143,117,135,74,137,67,146,21,151,19,144,23,132,27,122,29,116,25,91,20,73,6,51,4,38'),
(2, '146,18,153,35,159,46,166,64,171,78,177,96,179,109,182,126,182,128,217,129,244,127,246,74,242,72,243,68,246,65,244,55,239,54,238,8,145,18'),
(3, '239,8,240,31,240,53,243,53,246,57,247,62,247,66,244,72,247,73,247,88,246,113,246,128,240,128,240,140,260,139,260,159,290,159,293,165,300,162,309,161,321,160,335,160,331,133,335,129,335,113,330,114,330,97,375,99,385,89,385,89,375,70,366,57,358,50,342,49,328,43,322,41,316,33,300,20,297,4,240,8'),
(4, '386,89,376,100,363,100,341,99,331,98,331,112,336,112,336,130,332,133,332,138,333,144,336,161,375,160,428,162,431,170,443,170,449,174,453,176,473,164,467,158,462,151,457,144,451,136,450,129,448,124,444,121,438,117,430,114,422,110,414,110,403,107,397,105,394,103,386,90'),
(5, '375,161,427,163,431,171,443,171,453,177,474,165,479,168,528,167,548,187,550,193,552,200,552,207,551,213,547,224,533,246,482,233,372,231,372,198,377,198,375,162'),
(6, '218,130,240,128,240,140,259,140,259,160,289,160,291,163,292,166,297,164,302,163,317,161,335,161,335,162,374,162,376,197,372,197,372,232,367,233,367,243,368,249,361,250,352,251,345,253,337,256,330,258,323,259,314,258,313,254,269,253,269,249,275,248,274,226,246,227,246,246,228,245,227,222,232,218,231,197,230,171,219,173,217,130'),
(7, '122,142,124,144,167,144,171,153,182,153,182,129,217,130,219,173,229,173,231,196,194,197,190,204,174,209,172,205,162,205,163,210,158,217,123,214,121,179,122,142'),
(8, '21,152,69,147,75,138,118,136,123,143,122,161,124,214,103,218,93,245,87,244,51,244,45,176,39,169,32,168,22,157,22,153'),
(9, '103,219,92,244,109,259,109,272,131,293,227,282,227,222,231,219,231,197,194,197,191,203,176,210,172,203,165,207,160,217,123,215,103,218');

-- --------------------------------------------------------

--
-- Table structure for table `employee`
--

CREATE TABLE `employee` (
  `id` varchar(11) NOT NULL,
  `fullname` varchar(30) NOT NULL,
  `sex` varchar(44) NOT NULL,
  `dates` varchar(300) NOT NULL,
  `salary` varchar(100) NOT NULL,
  `age` int(100) NOT NULL,
  `image` varchar(800) NOT NULL,
  `phone` varchar(100) NOT NULL,
  `uid` int(11) DEFAULT NULL,
  `status` int(1) NOT NULL DEFAULT '1'
) ENGINE=InnoDB DEFAULT CHARSET=latin1;

--
-- Dumping data for table `employee`
--

INSERT INTO `employee` (`id`, `fullname`, `sex`, `dates`, `salary`, `age`, `image`, `phone`, `uid`, `status`) VALUES
('1', 'temesgen aweke', 'male', '14/04/2008', '2000', 33, 'ownerpic/8.jpg', '0986432180', 267, 1),
('12', 'Ngunsu Selemo', 'male', '2016-02-23', '20000', 22, 'ownerpic/', '0914077110', 267, 1);

-- --------------------------------------------------------

--
-- Table structure for table `families`
--

CREATE TABLE `families` (
  `full_name` varchar(30) NOT NULL,
  `familyid` int(11) DEFAULT NULL,
  `age` varchar(7) NOT NULL,
  `relation` varchar(9) NOT NULL
) ENGINE=InnoDB DEFAULT CHARSET=latin1;

-- --------------------------------------------------------

--
-- Table structure for table `files`
--

CREATE TABLE `files` (
  `id` varchar(12) NOT NULL,
  `p1` varchar(9009) NOT NULL,
  `p2` varchar(9009) NOT NULL,
  `p3` varchar(9009) NOT NULL,
  `image` varchar(300) NOT NULL,
  `uid` int(11) NOT NULL
) ENGINE=InnoDB DEFAULT CHARSET=latin1;

--
-- Dumping data for table `files`
--

INSERT INTO `files` (`id`, `p1`, `p2`, `p3`, `image`, `uid`) VALUES
('1', '                                              ', '      ...                               1986 ..   8/1986 ..         1994 ..                                                                                                            721/2004 . \r\n\r\n', '       ...                               1986 ..   8/1986 ..         1994 ..                                                                                                            721/2004 . \r\n\r\n', ' ownerpic/balete.png', 987),
('11', '1', '2', '4', '5', 12),
('2', '                                              ', '      ...                               1986 ..   8/1986 ..         1994 ..  ', '                                                                                                          721/2004 . \r\n\r\n', ' ownerpic/', 12),
('3', '1. Hardware Hardware forms the physical base of the GIS. It contains devices for data input, processing and output. I. Data input includes digitizi surveying equipments, GPS etc. II. Data processing includes special image processing task III. Data output includes printers, plotters, magnetic tapes, CD-ROMs, ZIP-drives etc. 2. Software Software is the immaterial component of the data processing equipment. It allows the logical interaction with the user.\n\n\n\n\n\n', ' data which are spatially referenced to the Earth.', ' data which are spatially referenced to the Earth.', ' ownerpic/4.jpg', 8),
('4', 'DebreBerhan city is officially established in period of Emperor Zera\r\nYaqob. starting from that time land have been\r\nadministered by the rules\r\nand regulations which\r\nhave been set by the ruling body of the time whereas\r\nthe sustained rapid economic growth\r\nregistered across city and its regions has\r\nsteadily and exponentially increased the\r\ndemand for urban land, and such development requires prudent and\r\n', 'this is index home page', 'paragraph 3', ' ownerpic/1.jpg', 267),
('5', '    \r\n\r\n    <br> \r\n1)	                  <br> \r\n2)	    \r\n<br>.    \r\n<br>.  \r\n<br>3)	                            <br> \r\n6.	      <br>\r\n1)	       6   3                         6   <br>1       \r\n<br>2)	                              6   <br>2         \r\n<br>3)	                                  <br> \r\n) 	         <br>\r\n)	                 <br>\r\n)        <br>\r\n)                 <br>\r\n)	                                                                                ', ' \r\n)                        <br>\r\n)                             <br>\r\n)                  <br>\r\n)	                      / /              /    \r\n ', '7.	      \r\n  6   1                \r\n<br>\r\n1)	               <br>\r\n2)	               <br>\r\n3)	                           <br>\r\n4)	          <br>\r\n5)	              <br>\r\n6)	 47/67 .             <br>\r\n7)	                  <br>\r\n) 	                                           <br> \r\n) 	            <br>\r\n)               <br>\r\n) 	                                         \r\n\r\n', ' ownerpic/', 12),
('6', '5.2	Final Testing Procedures of the SystemIt is the final step of testing in which the entire system as a whole with all forms, code, and modules are tested. In this procedure we have tested all the functionalities of the System. All errors in the forms, functions, modules have been tested. Finally System testing ensures that the entire integrated software system meets the desired requirements. It tests a configuration to ensure known and predictable results. To the test whole system the team follows the following procedures.', 'khj well comre to thr joef fjsbghkijvbgkjsdgvf fsdfjbghkbghkefdgv fgejkbgklerfg', 'trhs', ' ownerpic/1.jpg', 8);

-- --------------------------------------------------------

--
-- Table structure for table `kebele`
--

CREATE TABLE `kebele` (
  `id` int(11) NOT NULL DEFAULT '0',
  `kebele` int(11) NOT NULL,
  `images` varchar(300) NOT NULL
) ENGINE=InnoDB DEFAULT CHARSET=latin1;

--
-- Dumping data for table `kebele`
--

INSERT INTO `kebele` (`id`, `kebele`, `images`) VALUES
(1, 1, 'images/1.png'),
(2, 2, 'images/2.png'),
(3, 3, 'images/3.png'),
(4, 4, 'images/4.png'),
(5, 5, 'images/5.png'),
(6, 6, 'images/6.png'),
(7, 7, 'images/7.png'),
(8, 8, 'images/8.png'),
(9, 9, 'images/9.png'),
(10, 10, '');

-- --------------------------------------------------------

--
-- Table structure for table `landcoordinates`
--

CREATE TABLE `landcoordinates` (
  `id` int(11) NOT NULL,
  `kebele` int(11) DEFAULT NULL,
  `coordinates` varchar(300) DEFAULT NULL,
  `area` varchar(100) NOT NULL,
  `owner` varchar(100) DEFAULT 'null',
  `image` varchar(800) NOT NULL DEFAULT 'images/default.png',
  `category` varchar(100) NOT NULL,
  `address` varchar(300) DEFAULT 'debrebirhan',
  `date` varchar(77) NOT NULL,
  `checks` varchar(19) NOT NULL DEFAULT '0',
  `checkcode` varchar(90) NOT NULL DEFAULT '0',
  `ckstatus` varchar(19) NOT NULL DEFAULT '1',
  `username` varchar(30) DEFAULT NULL
) ENGINE=InnoDB DEFAULT CHARSET=latin1;

--
-- Dumping data for table `landcoordinates`
--

INSERT INTO `landcoordinates` (`id`, `kebele`, `coordinates`, `area`, `owner`, `image`, `category`, `address`, `date`, `checks`, `checkcode`, `ckstatus`, `username`) VALUES
(1, 1, ' 2,70,161,50,166,98,81,108,77,85,7,99,2,69''', '150', 'fnln', ' ownerpic/image.jpg', 'residence', 'dbu', '2/18/2016', '0', '', '1', 'aaa'),
(2, 1, '166,51,439,19,451,118,380,145,376,137,277,145,274', '150', ' ', ' ', 'residential', 'silasie', '02/18/2016', '1', ' ', '1', ' '),
(5, 1, '446,45,483,34,498,86,488,89,500,149,460,157,453,120', '222', 'mmll', 'ownerpic/PhotoGrid_1458474649178.jpg', 'residence', 'aa', '02/18/2016', '1', '201602127D342F', '1', ''),
(21, 2, '267', '266', 'mm ll', 'ownerpic/PhotoGrid_1458922305889.jpg', 'cooporations', 'tebasie and dbu', '02/24/2016', '0', '0', '1', NULL),
(28, 1, '180,290,182,315,211,312,209,286,180,289', '200', 'talemaayalew', ' ownerpic/10.jpg', 'residential', 'dbu', '02/09/2016', '1', '', '1', ''),
(30, 1, '210,286,214,346,242,342,235,282,210,285', '30', 'asamenew', ' ownerpic/3.jpg', 'debrebirhan', 'debrebirhan', '2/04/2008', '1', '', '1', ''),
(72, 1, '666,474,666,494,689,498', '120', 'hawa hassen', 'ownerpic/BBo7MH8.jpg', 'comertioal', 'slassie', '02/25/2016', '1', '20160225065BEB', '1', 'hawa'),
(145, 4, '29,8,35,9,35,44,61,45,62,116,27,116', '90', 'mm ll', ' ownerpic/3.jpg', 'debrebirhan', 'debrebirhan', '02/08/2016', '1', '', '1', ''),
(158, 4, '578,150,629,162,630,340,578,339,575,175,578,165', '200', 'tata', ' ownerpic/PhotoGrid_1458474250460.jpg', 'comertioal', 'slassie', '02/24/2016', '1', '201602242DDD71', '1', 'ta'),
(200, 5, '134,64,238,61,238,149,138,148,135,95', '150', 'xxaa', ' ownerpic/Hydrangeas.jpg', 'residence', 'tebasie', '02/24/2016', '1', '20160224C6E18F', '1', 'hh'),
(412, 8, '249,10,294,9,296,245,202,243,236,59', '200', '', '', 'residential', 'tebasie', '02/01/2016', '0', '0', '1', NULL),
(413, 8, '249,10,294,9,296,245,202,243,236,59', '120', 'alemugashaw', ' ownerpic/image.jpg', 'residential', 'slassie', '02/01/2016', '1', '20160201FB841F', '1', 'alemu'),
(497, 9, '48,130,221,118,233,198,230,211,108,231,14,228', '200', 'taay', ' ownerpic/PhotoGrid_1458474250460.jpg', 'residential', 'piyassa', '02/24/2016', '1', '201602245772BB', '1', '');

-- --------------------------------------------------------

--
-- Table structure for table `owner`
--

CREATE TABLE `owner` (
  `id` int(11) NOT NULL,
  `lid` int(11) NOT NULL,
  `fullName` varchar(100) DEFAULT NULL,
  `sex` varchar(55) DEFAULT NULL,
  `kebele` int(11) DEFAULT NULL,
  `date` varchar(55) DEFAULT NULL,
  `area` varchar(100) DEFAULT NULL,
  `reasoanofgiving` varchar(55) DEFAULT NULL,
  `landrunk` varchar(55) DEFAULT NULL,
  `serviceofland` varchar(100) DEFAULT NULL,
  `phone` varchar(33) DEFAULT NULL
) ENGINE=InnoDB DEFAULT CHARSET=latin1;

--
-- Dumping data for table `owner`
--

INSERT INTO `owner` (`id`, `lid`, `fullName`, `sex`, `kebele`, `date`, `area`, `reasoanofgiving`, `landrunk`, `serviceofland`, `phone`) VALUES
(1000, 72, 'mmmddd', 'male', 1, '02/25/2016', '120', 'resetlment', '1', '0', '0914066643');

-- --------------------------------------------------------

--
-- Table structure for table `paragraph`
--

CREATE TABLE `paragraph` (
  `id` int(20) NOT NULL,
  `content` varchar(909) NOT NULL,
  `title` varchar(44) NOT NULL,
  `userid` int(11) NOT NULL
) ENGINE=InnoDB DEFAULT CHARSET=latin1;

--
-- Dumping data for table `paragraph`
--

INSERT INTO `paragraph` (`id`, `content`, `title`, `userid`) VALUES
(1, 'Capacitating our Cities and Urban centres to play their role as development centre by providing standardized services for their residents and creating competitive land industry in collaboration with all stakeholders and partners.', 'mission', 267),
(2, 'well cometo about us', 'about as', 12),
(3, 'The objective of the project is design and implementation of web based land administration management system for deberberhan city ', 'objective', 8);

-- --------------------------------------------------------

--
-- Table structure for table `reletatives`
--

CREATE TABLE `reletatives` (
  `lid` int(11) NOT NULL,
  `north` varchar(90) NOT NULL,
  `south` varchar(90) NOT NULL,
  `east` varchar(90) NOT NULL,
  `weast` varchar(90) NOT NULL,
  `rank` varchar(50) NOT NULL
) ENGINE=InnoDB DEFAULT CHARSET=latin1;

--
-- Dumping data for table `reletatives`
--

INSERT INTO `reletatives` (`lid`, `north`, `south`, `east`, `weast`, `rank`) VALUES
(8, '', 'erg', '', '', 'fdg43'),
(72, 'rodee', 'stadim', 'silassi', 'gebiwech', '1'),
(158, 'rodee', 'kk', 'uil', 'jkhl', '2'),
(412, 'rodee', 'ddd', 'dd', 'dd', '1'),
(413, 'rodee', 'stadim', 'silassi', 'gebiwech', '1');

-- --------------------------------------------------------

--
-- Table structure for table `residence`
--

CREATE TABLE `residence` (
  `id` int(11) NOT NULL,
  `fname` varchar(22) NOT NULL,
  `lname` varchar(22) NOT NULL,
  `mname` varchar(22) NOT NULL,
  `yearofresidence` varchar(23) NOT NULL,
  `property` varchar(23) NOT NULL
) ENGINE=InnoDB DEFAULT CHARSET=latin1;

--
-- Dumping data for table `residence`
--

INSERT INTO `residence` (`id`, `fname`, `lname`, `mname`, `yearofresidence`, `property`) VALUES
(1, 'mm', 'll', 'kk', '1/2/2014', '11'),
(2, 'qq', 'qq', 'qq', '4/2/2015', '1'),
(8, 'alemu', 'gashaw', 'gashaw', '23/02/2016', ''),
(40, 'hawa', 'hassen', 'ali', '24/02/2016', ''),
(44, 'tamrat', 'getaneh', 'teshome', '01/02/2016', ''),
(45, 'birhanu', 'ayalew', 'teshome', '01/02/2016', ''),
(46, 'tamiru', 'ermi', 'alemu', '01/02/2016', '');

-- --------------------------------------------------------

--
-- Table structure for table `tbl_uploads`
--

CREATE TABLE `tbl_uploads` (
  `id` int(10) NOT NULL,
  `file` varchar(100) NOT NULL,
  `type` varchar(30) NOT NULL,
  `size` int(11) NOT NULL,
  `uid` int(11) DEFAULT NULL
) ENGINE=MyISAM DEFAULT CHARSET=latin1;

--
-- Dumping data for table `tbl_uploads`
--

INSERT INTO `tbl_uploads` (`id`, `file`, `type`, `size`, `uid`) VALUES
(18, '21438-inter-vlan.docx', 'application/vnd.openxmlformats', 44, NULL);

-- --------------------------------------------------------

--
-- Table structure for table `transfer`
--

CREATE TABLE `transfer` (
  `kebele` int(11) NOT NULL,
  `id` varchar(33) NOT NULL,
  `area` varchar(33) NOT NULL,
  `recivereason` varchar(44) NOT NULL,
  `fromowner` varchar(33) NOT NULL,
  `towards` varchar(33) NOT NULL,
  `reqestdate` varchar(33) NOT NULL,
  `username` varchar(30) NOT NULL,
  `image` varchar(33) NOT NULL,
  `issuedby` varchar(44) NOT NULL
) ENGINE=InnoDB DEFAULT CHARSET=latin1;

--
-- Dumping data for table `transfer`
--

INSERT INTO `transfer` (`kebele`, `id`, `area`, `recivereason`, `fromowner`, `towards`, `reqestdate`, `username`, `image`, `issuedby`) VALUES
(4, '158', '200', 'last speach', 'hhb', 'tata', '24-02-2016', 'ta', ' ownerpic/PhotoGrid_1458474250460', '987'),
(5, '200', '150', 'last speach', 'xxaa', 'vs', '16-02-2016', 'vw', 'ownerpic/', ''),
(1, '72', '120', 'last speach', 'mmmddd', 'hawa hassen', '25-02-2016', 'hawa', ' ownerpic/PhotoGrid_1458935733597', '987');

-- --------------------------------------------------------

--
-- Table structure for table `user`
--

CREATE TABLE `user` (
  `id` int(11) NOT NULL,
  `username` varchar(30) NOT NULL,
  `password` varchar(30) NOT NULL,
  `confirmpassword` varchar(55) NOT NULL,
  `fname` varchar(30) NOT NULL,
  `lname` varchar(30) NOT NULL,
  `mname` varchar(30) NOT NULL,
  `position` varchar(100) NOT NULL,
  `level` varchar(12) NOT NULL,
  `status` int(2) NOT NULL DEFAULT '1',
  `phone_no` varchar(33) CHARACTER SET utf8 NOT NULL,
  `hint` varchar(33) NOT NULL,
  `bid` varchar(77) NOT NULL,
  `residenceid` int(11) DEFAULT NULL
) ENGINE=InnoDB DEFAULT CHARSET=latin1;

--
-- Dumping data for table `user`
--

INSERT INTO `user` (`id`, `username`, `password`, `confirmpassword`, `fname`, `lname`, `mname`, `position`, `level`, `status`, `phone_no`, `hint`, `bid`, `residenceid`) VALUES
(8, 'ek', 'ek', 'ek', 'h', 'hb', 'bh', 'owner', '3', 1, '0976589710', 'mm', '', 0),
(10, 'ta', 'ta', 'ta', 'ta', 'ay', 'te', 'owner', '3', 1, '0913453189', 'weare1', '', NULL),
(12, 'hello', '1234', '1234', 'talema', 'ayalew', 'teshome', 'officer', '2', 1, '098765432', 'ii', '', 0),
(22, '', '', '', '', '', '', '', '', 1, '', '', '20160224FDBF2E', NULL),
(88, 'qqs', '5fbfddd20fb5274da9ee92a7152403', '5fbfddd20fb5274da9ee92a7152403c54d66ce8b9ba2dd5eabea84e', 'qqs', 'qqs', 'qqs', 'owner', '3', 1, '0913453189', 'weare1', '', NULL),
(93, 'mik', 'mm', 'mm', 'mik', 'mik', 'mik', 'bid', '4', 1, '0967986541', '', '20160225EDF6E3', NULL),
(98, 'qw', 'qqq', 'qqq', 'qqq', 'qqq', 'qqq', 'bid', '4', 1, '0967986345', '', '20160201817DEF', NULL),
(190, 'hh', 'mm', 'mm', 'mm', 'kk', 'll', 'owner', '3', 1, '0914077110', 'talema', '', 0),
(267, 'talema', 'qwe', 'qwe', 'Ayalew ', 'Teshome', 'Talema', 'officer', '2', 1, '0912345678', 'qwq', '', 0),
(880, 'alemu', '123q', '123q', 'alemu', 'gashaw', 'gashaw', 'owner', '3', 1, '0914077110', 'wellcome', '', NULL),
(987, 'xxaa', 'xxaa', 'xxaa', 'xxaa', 'xxaa', 'xxaa', 'admin', '1', 1, '', '', ' ', 0),
(1000, 'mili', '1212', '1212', 'mmm', 'ddd', 'aaa', 'owner', '3', 1, '0913453189', 'welgo', '', NULL),
(1199, 'qq', 'd5ce2b19fbda14a25deac948154722', 'd5ce2b19fbda14a25deac948154722f33efd37b369a32be8f03ec2b', 'qq', 'qq', 'qq', 'owner', '3', 1, '0913453189', 'weare1', '', NULL),
(1433, '', '', '', '', '', '', '', '', 0, '', '', '2016030239254D', NULL),
(2020, 'aa', 'aa', 'aa', 'alemu', 'gashaw', 'gashaw', 'owner', '3', 1, '0912544332', 'www', '', NULL);

--
-- Indexes for dumped tables
--

--
-- Indexes for table `bid`
--
ALTER TABLE `bid`
  ADD PRIMARY KEY (`bid`),
  ADD KEY `kebele` (`kebele`);

--
-- Indexes for table `bide`
--
ALTER TABLE `bide`
  ADD PRIMARY KEY (`id`),
  ADD KEY `landid` (`landid`);

--
-- Indexes for table `bideaccount`
--
ALTER TABLE `bideaccount`
  ADD PRIMARY KEY (`banckaccount`),
  ADD KEY `uid` (`uid`);

--
-- Indexes for table `certificate`
--
ALTER TABLE `certificate`
  ADD PRIMARY KEY (`id`),
  ADD KEY `kebele` (`kebele`);

--
-- Indexes for table `comment`
--
ALTER TABLE `comment`
  ADD KEY `id` (`id`);

--
-- Indexes for table `contact`
--
ALTER TABLE `contact`
  ADD PRIMARY KEY (`email`),
  ADD KEY `uid` (`uid`);

--
-- Indexes for table `coordinates`
--
ALTER TABLE `coordinates`
  ADD PRIMARY KEY (`id`);

--
-- Indexes for table `employee`
--
ALTER TABLE `employee`
  ADD PRIMARY KEY (`id`),
  ADD KEY `uid` (`uid`);

--
-- Indexes for table `families`
--
ALTER TABLE `families`
  ADD PRIMARY KEY (`full_name`),
  ADD KEY `familyid` (`familyid`);

--
-- Indexes for table `files`
--
ALTER TABLE `files`
  ADD PRIMARY KEY (`id`),
  ADD KEY `uid` (`uid`);

--
-- Indexes for table `kebele`
--
ALTER TABLE `kebele`
  ADD PRIMARY KEY (`id`);

--
-- Indexes for table `landcoordinates`
--
ALTER TABLE `landcoordinates`
  ADD PRIMARY KEY (`id`),
  ADD KEY `kebele` (`kebele`);

--
-- Indexes for table `owner`
--
ALTER TABLE `owner`
  ADD PRIMARY KEY (`id`),
  ADD KEY `kebele` (`kebele`),
  ADD KEY `lid` (`lid`);

--
-- Indexes for table `paragraph`
--
ALTER TABLE `paragraph`
  ADD PRIMARY KEY (`id`),
  ADD KEY `userid` (`userid`);

--
-- Indexes for table `reletatives`
--
ALTER TABLE `reletatives`
  ADD PRIMARY KEY (`lid`),
  ADD KEY `lid` (`lid`);

--
-- Indexes for table `residence`
--
ALTER TABLE `residence`
  ADD PRIMARY KEY (`id`);

--
-- Indexes for table `tbl_uploads`
--
ALTER TABLE `tbl_uploads`
  ADD PRIMARY KEY (`id`),
  ADD KEY `uid` (`uid`);

--
-- Indexes for table `transfer`
--
ALTER TABLE `transfer`
  ADD PRIMARY KEY (`id`),
  ADD KEY `kebele` (`kebele`);

--
-- Indexes for table `user`
--
ALTER TABLE `user`
  ADD PRIMARY KEY (`id`);

--
-- AUTO_INCREMENT for dumped tables
--

--
-- AUTO_INCREMENT for table `coordinates`
--
ALTER TABLE `coordinates`
  MODIFY `id` int(11) NOT NULL AUTO_INCREMENT, AUTO_INCREMENT=10;
--
-- AUTO_INCREMENT for table `tbl_uploads`
--
ALTER TABLE `tbl_uploads`
  MODIFY `id` int(10) NOT NULL AUTO_INCREMENT, AUTO_INCREMENT=19;
--
-- Constraints for dumped tables
--

--
-- Constraints for table `bid`
--
ALTER TABLE `bid`
  ADD CONSTRAINT `bid_ibfk_1` FOREIGN KEY (`kebele`) REFERENCES `kebele` (`id`);

--
-- Constraints for table `bide`
--
ALTER TABLE `bide`
  ADD CONSTRAINT `bide_ibfk_1` FOREIGN KEY (`landid`) REFERENCES `landcoordinates` (`id`),
  ADD CONSTRAINT `bide_ibfk_2` FOREIGN KEY (`id`) REFERENCES `user` (`id`);

--
-- Constraints for table `bideaccount`
--
ALTER TABLE `bideaccount`
  ADD CONSTRAINT `bideaccount_ibfk_1` FOREIGN KEY (`uid`) REFERENCES `user` (`id`);

--
-- Constraints for table `certificate`
--
ALTER TABLE `certificate`
  ADD CONSTRAINT `certificate_ibfk_1` FOREIGN KEY (`kebele`) REFERENCES `kebele` (`id`);

--
-- Constraints for table `comment`
--
ALTER TABLE `comment`
  ADD CONSTRAINT `comment_ibfk_1` FOREIGN KEY (`id`) REFERENCES `user` (`id`);

--
-- Constraints for table `contact`
--
ALTER TABLE `contact`
  ADD CONSTRAINT `contact_ibfk_1` FOREIGN KEY (`uid`) REFERENCES `user` (`id`);

--
-- Constraints for table `coordinates`
--
ALTER TABLE `coordinates`
  ADD CONSTRAINT `coordinates_ibfk_1` FOREIGN KEY (`id`) REFERENCES `kebele` (`id`);

--
-- Constraints for table `employee`
--
ALTER TABLE `employee`
  ADD CONSTRAINT `employee_ibfk_1` FOREIGN KEY (`uid`) REFERENCES `user` (`id`);

--
-- Constraints for table `families`
--
ALTER TABLE `families`
  ADD CONSTRAINT `families_ibfk_1` FOREIGN KEY (`familyid`) REFERENCES `owner` (`id`);

--
-- Constraints for table `files`
--
ALTER TABLE `files`
  ADD CONSTRAINT `files_ibfk_1` FOREIGN KEY (`uid`) REFERENCES `user` (`id`);

--
-- Constraints for table `landcoordinates`
--
ALTER TABLE `landcoordinates`
  ADD CONSTRAINT `landcoordinates_ibfk_1` FOREIGN KEY (`kebele`) REFERENCES `kebele` (`id`);

--
-- Constraints for table `owner`
--
ALTER TABLE `owner`
  ADD CONSTRAINT `owner_ibfk_8` FOREIGN KEY (`kebele`) REFERENCES `kebele` (`id`),
  ADD CONSTRAINT `owner_ibfk_9` FOREIGN KEY (`lid`) REFERENCES `landcoordinates` (`id`);

--
-- Constraints for table `paragraph`
--
ALTER TABLE `paragraph`
  ADD CONSTRAINT `paragraph_ibfk_1` FOREIGN KEY (`userid`) REFERENCES `user` (`id`);

--
-- Constraints for table `transfer`
--
ALTER TABLE `transfer`
  ADD CONSTRAINT `transfer_ibfk_1` FOREIGN KEY (`kebele`) REFERENCES `kebele` (`id`);
--
-- Database: `levels`
--
CREATE DATABASE IF NOT EXISTS `levels` DEFAULT CHARACTER SET latin1 COLLATE latin1_swedish_ci;
USE `levels`;

-- --------------------------------------------------------

--
-- Table structure for table `user_levels`
--

CREATE TABLE `user_levels` (
  `id` int(11) NOT NULL,
  `username` varchar(20) NOT NULL,
  `password` varchar(20) NOT NULL,
  `userlevel` varchar(20) NOT NULL
) ENGINE=MyISAM DEFAULT CHARSET=latin1;

--
-- Dumping data for table `user_levels`
--

INSERT INTO `user_levels` (`id`, `username`, `password`, `userlevel`) VALUES
(1, 'user1', 'user1', '1'),
(2, 'user2', 'user2', '2'),
(3, 'user3', 'user3', '3'),
(4, 'user4', 'user4', '4');

--
-- Indexes for dumped tables
--

--
-- Indexes for table `user_levels`
--
ALTER TABLE `user_levels`
  ADD PRIMARY KEY (`id`);

--
-- AUTO_INCREMENT for dumped tables
--

--
-- AUTO_INCREMENT for table `user_levels`
--
ALTER TABLE `user_levels`
  MODIFY `id` int(11) NOT NULL AUTO_INCREMENT, AUTO_INCREMENT=5;--
-- Database: `librarymanagment_system`
--
CREATE DATABASE IF NOT EXISTS `librarymanagment_system` DEFAULT CHARACTER SET latin1 COLLATE latin1_swedish_ci;
USE `librarymanagment_system`;

-- --------------------------------------------------------

--
-- Table structure for table `books`
--

CREATE TABLE `books` (
  `BookID` int(11) NOT NULL,
  `Title` varchar(150) NOT NULL,
  `isbn` int(11) NOT NULL,
  `Author` varchar(150) NOT NULL,
  `PublisherName` varchar(150) NOT NULL,
  `CopyrightYear` date NOT NULL,
  `status` varchar(23) NOT NULL,
  `subject` varchar(12) NOT NULL,
  `nocopy` int(11) NOT NULL
) ENGINE=MyISAM DEFAULT CHARSET=latin1;

--
-- Dumping data for table `books`
--

INSERT INTO `books` (`BookID`, `Title`, `isbn`, `Author`, `PublisherName`, `CopyrightYear`, `status`, `subject`, `nocopy`) VALUES
(29, 'introduction to c++', 12567, 'ashumare', 'ashenafi', '2013-07-26', 'new', 'java', 1),
(16, 'introduction', 3421, 'wieng', 'Chun Saj', '2014-07-26', 'old', 'java', 4),
(17, 'advannced', 3421, 'awel oriely', 'Chun Sajj', '2014-07-26', 'old', 'mathes', 20),
(19, 'advannced', 123456, 'awel oriely', 'Chun Sajj', '2015-07-16', 'new', 'english', 2),
(20, 'first', 123456, 'me', 'Chun Sajj', '2015-07-16', 'new', 'java', 20),
(25, 'advannced java', 67, 'wieng', 'Chun Sajjnine', '2014-07-26', 'new', 'english', 4),
(26, 'advannced java', 123456, 'awel oriely', 'Chun Sajj', '2015-07-16', 'new', 'mathes', 4),
(27, 'advannced java', 123456, 'awel oriely', 'Chun Sajj', '2015-07-16', 'new', 'mathes', 4);

-- --------------------------------------------------------

--
-- Table structure for table `login`
--

CREATE TABLE `login` (
  `login_id` int(200) NOT NULL,
  `username` varchar(100) NOT NULL,
  `password` varchar(100) NOT NULL,
  `rank` varchar(80) NOT NULL DEFAULT 'student',
  `status` varchar(10) NOT NULL DEFAULT 'ACTIVE'
) ENGINE=MyISAM DEFAULT CHARSET=latin1;

--
-- Dumping data for table `login`
--

INSERT INTO `login` (`login_id`, `username`, `password`, `rank`, `status`) VALUES
(33, 'serate', '25d55ad283aa400af464c76d713c07ad', 'student', 'ACTIVE'),
(1, 'admin', '21232f297a57a5a743894a0e4a801fc3', 'administrator', 'ACTIVE'),
(19, 'asefa', 'e10adc3949ba59abbe56e057f20f883e', 'student', 'ACTIVE'),
(20, 'wase', 'fcea920f7412b5da7be0cf42b8c93759', 'student', 'ACTIVE'),
(21, 'getalew', 'c7349dc8ac2e2b3ec64f41e51c995cc4', 'student', 'ACTIVE'),
(22, 'setotaw', '25d55ad283aa400af464c76d713c07ad', 'student', 'ACTIVE'),
(31, 'ashenafi', '25d55ad283aa400af464c76d713c07ad', 'student', 'ACTIVE'),
(24, 'desalgn', 'bf0d439b2ac9d4a36afb960083ffc6fa', 'student', 'ACTIVE'),
(25, 'asfa', '1234567', 'student', 'ACTIVE'),
(26, 'ashu', '1234567', 'student', 'ACTIVE'),
(27, 'ashumare', 'fcea920f7412b5da7be0cf42b8c93759', 'student', 'ACTIVE'),
(28, 'adam', 'fcea920f7412b5da7be0cf42b8c93759', 'student', 'ACTIVE'),
(34, 'markos', 'fcea920f7412b5da7be0cf42b8c93759', 'student', 'ACTIVE'),
(35, 'ethiopia', 'fcea920f7412b5da7be0cf42b8c93759', 'student', 'ACTIVE');

-- --------------------------------------------------------

--
-- Table structure for table `student`
--

CREATE TABLE `student` (
  `stud_id` varchar(255) NOT NULL,
  `firstname` varchar(100) NOT NULL,
  `lastname` varchar(100) NOT NULL,
  `username` varchar(100) NOT NULL,
  `gender` varchar(3) NOT NULL,
  `school` varchar(30) NOT NULL,
  `department` varchar(30) NOT NULL,
  `stream` varchar(30) NOT NULL,
  `yos` varchar(10) NOT NULL,
  `status` varchar(10) NOT NULL DEFAULT 'NOTVOTED'
) ENGINE=MyISAM DEFAULT CHARSET=latin1;

--
-- Dumping data for table `student`
--

INSERT INTO `student` (`stud_id`, `firstname`, `lastname`, `username`, `gender`, `school`, `department`, `stream`, `yos`, `status`) VALUES
('2020', 'Hamisi', 'Ally', 'ifm', 'BCS', '', '', '', '2', 'VOTED');

-- --------------------------------------------------------

--
-- Table structure for table `student_registration`
--

CREATE TABLE `student_registration` (
  `StudID` int(11) NOT NULL,
  `firstname` varchar(150) NOT NULL,
  `lastname` varchar(150) NOT NULL,
  `username` varchar(150) NOT NULL,
  `password` varchar(4) NOT NULL,
  `acount` varchar(23) NOT NULL
) ENGINE=MyISAM DEFAULT CHARSET=latin1;

--
-- Dumping data for table `student_registration`
--

INSERT INTO `student_registration` (`StudID`, `firstname`, `lastname`, `username`, `password`, `acount`) VALUES
(43, 'ashumare', 'ayele', 'wase', '1234', 'admin');

--
-- Indexes for dumped tables
--

--
-- Indexes for table `books`
--
ALTER TABLE `books`
  ADD PRIMARY KEY (`BookID`);

--
-- Indexes for table `login`
--
ALTER TABLE `login`
  ADD PRIMARY KEY (`login_id`),
  ADD UNIQUE KEY `username` (`username`);

--
-- Indexes for table `student_registration`
--
ALTER TABLE `student_registration`
  ADD PRIMARY KEY (`StudID`);

--
-- AUTO_INCREMENT for dumped tables
--

--
-- AUTO_INCREMENT for table `books`
--
ALTER TABLE `books`
  MODIFY `BookID` int(11) NOT NULL AUTO_INCREMENT, AUTO_INCREMENT=31;
--
-- AUTO_INCREMENT for table `login`
--
ALTER TABLE `login`
  MODIFY `login_id` int(200) NOT NULL AUTO_INCREMENT, AUTO_INCREMENT=36;
--
-- AUTO_INCREMENT for table `student_registration`
--
ALTER TABLE `student_registration`
  MODIFY `StudID` int(11) NOT NULL AUTO_INCREMENT, AUTO_INCREMENT=47;--
-- Database: `malaria`
--
CREATE DATABASE IF NOT EXISTS `malaria` DEFAULT CHARACTER SET latin1 COLLATE latin1_swedish_ci;
USE `malaria`;

-- --------------------------------------------------------

--
-- Table structure for table `account`
--

CREATE TABLE `account` (
  `Aid` int(11) NOT NULL,
  `uid` int(40) NOT NULL,
  `username` varchar(30) NOT NULL,
  `usertype` varchar(10) NOT NULL,
  `password` int(20) NOT NULL
) ENGINE=InnoDB DEFAULT CHARSET=latin1;

-- --------------------------------------------------------

--
-- Table structure for table `interview`
--

CREATE TABLE `interview` (
  `IID` int(11) NOT NULL,
  `uid` int(40) NOT NULL,
  `Qid` int(20) NOT NULL,
  `Answer` varchar(40) NOT NULL,
  `Status` varchar(40) NOT NULL,
  `Date` date NOT NULL
) ENGINE=InnoDB DEFAULT CHARSET=latin1;

-- --------------------------------------------------------

--
-- Table structure for table `interview record`
--

CREATE TABLE `interview record` (
  `IRid` int(11) NOT NULL,
  `uid` int(40) NOT NULL,
  `IID` int(40) NOT NULL,
  `Result` varchar(40) NOT NULL,
  `Date` date NOT NULL
) ENGINE=InnoDB DEFAULT CHARSET=latin1;

-- --------------------------------------------------------

--
-- Table structure for table `prescription`
--

CREATE TABLE `prescription` (
  `Pid` int(11) NOT NULL,
  `uid` int(40) NOT NULL,
  `IRid` int(40) NOT NULL,
  `Description` varchar(40) NOT NULL,
  `date` date NOT NULL
) ENGINE=InnoDB DEFAULT CHARSET=latin1;

-- --------------------------------------------------------

--
-- Table structure for table `qcategory`
--

CREATE TABLE `qcategory` (
  `Qid` int(40) NOT NULL,
  `Cid` int(11) NOT NULL,
  `Cname` varchar(20) NOT NULL
) ENGINE=InnoDB DEFAULT CHARSET=latin1;

-- --------------------------------------------------------

--
-- Table structure for table `qtype`
--

CREATE TABLE `qtype` (
  `Qid` int(40) NOT NULL,
  `Qtid` int(20) NOT NULL,
  `Typename` varchar(20) NOT NULL
) ENGINE=InnoDB DEFAULT CHARSET=latin1;

-- --------------------------------------------------------

--
-- Table structure for table `question`
--

CREATE TABLE `question` (
  `Qid` int(11) NOT NULL,
  `Question` varchar(40) NOT NULL,
  `type` varchar(20) NOT NULL,
  `category` varchar(20) NOT NULL,
  `Level` int(20) NOT NULL,
  `Answer` int(40) NOT NULL
) ENGINE=InnoDB DEFAULT CHARSET=latin1;

-- --------------------------------------------------------

--
-- Table structure for table `user`
--

CREATE TABLE `user` (
  `uid` int(40) NOT NULL,
  `firstname` varchar(30) NOT NULL,
  `middlename` varchar(30) NOT NULL,
  `lastname` varchar(30) NOT NULL,
  `age` int(10) NOT NULL,
  `gender` varchar(10) NOT NULL,
  `birthdate` date NOT NULL,
  `bloodtype` varchar(10) NOT NULL,
  `region` varchar(20) NOT NULL,
  `city` varchar(40) NOT NULL,
  `country` varchar(40) NOT NULL,
  `email` varchar(30) NOT NULL,
  `telephone` int(20) NOT NULL
) ENGINE=InnoDB DEFAULT CHARSET=latin1;

--
-- Indexes for dumped tables
--

--
-- Indexes for table `account`
--
ALTER TABLE `account`
  ADD PRIMARY KEY (`Aid`),
  ADD UNIQUE KEY `uid` (`uid`);

--
-- Indexes for table `interview`
--
ALTER TABLE `interview`
  ADD PRIMARY KEY (`IID`),
  ADD UNIQUE KEY `Qid` (`Qid`),
  ADD UNIQUE KEY `uid` (`uid`);

--
-- Indexes for table `interview record`
--
ALTER TABLE `interview record`
  ADD PRIMARY KEY (`IRid`),
  ADD UNIQUE KEY `uid` (`uid`),
  ADD UNIQUE KEY `IID` (`IID`);

--
-- Indexes for table `prescription`
--
ALTER TABLE `prescription`
  ADD PRIMARY KEY (`Pid`),
  ADD UNIQUE KEY `uid` (`uid`),
  ADD UNIQUE KEY `IRid` (`IRid`);

--
-- Indexes for table `qcategory`
--
ALTER TABLE `qcategory`
  ADD PRIMARY KEY (`Cid`),
  ADD UNIQUE KEY `Qid` (`Qid`);

--
-- Indexes for table `qtype`
--
ALTER TABLE `qtype`
  ADD PRIMARY KEY (`Qtid`),
  ADD UNIQUE KEY `Qid` (`Qid`);

--
-- Indexes for table `question`
--
ALTER TABLE `question`
  ADD PRIMARY KEY (`Qid`);

--
-- Indexes for table `user`
--
ALTER TABLE `user`
  ADD PRIMARY KEY (`uid`);

--
-- AUTO_INCREMENT for dumped tables
--

--
-- AUTO_INCREMENT for table `account`
--
ALTER TABLE `account`
  MODIFY `Aid` int(11) NOT NULL AUTO_INCREMENT;
--
-- AUTO_INCREMENT for table `interview`
--
ALTER TABLE `interview`
  MODIFY `IID` int(11) NOT NULL AUTO_INCREMENT;
--
-- AUTO_INCREMENT for table `interview record`
--
ALTER TABLE `interview record`
  MODIFY `IRid` int(11) NOT NULL AUTO_INCREMENT;
--
-- AUTO_INCREMENT for table `prescription`
--
ALTER TABLE `prescription`
  MODIFY `Pid` int(11) NOT NULL AUTO_INCREMENT;
--
-- AUTO_INCREMENT for table `qcategory`
--
ALTER TABLE `qcategory`
  MODIFY `Cid` int(11) NOT NULL AUTO_INCREMENT;
--
-- AUTO_INCREMENT for table `qtype`
--
ALTER TABLE `qtype`
  MODIFY `Qtid` int(20) NOT NULL AUTO_INCREMENT;
--
-- AUTO_INCREMENT for table `question`
--
ALTER TABLE `question`
  MODIFY `Qid` int(11) NOT NULL AUTO_INCREMENT;
--
-- AUTO_INCREMENT for table `user`
--
ALTER TABLE `user`
  MODIFY `uid` int(40) NOT NULL AUTO_INCREMENT;
--
-- Constraints for dumped tables
--

--
-- Constraints for table `account`
--
ALTER TABLE `account`
  ADD CONSTRAINT `account_ibfk_1` FOREIGN KEY (`uid`) REFERENCES `user` (`uid`) ON DELETE NO ACTION ON UPDATE NO ACTION;

--
-- Constraints for table `interview`
--
ALTER TABLE `interview`
  ADD CONSTRAINT `interview_ibfk_1` FOREIGN KEY (`Qid`) REFERENCES `question` (`Qid`) ON DELETE NO ACTION ON UPDATE NO ACTION;

--
-- Constraints for table `interview record`
--
ALTER TABLE `interview record`
  ADD CONSTRAINT `interview record_ibfk_1` FOREIGN KEY (`IRid`) REFERENCES `prescription` (`IRid`) ON DELETE NO ACTION ON UPDATE NO ACTION,
  ADD CONSTRAINT `interview record_ibfk_2` FOREIGN KEY (`IID`) REFERENCES `interview` (`IID`) ON DELETE NO ACTION ON UPDATE NO ACTION;

--
-- Constraints for table `prescription`
--
ALTER TABLE `prescription`
  ADD CONSTRAINT `prescription_ibfk_1` FOREIGN KEY (`uid`) REFERENCES `user` (`uid`) ON DELETE CASCADE ON UPDATE CASCADE;

--
-- Constraints for table `qcategory`
--
ALTER TABLE `qcategory`
  ADD CONSTRAINT `qcategory_ibfk_1` FOREIGN KEY (`Qid`) REFERENCES `question` (`Qid`) ON DELETE CASCADE ON UPDATE CASCADE;

--
-- Constraints for table `question`
--
ALTER TABLE `question`
  ADD CONSTRAINT `question_ibfk_1` FOREIGN KEY (`Qid`) REFERENCES `qtype` (`Qid`) ON DELETE NO ACTION ON UPDATE NO ACTION;

--
-- Constraints for table `user`
--
ALTER TABLE `user`
  ADD CONSTRAINT `user_ibfk_1` FOREIGN KEY (`uid`) REFERENCES `interview` (`uid`) ON DELETE CASCADE ON UPDATE CASCADE;
--
-- Database: `mpac`
--
CREATE DATABASE IF NOT EXISTS `mpac` DEFAULT CHARACTER SET latin1 COLLATE latin1_swedish_ci;
USE `mpac`;

-- --------------------------------------------------------

--
-- Table structure for table `areas`
--

CREATE TABLE `areas` (
  `area_id` int(11) UNSIGNED NOT NULL,
  `area_name` varchar(20) DEFAULT NULL,
  `area_desc` varchar(100) NOT NULL DEFAULT '',
  `area_templ` text
) ENGINE=InnoDB DEFAULT CHARSET=latin1;

--
-- Indexes for dumped tables
--

--
-- Indexes for table `areas`
--
ALTER TABLE `areas`
  ADD PRIMARY KEY (`area_id`);

--
-- AUTO_INCREMENT for dumped tables
--

--
-- AUTO_INCREMENT for table `areas`
--
ALTER TABLE `areas`
  MODIFY `area_id` int(11) UNSIGNED NOT NULL AUTO_INCREMENT;--
-- Database: `online grades`
--
CREATE DATABASE IF NOT EXISTS `online grades` DEFAULT CHARACTER SET latin1 COLLATE latin1_swedish_ci;
USE `online grades`;
--
-- Database: `opensis`
--
CREATE DATABASE IF NOT EXISTS `opensis` DEFAULT CHARACTER SET utf8 COLLATE utf8_general_ci;
USE `opensis`;

DELIMITER $$
--
-- Procedures
--
CREATE DEFINER=`root`@`localhost` PROCEDURE `ATTENDANCE_CALC` (IN `cp_id` INT)  BEGIN
 DELETE FROM missing_attendance WHERE COURSE_PERIOD_ID=cp_id;
 INSERT INTO missing_attendance(SCHOOL_ID,SYEAR,SCHOOL_DATE,COURSE_PERIOD_ID,PERIOD_ID,TEACHER_ID,SECONDARY_TEACHER_ID) 
         SELECT s.ID AS SCHOOL_ID,acc.SYEAR,acc.SCHOOL_DATE,cp.COURSE_PERIOD_ID,cpv.PERIOD_ID, IF(tra.course_period_id=cp.course_period_id AND acc.school_date<tra.assign_date =true,tra.pre_teacher_id,cp.teacher_id) AS TEACHER_ID,
         cp.SECONDARY_TEACHER_ID FROM attendance_calendar acc INNER JOIN course_periods cp ON cp.CALENDAR_ID=acc.CALENDAR_ID INNER JOIN course_period_var cpv ON cp.COURSE_PERIOD_ID=cpv.COURSE_PERIOD_ID 
         AND (cpv.COURSE_PERIOD_DATE IS NULL AND position(substring('UMTWHFS' FROM DAYOFWEEK(acc.SCHOOL_DATE) FOR 1) IN cpv.DAYS)>0 OR cpv.COURSE_PERIOD_DATE IS NOT NULL AND cpv.COURSE_PERIOD_DATE=acc.SCHOOL_DATE) 
         INNER JOIN schools s ON s.ID=acc.SCHOOL_ID LEFT JOIN teacher_reassignment tra ON (cp.course_period_id=tra.course_period_id) INNER JOIN schedule sch ON sch.COURSE_PERIOD_ID=cp.COURSE_PERIOD_ID 
         AND sch.student_id IN(SELECT student_id FROM student_enrollment se WHERE sch.school_id=se.school_id AND sch.syear=se.syear AND start_date<=acc.school_date AND (end_date IS NULL OR end_date>=acc.school_date))
         AND (cp.MARKING_PERIOD_ID IS NOT NULL AND cp.MARKING_PERIOD_ID IN (SELECT MARKING_PERIOD_ID FROM school_years WHERE SCHOOL_ID=acc.SCHOOL_ID AND acc.SCHOOL_DATE BETWEEN START_DATE AND END_DATE UNION SELECT MARKING_PERIOD_ID FROM school_semesters WHERE SCHOOL_ID=acc.SCHOOL_ID AND acc.SCHOOL_DATE BETWEEN START_DATE AND END_DATE UNION SELECT MARKING_PERIOD_ID FROM school_quarters WHERE SCHOOL_ID=acc.SCHOOL_ID AND acc.SCHOOL_DATE BETWEEN START_DATE AND END_DATE) OR (cp.MARKING_PERIOD_ID IS NULL AND acc.school_date BETWEEN cp.begin_date AND cp.end_date))
         AND sch.START_DATE<=acc.SCHOOL_DATE AND (sch.END_DATE IS NULL OR sch.END_DATE>=acc.SCHOOL_DATE ) AND cpv.DOES_ATTENDANCE='Y' AND acc.SCHOOL_DATE<=CURDATE() AND cp.course_period_id=cp_id 
         AND NOT EXISTS (SELECT '' FROM  attendance_completed ac WHERE ac.SCHOOL_DATE=acc.SCHOOL_DATE AND ac.COURSE_PERIOD_ID=cp.COURSE_PERIOD_ID AND ac.PERIOD_ID=cpv.PERIOD_ID 
         AND IF(tra.course_period_id=cp.course_period_id AND acc.school_date<=tra.assign_date =true,ac.staff_id=tra.pre_teacher_id,ac.staff_id=cp.teacher_id)) 
         GROUP BY acc.SCHOOL_DATE,cp.COURSE_PERIOD_ID,cp.TEACHER_ID,cpv.PERIOD_ID;
 END$$

CREATE DEFINER=`root`@`localhost` PROCEDURE `ATTENDANCE_CALC_BY_DATE` (IN `sch_dt` DATE, IN `year` INT, IN `school` INT)  BEGIN
  DELETE FROM missing_attendance WHERE SCHOOL_DATE=sch_dt AND SYEAR=year AND SCHOOL_ID=school;
  INSERT INTO missing_attendance(SCHOOL_ID,SYEAR,SCHOOL_DATE,COURSE_PERIOD_ID,PERIOD_ID,TEACHER_ID,SECONDARY_TEACHER_ID) SELECT s.ID AS SCHOOL_ID,acc.SYEAR,acc.SCHOOL_DATE,cp.COURSE_PERIOD_ID,cpv.PERIOD_ID, IF(tra.course_period_id=cp.course_period_id AND acc.school_date<tra.assign_date =true,tra.pre_teacher_id,cp.teacher_id) AS TEACHER_ID,cp.SECONDARY_TEACHER_ID FROM attendance_calendar acc INNER JOIN marking_periods mp ON mp.SYEAR=acc.SYEAR AND mp.SCHOOL_ID=acc.SCHOOL_ID AND acc.SCHOOL_DATE BETWEEN mp.START_DATE AND mp.END_DATE INNER JOIN course_periods cp ON cp.MARKING_PERIOD_ID=mp.MARKING_PERIOD_ID  AND cp.CALENDAR_ID=acc.CALENDAR_ID INNER JOIN course_period_var cpv ON cp.COURSE_PERIOD_ID=cpv.COURSE_PERIOD_ID AND cpv.DOES_ATTENDANCE='Y' LEFT JOIN teacher_reassignment tra ON (cp.course_period_id=tra.course_period_id) INNER JOIN school_periods sp ON sp.SYEAR=acc.SYEAR AND sp.SCHOOL_ID=acc.SCHOOL_ID AND sp.PERIOD_ID=cpv.PERIOD_ID AND (sp.BLOCK IS NULL AND position(substring('UMTWHFS' FROM DAYOFWEEK(acc.SCHOOL_DATE) FOR 1) IN cpv.DAYS)>0 OR sp.BLOCK IS NOT NULL AND acc.BLOCK IS NOT NULL AND sp.BLOCK=acc.BLOCK) INNER JOIN schools s ON s.ID=acc.SCHOOL_ID INNER JOIN schedule sch ON sch.COURSE_PERIOD_ID=cp.COURSE_PERIOD_ID AND sch.START_DATE<=acc.SCHOOL_DATE AND (sch.END_DATE IS NULL OR sch.END_DATE>=acc.SCHOOL_DATE )  LEFT JOIN attendance_completed ac ON ac.SCHOOL_DATE=acc.SCHOOL_DATE AND IF(tra.course_period_id=cp.course_period_id AND acc.school_date<tra.assign_date =true,ac.staff_id=tra.pre_teacher_id,ac.staff_id=cp.teacher_id) AND ac.PERIOD_ID=sp.PERIOD_ID WHERE acc.SYEAR=year AND acc.SCHOOL_ID=school AND (acc.MINUTES IS NOT NULL AND acc.MINUTES>0) AND acc.SCHOOL_DATE=sch_dt AND ac.STAFF_ID IS NULL GROUP BY s.TITLE,acc.SCHOOL_DATE,cp.TITLE,cp.COURSE_PERIOD_ID,cp.TEACHER_ID;
 END$$

CREATE DEFINER=`root`@`localhost` PROCEDURE `SEAT_COUNT` ()  BEGIN
 UPDATE course_periods SET filled_seats=filled_seats-1 WHERE COURSE_PERIOD_ID IN (SELECT COURSE_PERIOD_ID FROM schedule WHERE end_date IS NOT NULL AND end_date < CURDATE() AND dropped='N');
 UPDATE schedule SET dropped='Y' WHERE end_date IS NOT NULL AND end_date < CURDATE() AND dropped='N';
 END$$

CREATE DEFINER=`root`@`localhost` PROCEDURE `SEAT_FILL` ()  BEGIN
 UPDATE course_periods SET filled_seats=filled_seats+1 WHERE COURSE_PERIOD_ID IN (SELECT COURSE_PERIOD_ID FROM schedule WHERE dropped='Y' AND ( end_date IS NULL OR end_date >= CURDATE()));
 UPDATE schedule SET dropped='N' WHERE dropped='Y' AND ( end_date IS NULL OR end_date >= CURDATE()) ;
 END$$

CREATE DEFINER=`root`@`localhost` PROCEDURE `TEACHER_REASSIGNMENT` ()  BEGIN
 UPDATE course_periods cp,course_period_var cpv,teacher_reassignment tr,school_periods sp,marking_periods mp,staff st SET cp.title=CONCAT(sp.title,IF(cp.mp<>'FY',CONCAT(' - ',mp.short_name),''),IF(CHAR_LENGTH(cpv.days)<5,CONCAT(' - ',cpv.days),''),' - ',cp.short_name,' - ',CONCAT_WS(' ',st.first_name,st.middle_name,st.last_name)), cp.teacher_id=tr.teacher_id WHERE cpv.period_id=sp.period_id and cp.marking_period_id=mp.marking_period_id and st.staff_id=tr.teacher_id and cp.course_period_id=tr.course_period_id AND assign_date <= CURDATE() AND updated='N' AND cp.COURSE_PERIOD_ID=cpv.COURSE_PERIOD_ID; 
  UPDATE teacher_reassignment SET updated='Y' WHERE assign_date <=CURDATE() AND updated='N';
 END$$

--
-- Functions
--
CREATE DEFINER=`root`@`localhost` FUNCTION `CALC_CUM_GPA_MP` (`mp_id` INT) RETURNS INT(11) BEGIN
 
 DECLARE req_mp INT DEFAULT 0;
 DECLARE done INT DEFAULT 0;
 DECLARE gp_points DECIMAL(10,2);
 DECLARE student_id INT;
 DECLARE gp_points_weighted DECIMAL(10,2);
 DECLARE divisor DECIMAL(10,2);
 DECLARE credit_earned DECIMAL(10,2);
 DECLARE cgpa DECIMAL(10,2);
 
 DECLARE cur1 CURSOR FOR
    SELECT srcg.student_id,
                   IF(ISNULL(sum(srcg.unweighted_gp)),  (SUM(srcg.weighted_gp*srcg.credit_earned)),
                       IF(ISNULL(sum(srcg.weighted_gp)), SUM(srcg.unweighted_gp*srcg.credit_earned),
                          ( SUM(srcg.unweighted_gp*srcg.credit_attempted)+ SUM(srcg.weighted_gp*srcg.credit_earned))
                         ))as gp_points,
 
                       SUM(srcg.weighted_gp*srcg.credit_earned) as gp_points_weighted,
                       SUM(srcg.credit_attempted) as divisor,
                       SUM(srcg.credit_earned) as credit_earned,
    		      IF(ISNULL(sum(srcg.unweighted_gp)),  (SUM(srcg.weighted_gp*srcg.credit_earned))/ sum(srcg.credit_attempted),
                           IF(ISNULL(sum(srcg.weighted_gp)), SUM(srcg.unweighted_gp*srcg.credit_earned)/sum(srcg.credit_attempted),
                              ( SUM(srcg.unweighted_gp*srcg.credit_attempted)+ SUM(srcg.weighted_gp*srcg.credit_earned))/sum(srcg.credit_attempted)
                             )
                          ) as cgpa
 
             FROM marking_periods mp,temp_cum_gpa srcg
             INNER JOIN schools sc ON sc.id=srcg.school_id
             WHERE srcg.marking_period_id= mp.marking_period_id AND srcg.gp_scale<>0 AND srcg.marking_period_id NOT LIKE 'E%'
             AND mp.marking_period_id IN (SELECT marking_period_id  FROM marking_periods WHERE mp_type=req_mp )
             GROUP BY srcg.student_id;
  DECLARE CONTINUE HANDLER FOR NOT FOUND SET done = 1;
 
 
   CREATE TEMPORARY TABLE tmp(
     student_id int,
     sum_weighted_factors decimal(10,6),
     count_weighted_factors int,
     sum_unweighted_factors decimal(10,6),
     count_unweighted_factors int,
     grade_level_short varchar(10)
   );
 
   INSERT INTO tmp(student_id,sum_weighted_factors,count_weighted_factors,
     sum_unweighted_factors, count_unweighted_factors,grade_level_short)
   SELECT
     srcg.student_id,
     SUM(srcg.weighted_gp/s.reporting_gp_scale) AS sum_weighted_factors,
     COUNT(*) AS count_weighted_factors,
     SUM(srcg.unweighted_gp/srcg.gp_scale) AS sum_unweighted_factors,
     COUNT(*) AS count_unweighted_factors,
     eg.short_name
   FROM student_report_card_grades srcg
   INNER JOIN schools s ON s.id=srcg.school_id
   LEFT JOIN enroll_grade eg on eg.student_id=srcg.student_id AND eg.syear=srcg.syear AND eg.school_id=srcg.school_id
   WHERE srcg.marking_period_id=mp_id AND srcg.gp_scale<>0 AND srcg.marking_period_id NOT LIKE 'E%'
   GROUP BY srcg.student_id,eg.short_name;
 
  /* UPDATE student_mp_stats sms
     INNER JOIN tmp t on t.student_id=sms.student_id
   SET
     sms.sum_weighted_factors=t.sum_weighted_factors,
     sms.count_weighted_factors=t.count_weighted_factors,
     sms.sum_unweighted_factors=t.sum_unweighted_factors,
     sms.count_unweighted_factors=t.count_unweighted_factors
   WHERE sms.marking_period_id=mp_id;*/
 
   /*INSERT INTO student_mp_stats(student_id,marking_period_id,sum_weighted_factors,count_weighted_factors,
     sum_unweighted_factors,count_unweighted_factors,grade_level_short)
   SELECT
       t.student_id,
       mp_id,
       t.sum_weighted_factors,
       t.count_weighted_factors,
       t.sum_unweighted_factors,
       t.count_unweighted_factors,
       t.grade_level_short
     FROM tmp t
     LEFT JOIN student_mp_stats sms ON sms.student_id=t.student_id AND sms.marking_period_id=mp_id
     WHERE sms.student_id IS NULL;*/
 
   INSERT INTO student_gpa_calculated (student_id,marking_period_id)
   SELECT
       t.student_id,
       mp_id
     FROM tmp t
     LEFT JOIN student_gpa_calculated sms ON sms.student_id=t.student_id AND sms.marking_period_id=mp_id
     WHERE sms.student_id IS NULL;
 
 /*  UPDATE student_mp_stats g
     INNER JOIN (
 	SELECT s.student_id,
 		SUM(s.weighted_gp/sc.reporting_gp_scale)/COUNT(*) AS cum_weighted_factor,
 		SUM(s.unweighted_gp/s.gp_scale)/COUNT(*) AS cum_unweighted_factor
 	FROM student_report_card_grades s
 	INNER JOIN schools sc ON sc.id=s.school_id
 	LEFT JOIN course_periods p ON p.course_period_id=s.course_period_id
 	WHERE p.marking_period_id IS NULL OR p.marking_period_id=s.marking_period_id
 	GROUP BY student_id) gg ON gg.student_id=g.student_id
     SET g.cum_unweighted_factor=gg.cum_unweighted_factor, g.cum_weighted_factor=gg.cum_weighted_factor;*/
 
   UPDATE student_gpa_calculated g
     INNER JOIN (
 	SELECT s.student_id,
 		SUM(s.weighted_gp/sc.reporting_gp_scale)/COUNT(*) AS cum_weighted_factor,
 		SUM(s.unweighted_gp/s.gp_scale)/COUNT(*) AS cum_unweighted_factor
 	FROM student_report_card_grades s
 	INNER JOIN schools sc ON sc.id=s.school_id
 	LEFT JOIN course_periods p ON p.course_period_id=s.course_period_id
 	WHERE p.marking_period_id IS NULL OR p.marking_period_id=s.marking_period_id
 	GROUP BY student_id) gg ON gg.student_id=g.student_id
     SET g.cum_unweighted_factor=gg.cum_unweighted_factor;
 
 
     SELECT mp_type INTO @mp_type FROM marking_periods WHERE marking_period_id=mp_id;
 
  
     IF @mp_type = 'quarter'  THEN
            set req_mp = 'quarter';
     ELSEIF @mp_type = 'semester'  THEN
         IF EXISTS(SELECT student_id FROM student_report_card_grades srcg WHERE srcg.marking_period_id IN (SELECT marking_period_id  FROM marking_periods WHERE mp_type=@mp_type)) THEN
            set req_mp  = 'semester';
        ELSE
            set req_mp  = 'quarter';
         END IF;
    ELSEIF @mp_type = 'year'  THEN
            IF EXISTS(SELECT student_id FROM student_report_card_grades srcg WHERE srcg.MARKING_PERIOD_ID IN (SELECT marking_period_id  FROM marking_periods WHERE mp_type='semester')
                      UNION  SELECT student_id FROM student_report_card_grades srcg WHERE srcg.MARKING_PERIOD_ID IN (SELECT marking_period_id  FROM history_marking_periods WHERE mp_type='semester')
                      ) THEN
                  set req_mp  = 'semester';
          
           ELSE
                   set req_mp  = 'quarter ';
             END IF;
    END IF;
 
 
 
 open cur1;
 fetch cur1 into student_id, gp_points,gp_points_weighted,divisor,credit_earned,cgpa;
 
 while not done DO
     IF EXISTS(SELECT student_id FROM student_gpa_calculated WHERE  student_gpa_calculated.student_id=student_id) THEN
     UPDATE student_gpa_calculated gc
                SET gc.cgpa=cgpa where gc.student_id=student_id and gc.marking_period_id=mp_id;
     ELSE
         INSERT INTO student_gpa_running(student_id,marking_period_id,mp,cgpa)
           VALUES(student_id,mp_id,mp_id,cgpa);
     END IF;
 fetch cur1 into student_id, gp_points,gp_points_weighted,divisor,credit_earned,cgpa;
 END WHILE;
 /*while not done DO
     IF EXISTS(SELECT student_id FROM student_gpa_running WHERE  student_gpa_running.student_id=student_id) THEN
     UPDATE student_gpa_running gc
                SET gpa_points=gp_points,gpa_points_weighted=gp_points_weighted,gc.divisor=divisor,credit_earned=credit_earned,gc.cgpa=cgpa where gc.student_id=student_id;
     ELSE
         INSERT INTO student_gpa_running(student_id,marking_period_id,gpa_points,gpa_points_weighted, divisor,credit_earned,cgpa)
           VALUES(student_id,mp_id,gp_points,gp_points_weighted,divisor,credit_earned,cgpa);
     END IF;
 fetch cur1 into student_id, gp_points,gp_points_weighted,divisor,credit_earned,cgpa;
 END WHILE;*/
 CLOSE cur1;
 
 
 RETURN 1;
 
 END$$

CREATE DEFINER=`root`@`localhost` FUNCTION `CALC_GPA_MP` (`s_id` INT, `mp_id` INT) RETURNS INT(11) BEGIN
   SELECT
     SUM(srcg.weighted_gp/s.reporting_gp_scale) AS sum_weighted_factors, 
     COUNT(*) AS count_weighted_factors,                        
     SUM(srcg.unweighted_gp/srcg.gp_scale) AS sum_unweighted_factors, 
     COUNT(*) AS count_unweighted_factors,
    IF(ISNULL(sum(srcg.unweighted_gp)),  (SUM(srcg.weighted_gp*srcg.credit_earned))/ sum(srcg.credit_attempted),
                       IF(ISNULL(sum(srcg.weighted_gp)), SUM(srcg.unweighted_gp*srcg.credit_earned)/sum(srcg.credit_attempted),
                          ( SUM(srcg.unweighted_gp*srcg.credit_attempted)+ SUM(srcg.weighted_gp*srcg.credit_earned))/sum(srcg.credit_attempted)
                         )
       ),
     
     SUM(srcg.weighted_gp*srcg.credit_earned)/(select sum(sg.credit_attempted) from student_report_card_grades sg where sg.marking_period_id=mp_id AND sg.student_id=s_id
                                                   AND sg.weighted_gp  IS NOT NULL  AND sg.unweighted_gp IS NULL AND sg.course_period_id IS NOT NULL GROUP BY sg.student_id, sg.marking_period_id) ,
     SUM(srcg.unweighted_gp*srcg.credit_earned)/ (select sum(sg.credit_attempted) from student_report_card_grades sg where sg.marking_period_id=mp_id AND sg.student_id=s_id
                                                      AND sg.unweighted_gp  IS NOT NULL  AND sg.weighted_gp IS NULL AND sg.course_period_id IS NOT NULL GROUP BY sg.student_id, sg.marking_period_id) ,
     eg.short_name
   INTO
     @sum_weighted_factors,
     @count_weighted_factors,
     @sum_unweighted_factors,
     @count_unweighted_factors,
     @gpa,
     @weighted_gpa,
     @unweighted_gpa,
     @grade_level_short
   FROM student_report_card_grades srcg
   INNER JOIN schools s ON s.id=srcg.school_id
 INNER JOIN course_periods cp ON cp.course_period_id=srcg.course_period_id
 INNER JOIN report_card_grade_scales rcgs ON rcgs.id=cp.grade_scale_id
   LEFT JOIN enroll_grade eg on eg.student_id=srcg.student_id AND eg.syear=srcg.syear AND eg.school_id=srcg.school_id
   WHERE srcg.marking_period_id=mp_id AND srcg.student_id=s_id AND srcg.gp_scale<>0 AND srcg.course_period_id IS NOT NULL AND (rcgs.gpa_cal='Y' OR cp.grade_scale_id IS NULL) AND srcg.marking_period_id NOT LIKE 'E%'
   AND (eg.START_DATE IS NULL OR eg.START_DATE='0000-00-00'  OR eg.START_DATE<=CURDATE()) AND (eg.END_DATE IS NULL OR eg.END_DATE='0000-00-00'  OR eg.END_DATE>=CURDATE())  
   GROUP BY srcg.student_id,eg.short_name;
 
   /*IF EXISTS(SELECT NULL FROM student_mp_stats WHERE marking_period_id=mp_id AND student_id=s_id) THEN
     UPDATE student_mp_stats
     SET
       sum_weighted_factors=@sum_weighted_factors,
       count_weighted_factors=@count_weighted_factors,
       sum_unweighted_factors=@sum_unweighted_factors,
       count_unweighted_factors=@count_unweighted_factors
     WHERE marking_period_id=mp_id AND student_id=s_id;
   ELSE
     INSERT INTO student_mp_stats(student_id,marking_period_id,sum_weighted_factors,count_weighted_factors,
         sum_unweighted_factors,count_unweighted_factors,grade_level_short)
       VALUES(s_id,mp_id,@sum_weighted_factors,@count_weighted_factors,@sum_unweighted_factors,
         @count_unweighted_factors,@grade_level_short);
   END IF;
 
   UPDATE student_mp_stats g
     INNER JOIN (
 	SELECT s.student_id,
 		SUM(s.weighted_gp/sc.reporting_gp_scale)/COUNT(*) AS cum_weighted_factor,
 		SUM(s.unweighted_gp/s.gp_scale)/COUNT(*) AS cum_unweighted_factor
 	FROM student_report_card_grades s
 	INNER JOIN schools sc ON sc.id=s.school_id
 	LEFT JOIN course_periods p ON p.course_period_id=s.course_period_id
 	WHERE s.course_period_id IS NOT NULL AND p.marking_period_id IS NULL OR p.marking_period_id=s.marking_period_id
 	GROUP BY student_id) gg ON gg.student_id=g.student_id
     SET g.cum_unweighted_factor=gg.cum_unweighted_factor, g.cum_weighted_factor=gg.cum_weighted_factor
     WHERE g.student_id=s_id;*/
 
   IF NOT EXISTS(SELECT NULL FROM student_gpa_calculated WHERE marking_period_id=mp_id AND student_id=s_id) THEN
     INSERT INTO student_gpa_calculated (student_id,marking_period_id)
       VALUES(s_id,mp_id);
   END IF;
 
   UPDATE student_gpa_calculated g
     INNER JOIN (
 	SELECT s.student_id,
 		SUM(s.unweighted_gp/s.gp_scale)/COUNT(*) AS cum_unweighted_factor
 	FROM student_report_card_grades s
 	INNER JOIN schools sc ON sc.id=s.school_id
 	LEFT JOIN course_periods p ON p.course_period_id=s.course_period_id
 	WHERE s.course_period_id IS NOT NULL AND p.marking_period_id IS NULL OR p.marking_period_id=s.marking_period_id
 	GROUP BY student_id) gg ON gg.student_id=g.student_id
     SET g.cum_unweighted_factor=gg.cum_unweighted_factor
     WHERE g.student_id=s_id;
 
 IF EXISTS(SELECT student_id FROM student_gpa_calculated WHERE marking_period_id=mp_id AND student_id=s_id) THEN
     UPDATE student_gpa_calculated
     SET
       gpa            = @gpa,
       weighted_gpa   =@weighted_gpa,
       unweighted_gpa =@unweighted_gpa
 
     WHERE marking_period_id=mp_id AND student_id=s_id;
   ELSE
         INSERT INTO student_gpa_calculated(student_id,marking_period_id,mp,gpa,weighted_gpa,unweighted_gpa,grade_level_short)
             VALUES(s_id,mp_id,mp_id,@gpa,@weighted_gpa,@unweighted_gpa,@grade_level_short  );
                    
 
    END IF;
 
   RETURN 0;
 END$$

CREATE DEFINER=`root`@`localhost` FUNCTION `CREDIT` (`cp_id` INT, `mp_id` INT) RETURNS DECIMAL(10,3) BEGIN
   SELECT credits,IF(ISNULL(marking_period_id),'Y',marking_period_id),mp INTO @credits,@marking_period_id,@mp FROM course_periods WHERE course_period_id=cp_id;
    SELECT mp_type INTO @mp_type FROM marking_periods WHERE marking_period_id=mp_id;
   
 IF @marking_period_id='Y' THEN 
 RETURN @credits;
    ELSEIF   @marking_period_id=mp_id THEN
     RETURN @credits;
 ELSEIF @mp = 'QTR' AND @mp_type = 'semester' THEN
      RETURN @credits;
    ELSEIF @mp='FY' AND @mp_type='semester' THEN
      SELECT COUNT(*) INTO @val FROM marking_periods WHERE parent_id=@marking_period_id GROUP BY parent_id;
    ELSEIF @mp = 'FY' AND @mp_type = 'quarter' THEN
      SELECT count(*) into @val FROM marking_periods WHERE grandparent_id=@marking_period_id GROUP BY grandparent_id;
    ELSEIF @mp = 'SEM' AND @mp_type = 'quarter' THEN
      SELECT count(*) into @val FROM marking_periods WHERE parent_id=@marking_period_id GROUP BY parent_id;
    ELSE
      RETURN 0;
    END IF;
    IF @val > 0 THEN
      RETURN @credits/@val;
    END IF;
    RETURN 0;
 END$$

CREATE DEFINER=`root`@`localhost` FUNCTION `fn_marking_period_seq` () RETURNS INT(11) BEGIN
   INSERT INTO marking_period_id_generator VALUES(NULL);
 RETURN LAST_INSERT_ID();
 END$$

CREATE DEFINER=`root`@`localhost` FUNCTION `RE_CALC_GPA_MP` (`s_id` INT, `mp_id` INT, `sy` INT, `sch_id` INT) RETURNS INT(11) BEGIN
   SELECT
     SUM(srcg.weighted_gp/s.reporting_gp_scale) AS sum_weighted_factors, 
     COUNT(*) AS count_weighted_factors,                        
     SUM(srcg.unweighted_gp/srcg.gp_scale) AS sum_unweighted_factors, 
     COUNT(*) AS count_unweighted_factors,
    IF(ISNULL(sum(srcg.unweighted_gp)),  (SUM(srcg.weighted_gp*srcg.credit_earned))/ sum(srcg.credit_attempted),
                       IF(ISNULL(sum(srcg.weighted_gp)), SUM(srcg.unweighted_gp*srcg.credit_earned)/sum(srcg.credit_attempted),
                          ( SUM(srcg.unweighted_gp*srcg.credit_attempted)+ SUM(srcg.weighted_gp*srcg.credit_earned))/sum(srcg.credit_attempted)
                         )
       ),
     
     SUM(srcg.weighted_gp*srcg.credit_earned)/(select sum(sg.credit_attempted) from student_report_card_grades sg where sg.marking_period_id=mp_id AND sg.student_id=s_id
                                                   AND sg.weighted_gp  IS NOT NULL  AND sg.unweighted_gp IS NULL GROUP BY sg.student_id, sg.marking_period_id) ,
     SUM(srcg.unweighted_gp*srcg.credit_earned)/ (select sum(sg.credit_attempted) from student_report_card_grades sg where sg.marking_period_id=mp_id AND sg.student_id=s_id
                                                      AND sg.unweighted_gp  IS NOT NULL  AND sg.weighted_gp IS NULL GROUP BY sg.student_id, sg.marking_period_id) ,
     eg.short_name
   INTO
     @sum_weighted_factors,
     @count_weighted_factors,
     @sum_unweighted_factors,
     @count_unweighted_factors,
     @gpa,
     @weighted_gpa,
     @unweighted_gpa,
     @grade_level_short
   FROM student_report_card_grades srcg
   INNER JOIN schools s ON s.id=srcg.school_id
   LEFT JOIN enroll_grade eg on eg.student_id=srcg.student_id AND eg.syear=srcg.syear AND eg.school_id=srcg.school_id
   WHERE srcg.marking_period_id=mp_id AND srcg.student_id=s_id AND srcg.gp_scale<>0 AND srcg.school_id=sch_id AND srcg.syear=sy AND srcg.marking_period_id NOT LIKE 'E%'
 AND (eg.START_DATE IS NULL OR eg.START_DATE='0000-00-00'  OR eg.START_DATE<=CURDATE()) AND (eg.END_DATE IS NULL OR eg.END_DATE='0000-00-00'  OR eg.END_DATE>=CURDATE())
   GROUP BY srcg.student_id,eg.short_name;
 
   /*IF EXISTS(SELECT NULL FROM student_mp_stats WHERE marking_period_id=mp_id AND student_id=s_id) THEN
     UPDATE student_mp_stats
     SET
       sum_weighted_factors=@sum_weighted_factors,
       count_weighted_factors=@count_weighted_factors,
       sum_unweighted_factors=@sum_unweighted_factors,
       count_unweighted_factors=@count_unweighted_factors
     WHERE marking_period_id=mp_id AND student_id=s_id;
   ELSE
     INSERT INTO student_mp_stats(student_id,marking_period_id,sum_weighted_factors,count_weighted_factors,
         sum_unweighted_factors,count_unweighted_factors,grade_level_short)
       VALUES(s_id,mp_id,@sum_weighted_factors,@count_weighted_factors,@sum_unweighted_factors,
         @count_unweighted_factors,@grade_level_short);
   END IF;
 
   UPDATE student_mp_stats g
     INNER JOIN (
 	SELECT s.student_id,
 		SUM(s.weighted_gp/sc.reporting_gp_scale)/COUNT(*) AS cum_weighted_factor,
 		SUM(s.unweighted_gp/s.gp_scale)/COUNT(*) AS cum_unweighted_factor
 	FROM student_report_card_grades s
 	INNER JOIN schools sc ON sc.id=s.school_id
 	LEFT JOIN course_periods p ON p.course_period_id=s.course_period_id
 	WHERE p.marking_period_id IS NULL OR p.marking_period_id=s.marking_period_id
 	GROUP BY student_id) gg ON gg.student_id=g.student_id
     SET g.cum_unweighted_factor=gg.cum_unweighted_factor, g.cum_weighted_factor=gg.cum_weighted_factor
     WHERE g.student_id=s_id;*/
 
   IF NOT EXISTS(SELECT NULL FROM student_gpa_calculated WHERE marking_period_id=mp_id AND student_id=s_id) THEN
     INSERT INTO student_mp_stats(student_id,marking_period_id)
       VALUES(s_id,mp_id);
   END IF;
 
   UPDATE student_gpa_calculated g
     INNER JOIN (
 	SELECT s.student_id,
 		SUM(s.unweighted_gp/s.gp_scale)/COUNT(*) AS cum_unweighted_factor
 	FROM student_report_card_grades s
 	INNER JOIN schools sc ON sc.id=s.school_id
 	LEFT JOIN course_periods p ON p.course_period_id=s.course_period_id
 	WHERE p.marking_period_id IS NULL OR p.marking_period_id=s.marking_period_id
 	GROUP BY student_id) gg ON gg.student_id=g.student_id
     SET g.cum_unweighted_factor=gg.cum_unweighted_factor
     WHERE g.student_id=s_id;
 
 IF EXISTS(SELECT student_id FROM student_gpa_calculated WHERE marking_period_id=mp_id AND student_id=s_id) THEN
     UPDATE student_gpa_calculated
     SET
       gpa            = @gpa,
       weighted_gpa   =@weighted_gpa,
       unweighted_gpa =@unweighted_gpa
 
     WHERE marking_period_id=mp_id AND student_id=s_id;
   ELSE
         INSERT INTO student_gpa_calculated(student_id,marking_period_id,mp,gpa,weighted_gpa,unweighted_gpa,grade_level_short)
             VALUES(s_id,mp_id,mp_id,@gpa,@weighted_gpa,@unweighted_gpa,@grade_level_short  );
                    
 
    END IF;
 
   RETURN 0;
 END$$

CREATE DEFINER=`root`@`localhost` FUNCTION `SET_CLASS_RANK_MP` (`mp_id` INT) RETURNS INT(11) BEGIN
 
 DECLARE done INT DEFAULT 0;
 DECLARE marking_period_id INT;
 DECLARE student_id INT;
 DECLARE rank NUMERIC;
 
 declare cur1 cursor for
 select
   mp.marking_period_id,
   sgc.student_id,
  (select count(*)+1 
    from student_gpa_calculated sgc3
    where sgc3.gpa > sgc.gpa
      and sgc3.marking_period_id = mp.marking_period_id 
      and sgc3.student_id in (select distinct sgc2.student_id 
                                                 from student_gpa_calculated sgc2, student_enrollment se2
                                                 where sgc2.student_id = se2.student_id 
                                                 and sgc2.marking_period_id = mp.marking_period_id 
                                                 and se2.grade_id = se.grade_id
                                                 and se2.syear = se.syear
                                                 group by gpa
                                 )
   ) as rank
   from student_enrollment se, student_gpa_calculated sgc, marking_periods mp
   where se.student_id = sgc.student_id
     and sgc.marking_period_id = mp.marking_period_id
     and mp.marking_period_id = mp_id
     and se.syear = mp.syear
     and not sgc.gpa is null
   order by grade_id, rank;
 DECLARE CONTINUE HANDLER FOR NOT FOUND SET done = 1;
 
 open cur1;
 fetch cur1 into marking_period_id,student_id,rank;
 
 while not done DO
 	update student_gpa_calculated sgc
 	  set
 	    class_rank = rank
 	where sgc.marking_period_id = marking_period_id
 	  and sgc.student_id = student_id;
 	fetch cur1 into marking_period_id,student_id,rank;
 END WHILE;
 CLOSE cur1;
 
 RETURN 1;
 END$$

CREATE DEFINER=`root`@`localhost` FUNCTION `STUDENT_DISABLE` (`stu_id` INT) RETURNS INT(1) BEGIN
 UPDATE students set is_disable ='Y' where (select end_date from student_enrollment where  student_id=stu_id ORDER BY id DESC LIMIT 1) IS NOT NULL AND (select end_date from student_enrollment where  student_id=stu_id ORDER BY id DESC LIMIT 1)< CURDATE() AND  student_id=stu_id;
 RETURN 1;
 END$$

DELIMITER ;

-- --------------------------------------------------------

--
-- Table structure for table `app`
--

CREATE TABLE `app` (
  `name` varchar(100) NOT NULL,
  `value` varchar(100) NOT NULL
) ENGINE=MyISAM DEFAULT CHARSET=utf8;

--
-- Dumping data for table `app`
--

INSERT INTO `app` (`name`, `value`) VALUES
('version', '6.0'),
('date', 'July 20, 2015'),
('build', '20150720001'),
('update', '0'),
('last_updated', 'July 20, 2015');

-- --------------------------------------------------------

--
-- Table structure for table `attendance_calendar`
--

CREATE TABLE `attendance_calendar` (
  `syear` decimal(4,0) NOT NULL,
  `school_id` decimal(10,0) NOT NULL,
  `school_date` date NOT NULL,
  `minutes` decimal(10,0) DEFAULT NULL,
  `block` varchar(10) DEFAULT NULL,
  `calendar_id` decimal(10,0) NOT NULL,
  `last_updated` timestamp NOT NULL DEFAULT CURRENT_TIMESTAMP,
  `updated_by` varchar(255) DEFAULT NULL
) ENGINE=MyISAM DEFAULT CHARSET=utf8;

--
-- Dumping data for table `attendance_calendar`
--

INSERT INTO `attendance_calendar` (`syear`, `school_id`, `school_date`, `minutes`, `block`, `calendar_id`, `last_updated`, `updated_by`) VALUES
('2015', '1', '2015-08-03', '999', NULL, '1', '2015-07-29 07:27:21', NULL),
('2015', '1', '2015-08-04', '999', NULL, '1', '2015-07-29 07:27:21', NULL),
('2015', '1', '2015-08-05', '999', NULL, '1', '2015-07-29 07:27:21', NULL),
('2015', '1', '2015-08-06', '999', NULL, '1', '2015-07-29 07:27:21', NULL),
('2015', '1', '2015-08-07', '999', NULL, '1', '2015-07-29 07:27:21', NULL),
('2015', '1', '2015-08-10', '999', NULL, '1', '2015-07-29 07:27:21', NULL),
('2015', '1', '2015-08-11', '999', NULL, '1', '2015-07-29 07:27:21', NULL),
('2015', '1', '2015-08-12', '999', NULL, '1', '2015-07-29 07:27:21', NULL),
('2015', '1', '2015-08-13', '999', NULL, '1', '2015-07-29 07:27:21', NULL),
('2015', '1', '2015-08-14', '999', NULL, '1', '2015-07-29 07:27:21', NULL),
('2015', '1', '2015-08-17', '999', NULL, '1', '2015-07-29 07:27:21', NULL),
('2015', '1', '2015-08-18', '999', NULL, '1', '2015-07-29 07:27:21', NULL),
('2015', '1', '2015-08-19', '999', NULL, '1', '2015-07-29 07:27:21', NULL),
('2015', '1', '2015-08-20', '999', NULL, '1', '2015-07-29 07:27:21', NULL),
('2015', '1', '2015-08-21', '999', NULL, '1', '2015-07-29 07:27:21', NULL),
('2015', '1', '2015-08-24', '999', NULL, '1', '2015-07-29 07:27:21', NULL),
('2015', '1', '2015-08-25', '999', NULL, '1', '2015-07-29 07:27:21', NULL),
('2015', '1', '2015-08-26', '999', NULL, '1', '2015-07-29 07:27:21', NULL),
('2015', '1', '2015-08-27', '999', NULL, '1', '2015-07-29 07:27:21', NULL),
('2015', '1', '2015-08-28', '999', NULL, '1', '2015-07-29 07:27:21', NULL),
('2015', '1', '2015-08-31', '999', NULL, '1', '2015-07-29 07:27:21', NULL),
('2015', '1', '2015-09-01', '999', NULL, '1', '2015-07-29 07:27:21', NULL),
('2015', '1', '2015-09-02', '999', NULL, '1', '2015-07-29 07:27:21', NULL),
('2015', '1', '2015-09-03', '999', NULL, '1', '2015-07-29 07:27:21', NULL),
('2015', '1', '2015-09-04', '999', NULL, '1', '2015-07-29 07:27:21', NULL),
('2015', '1', '2015-09-07', '999', NULL, '1', '2015-07-29 07:27:21', NULL),
('2015', '1', '2015-09-08', '999', NULL, '1', '2015-07-29 07:27:21', NULL),
('2015', '1', '2015-09-09', '999', NULL, '1', '2015-07-29 07:27:21', NULL),
('2015', '1', '2015-09-10', '999', NULL, '1', '2015-07-29 07:27:21', NULL),
('2015', '1', '2015-09-11', '999', NULL, '1', '2015-07-29 07:27:21', NULL),
('2015', '1', '2015-09-14', '999', NULL, '1', '2015-07-29 07:27:21', NULL),
('2015', '1', '2015-09-15', '999', NULL, '1', '2015-07-29 07:27:21', NULL),
('2015', '1', '2015-09-16', '999', NULL, '1', '2015-07-29 07:27:21', NULL),
('2015', '1', '2015-09-17', '999', NULL, '1', '2015-07-29 07:27:21', NULL),
('2015', '1', '2015-09-18', '999', NULL, '1', '2015-07-29 07:27:21', NULL),
('2015', '1', '2015-09-21', '999', NULL, '1', '2015-07-29 07:27:21', NULL),
('2015', '1', '2015-09-22', '999', NULL, '1', '2015-07-29 07:27:21', NULL),
('2015', '1', '2015-09-23', '999', NULL, '1', '2015-07-29 07:27:21', NULL),
('2015', '1', '2015-09-24', '999', NULL, '1', '2015-07-29 07:27:21', NULL),
('2015', '1', '2015-09-25', '999', NULL, '1', '2015-07-29 07:27:21', NULL),
('2015', '1', '2015-09-28', '999', NULL, '1', '2015-07-29 07:27:21', NULL),
('2015', '1', '2015-09-29', '999', NULL, '1', '2015-07-29 07:27:21', NULL),
('2015', '1', '2015-09-30', '999', NULL, '1', '2015-07-29 07:27:21', NULL),
('2015', '1', '2015-10-01', '999', NULL, '1', '2015-07-29 07:27:21', NULL),
('2015', '1', '2015-10-02', '999', NULL, '1', '2015-07-29 07:27:21', NULL),
('2015', '1', '2015-10-05', '999', NULL, '1', '2015-07-29 07:27:21', NULL),
('2015', '1', '2015-10-06', '999', NULL, '1', '2015-07-29 07:27:21', NULL),
('2015', '1', '2015-10-07', '999', NULL, '1', '2015-07-29 07:27:21', NULL),
('2015', '1', '2015-10-08', '999', NULL, '1', '2015-07-29 07:27:21', NULL),
('2015', '1', '2015-10-09', '999', NULL, '1', '2015-07-29 07:27:21', NULL),
('2015', '1', '2015-10-12', '999', NULL, '1', '2015-07-29 07:27:21', NULL),
('2015', '1', '2015-10-13', '999', NULL, '1', '2015-07-29 07:27:21', NULL),
('2015', '1', '2015-10-14', '999', NULL, '1', '2015-07-29 07:27:21', NULL),
('2015', '1', '2015-10-15', '999', NULL, '1', '2015-07-29 07:27:21', NULL),
('2015', '1', '2015-10-16', '999', NULL, '1', '2015-07-29 07:27:21', NULL),
('2015', '1', '2015-10-19', '999', NULL, '1', '2015-07-29 07:27:21', NULL),
('2015', '1', '2015-10-20', '999', NULL, '1', '2015-07-29 07:27:21', NULL),
('2015', '1', '2015-10-21', '999', NULL, '1', '2015-07-29 07:27:21', NULL),
('2015', '1', '2015-10-22', '999', NULL, '1', '2015-07-29 07:27:21', NULL),
('2015', '1', '2015-10-23', '999', NULL, '1', '2015-07-29 07:27:21', NULL),
('2015', '1', '2015-10-26', '999', NULL, '1', '2015-07-29 07:27:21', NULL),
('2015', '1', '2015-10-27', '999', NULL, '1', '2015-07-29 07:27:21', NULL),
('2015', '1', '2015-10-28', '999', NULL, '1', '2015-07-29 07:27:21', NULL),
('2015', '1', '2015-10-29', '999', NULL, '1', '2015-07-29 07:27:21', NULL),
('2015', '1', '2015-10-30', '999', NULL, '1', '2015-07-29 07:27:21', NULL),
('2015', '1', '2015-11-02', '999', NULL, '1', '2015-07-29 07:27:21', NULL),
('2015', '1', '2015-11-03', '999', NULL, '1', '2015-07-29 07:27:21', NULL),
('2015', '1', '2015-11-04', '999', NULL, '1', '2015-07-29 07:27:21', NULL),
('2015', '1', '2015-11-05', '999', NULL, '1', '2015-07-29 07:27:21', NULL),
('2015', '1', '2015-11-06', '999', NULL, '1', '2015-07-29 07:27:21', NULL),
('2015', '1', '2015-11-09', '999', NULL, '1', '2015-07-29 07:27:21', NULL),
('2015', '1', '2015-11-10', '999', NULL, '1', '2015-07-29 07:27:21', NULL),
('2015', '1', '2015-11-11', '999', NULL, '1', '2015-07-29 07:27:21', NULL),
('2015', '1', '2015-11-12', '999', NULL, '1', '2015-07-29 07:27:21', NULL),
('2015', '1', '2015-11-13', '999', NULL, '1', '2015-07-29 07:27:21', NULL),
('2015', '1', '2015-11-16', '999', NULL, '1', '2015-07-29 07:27:21', NULL),
('2015', '1', '2015-11-17', '999', NULL, '1', '2015-07-29 07:27:21', NULL),
('2015', '1', '2015-11-18', '999', NULL, '1', '2015-07-29 07:27:21', NULL),
('2015', '1', '2015-11-19', '999', NULL, '1', '2015-07-29 07:27:21', NULL),
('2015', '1', '2015-11-20', '999', NULL, '1', '2015-07-29 07:27:21', NULL),
('2015', '1', '2015-11-23', '999', NULL, '1', '2015-07-29 07:27:21', NULL),
('2015', '1', '2015-11-24', '999', NULL, '1', '2015-07-29 07:27:21', NULL),
('2015', '1', '2015-11-25', '999', NULL, '1', '2015-07-29 07:27:21', NULL),
('2015', '1', '2015-11-26', '999', NULL, '1', '2015-07-29 07:27:21', NULL),
('2015', '1', '2015-11-27', '999', NULL, '1', '2015-07-29 07:27:21', NULL),
('2015', '1', '2015-11-30', '999', NULL, '1', '2015-07-29 07:27:21', NULL),
('2015', '1', '2015-12-01', '999', NULL, '1', '2015-07-29 07:27:21', NULL),
('2015', '1', '2015-12-02', '999', NULL, '1', '2015-07-29 07:27:21', NULL),
('2015', '1', '2015-12-03', '999', NULL, '1', '2015-07-29 07:27:21', NULL),
('2015', '1', '2015-12-04', '999', NULL, '1', '2015-07-29 07:27:21', NULL),
('2015', '1', '2015-12-07', '999', NULL, '1', '2015-07-29 07:27:21', NULL),
('2015', '1', '2015-12-08', '999', NULL, '1', '2015-07-29 07:27:21', NULL),
('2015', '1', '2015-12-09', '999', NULL, '1', '2015-07-29 07:27:21', NULL),
('2015', '1', '2015-12-10', '999', NULL, '1', '2015-07-29 07:27:21', NULL),
('2015', '1', '2015-12-11', '999', NULL, '1', '2015-07-29 07:27:21', NULL),
('2015', '1', '2015-12-14', '999', NULL, '1', '2015-07-29 07:27:21', NULL),
('2015', '1', '2015-12-15', '999', NULL, '1', '2015-07-29 07:27:21', NULL),
('2015', '1', '2015-12-16', '999', NULL, '1', '2015-07-29 07:27:21', NULL),
('2015', '1', '2015-12-17', '999', NULL, '1', '2015-07-29 07:27:21', NULL),
('2015', '1', '2015-12-18', '999', NULL, '1', '2015-07-29 07:27:21', NULL),
('2015', '1', '2015-12-21', '999', NULL, '1', '2015-07-29 07:27:21', NULL),
('2015', '1', '2015-12-22', '999', NULL, '1', '2015-07-29 07:27:21', NULL),
('2015', '1', '2015-12-23', '999', NULL, '1', '2015-07-29 07:27:21', NULL),
('2015', '1', '2015-12-24', '999', NULL, '1', '2015-07-29 07:27:21', NULL),
('2015', '1', '2015-12-25', '999', NULL, '1', '2015-07-29 07:27:21', NULL),
('2015', '1', '2015-12-28', '999', NULL, '1', '2015-07-29 07:27:21', NULL),
('2015', '1', '2015-12-29', '999', NULL, '1', '2015-07-29 07:27:21', NULL),
('2015', '1', '2015-12-30', '999', NULL, '1', '2015-07-29 07:27:21', NULL),
('2015', '1', '2015-12-31', '999', NULL, '1', '2015-07-29 07:27:21', NULL),
('2015', '1', '2016-01-01', '999', NULL, '1', '2015-07-29 07:27:21', NULL),
('2015', '1', '2016-01-04', '999', NULL, '1', '2015-07-29 07:27:21', NULL),
('2015', '1', '2016-01-05', '999', NULL, '1', '2015-07-29 07:27:21', NULL),
('2015', '1', '2016-01-06', '999', NULL, '1', '2015-07-29 07:27:21', NULL),
('2015', '1', '2016-01-07', '999', NULL, '1', '2015-07-29 07:27:21', NULL),
('2015', '1', '2016-01-08', '999', NULL, '1', '2015-07-29 07:27:21', NULL),
('2015', '1', '2016-01-11', '999', NULL, '1', '2015-07-29 07:27:21', NULL),
('2015', '1', '2016-01-12', '999', NULL, '1', '2015-07-29 07:27:21', NULL),
('2015', '1', '2016-01-13', '999', NULL, '1', '2015-07-29 07:27:21', NULL),
('2015', '1', '2016-01-14', '999', NULL, '1', '2015-07-29 07:27:21', NULL),
('2015', '1', '2016-01-15', '999', NULL, '1', '2015-07-29 07:27:21', NULL),
('2015', '1', '2016-01-18', '999', NULL, '1', '2015-07-29 07:27:21', NULL),
('2015', '1', '2016-01-19', '999', NULL, '1', '2015-07-29 07:27:21', NULL),
('2015', '1', '2016-01-20', '999', NULL, '1', '2015-07-29 07:27:21', NULL),
('2015', '1', '2016-01-21', '999', NULL, '1', '2015-07-29 07:27:21', NULL),
('2015', '1', '2016-01-22', '999', NULL, '1', '2015-07-29 07:27:21', NULL),
('2015', '1', '2016-01-25', '999', NULL, '1', '2015-07-29 07:27:21', NULL),
('2015', '1', '2016-01-26', '999', NULL, '1', '2015-07-29 07:27:21', NULL),
('2015', '1', '2016-01-27', '999', NULL, '1', '2015-07-29 07:27:21', NULL),
('2015', '1', '2016-01-28', '999', NULL, '1', '2015-07-29 07:27:21', NULL),
('2015', '1', '2016-01-29', '999', NULL, '1', '2015-07-29 07:27:21', NULL),
('2015', '1', '2016-02-01', '999', NULL, '1', '2015-07-29 07:27:21', NULL),
('2015', '1', '2016-02-02', '999', NULL, '1', '2015-07-29 07:27:21', NULL),
('2015', '1', '2016-02-03', '999', NULL, '1', '2015-07-29 07:27:21', NULL),
('2015', '1', '2016-02-04', '999', NULL, '1', '2015-07-29 07:27:21', NULL),
('2015', '1', '2016-02-05', '999', NULL, '1', '2015-07-29 07:27:21', NULL),
('2015', '1', '2016-02-08', '999', NULL, '1', '2015-07-29 07:27:21', NULL),
('2015', '1', '2016-02-09', '999', NULL, '1', '2015-07-29 07:27:21', NULL),
('2015', '1', '2016-02-10', '999', NULL, '1', '2015-07-29 07:27:21', NULL),
('2015', '1', '2016-02-11', '999', NULL, '1', '2015-07-29 07:27:21', NULL),
('2015', '1', '2016-02-12', '999', NULL, '1', '2015-07-29 07:27:21', NULL),
('2015', '1', '2016-02-15', '999', NULL, '1', '2015-07-29 07:27:21', NULL),
('2015', '1', '2016-02-16', '999', NULL, '1', '2015-07-29 07:27:21', NULL),
('2015', '1', '2016-02-17', '999', NULL, '1', '2015-07-29 07:27:21', NULL),
('2015', '1', '2016-02-18', '999', NULL, '1', '2015-07-29 07:27:21', NULL),
('2015', '1', '2016-02-19', '999', NULL, '1', '2015-07-29 07:27:21', NULL),
('2015', '1', '2016-02-22', '999', NULL, '1', '2015-07-29 07:27:21', NULL),
('2015', '1', '2016-02-23', '999', NULL, '1', '2015-07-29 07:27:21', NULL),
('2015', '1', '2016-02-24', '999', NULL, '1', '2015-07-29 07:27:21', NULL),
('2015', '1', '2016-02-25', '999', NULL, '1', '2015-07-29 07:27:21', NULL),
('2015', '1', '2016-02-26', '999', NULL, '1', '2015-07-29 07:27:21', NULL),
('2015', '1', '2016-02-29', '999', NULL, '1', '2015-07-29 07:27:21', NULL),
('2015', '1', '2016-03-01', '999', NULL, '1', '2015-07-29 07:27:21', NULL),
('2015', '1', '2016-03-02', '999', NULL, '1', '2015-07-29 07:27:21', NULL),
('2015', '1', '2016-03-03', '999', NULL, '1', '2015-07-29 07:27:21', NULL),
('2015', '1', '2016-03-04', '999', NULL, '1', '2015-07-29 07:27:21', NULL),
('2015', '1', '2016-03-07', '999', NULL, '1', '2015-07-29 07:27:21', NULL),
('2015', '1', '2016-03-08', '999', NULL, '1', '2015-07-29 07:27:21', NULL),
('2015', '1', '2016-03-09', '999', NULL, '1', '2015-07-29 07:27:21', NULL),
('2015', '1', '2016-03-10', '999', NULL, '1', '2015-07-29 07:27:21', NULL),
('2015', '1', '2016-03-11', '999', NULL, '1', '2015-07-29 07:27:21', NULL),
('2015', '1', '2016-03-14', '999', NULL, '1', '2015-07-29 07:27:21', NULL),
('2015', '1', '2016-03-15', '999', NULL, '1', '2015-07-29 07:27:21', NULL),
('2015', '1', '2016-03-16', '999', NULL, '1', '2015-07-29 07:27:21', NULL),
('2015', '1', '2016-03-17', '999', NULL, '1', '2015-07-29 07:27:21', NULL),
('2015', '1', '2016-03-18', '999', NULL, '1', '2015-07-29 07:27:21', NULL),
('2015', '1', '2016-03-21', '999', NULL, '1', '2015-07-29 07:27:21', NULL),
('2015', '1', '2016-03-22', '999', NULL, '1', '2015-07-29 07:27:21', NULL),
('2015', '1', '2016-03-23', '999', NULL, '1', '2015-07-29 07:27:21', NULL),
('2015', '1', '2016-03-24', '999', NULL, '1', '2015-07-29 07:27:21', NULL),
('2015', '1', '2016-03-25', '999', NULL, '1', '2015-07-29 07:27:21', NULL),
('2015', '1', '2016-03-28', '999', NULL, '1', '2015-07-29 07:27:21', NULL),
('2015', '1', '2016-03-29', '999', NULL, '1', '2015-07-29 07:27:21', NULL),
('2015', '1', '2016-03-30', '999', NULL, '1', '2015-07-29 07:27:21', NULL),
('2015', '1', '2016-03-31', '999', NULL, '1', '2015-07-29 07:27:21', NULL),
('2015', '1', '2016-04-01', '999', NULL, '1', '2015-07-29 07:27:21', NULL),
('2015', '1', '2016-04-04', '999', NULL, '1', '2015-07-29 07:27:21', NULL),
('2015', '1', '2016-04-05', '999', NULL, '1', '2015-07-29 07:27:21', NULL),
('2015', '1', '2016-04-06', '999', NULL, '1', '2015-07-29 07:27:21', NULL),
('2015', '1', '2016-04-07', '999', NULL, '1', '2015-07-29 07:27:21', NULL),
('2015', '1', '2016-04-08', '999', NULL, '1', '2015-07-29 07:27:21', NULL),
('2015', '1', '2016-04-11', '999', NULL, '1', '2015-07-29 07:27:21', NULL),
('2015', '1', '2016-04-12', '999', NULL, '1', '2015-07-29 07:27:21', NULL),
('2015', '1', '2016-04-13', '999', NULL, '1', '2015-07-29 07:27:21', NULL),
('2015', '1', '2016-04-14', '999', NULL, '1', '2015-07-29 07:27:21', NULL),
('2015', '1', '2016-04-15', '999', NULL, '1', '2015-07-29 07:27:21', NULL),
('2015', '1', '2016-04-18', '999', NULL, '1', '2015-07-29 07:27:21', NULL),
('2015', '1', '2016-04-19', '999', NULL, '1', '2015-07-29 07:27:21', NULL),
('2015', '1', '2016-04-20', '999', NULL, '1', '2015-07-29 07:27:21', NULL),
('2015', '1', '2016-04-21', '999', NULL, '1', '2015-07-29 07:27:21', NULL),
('2015', '1', '2016-04-22', '999', NULL, '1', '2015-07-29 07:27:21', NULL),
('2015', '1', '2016-04-25', '999', NULL, '1', '2015-07-29 07:27:21', NULL),
('2015', '1', '2016-04-26', '999', NULL, '1', '2015-07-29 07:27:21', NULL),
('2015', '1', '2016-04-27', '999', NULL, '1', '2015-07-29 07:27:21', NULL),
('2015', '1', '2016-04-28', '999', NULL, '1', '2015-07-29 07:27:21', NULL),
('2015', '1', '2016-04-29', '999', NULL, '1', '2015-07-29 07:27:21', NULL),
('2015', '1', '2016-05-02', '999', NULL, '1', '2015-07-29 07:27:21', NULL),
('2015', '1', '2016-05-03', '999', NULL, '1', '2015-07-29 07:27:21', NULL),
('2015', '1', '2016-05-04', '999', NULL, '1', '2015-07-29 07:27:21', NULL),
('2015', '1', '2016-05-05', '999', NULL, '1', '2015-07-29 07:27:21', NULL),
('2015', '1', '2016-05-06', '999', NULL, '1', '2015-07-29 07:27:21', NULL),
('2015', '1', '2016-05-09', '999', NULL, '1', '2015-07-29 07:27:21', NULL),
('2015', '1', '2016-05-10', '999', NULL, '1', '2015-07-29 07:27:21', NULL),
('2015', '1', '2016-05-11', '999', NULL, '1', '2015-07-29 07:27:21', NULL),
('2015', '1', '2016-05-12', '999', NULL, '1', '2015-07-29 07:27:21', NULL),
('2015', '1', '2016-05-13', '999', NULL, '1', '2015-07-29 07:27:21', NULL),
('2015', '1', '2016-05-16', '999', NULL, '1', '2015-07-29 07:27:21', NULL),
('2015', '1', '2016-05-17', '999', NULL, '1', '2015-07-29 07:27:21', NULL),
('2015', '1', '2016-05-18', '999', NULL, '1', '2015-07-29 07:27:21', NULL),
('2015', '1', '2016-05-19', '999', NULL, '1', '2015-07-29 07:27:21', NULL),
('2015', '1', '2016-05-20', '999', NULL, '1', '2015-07-29 07:27:21', NULL),
('2015', '1', '2016-05-23', '999', NULL, '1', '2015-07-29 07:27:21', NULL),
('2015', '1', '2016-05-24', '999', NULL, '1', '2015-07-29 07:27:21', NULL),
('2015', '1', '2016-05-25', '999', NULL, '1', '2015-07-29 07:27:21', NULL),
('2015', '1', '2016-05-26', '999', NULL, '1', '2015-07-29 07:27:21', NULL),
('2015', '1', '2016-05-27', '999', NULL, '1', '2015-07-29 07:27:21', NULL),
('2015', '1', '2016-05-30', '999', NULL, '1', '2015-07-29 07:27:21', NULL),
('2015', '1', '2016-05-31', '999', NULL, '1', '2015-07-29 07:27:21', NULL),
('2015', '1', '2016-06-01', '999', NULL, '1', '2015-07-29 07:27:21', NULL),
('2015', '1', '2016-06-02', '999', NULL, '1', '2015-07-29 07:27:21', NULL),
('2015', '1', '2016-06-03', '999', NULL, '1', '2015-07-29 07:27:21', NULL),
('2015', '1', '2016-06-06', '999', NULL, '1', '2015-07-29 07:27:21', NULL),
('2015', '1', '2016-06-07', '999', NULL, '1', '2015-07-29 07:27:21', NULL),
('2015', '1', '2016-06-08', '999', NULL, '1', '2015-07-29 07:27:21', NULL),
('2015', '1', '2016-06-09', '999', NULL, '1', '2015-07-29 07:27:21', NULL),
('2015', '1', '2016-06-10', '999', NULL, '1', '2015-07-29 07:27:21', NULL),
('2015', '1', '2016-06-13', '999', NULL, '1', '2015-07-29 07:27:21', NULL),
('2015', '1', '2016-06-14', '999', NULL, '1', '2015-07-29 07:27:21', NULL),
('2015', '1', '2016-06-15', '999', NULL, '1', '2015-07-29 07:27:21', NULL),
('2015', '1', '2016-06-16', '999', NULL, '1', '2015-07-29 07:27:21', NULL),
('2015', '1', '2016-06-17', '999', NULL, '1', '2015-07-29 07:27:21', NULL),
('2015', '1', '2016-06-20', '999', NULL, '1', '2015-07-29 07:27:21', NULL),
('2015', '1', '2016-06-21', '999', NULL, '1', '2015-07-29 07:27:21', NULL),
('2015', '1', '2016-06-22', '999', NULL, '1', '2015-07-29 07:27:21', NULL),
('2015', '1', '2016-06-23', '999', NULL, '1', '2015-07-29 07:27:21', NULL),
('2015', '1', '2016-06-24', '999', NULL, '1', '2015-07-29 07:27:21', NULL),
('2015', '1', '2016-06-27', '999', NULL, '1', '2015-07-29 07:27:21', NULL),
('2015', '1', '2016-06-28', '999', NULL, '1', '2015-07-29 07:27:21', NULL),
('2015', '1', '2016-06-29', '999', NULL, '1', '2015-07-29 07:27:21', NULL),
('2015', '1', '2016-06-30', '999', NULL, '1', '2015-07-29 07:27:21', NULL),
('2015', '1', '2016-07-01', '999', NULL, '1', '2015-07-29 07:27:21', NULL),
('2015', '1', '2016-07-04', '999', NULL, '1', '2015-07-29 07:27:21', NULL),
('2015', '1', '2016-07-05', '999', NULL, '1', '2015-07-29 07:27:21', NULL),
('2015', '1', '2016-07-06', '999', NULL, '1', '2015-07-29 07:27:21', NULL),
('2015', '1', '2016-07-07', '999', NULL, '1', '2015-07-29 07:27:21', NULL),
('2015', '1', '2016-07-08', '999', NULL, '1', '2015-07-29 07:27:21', NULL),
('2015', '1', '2016-07-11', '999', NULL, '1', '2015-07-29 07:27:21', NULL),
('2015', '1', '2016-07-12', '999', NULL, '1', '2015-07-29 07:27:21', NULL),
('2015', '1', '2016-07-13', '999', NULL, '1', '2015-07-29 07:27:21', NULL),
('2015', '1', '2016-07-14', '999', NULL, '1', '2015-07-29 07:27:21', NULL),
('2015', '1', '2016-07-15', '999', NULL, '1', '2015-07-29 07:27:21', NULL),
('2015', '1', '2016-07-18', '999', NULL, '1', '2015-07-29 07:27:21', NULL),
('2015', '1', '2016-07-19', '999', NULL, '1', '2015-07-29 07:27:21', NULL),
('2015', '1', '2016-07-20', '999', NULL, '1', '2015-07-29 07:27:21', NULL),
('2015', '1', '2016-07-21', '999', NULL, '1', '2015-07-29 07:27:21', NULL),
('2015', '1', '2016-07-22', '999', NULL, '1', '2015-07-29 07:27:21', NULL),
('2015', '1', '2016-07-25', '999', NULL, '1', '2015-07-29 07:27:21', NULL),
('2015', '1', '2016-07-26', '999', NULL, '1', '2015-07-29 07:27:21', NULL),
('2015', '1', '2016-07-27', '999', NULL, '1', '2015-07-29 07:27:21', NULL),
('2015', '1', '2016-07-28', '999', NULL, '1', '2015-07-29 07:27:21', NULL),
('2015', '1', '2016-07-29', '999', NULL, '1', '2015-07-29 07:27:21', NULL);

--
-- Triggers `attendance_calendar`
--
DELIMITER $$
CREATE TRIGGER `td_cal_missing_attendance` AFTER DELETE ON `attendance_calendar` FOR EACH ROW DELETE mi.* FROM missing_attendance mi,course_periods cp WHERE mi.course_period_id=cp.course_period_id and cp.calendar_id=OLD.calendar_id AND mi.SCHOOL_DATE=OLD.school_date
$$
DELIMITER ;
DELIMITER $$
CREATE TRIGGER `ti_cal_missing_attendance` AFTER INSERT ON `attendance_calendar` FOR EACH ROW BEGIN
     DECLARE associations INT;
     SET associations = (SELECT COUNT(course_period_id) FROM `course_periods` WHERE calendar_id=NEW.calendar_id);
     IF associations>0 THEN
 	CALL ATTENDANCE_CALC_BY_DATE(NEW.school_date, NEW.syear,NEW.school_id);
     END IF;
 END
$$
DELIMITER ;

-- --------------------------------------------------------

--
-- Table structure for table `attendance_code_categories`
--

CREATE TABLE `attendance_code_categories` (
  `id` int(8) NOT NULL,
  `syear` decimal(4,0) DEFAULT NULL,
  `school_id` decimal(10,0) DEFAULT NULL,
  `title` varchar(255) DEFAULT NULL,
  `last_updated` timestamp NOT NULL DEFAULT CURRENT_TIMESTAMP,
  `updated_by` varchar(255) DEFAULT NULL
) ENGINE=MyISAM DEFAULT CHARSET=utf8;

-- --------------------------------------------------------

--
-- Table structure for table `attendance_codes`
--

CREATE TABLE `attendance_codes` (
  `id` int(8) NOT NULL,
  `syear` decimal(4,0) DEFAULT NULL,
  `school_id` decimal(10,0) DEFAULT NULL,
  `title` varchar(100) DEFAULT NULL,
  `short_name` varchar(10) DEFAULT NULL,
  `type` varchar(10) DEFAULT NULL,
  `state_code` varchar(1) DEFAULT NULL,
  `default_code` varchar(1) DEFAULT NULL,
  `table_name` decimal(10,0) DEFAULT NULL,
  `sort_order` decimal(10,0) DEFAULT NULL,
  `last_updated` timestamp NOT NULL DEFAULT CURRENT_TIMESTAMP,
  `updated_by` varchar(255) DEFAULT NULL
) ENGINE=MyISAM DEFAULT CHARSET=utf8;

--
-- Dumping data for table `attendance_codes`
--

INSERT INTO `attendance_codes` (`id`, `syear`, `school_id`, `title`, `short_name`, `type`, `state_code`, `default_code`, `table_name`, `sort_order`, `last_updated`, `updated_by`) VALUES
(1, '2015', '1', 'Present', 'P', 'teacher', 'P', 'Y', '0', '1', '2015-07-28 07:26:33', NULL),
(2, '2015', '1', 'Absent', 'A', 'teacher', 'A', NULL, '0', '2', '2015-07-28 07:26:33', NULL),
(3, '2015', '1', 'Tardy', 'T', 'teacher', 'P', NULL, '0', '3', '2015-07-28 07:26:33', NULL),
(4, '2015', '1', 'Excused Absence', 'EA', 'official', 'A', NULL, '0', '4', '2015-07-28 07:26:33', NULL),
(5, '2015', '1', 'Late', 'L', 'teacher', 'P', NULL, '0', '5', '2015-07-28 07:26:33', NULL);

-- --------------------------------------------------------

--
-- Table structure for table `attendance_completed`
--

CREATE TABLE `attendance_completed` (
  `staff_id` decimal(10,0) NOT NULL,
  `school_date` date NOT NULL,
  `period_id` decimal(10,0) NOT NULL,
  `course_period_id` int(11) NOT NULL,
  `cpv_id` int(11) NOT NULL,
  `substitute_staff_id` decimal(10,0) DEFAULT NULL,
  `is_taken_by_substitute_staff` char(1) DEFAULT NULL,
  `last_updated` timestamp NOT NULL DEFAULT CURRENT_TIMESTAMP,
  `updated_by` varchar(255) DEFAULT NULL
) ENGINE=MyISAM DEFAULT CHARSET=utf8;

--
-- Dumping data for table `attendance_completed`
--

INSERT INTO `attendance_completed` (`staff_id`, `school_date`, `period_id`, `course_period_id`, `cpv_id`, `substitute_staff_id`, `is_taken_by_substitute_staff`, `last_updated`, `updated_by`) VALUES
('2', '2015-08-03', '1', 3, 4, NULL, NULL, '2015-08-03 05:19:36', NULL);

-- --------------------------------------------------------

--
-- Table structure for table `attendance_day`
--

CREATE TABLE `attendance_day` (
  `student_id` decimal(10,0) NOT NULL,
  `school_date` date NOT NULL,
  `minutes_present` decimal(10,0) DEFAULT NULL,
  `state_value` decimal(2,1) DEFAULT NULL,
  `syear` decimal(4,0) DEFAULT NULL,
  `marking_period_id` int(11) DEFAULT NULL,
  `comment` varchar(255) DEFAULT NULL,
  `last_updated` timestamp NOT NULL DEFAULT CURRENT_TIMESTAMP,
  `updated_by` varchar(255) DEFAULT NULL
) ENGINE=MyISAM DEFAULT CHARSET=utf8;

--
-- Dumping data for table `attendance_day`
--

INSERT INTO `attendance_day` (`student_id`, `school_date`, `minutes_present`, `state_value`, `syear`, `marking_period_id`, `comment`, `last_updated`, `updated_by`) VALUES
('13', '2015-08-03', '9', '1.0', '2015', 15, NULL, '2015-08-03 05:19:36', NULL),
('2', '2015-08-03', '9', '1.0', '2015', 15, NULL, '2015-08-03 05:19:36', NULL),
('3', '2015-08-03', '9', '1.0', '2015', 15, NULL, '2015-08-03 05:19:36', NULL),
('15', '2015-08-03', '9', '1.0', '2015', 15, NULL, '2015-08-03 05:19:36', NULL),
('7', '2015-08-03', '9', '1.0', '2015', 15, NULL, '2015-08-03 05:19:36', NULL),
('8', '2015-08-03', '9', '1.0', '2015', 15, NULL, '2015-08-03 05:19:36', NULL),
('16', '2015-08-03', '9', '1.0', '2015', 15, NULL, '2015-08-03 05:19:36', NULL),
('4', '2015-08-03', '0', '0.0', '2015', 15, NULL, '2015-08-03 05:19:36', NULL),
('6', '2015-08-03', '9', '1.0', '2015', 15, NULL, '2015-08-03 05:19:36', NULL),
('5', '2015-08-03', '9', '1.0', '2015', 15, NULL, '2015-08-03 05:19:36', NULL),
('9', '2015-08-03', '9', '1.0', '2015', 15, NULL, '2015-08-03 05:19:36', NULL),
('12', '2015-08-03', '9', '1.0', '2015', 15, NULL, '2015-08-03 05:19:36', NULL),
('18', '2015-08-03', '9', '1.0', '2015', 15, NULL, '2015-08-03 05:19:36', NULL),
('25', '2015-08-03', '9', '1.0', '2015', 15, NULL, '2015-08-03 05:19:36', NULL),
('24', '2015-08-03', '9', '1.0', '2015', 15, NULL, '2015-08-03 05:19:36', NULL),
('22', '2015-08-03', '9', '1.0', '2015', 15, NULL, '2015-08-03 05:19:36', NULL),
('11', '2015-08-03', '0', '0.0', '2015', 15, NULL, '2015-08-03 05:19:36', NULL),
('21', '2015-08-03', '9', '1.0', '2015', 15, NULL, '2015-08-03 05:19:36', NULL),
('1', '2015-08-03', '9', '1.0', '2015', 15, NULL, '2015-08-03 05:19:36', NULL),
('10', '2015-08-03', '9', '1.0', '2015', 15, NULL, '2015-08-03 05:19:36', NULL);

-- --------------------------------------------------------

--
-- Table structure for table `attendance_period`
--

CREATE TABLE `attendance_period` (
  `student_id` decimal(10,0) NOT NULL,
  `school_date` date NOT NULL,
  `period_id` decimal(10,0) NOT NULL,
  `attendance_code` decimal(10,0) DEFAULT NULL,
  `attendance_teacher_code` decimal(10,0) DEFAULT NULL,
  `attendance_reason` varchar(100) DEFAULT NULL,
  `admin` varchar(1) DEFAULT NULL,
  `course_period_id` decimal(10,0) NOT NULL,
  `marking_period_id` int(11) DEFAULT NULL,
  `comment` varchar(100) DEFAULT NULL,
  `last_updated` timestamp NOT NULL DEFAULT CURRENT_TIMESTAMP,
  `updated_by` varchar(255) DEFAULT NULL
) ENGINE=MyISAM DEFAULT CHARSET=utf8;

--
-- Dumping data for table `attendance_period`
--

INSERT INTO `attendance_period` (`student_id`, `school_date`, `period_id`, `attendance_code`, `attendance_teacher_code`, `attendance_reason`, `admin`, `course_period_id`, `marking_period_id`, `comment`, `last_updated`, `updated_by`) VALUES
('13', '2015-08-03', '1', '1', '1', NULL, NULL, '3', 15, NULL, '2015-08-03 05:19:36', NULL),
('2', '2015-08-03', '1', '1', '1', NULL, NULL, '3', 15, NULL, '2015-08-03 05:19:36', NULL),
('3', '2015-08-03', '1', '1', '1', NULL, NULL, '3', 15, NULL, '2015-08-03 05:19:36', NULL),
('15', '2015-08-03', '1', '1', '1', NULL, NULL, '3', 15, NULL, '2015-08-03 05:19:36', NULL),
('7', '2015-08-03', '1', '3', '3', NULL, NULL, '3', 15, NULL, '2015-08-03 05:19:36', NULL),
('8', '2015-08-03', '1', '1', '1', NULL, NULL, '3', 15, NULL, '2015-08-03 05:19:36', NULL),
('16', '2015-08-03', '1', '1', '1', NULL, NULL, '3', 15, NULL, '2015-08-03 05:19:36', NULL),
('4', '2015-08-03', '1', '2', '2', NULL, NULL, '3', 15, NULL, '2015-08-03 05:19:36', NULL),
('6', '2015-08-03', '1', '1', '1', NULL, NULL, '3', 15, NULL, '2015-08-03 05:19:36', NULL),
('5', '2015-08-03', '1', '1', '1', NULL, NULL, '3', 15, NULL, '2015-08-03 05:19:36', NULL),
('9', '2015-08-03', '1', '1', '1', NULL, NULL, '3', 15, NULL, '2015-08-03 05:19:36', NULL),
('12', '2015-08-03', '1', '1', '1', NULL, NULL, '3', 15, NULL, '2015-08-03 05:19:36', NULL),
('18', '2015-08-03', '1', '1', '1', NULL, NULL, '3', 15, NULL, '2015-08-03 05:19:36', NULL),
('25', '2015-08-03', '1', '1', '1', NULL, NULL, '3', 15, NULL, '2015-08-03 05:19:36', NULL),
('24', '2015-08-03', '1', '1', '1', NULL, NULL, '3', 15, NULL, '2015-08-03 05:19:36', NULL),
('22', '2015-08-03', '1', '1', '1', NULL, NULL, '3', 15, NULL, '2015-08-03 05:19:36', NULL),
('11', '2015-08-03', '1', '2', '2', NULL, NULL, '3', 15, NULL, '2015-08-03 05:19:36', NULL),
('21', '2015-08-03', '1', '1', '1', NULL, NULL, '3', 15, NULL, '2015-08-03 05:19:36', NULL),
('1', '2015-08-03', '1', '5', '5', NULL, NULL, '3', 15, NULL, '2015-08-03 05:19:36', NULL),
('10', '2015-08-03', '1', '5', '5', NULL, NULL, '3', 15, NULL, '2015-08-03 05:19:36', NULL);

-- --------------------------------------------------------

--
-- Table structure for table `calendar_events`
--

CREATE TABLE `calendar_events` (
  `id` int(8) NOT NULL,
  `syear` decimal(4,0) DEFAULT NULL,
  `school_id` decimal(10,0) DEFAULT NULL,
  `calendar_id` decimal(10,0) DEFAULT NULL,
  `school_date` date DEFAULT NULL,
  `title` varchar(50) DEFAULT NULL,
  `description` text,
  `last_updated` timestamp NOT NULL DEFAULT CURRENT_TIMESTAMP,
  `updated_by` varchar(255) DEFAULT NULL
) ENGINE=MyISAM DEFAULT CHARSET=utf8;

-- --------------------------------------------------------

--
-- Table structure for table `calendar_events_visibility`
--

CREATE TABLE `calendar_events_visibility` (
  `calendar_id` int(11) NOT NULL,
  `profile_id` int(11) DEFAULT NULL,
  `profile` varchar(50) DEFAULT NULL,
  `last_updated` timestamp NOT NULL DEFAULT CURRENT_TIMESTAMP,
  `updated_by` varchar(255) DEFAULT NULL
) ENGINE=MyISAM DEFAULT CHARSET=utf8;

--
-- Dumping data for table `calendar_events_visibility`
--

INSERT INTO `calendar_events_visibility` (`calendar_id`, `profile_id`, `profile`, `last_updated`, `updated_by`) VALUES
(1, 5, NULL, '2015-07-28 07:26:33', NULL),
(1, 4, NULL, '2015-07-28 07:26:33', NULL),
(1, 3, NULL, '2015-07-28 07:26:33', NULL),
(1, 2, NULL, '2015-07-28 07:26:33', NULL),
(1, 1, NULL, '2015-07-28 07:26:33', NULL),
(1, 0, NULL, '2015-07-28 07:26:33', NULL);

-- --------------------------------------------------------

--
-- Stand-in structure for view `course_details`
--
CREATE TABLE `course_details` (
`school_id` decimal(10,0)
,`syear` int(4)
,`marking_period_id` int(11)
,`subject_id` decimal(10,0)
,`course_id` decimal(10,0)
,`course_period_id` int(11)
,`teacher_id` int(11)
,`secondary_teacher_id` int(11)
,`course_title` varchar(100)
,`cp_title` varchar(100)
,`grade_scale_id` int(11)
,`mp` varchar(3)
,`credits` decimal(10,3)
,`begin_date` date
,`end_date` date
);

-- --------------------------------------------------------

--
-- Table structure for table `course_period_var`
--

CREATE TABLE `course_period_var` (
  `id` int(11) NOT NULL,
  `course_period_id` int(11) NOT NULL,
  `days` varchar(7) DEFAULT NULL,
  `course_period_date` date DEFAULT NULL,
  `period_id` int(11) NOT NULL,
  `start_time` time NOT NULL,
  `end_time` time NOT NULL,
  `room_id` int(11) NOT NULL,
  `does_attendance` varchar(1) DEFAULT NULL,
  `last_updated` timestamp NOT NULL DEFAULT CURRENT_TIMESTAMP,
  `updated_by` varchar(255) DEFAULT NULL
) ENGINE=MyISAM DEFAULT CHARSET=utf8;

--
-- Dumping data for table `course_period_var`
--

INSERT INTO `course_period_var` (`id`, `course_period_id`, `days`, `course_period_date`, `period_id`, `start_time`, `end_time`, `room_id`, `does_attendance`, `last_updated`, `updated_by`) VALUES
(1, 1, 'MTWHF', NULL, 2, '08:10:00', '08:55:00', 1, NULL, '2015-07-29 09:30:00', NULL),
(2, 2, 'M', NULL, 3, '09:00:00', '09:50:00', 2, NULL, '2015-07-29 09:31:26', NULL),
(3, 2, 'H', NULL, 4, '10:00:00', '10:50:00', 2, NULL, '2015-07-29 09:34:10', NULL),
(4, 3, 'MTWHF', NULL, 1, '08:00:00', '08:09:00', 4, 'Y', '2015-07-29 09:37:13', NULL),
(5, 4, 'TWH', NULL, 5, '11:00:00', '11:50:00', 2, NULL, '2015-07-29 09:40:26', NULL),
(6, 5, 'T', NULL, 5, '11:00:00', '11:50:00', 1, NULL, '2015-07-29 09:42:20', NULL),
(7, 5, 'F', NULL, 3, '09:00:00', '09:50:00', 4, NULL, '2015-07-29 09:42:49', NULL),
(8, 7, 'THF', NULL, 3, '09:00:00', '09:50:00', 4, NULL, '2015-07-29 09:52:11', NULL),
(10, 8, 'W', '2016-04-13', 3, '09:00:00', '09:50:00', 3, NULL, '2015-07-29 10:33:39', NULL),
(11, 8, 'F', '2016-04-22', 5, '11:00:00', '11:50:00', 1, NULL, '2015-07-29 10:33:49', NULL),
(12, 10, 'MWF', NULL, 7, '13:20:00', '14:10:00', 4, NULL, '2015-07-29 10:35:21', NULL),
(19, 16, 'TW', NULL, 3, '09:00:00', '09:50:00', 4, NULL, '2015-07-29 10:50:24', NULL),
(14, 12, 'M', NULL, 3, '09:00:00', '09:50:00', 3, NULL, '2015-07-29 10:37:46', NULL),
(15, 13, 'MWF', NULL, 4, '10:00:00', '10:50:00', 2, NULL, '2015-07-29 10:40:13', NULL),
(16, 14, 'W', '2015-08-12', 3, '09:00:00', '09:50:00', 3, NULL, '2015-07-29 10:42:14', NULL),
(17, 14, 'H', '2015-08-20', 3, '09:00:00', '09:50:00', 3, NULL, '2015-07-29 10:42:24', NULL),
(18, 15, 'MTW', NULL, 8, '14:20:00', '15:10:00', 3, NULL, '2015-07-29 10:44:39', NULL),
(20, 17, 'F', NULL, 8, '14:20:00', '15:10:00', 5, NULL, '2015-07-29 11:10:34', NULL),
(21, 18, 'MF', NULL, 7, '13:20:00', '14:10:00', 2, NULL, '2015-07-29 11:12:43', NULL),
(22, 19, 'M', NULL, 6, '12:20:00', '13:10:00', 5, NULL, '2015-07-29 11:41:34', NULL),
(23, 20, 'TW', NULL, 7, '13:20:00', '14:10:00', 3, NULL, '2015-07-29 11:45:19', NULL);

--
-- Triggers `course_period_var`
--
DELIMITER $$
CREATE TRIGGER `td_course_period_var` AFTER DELETE ON `course_period_var` FOR EACH ROW CALL ATTENDANCE_CALC(OLD.course_period_id)
$$
DELIMITER ;
DELIMITER $$
CREATE TRIGGER `ti_course_period_var` AFTER INSERT ON `course_period_var` FOR EACH ROW CALL ATTENDANCE_CALC(NEW.course_period_id)
$$
DELIMITER ;
DELIMITER $$
CREATE TRIGGER `tu_course_period_var` AFTER UPDATE ON `course_period_var` FOR EACH ROW CALL ATTENDANCE_CALC(NEW.course_period_id)
$$
DELIMITER ;

-- --------------------------------------------------------

--
-- Table structure for table `course_periods`
--

CREATE TABLE `course_periods` (
  `syear` int(4) NOT NULL,
  `school_id` decimal(10,0) NOT NULL,
  `course_period_id` int(11) NOT NULL,
  `course_id` decimal(10,0) NOT NULL,
  `course_weight` varchar(10) DEFAULT NULL,
  `title` varchar(100) DEFAULT NULL,
  `short_name` text,
  `mp` varchar(3) DEFAULT NULL,
  `marking_period_id` int(11) DEFAULT NULL,
  `begin_date` date DEFAULT NULL,
  `end_date` date DEFAULT NULL,
  `teacher_id` int(11) DEFAULT NULL,
  `secondary_teacher_id` int(11) DEFAULT NULL,
  `total_seats` int(11) DEFAULT NULL,
  `filled_seats` decimal(10,0) NOT NULL DEFAULT '0',
  `does_honor_roll` varchar(1) DEFAULT NULL,
  `does_class_rank` varchar(1) DEFAULT NULL,
  `gender_restriction` varchar(1) DEFAULT NULL,
  `house_restriction` varchar(1) DEFAULT NULL,
  `availability` int(11) DEFAULT NULL,
  `parent_id` int(11) DEFAULT NULL,
  `calendar_id` int(11) DEFAULT NULL,
  `half_day` varchar(1) DEFAULT NULL,
  `does_breakoff` varchar(1) DEFAULT NULL,
  `rollover_id` int(11) DEFAULT NULL,
  `grade_scale_id` int(11) DEFAULT NULL,
  `credits` decimal(10,3) DEFAULT NULL,
  `schedule_type` enum('FIXED','VARIABLE','BLOCKED') DEFAULT NULL,
  `last_updated` timestamp NOT NULL DEFAULT CURRENT_TIMESTAMP,
  `modified_by` int(11) NOT NULL,
  `updated_by` varchar(255) DEFAULT NULL
) ENGINE=MyISAM DEFAULT CHARSET=utf8;

--
-- Dumping data for table `course_periods`
--

INSERT INTO `course_periods` (`syear`, `school_id`, `course_period_id`, `course_id`, `course_weight`, `title`, `short_name`, `mp`, `marking_period_id`, `begin_date`, `end_date`, `teacher_id`, `secondary_teacher_id`, `total_seats`, `filled_seats`, `does_honor_roll`, `does_class_rank`, `gender_restriction`, `house_restriction`, `availability`, `parent_id`, `calendar_id`, `half_day`, `does_breakoff`, `rollover_id`, `grade_scale_id`, `credits`, `schedule_type`, `last_updated`, `modified_by`, `updated_by`) VALUES
(2015, '1', 1, '17', NULL, 'Span I - Adeline  E. Johnson ', 'Span I', 'FY', 1, '2015-08-03', '2016-07-29', 2, NULL, 50, '20', NULL, NULL, 'N', NULL, NULL, 1, 1, NULL, NULL, NULL, 1, '4.000', 'FIXED', '2015-07-29 10:51:25', 1, NULL),
(2015, '1', 2, '18', NULL, 'Sem 1 - Span II - Adeline  E. Johnson ', 'Span II', 'SEM', 12, '2015-08-03', '2015-12-18', 2, NULL, 50, '20', NULL, NULL, 'N', NULL, NULL, 2, 1, NULL, NULL, NULL, 1, '4.000', 'VARIABLE', '2015-07-29 10:51:49', 1, NULL),
(2015, '1', 3, '5', NULL, 'HR - Adeline  E. Johnson ', 'HR', 'FY', 1, '2015-08-03', '2016-07-29', 2, NULL, 50, '20', NULL, NULL, 'N', NULL, NULL, 3, 1, NULL, NULL, NULL, NULL, NULL, 'FIXED', '2015-07-29 10:52:18', 1, NULL),
(2015, '1', 4, '6', NULL, 'Q1 - Anat - Adeline  E. Johnson ', 'Anat', 'QTR', 15, '2015-08-03', '2015-10-09', 2, NULL, 50, '20', NULL, NULL, 'N', NULL, NULL, 4, 1, NULL, NULL, NULL, 1, '4.000', 'FIXED', '2015-07-29 09:54:35', 1, NULL),
(2015, '1', 5, '7', NULL, 'Q2 - Bio - Adeline  E. Johnson ', 'Bio', 'QTR', 16, '2015-10-12', '2015-12-18', 2, NULL, 50, '20', NULL, NULL, 'N', NULL, NULL, 5, 1, NULL, NULL, NULL, 1, '4.000', 'VARIABLE', '2015-07-29 10:53:05', 1, NULL),
(2015, '1', 7, '8', NULL, 'Q3 - Chem/Lab - Adeline  E. Johnson ', 'Chem/Lab', 'QTR', 17, '2016-01-04', '2016-03-11', 2, NULL, 50, '20', NULL, NULL, 'N', NULL, NULL, 7, 1, NULL, NULL, NULL, 1, '4.000', 'FIXED', '2015-07-29 09:56:30', 1, NULL),
(2015, '1', 8, '9', NULL, 'Q4 - ENV - Adeline  E. Johnson ', 'ENV', 'QTR', 18, '2016-03-21', '2016-05-27', 2, NULL, 50, '20', NULL, NULL, 'N', NULL, NULL, 8, 1, NULL, NULL, NULL, 1, '4.000', 'BLOCKED', '2015-07-29 10:34:05', 1, NULL),
(2015, '1', 10, '1', NULL, 'Sem 2 - Adv Math - Adeline  E. Johnson ', 'Adv Math', 'SEM', 13, '2016-01-04', '2016-05-27', 2, NULL, 50, '20', NULL, NULL, 'N', NULL, NULL, 10, 1, NULL, NULL, NULL, 1, '4.000', 'FIXED', '2015-07-29 10:35:46', 1, NULL),
(2015, '1', 16, '2', NULL, ' - Alg I - Adeline  E. Johnson ', 'Alg I', 'QTR', NULL, '2015-08-03', '2015-09-30', 2, NULL, 50, '25', NULL, NULL, 'N', NULL, NULL, 16, 1, NULL, NULL, NULL, 1, '4.000', 'FIXED', '2015-07-29 11:29:22', 1, NULL),
(2015, '1', 12, '3', NULL, 'Q3 - Alg II - Kim   Hall ', 'Alg II', 'QTR', 17, '2016-01-04', '2016-03-11', 5, NULL, 50, '20', NULL, NULL, 'N', NULL, NULL, 12, 1, NULL, NULL, NULL, 1, '4.000', 'VARIABLE', '2015-07-29 10:39:11', 1, NULL),
(2015, '1', 13, '4', NULL, 'Q4 - CON - John   Kirby ', 'CON', 'QTR', 18, '2016-03-21', '2016-05-27', 10, NULL, 50, '20', NULL, NULL, 'N', NULL, NULL, 13, 1, NULL, NULL, NULL, 1, '4.000', 'FIXED', '2015-07-29 10:46:52', 1, NULL),
(2015, '1', 14, '10', NULL, 'Sem 1 - Cri - John   Kirby ', 'Cri', 'SEM', 12, '2015-08-03', '2015-12-18', 10, NULL, 50, '20', NULL, NULL, 'N', NULL, NULL, 14, 1, NULL, NULL, NULL, 1, '4.000', 'BLOCKED', '2015-07-29 10:45:30', 1, NULL),
(2015, '1', 15, '11', NULL, 'Sem 2 - FB - Frank   Morgan ', 'FB', 'SEM', 13, '2016-01-04', '2016-05-27', 9, NULL, 50, '20', NULL, NULL, 'N', NULL, NULL, 15, 1, NULL, NULL, NULL, 1, '4.000', 'FIXED', '2015-07-29 10:44:51', 1, NULL),
(2015, '1', 19, '9', NULL, 'Custom - Env - Steve   Wilson ', 'Env', 'QTR', NULL, '2015-08-03', '2015-10-09', 7, NULL, 50, '25', NULL, NULL, 'N', NULL, NULL, 19, 1, NULL, NULL, NULL, NULL, NULL, 'VARIABLE', '2015-07-29 11:41:34', 1, NULL),
(2015, '1', 17, '12', NULL, 'Health - Ashley   Salter ', 'Health', 'FY', 1, '2015-08-03', '2016-07-29', 11, NULL, 50, '0', NULL, NULL, 'N', NULL, NULL, 17, 1, NULL, NULL, NULL, 1, NULL, 'FIXED', '2015-07-29 11:10:34', 1, NULL),
(2015, '1', 18, '13', NULL, 'Custom - Phy - Franklin  W. Foster ', 'Phy', 'SEM', 12, '2015-08-03', '2015-12-18', 8, NULL, 50, '0', NULL, NULL, 'N', NULL, NULL, 18, 1, NULL, NULL, NULL, 1, NULL, 'FIXED', '2015-07-29 11:12:43', 1, NULL),
(2015, '1', 20, '7', NULL, 'Custom - Bio - Dianne   McCoy ', 'Bio', 'QTR', NULL, '2015-08-03', '2015-09-30', 6, NULL, 50, '5', NULL, NULL, 'N', NULL, NULL, 20, 1, NULL, NULL, NULL, NULL, NULL, 'FIXED', '2015-07-29 11:45:19', 1, NULL);

--
-- Triggers `course_periods`
--
DELIMITER $$
CREATE TRIGGER `td_course_periods` AFTER DELETE ON `course_periods` FOR EACH ROW BEGIN
 	DELETE FROM course_period_var WHERE course_period_id=OLD.course_period_id;
 END
$$
DELIMITER ;
DELIMITER $$
CREATE TRIGGER `tu_course_periods` AFTER UPDATE ON `course_periods` FOR EACH ROW BEGIN
 	CALL ATTENDANCE_CALC(NEW.course_period_id);
 END
$$
DELIMITER ;

-- --------------------------------------------------------

--
-- Table structure for table `course_subjects`
--

CREATE TABLE `course_subjects` (
  `syear` decimal(4,0) DEFAULT NULL,
  `school_id` decimal(10,0) DEFAULT NULL,
  `subject_id` int(8) NOT NULL,
  `title` text,
  `short_name` text,
  `rollover_id` decimal(10,0) DEFAULT NULL,
  `last_updated` timestamp NOT NULL DEFAULT CURRENT_TIMESTAMP,
  `updated_by` varchar(255) DEFAULT NULL
) ENGINE=MyISAM DEFAULT CHARSET=utf8;

--
-- Dumping data for table `course_subjects`
--

INSERT INTO `course_subjects` (`syear`, `school_id`, `subject_id`, `title`, `short_name`, `rollover_id`, `last_updated`, `updated_by`) VALUES
('2015', '1', 1, 'Home Room Attendance Period', NULL, NULL, '2015-07-29 08:23:00', NULL),
('2015', '1', 2, 'Foreign Language', NULL, NULL, '2015-07-29 08:24:38', NULL),
('2015', '1', 3, 'Language Arts - Grammar/Composition/Literature', NULL, NULL, '2015-07-29 08:25:03', NULL),
('2015', '1', 4, 'Physical Education/Health', NULL, NULL, '2015-07-29 08:25:28', NULL),
('2015', '1', 5, 'Sport', NULL, NULL, '2015-07-29 08:26:01', NULL),
('2015', '1', 6, 'Science', NULL, NULL, '2015-07-29 08:26:32', NULL),
('2015', '1', 7, 'Mathematics', NULL, NULL, '2015-07-29 08:27:04', NULL);

-- --------------------------------------------------------

--
-- Table structure for table `courses`
--

CREATE TABLE `courses` (
  `syear` decimal(4,0) NOT NULL,
  `course_id` int(8) NOT NULL,
  `subject_id` decimal(10,0) NOT NULL,
  `school_id` decimal(10,0) NOT NULL,
  `grade_level` decimal(10,0) DEFAULT NULL,
  `title` varchar(100) DEFAULT NULL,
  `short_name` varchar(25) DEFAULT NULL,
  `rollover_id` decimal(10,0) DEFAULT NULL,
  `last_updated` timestamp NOT NULL DEFAULT CURRENT_TIMESTAMP,
  `updated_by` varchar(255) DEFAULT NULL
) ENGINE=MyISAM DEFAULT CHARSET=utf8;

--
-- Dumping data for table `courses`
--

INSERT INTO `courses` (`syear`, `course_id`, `subject_id`, `school_id`, `grade_level`, `title`, `short_name`, `rollover_id`, `last_updated`, `updated_by`) VALUES
('2015', 1, '7', '1', NULL, 'Advanced Math - PreCalc/Trig', 'Adv Math', NULL, '2015-07-29 08:28:26', NULL),
('2015', 2, '7', '1', NULL, 'Algebra I', 'Alg I', NULL, '2015-07-29 08:28:49', NULL),
('2015', 3, '7', '1', NULL, 'Algebra II', 'Alg II', NULL, '2015-07-29 08:29:13', NULL),
('2015', 4, '7', '1', NULL, 'Consumer Math', 'CON', NULL, '2015-07-29 08:31:00', NULL),
('2015', 5, '1', '1', NULL, 'Home Room Attendance Period', 'HR', NULL, '2015-07-29 08:34:37', NULL),
('2015', 6, '6', '1', NULL, 'Anatomy and Physiology', 'Anat', NULL, '2015-07-29 08:36:51', NULL),
('2015', 7, '6', '1', NULL, 'Biology', 'Bio', NULL, '2015-07-29 08:37:25', NULL),
('2015', 8, '6', '1', NULL, 'Chemistry w/ Lab', 'Chem/Lab', NULL, '2015-07-29 08:38:38', NULL),
('2015', 9, '6', '1', NULL, 'Environmental Science', 'ENV', NULL, '2015-07-29 08:39:06', NULL),
('2015', 10, '5', '1', NULL, 'Cricket', 'Cri', NULL, '2015-07-29 08:40:12', NULL),
('2015', 11, '5', '1', NULL, 'Football', 'FB', NULL, '2015-07-29 08:40:43', NULL),
('2015', 12, '4', '1', NULL, 'Health', 'Health', NULL, '2015-07-29 08:41:42', NULL),
('2015', 13, '4', '1', NULL, 'Physical Education', 'Phys Ed', NULL, '2015-07-29 08:42:10', NULL),
('2015', 14, '3', '1', NULL, '9th Grade Grammar/Composition', 'Lang 9', NULL, '2015-07-29 08:43:31', NULL),
('2015', 15, '3', '1', NULL, 'Grammar/American Literature', 'Amer Lit', NULL, '2015-07-29 08:44:11', NULL),
('2015', 16, '3', '1', NULL, 'Grammar/British Literature', 'Brit Lit', NULL, '2015-07-29 08:45:05', NULL),
('2015', 17, '2', '1', NULL, 'Spanish I', 'Span I', NULL, '2015-07-29 08:49:58', NULL),
('2015', 18, '2', '1', NULL, 'Spanish II', 'Span II', NULL, '2015-07-29 08:50:28', NULL);

-- --------------------------------------------------------

--
-- Table structure for table `custom_fields`
--

CREATE TABLE `custom_fields` (
  `id` int(8) NOT NULL,
  `type` varchar(10) DEFAULT NULL,
  `search` varchar(1) DEFAULT NULL,
  `title` varchar(30) DEFAULT NULL,
  `sort_order` decimal(10,0) DEFAULT NULL,
  `select_options` varchar(10000) DEFAULT NULL,
  `category_id` decimal(10,0) DEFAULT NULL,
  `system_field` char(1) DEFAULT NULL,
  `required` varchar(1) DEFAULT NULL,
  `default_selection` varchar(255) DEFAULT NULL,
  `hide` varchar(1) DEFAULT NULL,
  `last_updated` timestamp NOT NULL DEFAULT CURRENT_TIMESTAMP,
  `updated_by` varchar(255) DEFAULT NULL
) ENGINE=MyISAM DEFAULT CHARSET=utf8;

--
-- Dumping data for table `custom_fields`
--

INSERT INTO `custom_fields` (`id`, `type`, `search`, `title`, `sort_order`, `select_options`, `category_id`, `system_field`, `required`, `default_selection`, `hide`, `last_updated`, `updated_by`) VALUES
(1, 'text', NULL, 'Ethnicity', '3', NULL, '1', 'Y', NULL, NULL, NULL, '2015-07-28 07:26:33', NULL),
(2, 'text', NULL, 'Common Name', '2', NULL, '1', 'Y', NULL, NULL, NULL, '2015-07-28 07:26:33', NULL),
(3, 'text', NULL, 'Physician', '6', NULL, '2', 'Y', NULL, NULL, NULL, '2015-07-28 07:26:33', NULL),
(4, 'text', NULL, 'Physician Phone', '7', NULL, '2', 'Y', NULL, NULL, NULL, '2015-07-28 07:26:33', NULL),
(5, 'text', NULL, 'Preferred Hospital', '8', NULL, '2', 'Y', NULL, NULL, NULL, '2015-07-28 07:26:33', NULL),
(6, 'text', NULL, 'Gender', '5', NULL, '1', 'Y', NULL, NULL, NULL, '2015-07-28 07:26:33', NULL),
(7, 'text', NULL, 'Email', '6', NULL, '1', 'Y', NULL, NULL, NULL, '2015-07-28 07:26:33', NULL),
(8, 'text', NULL, 'Phone', '9', NULL, '1', 'Y', NULL, NULL, NULL, '2015-07-28 07:26:33', NULL),
(9, 'text', NULL, 'Language', '8', NULL, '1', 'Y', NULL, NULL, NULL, '2015-07-28 07:26:33', NULL);

-- --------------------------------------------------------

--
-- Table structure for table `eligibility`
--

CREATE TABLE `eligibility` (
  `student_id` decimal(10,0) DEFAULT NULL,
  `syear` decimal(4,0) DEFAULT NULL,
  `school_date` date DEFAULT NULL,
  `period_id` decimal(10,0) DEFAULT NULL,
  `eligibility_code` varchar(20) DEFAULT NULL,
  `course_period_id` decimal(10,0) DEFAULT NULL,
  `last_updated` timestamp NOT NULL DEFAULT CURRENT_TIMESTAMP,
  `updated_by` varchar(255) DEFAULT NULL
) ENGINE=MyISAM DEFAULT CHARSET=utf8;

-- --------------------------------------------------------

--
-- Table structure for table `eligibility_activities`
--

CREATE TABLE `eligibility_activities` (
  `id` int(8) NOT NULL,
  `syear` decimal(4,0) DEFAULT NULL,
  `school_id` decimal(10,0) DEFAULT NULL,
  `title` varchar(100) DEFAULT NULL,
  `start_date` date DEFAULT NULL,
  `end_date` date DEFAULT NULL,
  `last_updated` timestamp NOT NULL DEFAULT CURRENT_TIMESTAMP,
  `updated_by` varchar(255) DEFAULT NULL
) ENGINE=MyISAM DEFAULT CHARSET=utf8;

-- --------------------------------------------------------

--
-- Table structure for table `eligibility_completed`
--

CREATE TABLE `eligibility_completed` (
  `staff_id` decimal(10,0) NOT NULL,
  `school_date` date NOT NULL,
  `period_id` decimal(10,0) NOT NULL,
  `last_updated` timestamp NOT NULL DEFAULT CURRENT_TIMESTAMP,
  `updated_by` varchar(255) DEFAULT NULL
) ENGINE=MyISAM DEFAULT CHARSET=utf8;

-- --------------------------------------------------------

--
-- Stand-in structure for view `enroll_grade`
--
CREATE TABLE `enroll_grade` (
`id` int(8)
,`syear` decimal(4,0)
,`school_id` decimal(10,0)
,`student_id` decimal(10,0)
,`start_date` date
,`end_date` date
,`short_name` varchar(5)
,`title` varchar(50)
);

-- --------------------------------------------------------

--
-- Table structure for table `ethnicity`
--

CREATE TABLE `ethnicity` (
  `ethnicity_id` int(8) NOT NULL,
  `ethnicity_name` varchar(255) NOT NULL,
  `sort_order` int(8) DEFAULT NULL,
  `last_updated` timestamp NOT NULL DEFAULT CURRENT_TIMESTAMP COMMENT 'Date time ethnicity record modified',
  `updated_by` varchar(255) DEFAULT NULL
) ENGINE=MyISAM DEFAULT CHARSET=utf8;

--
-- Dumping data for table `ethnicity`
--

INSERT INTO `ethnicity` (`ethnicity_id`, `ethnicity_name`, `sort_order`, `last_updated`, `updated_by`) VALUES
(1, 'White, Non-Hispanic', 1, '0000-00-00 00:00:00', NULL),
(2, 'Black, Non-Hispanic', 2, '0000-00-00 00:00:00', NULL),
(3, 'Hispanic', 3, '0000-00-00 00:00:00', NULL),
(4, 'American Indian or Native Alaskan', 4, '0000-00-00 00:00:00', NULL),
(5, 'Pacific Islander', 5, '0000-00-00 00:00:00', NULL),
(6, 'Asian', 6, '0000-00-00 00:00:00', NULL),
(7, 'Indian', 7, '0000-00-00 00:00:00', NULL),
(8, 'Middle Eastern', 8, '0000-00-00 00:00:00', NULL),
(9, 'African', 9, '0000-00-00 00:00:00', NULL),
(10, 'Mixed Race', 10, '0000-00-00 00:00:00', NULL),
(11, 'Other', 11, '0000-00-00 00:00:00', NULL),
(12, 'Black', 12, '0000-00-00 00:00:00', NULL),
(13, 'White', 13, '0000-00-00 00:00:00', NULL),
(14, 'African', 14, '0000-00-00 00:00:00', NULL),
(15, 'Indigenous', 15, '2013-05-31 00:50:54', NULL);

-- --------------------------------------------------------

--
-- Table structure for table `gradebook_assignment_types`
--

CREATE TABLE `gradebook_assignment_types` (
  `assignment_type_id` int(8) NOT NULL,
  `staff_id` decimal(10,0) DEFAULT NULL,
  `course_id` decimal(10,0) DEFAULT NULL,
  `title` varchar(100) DEFAULT NULL,
  `final_grade_percent` decimal(6,5) DEFAULT NULL,
  `course_period_id` decimal(10,0) DEFAULT NULL,
  `last_updated` timestamp NOT NULL DEFAULT CURRENT_TIMESTAMP,
  `updated_by` varchar(255) DEFAULT NULL
) ENGINE=MyISAM DEFAULT CHARSET=utf8;

-- --------------------------------------------------------

--
-- Table structure for table `gradebook_assignments`
--

CREATE TABLE `gradebook_assignments` (
  `assignment_id` int(8) NOT NULL,
  `staff_id` decimal(10,0) DEFAULT NULL,
  `marking_period_id` int(11) DEFAULT NULL,
  `course_period_id` decimal(10,0) DEFAULT NULL,
  `course_id` decimal(10,0) DEFAULT NULL,
  `assignment_type_id` decimal(10,0) DEFAULT NULL,
  `title` varchar(100) DEFAULT NULL,
  `assigned_date` date DEFAULT NULL,
  `due_date` date DEFAULT NULL,
  `points` decimal(10,0) DEFAULT NULL,
  `description` longtext,
  `ungraded` int(8) NOT NULL DEFAULT '1',
  `last_updated` timestamp NOT NULL DEFAULT CURRENT_TIMESTAMP,
  `updated_by` varchar(255) DEFAULT NULL
) ENGINE=MyISAM DEFAULT CHARSET=utf8;

-- --------------------------------------------------------

--
-- Table structure for table `gradebook_grades`
--

CREATE TABLE `gradebook_grades` (
  `student_id` decimal(10,0) NOT NULL,
  `period_id` decimal(10,0) DEFAULT NULL,
  `course_period_id` decimal(10,0) NOT NULL,
  `assignment_id` decimal(10,0) NOT NULL,
  `points` decimal(6,2) DEFAULT NULL,
  `comment` longtext,
  `last_updated` timestamp NOT NULL DEFAULT CURRENT_TIMESTAMP,
  `updated_by` varchar(255) DEFAULT NULL
) ENGINE=MyISAM DEFAULT CHARSET=utf8;

-- --------------------------------------------------------

--
-- Table structure for table `grades_completed`
--

CREATE TABLE `grades_completed` (
  `staff_id` decimal(10,0) NOT NULL,
  `marking_period_id` int(11) NOT NULL,
  `period_id` decimal(10,0) NOT NULL,
  `last_updated` timestamp NOT NULL DEFAULT CURRENT_TIMESTAMP,
  `updated_by` varchar(255) DEFAULT NULL
) ENGINE=MyISAM DEFAULT CHARSET=utf8;

-- --------------------------------------------------------

--
-- Table structure for table `hacking_log`
--

CREATE TABLE `hacking_log` (
  `host_name` varchar(20) DEFAULT NULL,
  `ip_address` varchar(20) DEFAULT NULL,
  `login_date` date DEFAULT NULL,
  `version` varchar(20) DEFAULT NULL,
  `php_self` varchar(20) DEFAULT NULL,
  `document_root` varchar(100) DEFAULT NULL,
  `script_name` varchar(100) DEFAULT NULL,
  `modname` varchar(100) DEFAULT NULL,
  `username` varchar(20) DEFAULT NULL,
  `last_updated` timestamp NOT NULL DEFAULT CURRENT_TIMESTAMP,
  `updated_by` varchar(255) DEFAULT NULL
) ENGINE=MyISAM DEFAULT CHARSET=utf8;

-- --------------------------------------------------------

--
-- Table structure for table `history_marking_periods`
--

CREATE TABLE `history_marking_periods` (
  `parent_id` int(11) DEFAULT NULL,
  `mp_type` char(20) DEFAULT NULL,
  `name` char(30) DEFAULT NULL,
  `post_end_date` date DEFAULT NULL,
  `school_id` int(11) DEFAULT NULL,
  `syear` int(11) DEFAULT NULL,
  `marking_period_id` int(11) NOT NULL,
  `last_updated` timestamp NOT NULL DEFAULT CURRENT_TIMESTAMP,
  `updated_by` varchar(255) DEFAULT NULL
) ENGINE=MyISAM DEFAULT CHARSET=utf8;

-- --------------------------------------------------------

--
-- Table structure for table `history_school`
--

CREATE TABLE `history_school` (
  `id` int(11) NOT NULL,
  `student_id` int(11) NOT NULL,
  `marking_period_id` int(11) NOT NULL,
  `school_name` varchar(100) NOT NULL,
  `last_updated` timestamp NOT NULL DEFAULT CURRENT_TIMESTAMP,
  `updated_by` varchar(255) DEFAULT NULL
) ENGINE=MyISAM DEFAULT CHARSET=utf8;

-- --------------------------------------------------------

--
-- Table structure for table `honor_roll`
--

CREATE TABLE `honor_roll` (
  `id` int(11) NOT NULL,
  `school_id` int(11) NOT NULL,
  `syear` int(4) NOT NULL,
  `title` varchar(100) NOT NULL,
  `value` varchar(100) DEFAULT NULL,
  `last_updated` timestamp NOT NULL DEFAULT CURRENT_TIMESTAMP,
  `updated_by` varchar(255) DEFAULT NULL
) ENGINE=MyISAM DEFAULT CHARSET=utf8;

-- --------------------------------------------------------

--
-- Table structure for table `language`
--

CREATE TABLE `language` (
  `language_id` int(8) NOT NULL,
  `language_name` varchar(127) NOT NULL,
  `sort_order` int(8) DEFAULT NULL,
  `last_updated` timestamp NOT NULL DEFAULT CURRENT_TIMESTAMP,
  `updated_by` varchar(255) DEFAULT NULL
) ENGINE=MyISAM DEFAULT CHARSET=utf8;

--
-- Dumping data for table `language`
--

INSERT INTO `language` (`language_id`, `language_name`, `sort_order`, `last_updated`, `updated_by`) VALUES
(1, 'English', 1, '2015-07-28 07:26:33', NULL),
(2, 'Arabic', 2, '2015-07-28 07:26:33', NULL),
(3, 'Bengali', 3, '2015-07-28 07:26:33', NULL),
(4, 'Chinese', 4, '2015-07-28 07:26:33', NULL),
(5, 'French', 5, '2015-07-28 07:26:33', NULL),
(6, 'German', 6, '2015-07-28 07:26:33', NULL),
(7, 'Haitian', 7, '2015-07-28 07:26:33', NULL),
(8, 'Creole', 8, '2015-07-28 07:26:33', NULL),
(9, 'Hindi', 9, '2015-07-28 07:26:33', NULL),
(10, 'Italian', 10, '2015-07-28 07:26:33', NULL),
(11, 'Japanese', 11, '2015-07-28 07:26:33', NULL),
(12, 'Korean', 12, '2015-07-28 07:26:33', NULL),
(13, 'Malay', 13, '2015-07-28 07:26:33', NULL),
(14, 'Polish', 14, '2015-07-28 07:26:33', NULL),
(15, 'Portuguese', 15, '2015-07-28 07:26:33', NULL),
(16, 'Russian', 16, '2015-07-28 07:26:33', NULL),
(17, 'Spanish', 17, '2015-07-28 07:26:33', NULL),
(18, 'Thai', 18, '2015-07-28 07:26:33', NULL),
(19, 'Turkish', 19, '2015-07-28 07:26:33', NULL),
(20, 'Urdu', 20, '2015-07-28 07:26:33', NULL),
(21, 'Vietnamese', 21, '2015-07-28 07:26:33', NULL);

-- --------------------------------------------------------

--
-- Table structure for table `log_maintain`
--

CREATE TABLE `log_maintain` (
  `id` int(8) NOT NULL,
  `value` decimal(30,0) DEFAULT NULL,
  `session_id` varchar(100) DEFAULT NULL,
  `last_updated` timestamp NOT NULL DEFAULT CURRENT_TIMESTAMP,
  `updated_by` varchar(255) DEFAULT NULL
) ENGINE=MyISAM DEFAULT CHARSET=utf8;

--
-- Dumping data for table `log_maintain`
--

INSERT INTO `log_maintain` (`id`, `value`, `session_id`, `last_updated`, `updated_by`) VALUES
(18, '223440620', 'j1ui34pdjrb8pg99cppvvuahl5', '2015-07-28 07:26:33', NULL),
(10, '1921956232', 'hq3u8oimvcttg34tmp6qek1sd1', '2015-07-28 07:26:33', NULL),
(22, '563287060', 'ga29te0p2cdtrub4l2pv2ac234', '2015-07-28 07:26:33', NULL),
(19, '1897268719', 'ev9hbg9d2hrktsvs43fqjh3866', '2015-07-28 07:26:33', NULL),
(31, '1312086804', 'kk1d3o7h1ujn3112hlbdg10e36', '2015-07-28 07:26:33', NULL),
(62, '245974344', 'in9dj9sl2im90i0napbl3vurn3', '2015-07-28 07:26:33', NULL),
(52, '314727315', '28f8k1p6ru24o9vptogdo38q21', '2015-07-28 07:26:33', NULL),
(50, '992935964', '6dl4jbkka8c997s69ordon2j02', '2015-07-28 07:26:33', NULL),
(42, '1635283313', '1qi8g8hplh7f1ar07qj96tco35', '2015-07-28 07:26:33', NULL),
(66, '916190049', 'o5j0s391a1lu7dl15oi5bluo23', '2015-07-28 07:26:33', NULL),
(68, '1547078745', 't8fg7upe47b18bs1krsug3p881', '2015-07-28 07:29:48', NULL),
(73, '1718262417', 'b57ivdb30mh05d3glue9462nb6', '2015-07-29 07:39:14', NULL),
(74, '548039144', 'b57ivdb30mh05d3glue9462nb6', '2015-07-29 07:39:49', NULL),
(83, '203451606', '05ptcn4po9mbh1dotvf0bpu6k5', '2015-08-03 05:00:18', NULL),
(77, '1225249008', 'ua2ansfu6vo10l1l6mu8q1s6e0', '2015-07-30 01:44:43', NULL),
(86, '811268993', 'gqgs1ji4evn7l46gc2vrk67pa6', '2015-08-03 07:18:39', NULL),
(87, '1857507114', '05ptcn4po9mbh1dotvf0bpu6k5', '2015-08-03 07:20:36', NULL),
(88, '266655989', '16f2s646parb1sfomuuhbccb74', '2015-08-03 07:30:37', NULL);

-- --------------------------------------------------------

--
-- Table structure for table `login_authentication`
--

CREATE TABLE `login_authentication` (
  `id` int(11) NOT NULL,
  `user_id` int(11) NOT NULL,
  `profile_id` int(11) NOT NULL,
  `username` varchar(255) NOT NULL,
  `password` varchar(255) NOT NULL,
  `last_login` datetime DEFAULT NULL,
  `failed_login` int(3) NOT NULL DEFAULT '0',
  `last_updated` timestamp NOT NULL DEFAULT CURRENT_TIMESTAMP,
  `updated_by` varchar(255) DEFAULT NULL
) ENGINE=InnoDB DEFAULT CHARSET=utf8;

--
-- Dumping data for table `login_authentication`
--

INSERT INTO `login_authentication` (`id`, `user_id`, `profile_id`, `username`, `password`, `last_login`, `failed_login`, `last_updated`, `updated_by`) VALUES
(1, 1, 0, 'os4ed', 'f7658b271318b97a17e625f875ea5a24', '2015-08-03 06:00:37', 0, '2015-07-28 07:26:33', NULL),
(2, 2, 2, 'teacher', '8d788385431273d11e8b43bb78f3aa41', '2015-08-03 05:50:36', 0, '2015-07-28 07:26:33', NULL),
(3, 3, 1, 'admin', '21232f297a57a5a743894a0e4a801fc3', '2015-06-24 09:23:13', 2, '2015-07-28 07:26:33', NULL),
(4, 4, 2, 'egodshall', '83aa6e01cc5fc4925111afc516e25863', NULL, 0, '2015-07-28 07:26:33', NULL),
(5, 5, 2, 'khall', 'dd8436fa6632a662b970d6e35e4e3f5e', NULL, 0, '2015-07-28 07:26:33', NULL),
(6, 6, 2, 'dmccoy', 'cfb845c6e295295062d5cb55bd7a3dd1', NULL, 0, '2015-07-28 07:26:33', NULL),
(7, 7, 2, 'swilson', '793a2284e896e4a80f3f3e75452a2abb', NULL, 0, '2015-07-28 07:26:33', NULL),
(8, 8, 2, 'ffoster', '726ccb633d845f7212df64de964c5bd7', NULL, 0, '2015-07-28 07:26:33', NULL),
(9, 9, 2, 'fmorgan', '6e545d7db3e0791d91cf13b996526d68', NULL, 0, '2015-07-28 07:26:33', NULL),
(10, 10, 2, 'jkirby', '776ffedba5c3b2bada15e855cdff20e8', NULL, 0, '2015-07-28 07:26:33', NULL),
(11, 11, 2, 'asalter', '0dfef176282c73522f9a56956ab16b90', NULL, 0, '2015-07-28 07:26:33', NULL),
(12, 1, 3, 'student', '6c2528eac36ef7200b91dae6af8adbc7', '2015-08-03 04:35:06', 0, '2015-07-28 07:26:33', NULL),
(13, 2, 3, 'mdaniel', '', NULL, 0, '2015-07-28 07:26:33', NULL),
(14, 3, 3, 'mdawson', '', NULL, 0, '2015-07-28 07:26:33', NULL),
(15, 4, 3, 'mhamric', '', NULL, 0, '2015-07-28 07:26:33', NULL),
(16, 5, 3, 'gharden', '', NULL, 0, '2015-07-28 07:26:33', NULL),
(17, 6, 3, 'mharaway', '', NULL, 0, '2015-07-28 07:26:33', NULL),
(18, 7, 3, 'pdeventer', '', NULL, 0, '2015-07-28 07:26:33', NULL),
(19, 8, 3, 'ajohnson', '', NULL, 0, '2015-07-28 07:26:33', NULL),
(20, 9, 3, 'bhodge', '', NULL, 0, '2015-07-28 07:26:33', NULL),
(21, 10, 3, 'kpeterson', '', NULL, 0, '2015-07-28 07:26:33', NULL),
(22, 11, 3, 'llavley', '', NULL, 0, '2015-07-28 07:26:33', NULL),
(23, 12, 3, 'thook', '', NULL, 0, '2015-07-28 07:26:33', NULL),
(24, 13, 3, 'edaniel', '', NULL, 2, '2015-07-28 07:26:33', NULL),
(25, 14, 3, 'jwaters', '', NULL, 0, '2015-07-28 07:26:33', NULL),
(26, 15, 3, 'ddean', '', NULL, 0, '2015-07-28 07:26:33', NULL),
(27, 16, 3, 'lbaker', '', NULL, 0, '2015-07-28 07:26:33', NULL),
(28, 17, 3, 'arobertson', '', NULL, 0, '2015-07-28 07:26:33', NULL),
(29, 18, 3, 'ajhonson', '', NULL, 0, '2015-07-28 07:26:33', NULL),
(30, 19, 3, 'estringer', '', NULL, 0, '2015-07-28 07:26:33', NULL),
(31, 20, 3, 'ewaddell', '', NULL, 0, '2015-07-28 07:26:33', NULL),
(32, 21, 3, 'hmessier', '', NULL, 0, '2015-07-28 07:26:33', NULL),
(33, 22, 3, 'klauth', '', NULL, 0, '2015-07-28 07:26:33', NULL),
(34, 23, 3, 'zsarratt', '', NULL, 0, '2015-07-28 07:26:33', NULL),
(35, 24, 3, 'dlauth', '', NULL, 0, '2015-07-28 07:26:33', NULL),
(36, 25, 3, 'jkim', '', NULL, 0, '2015-07-28 07:26:33', NULL),
(37, 2, 4, 'parent', 'd0e45878043844ffc41aac437e86b602', '2015-08-03 04:33:32', 0, '2015-07-28 07:26:33', NULL),
(38, 25, 4, 'adam', '30b6572959e38eff103d1cdd4b8cfe7a', NULL, 0, '2015-08-03 05:27:26', NULL),
(39, 26, 4, 'livia', '9eff944b70b8d3ff6af65da8dab2933e', NULL, 0, '2015-08-03 05:27:26', NULL),
(40, 50, 4, 'refil', '81f33522a30c67559d22c62f4f0c853a', NULL, 0, '2015-08-03 05:29:47', NULL),
(41, 3, 4, 'james', '7cd2fc39f1b866d314bd17348e554ec2', NULL, 0, '2015-08-03 05:31:22', NULL),
(42, 4, 4, 'mary', '5131e44fb0b08ee086b89b141ad0c76f', NULL, 0, '2015-08-03 05:31:22', NULL);

-- --------------------------------------------------------

--
-- Table structure for table `login_message`
--

CREATE TABLE `login_message` (
  `id` int(8) NOT NULL,
  `message` longtext,
  `display` char(1) CHARACTER SET utf8 COLLATE utf8_bin DEFAULT NULL
) ENGINE=MyISAM DEFAULT CHARSET=utf8;

--
-- Dumping data for table `login_message`
--

INSERT INTO `login_message` (`id`, `message`, `display`) VALUES
(1, 'This is a restricted network. Use of this network, its equipment, and resources is monitored at all times and requires explicit permission from the network administrator. If you do not have this permission in writing, you are violating the regulations of this network and can and will be prosecuted to the fullest extent of law. By continuing into this system, you are acknowledging that you are aware of and agree to these terms.', 'Y');

-- --------------------------------------------------------

--
-- Table structure for table `login_records`
--

CREATE TABLE `login_records` (
  `syear` decimal(5,0) DEFAULT NULL,
  `first_name` varchar(100) DEFAULT NULL,
  `last_name` varchar(100) DEFAULT NULL,
  `profile` varchar(50) DEFAULT NULL,
  `user_name` varchar(100) DEFAULT NULL,
  `login_time` timestamp NOT NULL DEFAULT CURRENT_TIMESTAMP ON UPDATE CURRENT_TIMESTAMP,
  `faillog_count` decimal(4,0) DEFAULT NULL,
  `staff_id` decimal(10,0) DEFAULT NULL,
  `id` int(8) NOT NULL,
  `faillog_time` timestamp NOT NULL DEFAULT '0000-00-00 00:00:00',
  `ip_address` varchar(20) DEFAULT NULL,
  `status` varchar(50) DEFAULT NULL,
  `school_id` decimal(10,0) DEFAULT NULL,
  `updated_by` varchar(255) DEFAULT NULL
) ENGINE=MyISAM DEFAULT CHARSET=utf8;

-- --------------------------------------------------------

--
-- Table structure for table `lunch_period`
--

CREATE TABLE `lunch_period` (
  `student_id` decimal(10,0) DEFAULT NULL,
  `school_date` date DEFAULT NULL,
  `period_id` decimal(10,0) DEFAULT NULL,
  `attendance_code` decimal(10,0) DEFAULT NULL,
  `attendance_teacher_code` decimal(10,0) DEFAULT NULL,
  `attendance_reason` varchar(100) DEFAULT NULL,
  `admin` varchar(1) DEFAULT NULL,
  `course_period_id` decimal(10,0) DEFAULT NULL,
  `marking_period_id` int(11) DEFAULT NULL,
  `lunch_period` varchar(100) DEFAULT NULL,
  `table_name` decimal(10,0) DEFAULT NULL,
  `comment` varchar(100) DEFAULT NULL,
  `last_updated` timestamp NOT NULL DEFAULT CURRENT_TIMESTAMP,
  `updated_by` varchar(255) DEFAULT NULL
) ENGINE=MyISAM DEFAULT CHARSET=utf8;

-- --------------------------------------------------------

--
-- Table structure for table `mail_group`
--

CREATE TABLE `mail_group` (
  `group_id` int(11) NOT NULL,
  `group_name` varchar(255) NOT NULL,
  `description` varchar(255) NOT NULL,
  `user_name` varchar(255) NOT NULL,
  `creation_date` datetime NOT NULL,
  `last_updated` timestamp NOT NULL DEFAULT CURRENT_TIMESTAMP,
  `updated_by` varchar(255) DEFAULT NULL
) ENGINE=InnoDB DEFAULT CHARSET=utf8;

-- --------------------------------------------------------

--
-- Table structure for table `mail_groupmembers`
--

CREATE TABLE `mail_groupmembers` (
  `id` int(11) NOT NULL,
  `group_id` int(11) NOT NULL,
  `user_name` varchar(255) NOT NULL,
  `profile` varchar(255) NOT NULL,
  `last_updated` timestamp NOT NULL DEFAULT CURRENT_TIMESTAMP,
  `updated_by` varchar(255) DEFAULT NULL
) ENGINE=InnoDB DEFAULT CHARSET=utf8;

-- --------------------------------------------------------

--
-- Table structure for table `marking_period_id_generator`
--

CREATE TABLE `marking_period_id_generator` (
  `id` int(11) NOT NULL
) ENGINE=InnoDB DEFAULT CHARSET=utf8;

--
-- Dumping data for table `marking_period_id_generator`
--

INSERT INTO `marking_period_id_generator` (`id`) VALUES
(12),
(13),
(14),
(15),
(16),
(17),
(18);

-- --------------------------------------------------------

--
-- Stand-in structure for view `marking_periods`
--
CREATE TABLE `marking_periods` (
`marking_period_id` int(11)
,`mp_source` varchar(7)
,`syear` decimal(10,0)
,`school_id` decimal(10,0)
,`mp_type` varchar(20)
,`title` varchar(50)
,`short_name` varchar(10)
,`sort_order` decimal(10,0)
,`parent_id` decimal(19,0)
,`grandparent_id` decimal(19,0)
,`start_date` date
,`end_date` date
,`post_start_date` date
,`post_end_date` date
,`does_grades` varchar(1)
,`does_exam` varchar(1)
,`does_comments` varchar(1)
);

-- --------------------------------------------------------

--
-- Table structure for table `medical_info`
--

CREATE TABLE `medical_info` (
  `id` int(11) NOT NULL,
  `student_id` int(11) NOT NULL,
  `syear` int(11) NOT NULL,
  `school_id` int(11) NOT NULL,
  `Physician` varchar(255) DEFAULT NULL,
  `Physician_phone` varchar(255) DEFAULT NULL,
  `Preferred_hospital` varchar(255) DEFAULT NULL,
  `last_updated` timestamp NOT NULL DEFAULT CURRENT_TIMESTAMP,
  `updated_by` varchar(255) DEFAULT NULL
) ENGINE=InnoDB DEFAULT CHARSET=utf8;

--
-- Dumping data for table `medical_info`
--

INSERT INTO `medical_info` (`id`, `student_id`, `syear`, `school_id`, `Physician`, `Physician_phone`, `Preferred_hospital`, `last_updated`, `updated_by`) VALUES
(1, 1, 2015, 1, NULL, NULL, NULL, '2015-07-28 07:26:33', NULL),
(2, 2, 2015, 1, NULL, NULL, NULL, '2015-07-28 07:26:33', NULL),
(3, 3, 2015, 1, NULL, NULL, NULL, '2015-07-28 07:26:33', NULL),
(4, 4, 2015, 1, NULL, NULL, NULL, '2015-07-28 07:26:33', NULL),
(5, 5, 2015, 1, NULL, NULL, NULL, '2015-07-28 07:26:33', NULL),
(6, 6, 2015, 1, NULL, NULL, NULL, '2015-07-28 07:26:33', NULL),
(7, 7, 2015, 1, NULL, NULL, NULL, '2015-07-28 07:26:33', NULL),
(8, 8, 2015, 1, NULL, NULL, NULL, '2015-07-28 07:26:33', NULL),
(9, 9, 2015, 1, NULL, NULL, NULL, '2015-07-28 07:26:33', NULL),
(10, 10, 2015, 1, NULL, NULL, NULL, '2015-07-28 07:26:33', NULL),
(11, 11, 2015, 1, NULL, NULL, NULL, '2015-07-28 07:26:33', NULL),
(12, 12, 2015, 1, NULL, NULL, NULL, '2015-07-28 07:26:33', NULL),
(13, 13, 2015, 1, NULL, NULL, NULL, '2015-07-28 07:26:33', NULL),
(14, 14, 2015, 1, NULL, NULL, NULL, '2015-07-28 07:26:33', NULL),
(15, 15, 2015, 1, NULL, NULL, NULL, '2015-07-28 07:26:33', NULL),
(16, 16, 2015, 1, NULL, NULL, NULL, '2015-07-28 07:26:33', NULL),
(17, 17, 2015, 1, NULL, NULL, NULL, '2015-07-28 07:26:33', NULL),
(18, 18, 2015, 1, NULL, NULL, NULL, '2015-07-28 07:26:33', NULL),
(19, 19, 2015, 1, NULL, NULL, NULL, '2015-07-28 07:26:33', NULL),
(20, 20, 2015, 1, NULL, NULL, NULL, '2015-07-28 07:26:33', NULL),
(21, 21, 2015, 1, NULL, NULL, NULL, '2015-07-28 07:26:33', NULL),
(22, 22, 2015, 1, NULL, NULL, NULL, '2015-07-28 07:26:33', NULL),
(23, 23, 2015, 1, NULL, NULL, NULL, '2015-07-28 07:26:33', NULL),
(24, 24, 2015, 1, NULL, NULL, NULL, '2015-07-28 07:26:33', NULL),
(25, 25, 2015, 1, NULL, NULL, NULL, '2015-07-28 07:26:33', NULL);

-- --------------------------------------------------------

--
-- Table structure for table `missing_attendance`
--

CREATE TABLE `missing_attendance` (
  `school_id` int(11) NOT NULL,
  `syear` varchar(6) NOT NULL,
  `school_date` date NOT NULL,
  `course_period_id` int(11) NOT NULL,
  `period_id` int(11) NOT NULL,
  `teacher_id` int(11) NOT NULL,
  `secondary_teacher_id` int(11) DEFAULT NULL,
  `last_updated` timestamp NOT NULL DEFAULT CURRENT_TIMESTAMP,
  `updated_by` varchar(255) DEFAULT NULL
) ENGINE=MyISAM DEFAULT CHARSET=utf8;

--
-- Dumping data for table `missing_attendance`
--

INSERT INTO `missing_attendance` (`school_id`, `syear`, `school_date`, `course_period_id`, `period_id`, `teacher_id`, `secondary_teacher_id`, `last_updated`, `updated_by`) VALUES
(1, '2014', '2015-06-19', 1, 1, 2, NULL, '2016-11-02 21:22:17', NULL),
(1, '2014', '2015-06-22', 1, 1, 2, NULL, '2016-11-02 21:22:17', NULL),
(1, '2014', '2015-06-23', 1, 1, 2, NULL, '2016-11-02 21:22:17', NULL),
(1, '2014', '2015-06-24', 1, 1, 2, NULL, '2016-11-02 21:22:17', NULL),
(1, '2014', '2015-06-25', 1, 1, 2, NULL, '2016-11-02 21:22:17', NULL);

-- --------------------------------------------------------

--
-- Table structure for table `msg_inbox`
--

CREATE TABLE `msg_inbox` (
  `mail_id` int(11) NOT NULL,
  `to_user` varchar(211) NOT NULL,
  `from_user` varchar(211) NOT NULL,
  `mail_Subject` varchar(211) DEFAULT NULL,
  `mail_body` longtext NOT NULL,
  `mail_datetime` datetime DEFAULT NULL,
  `mail_attachment` varchar(211) DEFAULT NULL,
  `isdraft` int(11) DEFAULT NULL,
  `istrash` varchar(255) DEFAULT NULL,
  `to_multiple_users` varchar(255) DEFAULT NULL,
  `to_cc` varchar(255) DEFAULT NULL,
  `to_cc_multiple` varchar(255) DEFAULT NULL,
  `to_bcc` varchar(255) DEFAULT NULL,
  `to_bcc_multiple` varchar(255) DEFAULT NULL,
  `mail_read_unread` varchar(255) DEFAULT NULL,
  `last_updated` timestamp NOT NULL DEFAULT CURRENT_TIMESTAMP,
  `updated_by` varchar(255) DEFAULT NULL
) ENGINE=InnoDB DEFAULT CHARSET=utf8;

-- --------------------------------------------------------

--
-- Table structure for table `msg_outbox`
--

CREATE TABLE `msg_outbox` (
  `mail_id` int(11) NOT NULL,
  `from_user` varchar(211) NOT NULL,
  `to_user` varchar(211) NOT NULL,
  `mail_subject` varchar(211) DEFAULT NULL,
  `mail_body` longtext NOT NULL,
  `mail_datetime` datetime DEFAULT NULL,
  `mail_attachment` varchar(211) DEFAULT NULL,
  `istrash` int(11) DEFAULT NULL,
  `to_cc` varchar(255) DEFAULT NULL,
  `to_bcc` varchar(255) DEFAULT NULL,
  `to_grpName` varchar(255) DEFAULT NULL,
  `last_updated` timestamp NOT NULL DEFAULT CURRENT_TIMESTAMP,
  `updated_by` varchar(255) DEFAULT NULL
) ENGINE=InnoDB DEFAULT CHARSET=utf8;

-- --------------------------------------------------------

--
-- Table structure for table `people`
--

CREATE TABLE `people` (
  `staff_id` int(11) NOT NULL,
  `current_school_id` decimal(10,0) DEFAULT NULL,
  `title` varchar(5) DEFAULT NULL,
  `first_name` varchar(100) DEFAULT NULL,
  `last_name` varchar(100) DEFAULT NULL,
  `middle_name` varchar(100) DEFAULT NULL,
  `home_phone` varchar(255) DEFAULT NULL,
  `work_phone` varchar(255) DEFAULT NULL,
  `cell_phone` varchar(255) DEFAULT NULL,
  `email` varchar(100) DEFAULT NULL,
  `custody` varchar(1) DEFAULT NULL,
  `profile` varchar(30) DEFAULT NULL,
  `profile_id` decimal(10,0) DEFAULT NULL,
  `is_disable` varchar(10) DEFAULT NULL,
  `last_updated` timestamp NOT NULL DEFAULT CURRENT_TIMESTAMP,
  `updated_by` varchar(255) DEFAULT NULL
) ENGINE=InnoDB DEFAULT CHARSET=utf8;

--
-- Dumping data for table `people`
--

INSERT INTO `people` (`staff_id`, `current_school_id`, `title`, `first_name`, `last_name`, `middle_name`, `home_phone`, `work_phone`, `cell_phone`, `email`, `custody`, `profile`, `profile_id`, `is_disable`, `last_updated`, `updated_by`) VALUES
(1, '1', NULL, 'Henrietta', 'Peter', NULL, '770-555-1212', NULL, NULL, 'henrietta@gmail.com', NULL, 'parent', '4', NULL, '2015-07-28 01:56:33', NULL),
(2, '1', NULL, 'Bradley', 'Peter', NULL, '678-555-1212', NULL, NULL, 'bradley@gmail.com', 'Y', 'parent', '4', NULL, '2015-07-28 01:56:33', NULL),
(3, '1', NULL, 'James', 'Daniel', NULL, '770-555-1212', NULL, NULL, 'james@gmmail.com', NULL, 'parent', '4', NULL, '2015-07-28 01:56:33', NULL),
(4, '1', NULL, 'Mary', 'Daniel', NULL, '678-555-1212', NULL, NULL, 'mary@gmail.com', NULL, 'parent', '4', NULL, '2015-07-28 01:56:33', NULL),
(5, '1', NULL, 'Fredy', 'Dawson', NULL, '770-555-1212', NULL, NULL, 'fredy@gmail.com', NULL, 'parent', '4', NULL, '2015-07-28 01:56:33', NULL),
(6, '1', NULL, 'Larondin', 'Dawson', NULL, '678-555-1212', NULL, NULL, 'larondin@gmail.com', NULL, 'parent', '4', NULL, '2015-07-28 01:56:33', NULL),
(7, '1', NULL, 'Leigh Anni', 'McCart', NULL, '770-555-1212', NULL, NULL, 'LeighAnni@gmail.com', NULL, 'parent', '4', NULL, '2015-07-28 01:56:33', NULL),
(8, '1', NULL, 'Langis', 'Hamric', NULL, '678-555-1212', NULL, NULL, 'langis@gmail.com', NULL, 'parent', '4', NULL, '2015-07-28 01:56:33', NULL),
(9, '1', NULL, 'Kevin', 'Harden', NULL, '770-555-1212', NULL, NULL, 'kevin@gmail.com', NULL, 'parent', '4', NULL, '2015-07-28 01:56:33', NULL),
(10, '1', NULL, 'Allison', 'Harden', NULL, '678-555-1212', NULL, NULL, 'allison@gmail.com', NULL, 'parent', '4', NULL, '2015-07-28 01:56:33', NULL),
(11, '1', NULL, 'Wesley', 'Haraway', NULL, '770-555-1212', NULL, NULL, 'Wesley@gmail.com', NULL, 'parent', '4', NULL, '2015-07-28 01:56:33', NULL),
(12, '1', NULL, 'Jennifer', 'Haraway', NULL, '678-555-1212', NULL, NULL, 'jenniferr@gmail.com', NULL, 'parent', '4', NULL, '2015-07-28 01:56:33', NULL),
(13, '1', NULL, 'Helen', 'Deventer', NULL, '770-555-1212', NULL, NULL, 'Helen@gmail.com', NULL, 'parent', '4', NULL, '2015-07-28 01:56:33', NULL),
(14, '1', NULL, 'Laura', 'Deventer', NULL, '678-555-1212', NULL, NULL, 'laura@gmail.com', NULL, 'parent', '4', NULL, '2015-07-28 01:56:33', NULL),
(15, '1', NULL, 'Douglass', 'Johnson', NULL, '770-555-1212', NULL, NULL, 'douglass@gmail.com', NULL, 'parent', '4', NULL, '2015-07-28 01:56:33', NULL),
(16, '1', NULL, 'Tracie', 'Johnson', NULL, '678-555-1212', NULL, NULL, 'traciee@gmail.com', NULL, 'parent', '4', NULL, '2015-07-28 01:56:33', NULL),
(17, '1', NULL, 'Peter', 'Hodge', NULL, '770-555-1212', NULL, NULL, 'peter@gmail.com', NULL, 'parent', '4', NULL, '2015-07-28 01:56:33', NULL),
(18, '1', NULL, 'Gracy', 'Hodge', NULL, '678-555-1212', NULL, NULL, 'gracy@gmail.com', NULL, 'parent', '4', NULL, '2015-07-28 01:56:33', NULL),
(19, '1', NULL, 'Mark', 'Peterson', NULL, '770-555-1212', NULL, NULL, 'mark@gmail.com', NULL, 'parent', '4', NULL, '2015-07-28 01:56:33', NULL),
(20, '1', NULL, 'Stella', 'Peterson', NULL, '678-555-1212', NULL, NULL, 'stellaa@gmail.com', NULL, 'parent', '4', NULL, '2015-07-28 01:56:33', NULL),
(21, '1', NULL, 'James', 'Lavley', NULL, '770-555-1212', NULL, NULL, 'james@gmail.com', NULL, 'parent', '4', NULL, '2015-07-28 01:56:33', NULL),
(22, '1', NULL, 'Daisy', 'Lavley', NULL, '678-555-1212', NULL, NULL, 'daisy@gmail.com', NULL, 'parent', '4', NULL, '2015-07-28 01:56:33', NULL),
(23, '1', NULL, 'Justin', 'Hook', NULL, '770-555-1212', NULL, NULL, 'justin@gmail.com', NULL, 'parent', '4', NULL, '2015-07-28 01:56:33', NULL),
(24, '1', NULL, 'Doreen', 'Hook', NULL, '678-555-1212', NULL, NULL, 'doreen@gmail.com', NULL, 'parent', '4', NULL, '2015-07-28 01:56:33', NULL),
(25, '1', NULL, 'Adam', 'Daniel', NULL, '770-555-1212', NULL, NULL, 'adam@gmail.com', NULL, 'parent', '4', NULL, '2015-07-28 01:56:33', NULL),
(26, '1', NULL, 'Livia', 'Daniel', NULL, '678-555-1212', NULL, NULL, 'livia@gmail.com', NULL, 'parent', '4', NULL, '2015-07-28 01:56:33', NULL),
(27, '1', NULL, 'Gregg', 'Waters', NULL, '770-555-1212', NULL, NULL, 'gregg@gmail.com', NULL, 'parent', '4', NULL, '2015-07-28 01:56:33', NULL),
(28, '1', NULL, 'Stephanie', 'Waters', NULL, '678-555-1212', NULL, NULL, 'stephanie@gmail.com', NULL, 'parent', '4', NULL, '2015-07-28 01:56:33', NULL),
(29, '1', NULL, 'Robert', 'Dean', NULL, '770-555-1212', NULL, NULL, 'robert@gmail.com', NULL, 'parent', '4', NULL, '2015-07-28 01:56:33', NULL),
(30, '1', NULL, 'Dori', 'Dean', NULL, '678-555-1212', NULL, NULL, 'dori@gmail.com', NULL, 'parent', '4', NULL, '2015-07-28 01:56:33', NULL),
(31, '1', NULL, 'Christopher', 'Baker', NULL, '770-555-1212', NULL, NULL, 'christopher@gmail.com', NULL, 'parent', '4', NULL, '2015-07-28 01:56:33', NULL),
(32, '1', NULL, 'Elizabeth', 'Baker', NULL, '678-555-1212', NULL, NULL, 'elizabeth@gmail.com', NULL, 'parent', '4', NULL, '2015-07-28 01:56:33', NULL),
(33, '1', NULL, 'Canangela', 'Robertson', NULL, '770-555-1212', NULL, NULL, 'dalas@gmail.com', NULL, 'parent', '4', NULL, '2015-07-28 01:56:33', NULL),
(34, '1', NULL, 'Shane', 'Robertson', NULL, '678-555-1212', NULL, NULL, 'shane@gmail.com', NULL, 'parent', '4', NULL, '2015-07-28 01:56:33', NULL),
(35, '1', NULL, 'Dalas', 'Johnson', NULL, '770-555-1212', NULL, NULL, 'dalas@gmail.com', NULL, 'parent', '4', NULL, '2015-07-28 01:56:33', NULL),
(36, '1', NULL, 'Sarah', 'Johnson', NULL, '678-555-1212', NULL, NULL, 'sarah@gmail.com', NULL, 'parent', '4', NULL, '2015-07-28 01:56:33', NULL),
(37, '1', NULL, 'Tracie', 'Stringer', NULL, '770-555-1212', NULL, NULL, 'tracie@gmail.com', NULL, 'parent', '4', NULL, '2015-07-28 01:56:33', NULL),
(38, '1', NULL, 'Aubrey', 'Stringer', NULL, '678-555-1212', NULL, NULL, 'aubrey@gmail.com', NULL, 'parent', '4', NULL, '2015-07-28 01:56:33', NULL),
(39, '1', NULL, 'Clinton', 'Waddell', NULL, '770-555-1212', NULL, NULL, 'clinton@gmail.com', NULL, 'parent', '4', NULL, '2015-07-28 01:56:33', NULL),
(40, '1', NULL, 'Terri', 'Waddell', NULL, '678-555-1212', NULL, NULL, 'terri@gmail.com', NULL, 'parent', '4', NULL, '2015-07-28 01:56:33', NULL),
(41, '1', NULL, 'Jennifer', 'Messier', NULL, '770-555-1212', NULL, NULL, 'jennifer@gmail.com', NULL, 'parent', '4', NULL, '2015-07-28 01:56:33', NULL),
(42, '1', NULL, 'Donna', 'Messier', NULL, '678-555-1212', NULL, NULL, 'donna@gmail.com', NULL, 'parent', '4', NULL, '2015-07-28 01:56:33', NULL),
(43, '1', NULL, 'Jason', 'Lauth', NULL, '770-555-1212', NULL, NULL, 'jason@gmail.com', NULL, 'parent', '4', NULL, '2015-07-28 01:56:33', NULL),
(44, '1', NULL, 'Jessica', 'Lauth', NULL, '678-555-1212', NULL, NULL, 'Jessicaa@gmail.com', NULL, 'parent', '4', NULL, '2015-07-28 01:56:33', NULL),
(45, '1', NULL, 'Jimmy', 'Sarratt', NULL, '770-555-1212', NULL, NULL, 'jimmy@gmail.com', NULL, 'parent', '4', NULL, '2015-07-28 01:56:33', NULL),
(46, '1', NULL, 'Sarah', 'Sarratt', NULL, '678-555-1212', NULL, NULL, 'sarah@gmail.com', NULL, 'parent', '4', NULL, '2015-07-28 01:56:33', NULL),
(47, '1', NULL, 'Jessica', 'Lauth', NULL, '678-555-1212', NULL, NULL, 'jessica@gmail.com', NULL, 'parent', '4', NULL, '2015-07-28 01:56:33', NULL),
(48, '1', NULL, 'April', 'Kim', NULL, '770-555-1212', NULL, NULL, 'april@gmail.com', NULL, 'parent', '4', NULL, '2015-07-28 01:56:33', NULL),
(49, '1', NULL, 'David', 'Kim', NULL, '678-555-1212', NULL, NULL, 'david@gmail.com', NULL, 'parent', '4', NULL, '2015-07-28 01:56:33', NULL),
(50, '1', NULL, 'Refil', 'Peters', NULL, NULL, NULL, NULL, 'refil@gmail.com', NULL, 'parent', '4', NULL, '2015-08-02 23:59:47', NULL);

-- --------------------------------------------------------

--
-- Table structure for table `people_field_categories`
--

CREATE TABLE `people_field_categories` (
  `id` int(8) NOT NULL,
  `title` varchar(100) DEFAULT NULL,
  `sort_order` decimal(10,0) DEFAULT NULL,
  `include` varchar(100) DEFAULT NULL,
  `admin` char(1) DEFAULT NULL,
  `teacher` char(1) DEFAULT NULL,
  `parent` char(1) DEFAULT NULL,
  `none` char(1) DEFAULT NULL,
  `last_updated` timestamp NOT NULL DEFAULT CURRENT_TIMESTAMP,
  `updated_by` varchar(255) DEFAULT NULL
) ENGINE=MyISAM DEFAULT CHARSET=utf8;

--
-- Dumping data for table `people_field_categories`
--

INSERT INTO `people_field_categories` (`id`, `title`, `sort_order`, `include`, `admin`, `teacher`, `parent`, `none`, `last_updated`, `updated_by`) VALUES
(1, 'General Info', '1', NULL, 'Y', 'Y', 'Y', 'Y', '2015-07-28 07:26:33', NULL),
(2, 'Address Info', '2', NULL, 'Y', 'Y', 'Y', 'Y', '2015-07-28 07:26:33', NULL);

-- --------------------------------------------------------

--
-- Table structure for table `people_fields`
--

CREATE TABLE `people_fields` (
  `id` int(8) NOT NULL,
  `type` varchar(10) DEFAULT NULL,
  `search` varchar(1) DEFAULT NULL,
  `title` varchar(30) DEFAULT NULL,
  `sort_order` decimal(10,0) DEFAULT NULL,
  `select_options` varchar(10000) DEFAULT NULL,
  `category_id` decimal(10,0) DEFAULT NULL,
  `system_field` char(1) DEFAULT NULL,
  `required` varchar(1) DEFAULT NULL,
  `default_selection` varchar(255) DEFAULT NULL,
  `last_updated` timestamp NOT NULL DEFAULT CURRENT_TIMESTAMP,
  `updated_by` varchar(255) DEFAULT NULL
) ENGINE=MyISAM DEFAULT CHARSET=utf8;

-- --------------------------------------------------------

--
-- Table structure for table `portal_notes`
--

CREATE TABLE `portal_notes` (
  `id` int(8) NOT NULL,
  `school_id` decimal(10,0) DEFAULT NULL,
  `syear` decimal(4,0) DEFAULT NULL,
  `title` varchar(255) DEFAULT NULL,
  `content` longtext,
  `sort_order` decimal(10,0) DEFAULT NULL,
  `published_user` decimal(10,0) DEFAULT NULL,
  `last_updated` timestamp NOT NULL DEFAULT CURRENT_TIMESTAMP ON UPDATE CURRENT_TIMESTAMP,
  `start_date` date DEFAULT NULL,
  `end_date` date DEFAULT NULL,
  `published_profiles` varchar(255) DEFAULT NULL,
  `updated_by` varchar(255) DEFAULT NULL
) ENGINE=MyISAM DEFAULT CHARSET=utf8;

-- --------------------------------------------------------

--
-- Table structure for table `profile_exceptions`
--

CREATE TABLE `profile_exceptions` (
  `profile_id` decimal(10,0) DEFAULT NULL,
  `modname` varchar(255) DEFAULT NULL,
  `can_use` varchar(1) DEFAULT NULL,
  `can_edit` varchar(1) DEFAULT NULL,
  `last_updated` timestamp NOT NULL DEFAULT CURRENT_TIMESTAMP,
  `updated_by` varchar(255) DEFAULT NULL
) ENGINE=MyISAM DEFAULT CHARSET=utf8;

--
-- Dumping data for table `profile_exceptions`
--

INSERT INTO `profile_exceptions` (`profile_id`, `modname`, `can_use`, `can_edit`, `last_updated`, `updated_by`) VALUES
('2', 'students/Student.php&category_id=6', 'Y', NULL, '2015-07-28 07:26:33', NULL),
('3', 'students/Student.php&category_id=6', 'Y', NULL, '2015-07-28 07:26:33', NULL),
('4', 'students/Student.php&category_id=6', 'Y', NULL, '2015-07-28 07:26:33', NULL),
('2', 'users/User.php&category_id=5', 'Y', NULL, '2015-07-28 07:26:33', NULL),
('3', 'schoolsetup/Schools.php', 'Y', NULL, '2015-07-28 07:26:33', NULL),
('3', 'schoolsetup/Calendar.php', 'Y', NULL, '2015-07-28 07:26:33', NULL),
('3', 'students/Student.php', 'Y', NULL, '2015-07-28 07:26:33', NULL),
('3', 'students/Student.php&category_id=1', 'Y', NULL, '2015-07-28 07:26:33', NULL),
('3', 'students/Student.php&category_id=3', 'Y', NULL, '2015-07-28 07:26:33', NULL),
('3', 'students/ChangePassword.php', 'Y', NULL, '2015-07-28 07:26:33', NULL),
('3', 'scheduling/ViewSchedule.php', 'Y', NULL, '2015-07-28 07:26:33', NULL),
('3', 'scheduling/PrintSchedules.php', 'Y', NULL, '2015-07-28 07:26:33', NULL),
('3', 'scheduling/Requests.php', 'Y', 'Y', '2015-07-28 07:26:33', NULL),
('3', 'grades/StudentGrades.php', 'Y', NULL, '2015-07-28 07:26:33', NULL),
('3', 'grades/FinalGrades.php', 'Y', NULL, '2015-07-28 07:26:33', NULL),
('3', 'grades/ReportCards.php', 'Y', NULL, '2015-07-28 07:26:33', NULL),
('3', 'grades/Transcripts.php', 'Y', NULL, '2015-07-28 07:26:33', NULL),
('3', 'grades/GPARankList.php', 'Y', NULL, '2015-07-28 07:26:33', NULL),
('3', 'attendance/StudentSummary.php', 'Y', NULL, '2015-07-28 07:26:33', NULL),
('3', 'attendance/DailySummary.php', 'Y', NULL, '2015-07-28 07:26:33', NULL),
('3', 'eligibility/Student.php', 'Y', NULL, '2015-07-28 07:26:33', NULL),
('3', 'eligibility/StudentList.php', 'Y', NULL, '2015-07-28 07:26:33', NULL),
('2', 'schoolsetup/Schools.php', 'Y', NULL, '2015-07-28 07:26:33', NULL),
('2', 'schoolsetup/MarkingPeriods.php', 'Y', NULL, '2015-07-28 07:26:33', NULL),
('2', 'schoolsetup/Calendar.php', 'Y', NULL, '2015-07-28 07:26:33', NULL),
('2', 'students/Student.php', 'Y', NULL, '2015-07-28 07:26:33', NULL),
('2', 'students/AddUsers.php', 'Y', NULL, '2015-07-28 07:26:33', NULL),
('2', 'students/AdvancedReport.php', 'Y', NULL, '2015-07-28 07:26:33', NULL),
('2', 'students/Student.php&category_id=1', 'Y', NULL, '2015-07-28 07:26:33', NULL),
('2', 'students/Student.php&category_id=3', 'Y', NULL, '2015-07-28 07:26:33', NULL),
('2', 'students/Student.php&category_id=4', 'Y', 'Y', '2015-07-28 07:26:33', NULL),
('2', 'users/User.php', 'Y', NULL, '2015-07-28 07:26:33', NULL),
('5', 'schoolsetup/Rooms.php', 'Y', 'Y', '2015-07-28 07:26:33', NULL),
('2', 'grades/Grades.php', 'Y', NULL, '2015-07-28 07:26:33', NULL),
('2', 'users/Preferences.php', 'Y', NULL, '2015-07-28 07:26:33', NULL),
('2', 'scheduling/Schedule.php', 'Y', NULL, '2015-07-28 07:26:33', NULL),
('2', 'scheduling/PrintSchedules.php', 'Y', NULL, '2015-07-28 07:26:33', NULL),
('2', 'scheduling/PrintClassLists.php', 'Y', NULL, '2015-07-28 07:26:33', NULL),
('2', 'scheduling/PrintClassPictures.php', 'Y', NULL, '2015-07-28 07:26:33', NULL),
('2', 'grades/InputFinalGrades.php', 'Y', NULL, '2015-07-28 07:26:33', NULL),
('2', 'grades/ReportCards.php', 'Y', NULL, '2015-07-28 07:26:33', NULL),
('2', 'grades/grades.php', 'Y', NULL, '2015-07-28 07:26:33', NULL),
('2', 'grades/Assignments.php', 'Y', NULL, '2015-07-28 07:26:33', NULL),
('2', 'grades/AnomalousGrades.php', 'Y', NULL, '2015-07-28 07:26:33', NULL),
('2', 'grades/Configuration.php', 'Y', NULL, '2015-07-28 07:26:33', NULL),
('2', 'grades/ProgressReports.php', 'Y', NULL, '2015-07-28 07:26:33', NULL),
('2', 'grades/StudentGrades.php', 'Y', NULL, '2015-07-28 07:26:33', NULL),
('2', 'grades/FinalGrades.php', 'Y', NULL, '2015-07-28 07:26:33', NULL),
('2', 'grades/ReportCardGrades.php', 'Y', NULL, '2015-07-28 07:26:33', NULL),
('2', 'grades/ReportCardComments.php', 'Y', NULL, '2015-07-28 07:26:33', NULL),
('2', 'attendance/TakeAttendance.php', 'Y', NULL, '2015-07-28 07:26:33', NULL),
('2', 'attendance/DailySummary.php', 'Y', NULL, '2015-07-28 07:26:33', NULL),
('2', 'attendance/StudentSummary.php', 'Y', NULL, '2015-07-28 07:26:33', NULL),
('2', 'eligibility/EnterEligibility.php', 'Y', NULL, '2015-07-28 07:26:33', NULL),
('2', 'scheduling/ViewSchedule.php', 'Y', NULL, '2015-07-28 07:26:33', NULL),
('4', 'attendance/StudentSummary.php', 'Y', NULL, '2015-07-28 07:26:33', NULL),
('4', 'attendance/DailySummary.php', 'Y', NULL, '2015-07-28 07:26:33', NULL),
('4', 'eligibility/Student.php', 'Y', NULL, '2015-07-28 07:26:33', NULL),
('4', 'eligibility/StudentList.php', 'Y', NULL, '2015-07-28 07:26:33', NULL),
('4', 'schoolsetup/Schools.php', 'Y', NULL, '2015-07-28 07:26:33', NULL),
('4', 'schoolsetup/Calendar.php', 'Y', NULL, '2015-07-28 07:26:33', NULL),
('4', 'students/Student.php', 'Y', NULL, '2015-07-28 07:26:33', NULL),
('4', 'students/Student.php&category_id=1', 'Y', NULL, '2015-07-28 07:26:33', NULL),
('4', 'students/Student.php&category_id=3', 'Y', 'Y', '2015-07-28 07:26:33', NULL),
('4', 'users/User.php', 'Y', NULL, '2015-07-28 07:26:33', NULL),
('4', 'users/User.php&category_id=1', 'Y', 'Y', '2015-07-28 07:26:33', NULL),
('4', 'users/Preferences.php', 'Y', NULL, '2015-07-28 07:26:33', NULL),
('4', 'scheduling/ViewSchedule.php', 'Y', NULL, '2015-07-28 07:26:33', NULL),
('4', 'scheduling/Requests.php', 'Y', 'Y', '2015-07-28 07:26:33', NULL),
('4', 'grades/StudentGrades.php', 'Y', NULL, '2015-07-28 07:26:33', NULL),
('4', 'grades/FinalGrades.php', 'Y', NULL, '2015-07-28 07:26:33', NULL),
('4', 'grades/ReportCards.php', 'Y', NULL, '2015-07-28 07:26:33', NULL),
('4', 'grades/Transcripts.php', 'Y', NULL, '2015-07-28 07:26:33', NULL),
('4', 'grades/GPARankList.php', 'Y', NULL, '2015-07-28 07:26:33', NULL),
('4', 'users/User.php&category_id=2', 'Y', NULL, '2015-07-28 07:26:33', NULL),
('4', 'users/User.php&category_id=3', 'Y', NULL, '2015-07-28 07:26:33', NULL),
('2', 'schoolsetup/Courses.php', 'Y', NULL, '2015-07-28 07:26:33', NULL),
('2', 'schoolsetup/CourseCatalog.php', 'Y', NULL, '2015-07-28 07:26:33', NULL),
('2', 'schoolsetup/PrintCatalog.php', 'Y', NULL, '2015-07-28 07:26:33', NULL),
('2', 'schoolsetup/PrintAllCourses.php', 'Y', NULL, '2015-07-28 07:26:33', NULL),
('2', 'students/Student.php&category_id=5', 'Y', 'Y', '2015-07-28 07:26:33', NULL),
('4', 'students/ChangePassword.php', 'Y', NULL, '2015-07-28 07:26:33', NULL),
('4', 'scheduling/StudentScheduleReport.php', 'Y', NULL, '2015-07-28 07:26:33', NULL),
('3', 'grades/ParentProgressReports.php', 'Y', NULL, '2015-07-28 07:26:33', NULL),
('3', 'scheduling/StudentScheduleReport.php', 'Y', NULL, '2015-07-28 07:26:33', NULL),
('3', 'Billing/Fee.php', 'Y', NULL, '2015-07-28 07:26:33', NULL),
('3', 'Billing/Balance_Report.php', 'Y', NULL, '2015-07-28 07:26:33', NULL),
('3', 'Billing/DailyTransactions.php', 'Y', NULL, '2015-07-28 07:26:33', NULL),
('4', 'Billing/Fee.php', 'Y', NULL, '2015-07-28 07:26:33', NULL),
('4', 'Billing/Balance_Report.php', 'Y', NULL, '2015-07-28 07:26:33', NULL),
('4', 'Billing/DailyTransactions.php', 'Y', NULL, '2015-07-28 07:26:33', NULL),
('5', 'schoolsetup/PortalNotes.php', 'Y', 'Y', '2015-07-28 07:26:33', NULL),
('5', 'schoolsetup/MarkingPeriods.php', 'Y', NULL, '2015-07-28 07:26:33', NULL),
('5', 'schoolsetup/Calendar.php', 'Y', 'Y', '2015-07-28 07:26:33', NULL),
('5', 'schoolsetup/Periods.php', 'Y', NULL, '2015-07-28 07:26:33', NULL),
('5', 'schoolsetup/GradeLevels.php', 'Y', NULL, '2015-07-28 07:26:33', NULL),
('5', 'schoolsetup/Schools.php', 'Y', NULL, '2015-07-28 07:26:33', NULL),
('5', 'schoolsetup/UploadLogo.php', 'Y', NULL, '2015-07-28 07:26:33', NULL),
('5', 'schoolsetup/Schools.php?new_school=true', 'Y', NULL, '2015-07-28 07:26:33', NULL),
('5', 'schoolsetup/CopySchool.php', 'Y', NULL, '2015-07-28 07:26:33', NULL),
('5', 'schoolsetup/SystemPreference.php', 'Y', NULL, '2015-07-28 07:26:33', NULL),
('5', 'schoolsetup/Courses.php', 'Y', NULL, '2015-07-28 07:26:33', NULL),
('5', 'schoolsetup/CourseCatalog.php', 'Y', NULL, '2015-07-28 07:26:33', NULL),
('5', 'schoolsetup/PrintCatalog.php', 'Y', NULL, '2015-07-28 07:26:33', NULL),
('5', 'schoolsetup/PrintCatalogGradeLevel.php', 'Y', NULL, '2015-07-28 07:26:33', NULL),
('5', 'schoolsetup/PrintAllCourses.php', 'Y', NULL, '2015-07-28 07:26:33', NULL),
('5', 'schoolsetup/TeacherReassignment.php', 'Y', NULL, '2015-07-28 07:26:33', NULL),
('5', 'students/Student.php', 'Y', 'Y', '2015-07-28 07:26:33', NULL),
('5', 'students/Student.php&include=GeneralInfoInc&student_id=new', 'Y', 'Y', '2015-07-28 07:26:33', NULL),
('5', 'students/AssignOtherInfo.php', 'Y', 'Y', '2015-07-28 07:26:33', NULL),
('5', 'students/AddUsers.php', 'Y', 'Y', '2015-07-28 07:26:33', NULL),
('5', 'students/AdvancedReport.php', 'Y', 'Y', '2015-07-28 07:26:33', NULL),
('5', 'students/AddDrop.php', 'Y', 'Y', '2015-07-28 07:26:33', NULL),
('5', 'students/Letters.php', 'Y', 'Y', '2015-07-28 07:26:33', NULL),
('5', 'students/MailingLabels.php', 'Y', 'Y', '2015-07-28 07:26:33', NULL),
('5', 'students/StudentLabels.php', 'Y', 'Y', '2015-07-28 07:26:33', NULL),
('5', 'students/PrintStudentInfo.php', 'Y', 'Y', '2015-07-28 07:26:33', NULL),
('5', 'students/PrintStudentContactInfo.php', 'Y', 'Y', '2015-07-28 07:26:33', NULL),
('5', 'students/GoalReport.php', 'Y', 'Y', '2015-07-28 07:26:33', NULL),
('5', 'students/StudentFields.php', 'Y', NULL, '2015-07-28 07:26:33', NULL),
('5', 'students/EnrollmentCodes.php', 'Y', 'Y', '2015-07-28 07:26:33', NULL),
('5', 'students/Upload.php', 'Y', 'Y', '2015-07-28 07:26:33', NULL),
('5', 'students/Upload.php?modfunc=edit', 'Y', 'Y', '2015-07-28 07:26:33', NULL),
('5', 'students/Student.php&category_id=1', 'Y', 'Y', '2015-07-28 07:26:33', NULL),
('5', 'students/Student.php&category_id=2', 'Y', 'Y', '2015-07-28 07:26:33', NULL),
('5', 'students/Student.php&category_id=3', 'Y', 'Y', '2015-07-28 07:26:33', NULL),
('5', 'students/Student.php&category_id=4', 'Y', 'Y', '2015-07-28 07:26:33', NULL),
('5', 'students/Student.php&category_id=5', 'Y', 'Y', '2015-07-28 07:26:33', NULL),
('5', 'users/User.php', 'Y', 'Y', '2015-07-28 07:26:33', NULL),
('5', 'users/User.php&staff_id=new', 'Y', NULL, '2015-07-28 07:26:33', NULL),
('5', 'users/AddStudents.php', 'Y', NULL, '2015-07-28 07:26:33', NULL),
('5', 'users/Preferences.php', 'Y', NULL, '2015-07-28 07:26:33', NULL),
('5', 'users/Profiles.php', 'Y', NULL, '2015-07-28 07:26:33', NULL),
('5', 'users/Exceptions.php', 'Y', NULL, '2015-07-28 07:26:33', NULL),
('5', 'users/UserFields.php', 'Y', NULL, '2015-07-28 07:26:33', NULL),
('5', 'users/TeacherPrograms.php?include=grades/InputFinalGrades.php', 'Y', NULL, '2015-07-28 07:26:33', NULL),
('5', 'users/TeacherPrograms.php?include=grades/grades.php', 'Y', NULL, '2015-07-28 07:26:33', NULL),
('5', 'users/TeacherPrograms.php?include=grades/ProgressReports.php', 'Y', 'Y', '2015-07-28 07:26:33', NULL),
('5', 'users/TeacherPrograms.php?include=attendance/TakeAttendance.php', 'Y', 'Y', '2015-07-28 07:26:33', NULL),
('5', 'users/TeacherPrograms.php?include=attendance/Missing_Attendance.php', 'Y', 'Y', '2015-07-28 07:26:33', NULL),
('5', 'users/TeacherPrograms.php?include=eligibility/EnterEligibility.php', 'Y', NULL, '2015-07-28 07:26:33', NULL),
('5', 'users/User.php&category_id=1', 'Y', 'Y', '2015-07-28 07:26:33', NULL),
('5', 'users/User.php&category_id=2', 'Y', 'Y', '2015-07-28 07:26:33', NULL),
('5', 'scheduling/Schedule.php', 'Y', NULL, '2015-07-28 07:26:33', NULL),
('5', 'scheduling/ViewSchedule.php', 'Y', NULL, '2015-07-28 07:26:33', NULL),
('5', 'scheduling/Requests.php', 'Y', NULL, '2015-07-28 07:26:33', NULL),
('5', 'scheduling/MassSchedule.php', 'Y', NULL, '2015-07-28 07:26:33', NULL),
('5', 'scheduling/MassRequests.php', 'Y', NULL, '2015-07-28 07:26:33', NULL),
('5', 'scheduling/MassDrops.php', 'Y', NULL, '2015-07-28 07:26:33', NULL),
('5', 'scheduling/PrintSchedules.php', 'Y', 'Y', '2015-07-28 07:26:33', NULL),
('5', 'scheduling/PrintClassLists.php', 'Y', 'Y', '2015-07-28 07:26:33', NULL),
('5', 'scheduling/PrintClassPictures.php', 'Y', NULL, '2015-07-28 07:26:33', NULL),
('5', 'scheduling/PrintRequests.php', 'Y', NULL, '2015-07-28 07:26:33', NULL),
('5', 'scheduling/ScheduleReport.php', 'Y', NULL, '2015-07-28 07:26:33', NULL),
('5', 'scheduling/RequestsReport.php', 'Y', NULL, '2015-07-28 07:26:33', NULL),
('5', 'scheduling/UnfilledRequests.php', 'Y', NULL, '2015-07-28 07:26:33', NULL),
('5', 'scheduling/IncompleteSchedules.php', 'Y', NULL, '2015-07-28 07:26:33', NULL),
('5', 'scheduling/AddDrop.php', 'Y', NULL, '2015-07-28 07:26:33', NULL),
('5', 'scheduling/Scheduler.php', 'Y', NULL, '2015-07-28 07:26:33', NULL),
('5', 'grades/ReportCards.php', 'Y', 'Y', '2015-07-28 07:26:33', NULL),
('5', 'grades/CalcGPA.php', 'Y', 'Y', '2015-07-28 07:26:33', NULL),
('5', 'grades/Transcripts.php', 'Y', 'Y', '2015-07-28 07:26:33', NULL),
('5', 'grades/TeacherCompletion.php', 'Y', NULL, '2015-07-28 07:26:33', NULL),
('5', 'grades/GradeBreakdown.php', 'Y', NULL, '2015-07-28 07:26:33', NULL),
('5', 'grades/FinalGrades.php', 'Y', NULL, '2015-07-28 07:26:33', NULL),
('5', 'grades/GPARankList.php', 'Y', NULL, '2015-07-28 07:26:33', NULL),
('5', 'grades/AdminProgressReports.php', 'Y', NULL, '2015-07-28 07:26:33', NULL),
('5', 'grades/HonorRoll.php', 'Y', NULL, '2015-07-28 07:26:33', NULL),
('5', 'grades/ReportCardGrades.php', 'Y', 'Y', '2015-07-28 07:26:33', NULL),
('5', 'grades/ReportCardComments.php', 'Y', 'Y', '2015-07-28 07:26:33', NULL),
('5', 'grades/HonorRollSetup.php', 'Y', 'Y', '2015-07-28 07:26:33', NULL),
('5', 'grades/FixGPA.php', 'Y', NULL, '2015-07-28 07:26:33', NULL),
('5', 'grades/EditReportCardGrades.php', 'Y', NULL, '2015-07-28 07:26:33', NULL),
('5', 'grades/EditHistoryMarkingPeriods.php', 'Y', NULL, '2015-07-28 07:26:33', NULL),
('5', 'attendance/Administration.php', 'Y', 'Y', '2015-07-28 07:26:33', NULL),
('5', 'attendance/AddAbsences.php', 'Y', 'Y', '2015-07-28 07:26:33', NULL),
('5', 'attendance/AttendanceData.php?list_by_day=true', 'Y', 'Y', '2015-07-28 07:26:33', NULL),
('5', 'attendance/Percent.php', 'Y', 'Y', '2015-07-28 07:26:33', NULL),
('5', 'attendance/Percent.php?list_by_day=true', 'Y', 'Y', '2015-07-28 07:26:33', NULL),
('5', 'attendance/DailySummary.php', 'Y', 'Y', '2015-07-28 07:26:33', NULL),
('5', 'attendance/StudentSummary.php', 'Y', 'Y', '2015-07-28 07:26:33', NULL),
('5', 'attendance/TeacherCompletion.php', 'Y', 'Y', '2015-07-28 07:26:33', NULL),
('5', 'attendance/FixDailyAttendance.php', 'Y', 'Y', '2015-07-28 07:26:33', NULL),
('5', 'attendance/DuplicateAttendance.php', 'Y', 'Y', '2015-07-28 07:26:33', NULL),
('5', 'attendance/AttendanceCodes.php', 'Y', 'Y', '2015-07-28 07:26:33', NULL),
('5', 'eligibility/Student.php', 'Y', NULL, '2015-07-28 07:26:33', NULL),
('5', 'eligibility/AddActivity.php', 'Y', NULL, '2015-07-28 07:26:33', NULL),
('5', 'eligibility/StudentList.php', 'Y', NULL, '2015-07-28 07:26:33', NULL),
('5', 'eligibility/TeacherCompletion.php', 'Y', NULL, '2015-07-28 07:26:33', NULL),
('5', 'eligibility/Activities.php', 'Y', NULL, '2015-07-28 07:26:33', NULL),
('5', 'eligibility/EntryTimes.php', 'Y', NULL, '2015-07-28 07:26:33', NULL),
('5', 'Billing/LedgerCard.php', 'Y', 'Y', '2015-07-28 07:26:33', NULL),
('5', 'Billing/Balance_Report.php', 'Y', 'Y', '2015-07-28 07:26:33', NULL),
('5', 'Billing/DailyTransactions.php', 'Y', 'Y', '2015-07-28 07:26:33', NULL),
('5', 'Billing/PaymentHistory.php', 'Y', 'Y', '2015-07-28 07:26:33', NULL),
('5', 'Billing/Fee.php', 'Y', 'Y', '2015-07-28 07:26:33', NULL),
('5', 'Billing/StudentPayments.php', 'Y', 'Y', '2015-07-28 07:26:33', NULL),
('5', 'Billing/MassAssignFees.php', 'Y', 'Y', '2015-07-28 07:26:33', NULL),
('5', 'Billing/MassAssignPayments.php', 'Y', 'Y', '2015-07-28 07:26:33', NULL),
('5', 'Billing/SetUp.php', 'Y', 'Y', '2015-07-28 07:26:33', NULL),
('5', 'Billing/SetUp_FeeType.php', 'Y', 'Y', '2015-07-28 07:26:33', NULL),
('5', 'Billing/SetUp_PayPal.php', 'Y', 'Y', '2015-07-28 07:26:33', NULL),
('5', 'tools/LogDetails.php', 'Y', 'Y', '2015-07-28 07:26:33', NULL),
('5', 'tools/DeleteLog.php', 'Y', 'Y', '2015-07-28 07:26:33', NULL),
('5', 'tools/Rollover.php', 'Y', 'Y', '2015-07-28 07:26:33', NULL),
('2', 'users/Staff.php', 'Y', NULL, '2015-07-28 07:26:33', NULL),
('1', 'schoolsetup/SchoolCustomFields.php', 'Y', 'Y', '2015-07-28 07:26:33', NULL),
('1', 'students/Student.php&category_id=6', 'Y', 'Y', '2015-07-28 07:26:33', NULL),
('1', 'users/User.php&category_id=5', 'Y', 'Y', '2015-07-28 07:26:33', NULL),
('1', 'schoolsetup/PortalNotes.php', 'Y', 'Y', '2015-07-28 07:26:33', NULL),
('1', 'schoolsetup/Schools.php', 'Y', 'Y', '2015-07-28 07:26:33', NULL),
('1', 'schoolsetup/Schools.php?new_school=true', 'Y', 'Y', '2015-07-28 07:26:33', NULL),
('1', 'schoolsetup/CopySchool.php', 'Y', 'Y', '2015-07-28 07:26:33', NULL),
('1', 'schoolsetup/MarkingPeriods.php', 'Y', 'Y', '2015-07-28 07:26:33', NULL),
('1', 'schoolsetup/Calendar.php', 'Y', 'Y', '2015-07-28 07:26:33', NULL),
('1', 'schoolsetup/Periods.php', 'Y', 'Y', '2015-07-28 07:26:33', NULL),
('1', 'schoolsetup/GradeLevels.php', 'Y', 'Y', '2015-07-28 07:26:33', NULL),
('1', 'schoolsetup/Rollover.php', 'Y', 'Y', '2015-07-28 07:26:33', NULL),
('1', 'schoolsetup/Courses.php', 'Y', 'Y', '2015-07-28 07:26:33', NULL),
('1', 'schoolsetup/CourseCatalog.php', 'Y', 'Y', '2015-07-28 07:26:33', NULL),
('1', 'schoolsetup/PrintCatalog.php', 'Y', 'Y', '2015-07-28 07:26:33', NULL),
('1', 'schoolsetup/PrintCatalogGradeLevel.php', 'Y', 'Y', '2015-07-28 07:26:33', NULL),
('1', 'schoolsetup/PrintAllCourses.php', 'Y', 'Y', '2015-07-28 07:26:33', NULL),
('1', 'schoolsetup/UploadLogo.php', 'Y', 'Y', '2015-07-28 07:26:33', NULL),
('1', 'schoolsetup/TeacherReassignment.php', 'Y', 'Y', '2015-07-28 07:26:33', NULL),
('1', 'students/Student.php', 'Y', 'Y', '2015-07-28 07:26:33', NULL),
('1', 'students/Student.php&include=GeneralInfoInc&student_id=new', 'Y', 'Y', '2015-07-28 07:26:33', NULL),
('1', 'students/AssignOtherInfo.php', 'Y', 'Y', '2015-07-28 07:26:33', NULL),
('1', 'students/AddUsers.php', 'Y', 'Y', '2015-07-28 07:26:33', NULL),
('1', 'students/AdvancedReport.php', 'Y', 'Y', '2015-07-28 07:26:33', NULL),
('1', 'students/AddDrop.php', 'Y', 'Y', '2015-07-28 07:26:33', NULL),
('1', 'students/Letters.php', 'Y', 'Y', '2015-07-28 07:26:33', NULL),
('1', 'students/MailingLabels.php', 'Y', 'Y', '2015-07-28 07:26:33', NULL),
('1', 'students/StudentLabels.php', 'Y', 'Y', '2015-07-28 07:26:33', NULL),
('1', 'students/PrintStudentInfo.php', 'Y', 'Y', '2015-07-28 07:26:33', NULL),
('1', 'students/PrintStudentContactInfo.php', 'Y', 'Y', '2015-07-28 07:26:33', NULL),
('1', 'students/GoalReport.php', 'Y', 'Y', '2015-07-28 07:26:33', NULL),
('1', 'students/StudentFields.php', 'Y', 'Y', '2015-07-28 07:26:33', NULL),
('1', 'students/AddressFields.php', 'Y', 'Y', '2015-07-28 07:26:33', NULL),
('1', 'students/PeopleFields.php', 'Y', 'Y', '2015-07-28 07:26:33', NULL),
('1', 'students/EnrollmentCodes.php', 'Y', 'Y', '2015-07-28 07:26:33', NULL),
('1', 'students/Upload.php?modfunc=edit', 'Y', 'Y', '2015-07-28 07:26:33', NULL),
('1', 'students/Upload.php', 'Y', 'Y', '2015-07-28 07:26:33', NULL),
('1', 'students/Student.php&category_id=1', 'Y', 'Y', '2015-07-28 07:26:33', NULL),
('1', 'students/Student.php&category_id=3', 'Y', 'Y', '2015-07-28 07:26:33', NULL),
('1', 'students/Student.php&category_id=2', 'Y', 'Y', '2015-07-28 07:26:33', NULL),
('1', 'students/Student.php&category_id=4', 'Y', 'Y', '2015-07-28 07:26:33', NULL),
('1', 'students/StudentReenroll.php', 'Y', 'Y', '2015-07-28 07:26:33', NULL),
('1', 'students/EnrollmentReport.php', 'Y', 'Y', '2015-07-28 07:26:33', NULL),
('1', 'users/User.php', 'Y', 'Y', '2015-07-28 07:26:33', NULL),
('1', 'users/User.php&category_id=1', 'Y', 'Y', '2015-07-28 07:26:33', NULL),
('1', 'users/User.php&category_id=2', 'Y', 'Y', '2015-07-28 07:26:33', NULL),
('1', 'users/User.php&staff_id=new', 'Y', 'Y', '2015-07-28 07:26:33', NULL),
('1', 'users/AddStudents.php', 'Y', 'Y', '2015-07-28 07:26:33', NULL),
('1', 'users/Preferences.php', 'Y', 'Y', '2015-07-28 07:26:33', NULL),
('1', 'users/Profiles.php', 'Y', 'Y', '2015-07-28 07:26:33', NULL),
('1', 'users/Exceptions.php', 'Y', 'Y', '2015-07-28 07:26:33', NULL),
('1', 'users/UserFields.php', 'Y', 'Y', '2015-07-28 07:26:33', NULL),
('1', 'users/TeacherPrograms.php?include=grades/InputFinalGrades.php', 'Y', 'Y', '2015-07-28 07:26:33', NULL),
('1', 'users/TeacherPrograms.php?include=grades/grades.php', 'Y', 'Y', '2015-07-28 07:26:33', NULL),
('1', 'users/TeacherPrograms.php?include=attendance/TakeAttendance.php', 'Y', 'Y', '2015-07-28 07:26:33', NULL),
('1', 'users/TeacherPrograms.php?include=attendance/Missing_Attendance.php', 'Y', 'Y', '2015-07-28 07:26:33', NULL),
('1', 'users/TeacherPrograms.php?include=eligibility/EnterEligibility.php', 'Y', 'Y', '2015-07-28 07:26:33', NULL),
('1', 'users/UploadUserPhoto.php', 'Y', 'Y', '2015-07-28 07:26:33', NULL),
('1', 'users/UploadUserPhoto.php?modfunc=edit', 'Y', 'Y', '2015-07-28 07:26:33', NULL),
('1', 'users/UserAdvancedReport.php', 'Y', 'Y', '2015-07-28 07:26:33', NULL),
('1', 'scheduling/Schedule.php', 'Y', 'Y', '2015-07-28 07:26:33', NULL),
('1', 'scheduling/Requests.php', 'Y', 'Y', '2015-07-28 07:26:33', NULL),
('1', 'scheduling/MassSchedule.php', 'Y', 'Y', '2015-07-28 07:26:33', NULL),
('1', 'scheduling/MassRequests.php', 'Y', 'Y', '2015-07-28 07:26:33', NULL),
('1', 'scheduling/MassDrops.php', 'Y', 'Y', '2015-07-28 07:26:33', NULL),
('1', 'scheduling/ScheduleReport.php', 'Y', 'Y', '2015-07-28 07:26:33', NULL),
('1', 'scheduling/RequestsReport.php', 'Y', 'Y', '2015-07-28 07:26:33', NULL),
('1', 'scheduling/UnfilledRequests.php', 'Y', 'Y', '2015-07-28 07:26:33', NULL),
('1', 'scheduling/IncompleteSchedules.php', 'Y', 'Y', '2015-07-28 07:26:33', NULL),
('1', 'scheduling/AddDrop.php', 'Y', 'Y', '2015-07-28 07:26:33', NULL),
('1', 'scheduling/PrintSchedules.php', 'Y', 'Y', '2015-07-28 07:26:33', NULL),
('1', 'scheduling/PrintRequests.php', 'Y', 'Y', '2015-07-28 07:26:33', NULL),
('1', 'scheduling/PrintClassLists.php', 'Y', 'Y', '2015-07-28 07:26:33', NULL),
('1', 'scheduling/PrintClassPictures.php', 'Y', 'Y', '2015-07-28 07:26:33', NULL),
('1', 'scheduling/Courses.php', 'Y', 'Y', '2015-07-28 07:26:33', NULL),
('1', 'scheduling/Scheduler.php', 'Y', 'Y', '2015-07-28 07:26:33', NULL),
('1', 'scheduling/ViewSchedule.php', 'Y', 'Y', '2015-07-28 07:26:33', NULL),
('1', 'grades/ReportCards.php', 'Y', 'Y', '2015-07-28 07:26:33', NULL),
('1', 'grades/CalcGPA.php', 'Y', 'Y', '2015-07-28 07:26:33', NULL),
('1', 'grades/Transcripts.php', 'Y', 'Y', '2015-07-28 07:26:33', NULL),
('1', 'grades/TeacherCompletion.php', 'Y', 'Y', '2015-07-28 07:26:33', NULL),
('1', 'grades/GradeBreakdown.php', 'Y', 'Y', '2015-07-28 07:26:33', NULL),
('1', 'grades/FinalGrades.php', 'Y', 'Y', '2015-07-28 07:26:33', NULL),
('1', 'grades/GPARankList.php', 'Y', 'Y', '2015-07-28 07:26:33', NULL),
('1', 'grades/ReportCardGrades.php', 'Y', 'Y', '2015-07-28 07:26:33', NULL),
('1', 'grades/ReportCardComments.php', 'Y', 'Y', '2015-07-28 07:26:33', NULL),
('1', 'grades/FixGPA.php', 'Y', 'Y', '2015-07-28 07:26:33', NULL),
('1', 'grades/EditReportCardGrades.php', 'Y', 'Y', '2015-07-28 07:26:33', NULL),
('1', 'grades/EditHistoryMarkingPeriods.php', 'Y', 'Y', '2015-07-28 07:26:33', NULL),
('1', 'grades/HistoricalReportCardGrades.php', 'Y', 'Y', '2015-07-28 07:26:33', NULL),
('1', 'attendance/Administration.php', 'Y', 'Y', '2015-07-28 07:26:33', NULL),
('1', 'attendance/AddAbsences.php', 'Y', 'Y', '2015-07-28 07:26:33', NULL),
('1', 'attendance/AttendanceData.php?list_by_day=true', 'Y', 'Y', '2015-07-28 07:26:33', NULL),
('1', 'attendance/Percent.php', 'Y', 'Y', '2015-07-28 07:26:33', NULL),
('1', 'attendance/Percent.php?list_by_day=true', 'Y', 'Y', '2015-07-28 07:26:33', NULL),
('1', 'attendance/DailySummary.php', 'Y', 'Y', '2015-07-28 07:26:33', NULL),
('1', 'attendance/StudentSummary.php', 'Y', 'Y', '2015-07-28 07:26:33', NULL),
('1', 'attendance/TeacherCompletion.php', 'Y', 'Y', '2015-07-28 07:26:33', NULL),
('1', 'attendance/DuplicateAttendance.php', 'Y', 'Y', '2015-07-28 07:26:33', NULL),
('1', 'attendance/AttendanceCodes.php', 'Y', 'Y', '2015-07-28 07:26:33', NULL),
('1', 'attendance/FixDailyAttendance.php', 'Y', 'Y', '2015-07-28 07:26:33', NULL),
('1', 'eligibility/Student.php', 'Y', 'Y', '2015-07-28 07:26:33', NULL),
('1', 'eligibility/AddActivity.php', 'Y', 'Y', '2015-07-28 07:26:33', NULL),
('1', 'eligibility/StudentList.php', 'Y', 'Y', '2015-07-28 07:26:33', NULL),
('1', 'eligibility/TeacherCompletion.php', 'Y', 'Y', '2015-07-28 07:26:33', NULL),
('1', 'eligibility/Activities.php', 'Y', 'Y', '2015-07-28 07:26:33', NULL),
('1', 'eligibility/EntryTimes.php', 'Y', 'Y', '2015-07-28 07:26:33', NULL),
('1', 'tools/LogDetails.php', 'Y', 'Y', '2015-07-28 07:26:33', NULL),
('1', 'tools/DeleteLog.php', 'Y', 'Y', '2015-07-28 07:26:33', NULL),
('5', 'schoolsetup/SchoolCustomFields.php', 'Y', 'Y', '2015-07-28 07:26:33', NULL),
('1', 'tools/Rollover.php', 'Y', 'Y', '2015-07-28 07:26:33', NULL),
('1', 'students/Upload.php', 'Y', 'Y', '2015-07-28 07:26:33', NULL),
('1', 'students/Upload.php?modfunc=edit', 'Y', 'Y', '2015-07-28 07:26:33', NULL),
('1', 'schoolsetup/SystemPreference.php', 'Y', 'Y', '2015-07-28 07:26:33', NULL),
('1', 'students/Student.php&category_id=5', 'Y', 'Y', '2015-07-28 07:26:33', NULL),
('1', 'grades/HonorRoll.php', 'Y', 'Y', '2015-07-28 07:26:33', NULL),
('1', 'users/TeacherPrograms.php?include=grades/ProgressReports.php', 'Y', 'Y', '2015-07-28 07:26:33', NULL),
('1', 'users/User.php&category_id=2', 'Y', 'Y', '2015-07-28 07:26:33', NULL),
('1', 'grades/HonorRollSetup.php', 'Y', 'Y', '2015-07-28 07:26:33', NULL),
('1', 'grades/AdminProgressReports.php', 'Y', 'Y', '2015-07-28 07:26:33', NULL),
('1', 'Billing/LedgerCard.php', 'Y', 'Y', '2015-07-28 07:26:33', NULL),
('1', 'Billing/Balance_Report.php', 'Y', 'Y', '2015-07-28 07:26:33', NULL),
('1', 'Billing/DailyTransactions.php', 'Y', 'Y', '2015-07-28 07:26:33', NULL),
('1', 'Billing/PaymentHistory.php', 'Y', 'Y', '2015-07-28 07:26:33', NULL),
('1', 'Billing/Fee.php', 'Y', 'Y', '2015-07-28 07:26:33', NULL),
('1', 'Billing/StudentPayments.php', 'Y', 'Y', '2015-07-28 07:26:33', NULL),
('1', 'Billing/MassAssignFees.php', 'Y', 'Y', '2015-07-28 07:26:33', NULL),
('1', 'Billing/MassAssignPayments.php', 'Y', 'Y', '2015-07-28 07:26:33', NULL),
('1', 'Billing/SetUp.php', 'Y', 'Y', '2015-07-28 07:26:33', NULL),
('1', 'Billing/SetUp_FeeType.php', 'Y', 'Y', '2015-07-28 07:26:33', NULL),
('1', 'Billing/SetUp_PayPal.php', 'Y', 'Y', '2015-07-28 07:26:33', NULL),
('1', 'users/Staff.php', 'Y', 'Y', '2015-07-28 07:26:33', NULL),
('1', 'users/Staff.php&staff_id=new', 'Y', 'Y', '2015-07-28 07:26:33', NULL),
('1', 'users/Exceptions_staff.php', 'Y', 'Y', '2015-07-28 07:26:33', NULL),
('1', 'users/StaffFields.php', 'Y', 'Y', '2015-07-28 07:26:33', NULL),
('1', 'users/Staff.php&category_id=1', 'Y', 'Y', '2015-07-28 07:26:33', NULL),
('1', 'users/Staff.php&category_id=2', 'Y', 'Y', '2015-07-28 07:26:33', NULL),
('1', 'users/Staff.php&category_id=3', 'Y', 'Y', '2015-07-28 07:26:33', NULL),
('1', 'users/Staff.php&category_id=4', 'Y', 'Y', '2015-07-28 07:26:33', NULL),
('1', 'messaging/Inbox.php', 'Y', 'Y', '2015-07-28 07:26:33', NULL),
('1', 'messaging/Compose.php', 'Y', 'Y', '2015-07-28 07:26:33', NULL),
('1', 'messaging/SentMail.php', 'Y', 'Y', '2015-07-28 07:26:33', NULL),
('1', 'messaging/Trash.php', 'Y', 'Y', '2015-07-28 07:26:33', NULL),
('1', 'messaging/Group.php', 'Y', 'Y', '2015-07-28 07:26:33', NULL),
('4', 'messaging/Inbox.php', 'Y', NULL, '2015-07-28 07:26:33', NULL),
('4', 'messaging/Compose.php', 'Y', NULL, '2015-07-28 07:26:33', NULL),
('4', 'messaging/SentMail.php', 'Y', NULL, '2015-07-28 07:26:33', NULL),
('4', 'messaging/Trash.php', 'Y', NULL, '2015-07-28 07:26:33', NULL),
('4', 'messaging/Group.php', 'Y', NULL, '2015-07-28 07:26:33', NULL),
('2', 'messaging/Inbox.php', 'Y', NULL, '2015-07-28 07:26:33', NULL),
('2', 'messaging/Compose.php', 'Y', NULL, '2015-07-28 07:26:33', NULL),
('2', 'messaging/SentMail.php', 'Y', NULL, '2015-07-28 07:26:33', NULL),
('2', 'messaging/Trash.php', 'Y', NULL, '2015-07-28 07:26:33', NULL),
('2', 'messaging/Group.php', 'Y', NULL, '2015-07-28 07:26:33', NULL),
('3', 'messaging/Inbox.php', 'Y', NULL, '2015-07-28 07:26:33', NULL),
('3', 'messaging/Compose.php', 'Y', NULL, '2015-07-28 07:26:33', NULL),
('3', 'messaging/SentMail.php', 'Y', NULL, '2015-07-28 07:26:33', NULL),
('3', 'messaging/Trash.php', 'Y', NULL, '2015-07-28 07:26:33', NULL),
('3', 'messaging/Group.php', 'Y', NULL, '2015-07-28 07:26:33', NULL),
('0', 'students/Student.php&category_id=6', 'Y', 'Y', '2015-07-28 07:26:33', NULL),
('0', 'students/Student.php&category_id=7', 'Y', 'Y', '2015-07-28 07:26:33', NULL),
('0', 'users/User.php&category_id=5', 'Y', 'Y', '2015-07-28 07:26:33', NULL),
('0', 'schoolsetup/PortalNotes.php', 'Y', 'Y', '2015-07-28 07:26:33', NULL),
('0', 'schoolsetup/Schools.php', 'Y', 'Y', '2015-07-28 07:26:33', NULL),
('0', 'schoolsetup/Schools.php?new_school=true', 'Y', 'Y', '2015-07-28 07:26:33', NULL),
('0', 'schoolsetup/CopySchool.php', 'Y', 'Y', '2015-07-28 07:26:33', NULL),
('0', 'schoolsetup/MarkingPeriods.php', 'Y', 'Y', '2015-07-28 07:26:33', NULL),
('0', 'schoolsetup/Calendar.php', 'Y', 'Y', '2015-07-28 07:26:33', NULL),
('0', 'schoolsetup/Periods.php', 'Y', 'Y', '2015-07-28 07:26:33', NULL),
('0', 'schoolsetup/GradeLevels.php', 'Y', 'Y', '2015-07-28 07:26:33', NULL),
('0', 'schoolsetup/Rollover.php', 'Y', 'Y', '2015-07-28 07:26:33', NULL),
('0', 'schoolsetup/Courses.php', 'Y', 'Y', '2015-07-28 07:26:33', NULL),
('0', 'schoolsetup/CourseCatalog.php', 'Y', 'Y', '2015-07-28 07:26:33', NULL),
('0', 'schoolsetup/PrintCatalog.php', 'Y', 'Y', '2015-07-28 07:26:33', NULL),
('0', 'schoolsetup/PrintCatalogGradeLevel.php', 'Y', 'Y', '2015-07-28 07:26:33', NULL),
('0', 'schoolsetup/PrintAllCourses.php', 'Y', 'Y', '2015-07-28 07:26:33', NULL),
('0', 'schoolsetup/UploadLogo.php', 'Y', 'Y', '2015-07-28 07:26:33', NULL),
('0', 'schoolsetup/TeacherReassignment.php', 'Y', 'Y', '2015-07-28 07:26:33', NULL),
('0', 'students/Student.php', 'Y', 'Y', '2015-07-28 07:26:33', NULL),
('0', 'students/Student.php&include=GeneralInfoInc&student_id=new', 'Y', 'Y', '2015-07-28 07:26:33', NULL),
('0', 'students/AssignOtherInfo.php', 'Y', 'Y', '2015-07-28 07:26:33', NULL),
('0', 'students/AddUsers.php', 'Y', 'Y', '2015-07-28 07:26:33', NULL),
('0', 'students/AdvancedReport.php', 'Y', 'Y', '2015-07-28 07:26:33', NULL),
('0', 'students/AddDrop.php', 'Y', 'Y', '2015-07-28 07:26:33', NULL),
('0', 'students/Letters.php', 'Y', 'Y', '2015-07-28 07:26:33', NULL),
('0', 'students/MailingLabels.php', 'Y', 'Y', '2015-07-28 07:26:33', NULL),
('0', 'students/StudentLabels.php', 'Y', 'Y', '2015-07-28 07:26:33', NULL),
('0', 'students/PrintStudentInfo.php', 'Y', 'Y', '2015-07-28 07:26:33', NULL),
('0', 'students/PrintStudentContactInfo.php', 'Y', 'Y', '2015-07-28 07:26:33', NULL),
('0', 'students/GoalReport.php', 'Y', 'Y', '2015-07-28 07:26:33', NULL),
('0', 'students/StudentFields.php', 'Y', 'Y', '2015-07-28 07:26:33', NULL),
('0', 'students/AddressFields.php', 'Y', 'Y', '2015-07-28 07:26:33', NULL),
('0', 'students/PeopleFields.php', 'Y', 'Y', '2015-07-28 07:26:33', NULL),
('0', 'students/EnrollmentCodes.php', 'Y', 'Y', '2015-07-28 07:26:33', NULL),
('0', 'students/Upload.php?modfunc=edit', 'Y', 'Y', '2015-07-28 07:26:33', NULL),
('0', 'students/Upload.php', 'Y', 'Y', '2015-07-28 07:26:33', NULL),
('0', 'students/Student.php&category_id=1', 'Y', 'Y', '2015-07-28 07:26:33', NULL),
('0', 'students/Student.php&category_id=3', 'Y', 'Y', '2015-07-28 07:26:33', NULL),
('0', 'students/Student.php&category_id=2', 'Y', 'Y', '2015-07-28 07:26:33', NULL),
('0', 'students/Student.php&category_id=4', 'Y', 'Y', '2015-07-28 07:26:33', NULL),
('0', 'students/StudentReenroll.php', 'Y', 'Y', '2015-07-28 07:26:33', NULL),
('0', 'students/EnrollmentReport.php', 'Y', 'Y', '2015-07-28 07:26:33', NULL),
('0', 'users/User.php', 'Y', 'Y', '2015-07-28 07:26:33', NULL),
('0', 'users/User.php&category_id=1', 'Y', 'Y', '2015-07-28 07:26:33', NULL),
('0', 'users/User.php&category_id=2', 'Y', 'Y', '2015-07-28 07:26:33', NULL),
('0', 'users/User.php&staff_id=new', 'Y', 'Y', '2015-07-28 07:26:33', NULL),
('0', 'users/AddStudents.php', 'Y', 'Y', '2015-07-28 07:26:33', NULL),
('0', 'users/Preferences.php', 'Y', 'Y', '2015-07-28 07:26:33', NULL),
('0', 'users/Profiles.php', 'Y', 'Y', '2015-07-28 07:26:33', NULL),
('0', 'users/Exceptions.php', 'Y', 'Y', '2015-07-28 07:26:33', NULL),
('0', 'users/UserFields.php', 'Y', 'Y', '2015-07-28 07:26:33', NULL),
('0', 'users/TeacherPrograms.php?include=grades/InputFinalGrades.php', 'Y', 'Y', '2015-07-28 07:26:33', NULL),
('0', 'users/TeacherPrograms.php?include=grades/grades.php', 'Y', 'Y', '2015-07-28 07:26:33', NULL),
('0', 'users/TeacherPrograms.php?include=attendance/TakeAttendance.php', 'Y', 'Y', '2015-07-28 07:26:33', NULL),
('0', 'users/TeacherPrograms.php?include=attendance/Missing_Attendance.php', 'Y', 'Y', '2015-07-28 07:26:33', NULL),
('0', 'users/TeacherPrograms.php?include=eligibility/EnterEligibility.php', 'Y', 'Y', '2015-07-28 07:26:33', NULL),
('0', 'users/UploadUserPhoto.php', 'Y', 'Y', '2015-07-28 07:26:33', NULL),
('0', 'users/UploadUserPhoto.php?modfunc=edit', 'Y', 'Y', '2015-07-28 07:26:33', NULL),
('0', 'users/UserAdvancedReport.php', 'Y', 'Y', '2015-07-28 07:26:33', NULL),
('0', 'scheduling/Schedule.php', 'Y', 'Y', '2015-07-28 07:26:33', NULL),
('0', 'scheduling/Requests.php', 'Y', 'Y', '2015-07-28 07:26:33', NULL),
('0', 'scheduling/MassSchedule.php', 'Y', 'Y', '2015-07-28 07:26:33', NULL),
('0', 'scheduling/MassRequests.php', 'Y', 'Y', '2015-07-28 07:26:33', NULL),
('0', 'scheduling/MassDrops.php', 'Y', 'Y', '2015-07-28 07:26:33', NULL),
('0', 'scheduling/ScheduleReport.php', 'Y', 'Y', '2015-07-28 07:26:33', NULL),
('0', 'scheduling/RequestsReport.php', 'Y', 'Y', '2015-07-28 07:26:33', NULL),
('0', 'scheduling/UnfilledRequests.php', 'Y', 'Y', '2015-07-28 07:26:33', NULL),
('0', 'scheduling/IncompleteSchedules.php', 'Y', 'Y', '2015-07-28 07:26:33', NULL),
('0', 'scheduling/AddDrop.php', 'Y', 'Y', '2015-07-28 07:26:33', NULL),
('0', 'scheduling/PrintSchedules.php', 'Y', 'Y', '2015-07-28 07:26:33', NULL),
('0', 'scheduling/PrintRequests.php', 'Y', 'Y', '2015-07-28 07:26:33', NULL),
('0', 'scheduling/PrintClassLists.php', 'Y', 'Y', '2015-07-28 07:26:33', NULL),
('0', 'scheduling/PrintClassPictures.php', 'Y', 'Y', '2015-07-28 07:26:33', NULL),
('0', 'scheduling/Courses.php', 'Y', 'Y', '2015-07-28 07:26:33', NULL),
('0', 'scheduling/Scheduler.php', 'Y', 'Y', '2015-07-28 07:26:33', NULL),
('0', 'scheduling/ViewSchedule.php', 'Y', 'Y', '2015-07-28 07:26:33', NULL),
('0', 'grades/ReportCards.php', 'Y', 'Y', '2015-07-28 07:26:33', NULL),
('0', 'grades/CalcGPA.php', 'Y', 'Y', '2015-07-28 07:26:33', NULL),
('0', 'grades/Transcripts.php', 'Y', 'Y', '2015-07-28 07:26:33', NULL),
('0', 'grades/TeacherCompletion.php', 'Y', 'Y', '2015-07-28 07:26:33', NULL),
('0', 'grades/GradeBreakdown.php', 'Y', 'Y', '2015-07-28 07:26:33', NULL),
('0', 'grades/FinalGrades.php', 'Y', 'Y', '2015-07-28 07:26:33', NULL),
('0', 'grades/GPARankList.php', 'Y', 'Y', '2015-07-28 07:26:33', NULL),
('0', 'grades/ReportCardGrades.php', 'Y', 'Y', '2015-07-28 07:26:33', NULL),
('0', 'grades/ReportCardComments.php', 'Y', 'Y', '2015-07-28 07:26:33', NULL),
('0', 'grades/FixGPA.php', 'Y', 'Y', '2015-07-28 07:26:33', NULL),
('0', 'grades/EditReportCardGrades.php', 'Y', 'Y', '2015-07-28 07:26:33', NULL),
('0', 'grades/EditHistoryMarkingPeriods.php', 'Y', 'Y', '2015-07-28 07:26:33', NULL),
('0', 'grades/HistoricalReportCardGrades.php', 'Y', 'Y', '2015-07-28 07:26:33', NULL),
('0', 'attendance/Administration.php', 'Y', 'Y', '2015-07-28 07:26:33', NULL),
('0', 'attendance/AddAbsences.php', 'Y', 'Y', '2015-07-28 07:26:33', NULL),
('0', 'attendance/AttendanceData.php?list_by_day=true', 'Y', 'Y', '2015-07-28 07:26:33', NULL),
('0', 'attendance/Percent.php', 'Y', 'Y', '2015-07-28 07:26:33', NULL),
('0', 'attendance/Percent.php?list_by_day=true', 'Y', 'Y', '2015-07-28 07:26:33', NULL),
('0', 'attendance/DailySummary.php', 'Y', 'Y', '2015-07-28 07:26:33', NULL),
('0', 'attendance/StudentSummary.php', 'Y', 'Y', '2015-07-28 07:26:33', NULL),
('0', 'attendance/TeacherCompletion.php', 'Y', 'Y', '2015-07-28 07:26:33', NULL),
('0', 'attendance/DuplicateAttendance.php', 'Y', 'Y', '2015-07-28 07:26:33', NULL),
('0', 'attendance/AttendanceCodes.php', 'Y', 'Y', '2015-07-28 07:26:33', NULL),
('0', 'attendance/FixDailyAttendance.php', 'Y', 'Y', '2015-07-28 07:26:33', NULL),
('0', 'eligibility/Student.php', 'Y', 'Y', '2015-07-28 07:26:33', NULL),
('0', 'eligibility/AddActivity.php', 'Y', 'Y', '2015-07-28 07:26:33', NULL),
('0', 'eligibility/StudentList.php', 'Y', 'Y', '2015-07-28 07:26:33', NULL),
('0', 'eligibility/TeacherCompletion.php', 'Y', 'Y', '2015-07-28 07:26:33', NULL),
('0', 'eligibility/Activities.php', 'Y', 'Y', '2015-07-28 07:26:33', NULL),
('0', 'eligibility/EntryTimes.php', 'Y', 'Y', '2015-07-28 07:26:33', NULL),
('0', 'tools/LogDetails.php', 'Y', 'Y', '2015-07-28 07:26:33', NULL),
('0', 'tools/DeleteLog.php', 'Y', 'Y', '2015-07-28 07:26:33', NULL),
('0', 'tools/Backup.php', 'Y', 'Y', '2015-07-28 07:26:33', NULL),
('0', 'tools/Rollover.php', 'Y', 'Y', '2015-07-28 07:26:33', NULL),
('0', 'students/Upload.php', 'Y', 'Y', '2015-07-28 07:26:33', NULL),
('0', 'students/Upload.php?modfunc=edit', 'Y', 'Y', '2015-07-28 07:26:33', NULL),
('0', 'schoolsetup/SystemPreference.php', 'Y', 'Y', '2015-07-28 07:26:33', NULL),
('0', 'students/Student.php&category_id=5', 'Y', 'Y', '2015-07-28 07:26:33', NULL),
('0', 'grades/HonorRoll.php', 'Y', 'Y', '2015-07-28 07:26:33', NULL),
('0', 'users/TeacherPrograms.php?include=grades/ProgressReports.php', 'Y', 'Y', '2015-07-28 07:26:33', NULL),
('0', 'users/User.php&category_id=2', 'Y', 'Y', '2015-07-28 07:26:33', NULL),
('0', 'grades/HonorRollSetup.php', 'Y', 'Y', '2015-07-28 07:26:33', NULL),
('0', 'grades/AdminProgressReports.php', 'Y', 'Y', '2015-07-28 07:26:33', NULL),
('0', 'Billing/LedgerCard.php', 'Y', 'Y', '2015-07-28 07:26:33', NULL),
('0', 'Billing/Balance_Report.php', 'Y', 'Y', '2015-07-28 07:26:33', NULL),
('0', 'Billing/DailyTransactions.php', 'Y', 'Y', '2015-07-28 07:26:33', NULL),
('0', 'Billing/PaymentHistory.php', 'Y', 'Y', '2015-07-28 07:26:33', NULL),
('0', 'Billing/Fee.php', 'Y', 'Y', '2015-07-28 07:26:33', NULL),
('0', 'Billing/StudentPayments.php', 'Y', 'Y', '2015-07-28 07:26:33', NULL),
('0', 'Billing/MassAssignFees.php', 'Y', 'Y', '2015-07-28 07:26:33', NULL),
('0', 'Billing/MassAssignPayments.php', 'Y', 'Y', '2015-07-28 07:26:33', NULL),
('0', 'Billing/SetUp.php', 'Y', 'Y', '2015-07-28 07:26:33', NULL),
('0', 'Billing/SetUp_FeeType.php', 'Y', 'Y', '2015-07-28 07:26:33', NULL),
('0', 'Billing/SetUp_PayPal.php', 'Y', 'Y', '2015-07-28 07:26:33', NULL),
('0', 'users/Staff.php', 'Y', 'Y', '2015-07-28 07:26:33', NULL),
('0', 'users/Staff.php&staff_id=new', 'Y', 'Y', '2015-07-28 07:26:33', NULL),
('0', 'users/Exceptions_staff.php', 'Y', 'Y', '2015-07-28 07:26:33', NULL),
('0', 'users/StaffFields.php', 'Y', 'Y', '2015-07-28 07:26:33', NULL),
('0', 'users/Staff.php&category_id=1', 'Y', 'Y', '2015-07-28 07:26:33', NULL),
('0', 'users/Staff.php&category_id=2', 'Y', 'Y', '2015-07-28 07:26:33', NULL),
('0', 'users/Staff.php&category_id=3', 'Y', 'Y', '2015-07-28 07:26:33', NULL),
('0', 'users/Staff.php&category_id=4', 'Y', 'Y', '2015-07-28 07:26:33', NULL),
('0', 'schoolsetup/SchoolCustomFields.php', 'Y', 'Y', '2015-07-28 07:26:33', NULL),
('0', 'messaging/Inbox.php', 'Y', 'Y', '2015-07-28 07:26:33', NULL),
('0', 'messaging/Compose.php', 'Y', 'Y', '2015-07-28 07:26:33', NULL),
('0', 'messaging/SentMail.php', 'Y', 'Y', '2015-07-28 07:26:33', NULL),
('0', 'messaging/Trash.php', 'Y', 'Y', '2015-07-28 07:26:33', NULL),
('0', 'messaging/Group.php', 'Y', 'Y', '2015-07-28 07:26:33', NULL),
('0', 'schoolsetup/Rooms.php', 'Y', 'Y', '2015-07-28 07:26:33', NULL),
('0', 'schoolsetup/school_specific_standards.php', 'Y', 'Y', '2015-07-28 07:26:33', NULL),
('0', 'users/TeacherPrograms.php?include=grades/AdminProgressReports.php', 'Y', 'Y', '2015-07-28 07:26:33', NULL),
('0', 'tools/Reports.php?func=Basic', 'Y', 'Y', '2015-07-28 07:26:33', NULL),
('0', 'tools/Reports.php?func=Ins_r', 'Y', 'Y', '2015-07-28 07:26:33', NULL),
('0', 'tools/Reports.php?func=Ins_cf', 'Y', 'Y', '2015-07-28 07:26:33', NULL),
('0', 'schoolsetup/us_common_standards.php', 'Y', 'Y', '2015-07-28 07:26:33', NULL),
('0', 'schoolsetup/EffortGradeLibrary.php', 'Y', 'Y', '2015-07-28 07:26:33', NULL),
('0', 'grades/EffortGradeSetup.php', 'Y', 'Y', '2015-07-28 07:26:33', NULL),
('4', 'scheduling/PrintSchedules.php', 'Y', NULL, '2015-07-28 07:26:33', NULL),
('0', 'users/TeacherPrograms.php?include=attendance/MissingAttendance.php', 'Y', 'Y', '2015-07-28 07:26:33', NULL),
('0', 'users/Staff.php&category_id=5', 'Y', 'Y', '2015-07-28 07:26:33', NULL),
('1', 'schoolsetup/Rooms.php', 'Y', 'Y', '2015-07-28 07:26:33', NULL),
('1', 'users/TeacherPrograms.php?include=attendance/MissingAttendance.php', 'Y', 'Y', '2015-07-28 07:26:33', NULL),
('1', 'users/Staff.php&category_id=5', 'Y', 'Y', '2015-07-28 07:26:33', NULL),
('5', 'students/EnrollmentReport.php', 'Y', 'Y', '2015-07-28 07:26:33', NULL),
('5', 'users/TeacherPrograms.php?include=attendance/MissingAttendance.php', 'Y', 'Y', '2015-07-28 07:26:33', NULL),
('5', 'messaging/Inbox.php', 'Y', 'Y', '2015-07-28 07:26:33', NULL),
('5', 'messaging/Compose.php', 'Y', 'Y', '2015-07-28 07:26:33', NULL),
('5', 'messaging/SentMail.php', 'Y', 'Y', '2015-07-28 07:26:33', NULL),
('5', 'messaging/Trash.php', 'Y', 'Y', '2015-07-28 07:26:33', NULL),
('5', 'messaging/Group.php', 'Y', 'Y', '2015-07-28 07:26:33', NULL),
('2', 'users/Staff.php&category_id=1', 'Y', NULL, '2015-07-28 07:26:33', NULL),
('2', 'users/Staff.php&category_id=2', 'Y', NULL, '2015-07-28 07:26:33', NULL),
('2', 'users/Staff.php&category_id=3', 'Y', NULL, '2015-07-28 07:26:33', NULL),
('2', 'users/Staff.php&category_id=4', 'Y', NULL, '2015-07-28 07:26:33', NULL),
('2', 'users/Staff.php&category_id=5', 'Y', NULL, '2015-07-28 07:26:33', NULL),
('4', 'grades/ParentProgressReports.php', 'Y', NULL, '2015-07-28 07:26:33', NULL);

-- --------------------------------------------------------

--
-- Table structure for table `program_config`
--

CREATE TABLE `program_config` (
  `syear` decimal(4,0) DEFAULT NULL,
  `school_id` decimal(10,0) DEFAULT NULL,
  `program` varchar(255) DEFAULT NULL,
  `title` varchar(100) DEFAULT NULL,
  `value` varchar(100) DEFAULT NULL,
  `last_updated` timestamp NOT NULL DEFAULT CURRENT_TIMESTAMP,
  `updated_by` varchar(255) DEFAULT NULL
) ENGINE=MyISAM DEFAULT CHARSET=utf8;

-- --------------------------------------------------------

--
-- Table structure for table `program_user_config`
--

CREATE TABLE `program_user_config` (
  `user_id` decimal(10,0) NOT NULL,
  `school_id` decimal(10,0) DEFAULT NULL,
  `program` varchar(255) DEFAULT NULL,
  `title` varchar(100) DEFAULT NULL,
  `value` varchar(100) DEFAULT NULL,
  `last_updated` timestamp NOT NULL DEFAULT CURRENT_TIMESTAMP,
  `updated_by` varchar(255) DEFAULT NULL
) ENGINE=MyISAM DEFAULT CHARSET=utf8;

--
-- Dumping data for table `program_user_config`
--

INSERT INTO `program_user_config` (`user_id`, `school_id`, `program`, `title`, `value`, `last_updated`, `updated_by`) VALUES
('1', NULL, 'Preferences', 'THEME', 'blue', '2015-07-28 07:26:33', NULL),
('1', NULL, 'Preferences', 'MONTH', 'M', '2015-07-28 07:26:33', NULL),
('1', NULL, 'Preferences', 'DAY', 'j', '2015-07-28 07:26:33', NULL),
('1', NULL, 'Preferences', 'YEAR', 'Y', '2015-07-28 07:26:33', NULL),
('1', NULL, 'Preferences', 'HIDDEN', 'Y', '2015-07-28 07:26:33', NULL),
('1', NULL, 'Preferences', 'CURRENCY', '1', '2015-07-28 07:26:33', NULL),
('1', NULL, 'Preferences', 'HIDE_ALERTS', 'N', '2015-07-28 07:26:33', NULL);

-- --------------------------------------------------------

--
-- Table structure for table `report_card_comments`
--

CREATE TABLE `report_card_comments` (
  `id` int(8) NOT NULL,
  `syear` decimal(4,0) DEFAULT NULL,
  `school_id` decimal(10,0) DEFAULT NULL,
  `course_id` decimal(10,0) DEFAULT NULL,
  `sort_order` decimal(10,0) DEFAULT NULL,
  `title` text,
  `last_updated` timestamp NOT NULL DEFAULT CURRENT_TIMESTAMP,
  `updated_by` varchar(255) DEFAULT NULL
) ENGINE=MyISAM DEFAULT CHARSET=utf8;

-- --------------------------------------------------------

--
-- Table structure for table `report_card_grade_scales`
--

CREATE TABLE `report_card_grade_scales` (
  `id` int(8) NOT NULL,
  `syear` decimal(4,0) DEFAULT NULL,
  `school_id` decimal(10,0) NOT NULL,
  `title` varchar(25) DEFAULT NULL,
  `comment` varchar(100) DEFAULT NULL,
  `sort_order` decimal(10,0) DEFAULT NULL,
  `rollover_id` decimal(10,0) DEFAULT NULL,
  `gp_scale` decimal(10,3) DEFAULT NULL,
  `gpa_cal` enum('Y','N') NOT NULL DEFAULT 'Y',
  `last_updated` timestamp NOT NULL DEFAULT CURRENT_TIMESTAMP,
  `updated_by` varchar(255) DEFAULT NULL
) ENGINE=MyISAM DEFAULT CHARSET=utf8;

--
-- Dumping data for table `report_card_grade_scales`
--

INSERT INTO `report_card_grade_scales` (`id`, `syear`, `school_id`, `title`, `comment`, `sort_order`, `rollover_id`, `gp_scale`, `gpa_cal`, `last_updated`, `updated_by`) VALUES
(1, '2015', '1', 'Main', NULL, '1', NULL, '4.000', 'Y', '2015-07-28 07:26:33', NULL);

-- --------------------------------------------------------

--
-- Table structure for table `report_card_grades`
--

CREATE TABLE `report_card_grades` (
  `id` int(8) NOT NULL,
  `syear` decimal(4,0) DEFAULT NULL,
  `school_id` decimal(10,0) DEFAULT NULL,
  `title` varchar(15) DEFAULT NULL,
  `sort_order` decimal(10,0) DEFAULT NULL,
  `gpa_value` decimal(4,2) DEFAULT NULL,
  `break_off` decimal(10,0) DEFAULT NULL,
  `comment` longtext,
  `grade_scale_id` decimal(10,0) DEFAULT NULL,
  `unweighted_gp` decimal(4,2) DEFAULT NULL,
  `last_updated` timestamp NOT NULL DEFAULT CURRENT_TIMESTAMP,
  `updated_by` varchar(255) DEFAULT NULL
) ENGINE=MyISAM DEFAULT CHARSET=utf8;

--
-- Dumping data for table `report_card_grades`
--

INSERT INTO `report_card_grades` (`id`, `syear`, `school_id`, `title`, `sort_order`, `gpa_value`, `break_off`, `comment`, `grade_scale_id`, `unweighted_gp`, `last_updated`, `updated_by`) VALUES
(2, '2015', '1', 'A', '1', '4.00', '90', NULL, '1', '4.00', '2015-07-28 07:26:33', NULL),
(3, '2015', '1', 'B', '2', '3.00', '80', NULL, '1', '3.00', '2015-07-28 07:26:33', NULL),
(4, '2015', '1', 'C', '3', '2.00', '70', NULL, '1', '2.00', '2015-07-28 07:26:33', NULL),
(5, '2015', '1', 'D', '4', '1.00', '60', NULL, '1', '1.00', '2015-07-28 07:26:33', NULL),
(6, '2015', '1', 'F', '5', '0.00', '0', NULL, '1', '0.00', '2015-07-28 07:26:33', NULL),
(7, '2015', '1', 'Inc.', '6', '0.00', '0', NULL, '1', '0.00', '2015-07-28 07:26:33', NULL);

-- --------------------------------------------------------

--
-- Table structure for table `rooms`
--

CREATE TABLE `rooms` (
  `room_id` int(11) NOT NULL,
  `school_id` int(11) NOT NULL,
  `title` varchar(50) NOT NULL,
  `capacity` int(11) DEFAULT NULL,
  `description` text,
  `sort_order` int(11) DEFAULT NULL,
  `last_updated` timestamp NOT NULL DEFAULT CURRENT_TIMESTAMP,
  `updated_by` varchar(255) DEFAULT NULL
) ENGINE=MyISAM DEFAULT CHARSET=utf8;

--
-- Dumping data for table `rooms`
--

INSERT INTO `rooms` (`room_id`, `school_id`, `title`, `capacity`, `description`, `sort_order`, `last_updated`, `updated_by`) VALUES
(1, 1, 'Room 1', 50, NULL, 1, '2015-07-28 07:26:33', NULL),
(2, 1, 'Room 2', 50, NULL, 2, '2015-07-28 07:26:33', NULL),
(3, 1, 'Room 3', 50, NULL, 3, '2015-07-28 07:26:33', NULL),
(4, 1, 'Room 4', 50, NULL, 4, '2015-07-28 07:26:33', NULL),
(5, 1, 'Room 5', 50, NULL, 5, '2015-07-28 07:26:33', NULL),
(6, 1, 'Gym', 100, NULL, 6, '2015-07-28 07:26:33', NULL);

-- --------------------------------------------------------

--
-- Table structure for table `schedule`
--

CREATE TABLE `schedule` (
  `syear` decimal(4,0) NOT NULL,
  `school_id` decimal(10,0) DEFAULT NULL,
  `student_id` decimal(10,0) NOT NULL,
  `start_date` date NOT NULL,
  `end_date` date DEFAULT NULL,
  `modified_date` date DEFAULT NULL,
  `modified_by` varchar(255) DEFAULT NULL,
  `course_id` decimal(10,0) NOT NULL,
  `course_weight` varchar(10) DEFAULT NULL,
  `course_period_id` decimal(10,0) NOT NULL,
  `mp` varchar(3) DEFAULT NULL,
  `marking_period_id` int(11) DEFAULT NULL,
  `scheduler_lock` varchar(1) DEFAULT NULL,
  `dropped` varchar(1) DEFAULT 'N',
  `id` int(8) NOT NULL,
  `last_updated` timestamp NOT NULL DEFAULT CURRENT_TIMESTAMP,
  `updated_by` varchar(255) DEFAULT NULL
) ENGINE=MyISAM DEFAULT CHARSET=utf8;

--
-- Dumping data for table `schedule`
--

INSERT INTO `schedule` (`syear`, `school_id`, `student_id`, `start_date`, `end_date`, `modified_date`, `modified_by`, `course_id`, `course_weight`, `course_period_id`, `mp`, `marking_period_id`, `scheduler_lock`, `dropped`, `id`, `last_updated`, `updated_by`) VALUES
('2015', '1', '13', '2015-08-03', NULL, '2015-07-29', '1', '17', NULL, '1', 'FY', 1, NULL, 'N', 1, '2015-07-29 10:56:11', NULL),
('2015', '1', '2', '2015-08-03', NULL, '2015-07-29', '1', '17', NULL, '1', 'FY', 1, NULL, 'N', 2, '2015-07-29 10:56:11', NULL),
('2015', '1', '3', '2015-08-03', NULL, '2015-07-29', '1', '17', NULL, '1', 'FY', 1, NULL, 'N', 3, '2015-07-29 10:56:11', NULL),
('2015', '1', '15', '2015-08-03', NULL, '2015-07-29', '1', '17', NULL, '1', 'FY', 1, NULL, 'N', 4, '2015-07-29 10:56:11', NULL),
('2015', '1', '7', '2015-08-03', NULL, '2015-07-29', '1', '17', NULL, '1', 'FY', 1, NULL, 'N', 5, '2015-07-29 10:56:11', NULL),
('2015', '1', '8', '2015-08-03', NULL, '2015-07-29', '1', '17', NULL, '1', 'FY', 1, NULL, 'N', 6, '2015-07-29 10:56:11', NULL),
('2015', '1', '16', '2015-08-03', NULL, '2015-07-29', '1', '17', NULL, '1', 'FY', 1, NULL, 'N', 7, '2015-07-29 10:56:11', NULL),
('2015', '1', '4', '2015-08-03', NULL, '2015-07-29', '1', '17', NULL, '1', 'FY', 1, NULL, 'N', 8, '2015-07-29 10:56:11', NULL),
('2015', '1', '6', '2015-08-03', NULL, '2015-07-29', '1', '17', NULL, '1', 'FY', 1, NULL, 'N', 9, '2015-07-29 10:56:11', NULL),
('2015', '1', '5', '2015-08-03', NULL, '2015-07-29', '1', '17', NULL, '1', 'FY', 1, NULL, 'N', 10, '2015-07-29 10:56:11', NULL),
('2015', '1', '9', '2015-08-03', NULL, '2015-07-29', '1', '17', NULL, '1', 'FY', 1, NULL, 'N', 11, '2015-07-29 10:56:11', NULL),
('2015', '1', '12', '2015-08-03', NULL, '2015-07-29', '1', '17', NULL, '1', 'FY', 1, NULL, 'N', 12, '2015-07-29 10:56:11', NULL),
('2015', '1', '18', '2015-08-03', NULL, '2015-07-29', '1', '17', NULL, '1', 'FY', 1, NULL, 'N', 13, '2015-07-29 10:56:11', NULL),
('2015', '1', '25', '2015-08-03', NULL, '2015-07-29', '1', '17', NULL, '1', 'FY', 1, NULL, 'N', 14, '2015-07-29 10:56:11', NULL),
('2015', '1', '24', '2015-08-03', NULL, '2015-07-29', '1', '17', NULL, '1', 'FY', 1, NULL, 'N', 15, '2015-07-29 10:56:11', NULL),
('2015', '1', '22', '2015-08-03', NULL, '2015-07-29', '1', '17', NULL, '1', 'FY', 1, NULL, 'N', 16, '2015-07-29 10:56:11', NULL),
('2015', '1', '11', '2015-08-03', NULL, '2015-07-29', '1', '17', NULL, '1', 'FY', 1, NULL, 'N', 17, '2015-07-29 10:56:11', NULL),
('2015', '1', '21', '2015-08-03', NULL, '2015-07-29', '1', '17', NULL, '1', 'FY', 1, NULL, 'N', 18, '2015-07-29 10:56:11', NULL),
('2015', '1', '1', '2015-08-03', NULL, '2015-07-29', '1', '17', NULL, '1', 'FY', 1, NULL, 'N', 19, '2015-07-29 10:56:11', NULL),
('2015', '1', '10', '2015-08-03', NULL, '2015-07-29', '1', '17', NULL, '1', 'FY', 1, NULL, 'N', 20, '2015-07-29 10:56:11', NULL),
('2015', '1', '13', '2015-08-03', NULL, '2015-07-29', '1', '18', NULL, '2', 'SEM', 12, NULL, 'N', 21, '2015-07-29 10:57:48', NULL),
('2015', '1', '2', '2015-08-03', NULL, '2015-07-29', '1', '18', NULL, '2', 'SEM', 12, NULL, 'N', 22, '2015-07-29 10:57:48', NULL),
('2015', '1', '3', '2015-08-03', NULL, '2015-07-29', '1', '18', NULL, '2', 'SEM', 12, NULL, 'N', 23, '2015-07-29 10:57:48', NULL),
('2015', '1', '15', '2015-08-03', NULL, '2015-07-29', '1', '18', NULL, '2', 'SEM', 12, NULL, 'N', 24, '2015-07-29 10:57:48', NULL),
('2015', '1', '7', '2015-08-03', NULL, '2015-07-29', '1', '18', NULL, '2', 'SEM', 12, NULL, 'N', 25, '2015-07-29 10:57:48', NULL),
('2015', '1', '8', '2015-08-03', NULL, '2015-07-29', '1', '18', NULL, '2', 'SEM', 12, NULL, 'N', 26, '2015-07-29 10:57:48', NULL),
('2015', '1', '16', '2015-08-03', NULL, '2015-07-29', '1', '18', NULL, '2', 'SEM', 12, NULL, 'N', 27, '2015-07-29 10:57:48', NULL),
('2015', '1', '4', '2015-08-03', NULL, '2015-07-29', '1', '18', NULL, '2', 'SEM', 12, NULL, 'N', 28, '2015-07-29 10:57:48', NULL),
('2015', '1', '6', '2015-08-03', NULL, '2015-07-29', '1', '18', NULL, '2', 'SEM', 12, NULL, 'N', 29, '2015-07-29 10:57:48', NULL),
('2015', '1', '5', '2015-08-03', NULL, '2015-07-29', '1', '18', NULL, '2', 'SEM', 12, NULL, 'N', 30, '2015-07-29 10:57:48', NULL),
('2015', '1', '9', '2015-08-03', NULL, '2015-07-29', '1', '18', NULL, '2', 'SEM', 12, NULL, 'N', 31, '2015-07-29 10:57:48', NULL),
('2015', '1', '12', '2015-08-03', NULL, '2015-07-29', '1', '18', NULL, '2', 'SEM', 12, NULL, 'N', 32, '2015-07-29 10:57:48', NULL),
('2015', '1', '18', '2015-08-03', NULL, '2015-07-29', '1', '18', NULL, '2', 'SEM', 12, NULL, 'N', 33, '2015-07-29 10:57:48', NULL),
('2015', '1', '25', '2015-08-03', NULL, '2015-07-29', '1', '18', NULL, '2', 'SEM', 12, NULL, 'N', 34, '2015-07-29 10:57:48', NULL),
('2015', '1', '24', '2015-08-03', NULL, '2015-07-29', '1', '18', NULL, '2', 'SEM', 12, NULL, 'N', 35, '2015-07-29 10:57:48', NULL),
('2015', '1', '22', '2015-08-03', NULL, '2015-07-29', '1', '18', NULL, '2', 'SEM', 12, NULL, 'N', 36, '2015-07-29 10:57:48', NULL),
('2015', '1', '11', '2015-08-03', NULL, '2015-07-29', '1', '18', NULL, '2', 'SEM', 12, NULL, 'N', 37, '2015-07-29 10:57:48', NULL),
('2015', '1', '21', '2015-08-03', NULL, '2015-07-29', '1', '18', NULL, '2', 'SEM', 12, NULL, 'N', 38, '2015-07-29 10:57:48', NULL),
('2015', '1', '1', '2015-08-03', NULL, '2015-07-29', '1', '18', NULL, '2', 'SEM', 12, NULL, 'N', 39, '2015-07-29 10:57:48', NULL),
('2015', '1', '10', '2015-08-03', NULL, '2015-07-29', '1', '18', NULL, '2', 'SEM', 12, NULL, 'N', 40, '2015-07-29 10:57:48', NULL),
('2015', '1', '13', '2015-08-03', NULL, '2015-07-29', '1', '5', NULL, '3', 'FY', 1, NULL, 'N', 41, '2015-07-29 10:58:54', NULL),
('2015', '1', '2', '2015-08-03', NULL, '2015-07-29', '1', '5', NULL, '3', 'FY', 1, NULL, 'N', 42, '2015-07-29 10:58:54', NULL),
('2015', '1', '3', '2015-08-03', NULL, '2015-07-29', '1', '5', NULL, '3', 'FY', 1, NULL, 'N', 43, '2015-07-29 10:58:54', NULL),
('2015', '1', '15', '2015-08-03', NULL, '2015-07-29', '1', '5', NULL, '3', 'FY', 1, NULL, 'N', 44, '2015-07-29 10:58:54', NULL),
('2015', '1', '7', '2015-08-03', NULL, '2015-07-29', '1', '5', NULL, '3', 'FY', 1, NULL, 'N', 45, '2015-07-29 10:58:54', NULL),
('2015', '1', '8', '2015-08-03', NULL, '2015-07-29', '1', '5', NULL, '3', 'FY', 1, NULL, 'N', 46, '2015-07-29 10:58:54', NULL),
('2015', '1', '16', '2015-08-03', NULL, '2015-07-29', '1', '5', NULL, '3', 'FY', 1, NULL, 'N', 47, '2015-07-29 10:58:54', NULL),
('2015', '1', '4', '2015-08-03', NULL, '2015-07-29', '1', '5', NULL, '3', 'FY', 1, NULL, 'N', 48, '2015-07-29 10:58:54', NULL),
('2015', '1', '6', '2015-08-03', NULL, '2015-07-29', '1', '5', NULL, '3', 'FY', 1, NULL, 'N', 49, '2015-07-29 10:58:54', NULL),
('2015', '1', '5', '2015-08-03', NULL, '2015-07-29', '1', '5', NULL, '3', 'FY', 1, NULL, 'N', 50, '2015-07-29 10:58:54', NULL),
('2015', '1', '9', '2015-08-03', NULL, '2015-07-29', '1', '5', NULL, '3', 'FY', 1, NULL, 'N', 51, '2015-07-29 10:58:54', NULL),
('2015', '1', '12', '2015-08-03', NULL, '2015-07-29', '1', '5', NULL, '3', 'FY', 1, NULL, 'N', 52, '2015-07-29 10:58:54', NULL),
('2015', '1', '18', '2015-08-03', NULL, '2015-07-29', '1', '5', NULL, '3', 'FY', 1, NULL, 'N', 53, '2015-07-29 10:58:54', NULL),
('2015', '1', '25', '2015-08-03', NULL, '2015-07-29', '1', '5', NULL, '3', 'FY', 1, NULL, 'N', 54, '2015-07-29 10:58:54', NULL),
('2015', '1', '24', '2015-08-03', NULL, '2015-07-29', '1', '5', NULL, '3', 'FY', 1, NULL, 'N', 55, '2015-07-29 10:58:54', NULL),
('2015', '1', '22', '2015-08-03', NULL, '2015-07-29', '1', '5', NULL, '3', 'FY', 1, NULL, 'N', 56, '2015-07-29 10:58:55', NULL),
('2015', '1', '11', '2015-08-03', NULL, '2015-07-29', '1', '5', NULL, '3', 'FY', 1, NULL, 'N', 57, '2015-07-29 10:58:55', NULL),
('2015', '1', '21', '2015-08-03', NULL, '2015-07-29', '1', '5', NULL, '3', 'FY', 1, NULL, 'N', 58, '2015-07-29 10:58:55', NULL),
('2015', '1', '1', '2015-08-03', NULL, '2015-07-29', '1', '5', NULL, '3', 'FY', 1, NULL, 'N', 59, '2015-07-29 10:58:55', NULL),
('2015', '1', '10', '2015-08-03', NULL, '2015-07-29', '1', '5', NULL, '3', 'FY', 1, NULL, 'N', 60, '2015-07-29 10:58:55', NULL),
('2015', '1', '13', '2015-08-03', NULL, '2015-07-29', '1', '6', NULL, '4', 'QTR', 15, NULL, 'N', 61, '2015-07-29 11:01:24', NULL),
('2015', '1', '2', '2015-08-03', NULL, '2015-07-29', '1', '6', NULL, '4', 'QTR', 15, NULL, 'N', 62, '2015-07-29 11:01:24', NULL),
('2015', '1', '3', '2015-08-03', NULL, '2015-07-29', '1', '6', NULL, '4', 'QTR', 15, NULL, 'N', 63, '2015-07-29 11:01:24', NULL),
('2015', '1', '15', '2015-08-03', NULL, '2015-07-29', '1', '6', NULL, '4', 'QTR', 15, NULL, 'N', 64, '2015-07-29 11:01:24', NULL),
('2015', '1', '7', '2015-08-03', NULL, '2015-07-29', '1', '6', NULL, '4', 'QTR', 15, NULL, 'N', 65, '2015-07-29 11:01:24', NULL),
('2015', '1', '8', '2015-08-03', NULL, '2015-07-29', '1', '6', NULL, '4', 'QTR', 15, NULL, 'N', 66, '2015-07-29 11:01:24', NULL),
('2015', '1', '16', '2015-08-03', NULL, '2015-07-29', '1', '6', NULL, '4', 'QTR', 15, NULL, 'N', 67, '2015-07-29 11:01:24', NULL),
('2015', '1', '4', '2015-08-03', NULL, '2015-07-29', '1', '6', NULL, '4', 'QTR', 15, NULL, 'N', 68, '2015-07-29 11:01:24', NULL),
('2015', '1', '6', '2015-08-03', NULL, '2015-07-29', '1', '6', NULL, '4', 'QTR', 15, NULL, 'N', 69, '2015-07-29 11:01:24', NULL),
('2015', '1', '5', '2015-08-03', NULL, '2015-07-29', '1', '6', NULL, '4', 'QTR', 15, NULL, 'N', 70, '2015-07-29 11:01:24', NULL),
('2015', '1', '9', '2015-08-03', NULL, '2015-07-29', '1', '6', NULL, '4', 'QTR', 15, NULL, 'N', 71, '2015-07-29 11:01:24', NULL),
('2015', '1', '12', '2015-08-03', NULL, '2015-07-29', '1', '6', NULL, '4', 'QTR', 15, NULL, 'N', 72, '2015-07-29 11:01:24', NULL),
('2015', '1', '18', '2015-08-03', NULL, '2015-07-29', '1', '6', NULL, '4', 'QTR', 15, NULL, 'N', 73, '2015-07-29 11:01:24', NULL),
('2015', '1', '25', '2015-08-03', NULL, '2015-07-29', '1', '6', NULL, '4', 'QTR', 15, NULL, 'N', 74, '2015-07-29 11:01:24', NULL),
('2015', '1', '24', '2015-08-03', NULL, '2015-07-29', '1', '6', NULL, '4', 'QTR', 15, NULL, 'N', 75, '2015-07-29 11:01:24', NULL),
('2015', '1', '22', '2015-08-03', NULL, '2015-07-29', '1', '6', NULL, '4', 'QTR', 15, NULL, 'N', 76, '2015-07-29 11:01:24', NULL),
('2015', '1', '11', '2015-08-03', NULL, '2015-07-29', '1', '6', NULL, '4', 'QTR', 15, NULL, 'N', 77, '2015-07-29 11:01:24', NULL),
('2015', '1', '21', '2015-08-03', NULL, '2015-07-29', '1', '6', NULL, '4', 'QTR', 15, NULL, 'N', 78, '2015-07-29 11:01:24', NULL),
('2015', '1', '1', '2015-08-03', NULL, '2015-07-29', '1', '6', NULL, '4', 'QTR', 15, NULL, 'N', 79, '2015-07-29 11:01:24', NULL),
('2015', '1', '10', '2015-08-03', NULL, '2015-07-29', '1', '6', NULL, '4', 'QTR', 15, NULL, 'N', 80, '2015-07-29 11:01:24', NULL),
('2015', '1', '13', '2015-10-12', NULL, '2015-07-29', '1', '7', NULL, '5', 'QTR', 16, NULL, 'N', 81, '2015-07-29 11:02:11', NULL),
('2015', '1', '2', '2015-10-12', NULL, '2015-07-29', '1', '7', NULL, '5', 'QTR', 16, NULL, 'N', 82, '2015-07-29 11:02:11', NULL),
('2015', '1', '3', '2015-10-12', NULL, '2015-07-29', '1', '7', NULL, '5', 'QTR', 16, NULL, 'N', 83, '2015-07-29 11:02:11', NULL),
('2015', '1', '15', '2015-10-12', NULL, '2015-07-29', '1', '7', NULL, '5', 'QTR', 16, NULL, 'N', 84, '2015-07-29 11:02:11', NULL),
('2015', '1', '7', '2015-10-12', NULL, '2015-07-29', '1', '7', NULL, '5', 'QTR', 16, NULL, 'N', 85, '2015-07-29 11:02:11', NULL),
('2015', '1', '8', '2015-10-12', NULL, '2015-07-29', '1', '7', NULL, '5', 'QTR', 16, NULL, 'N', 86, '2015-07-29 11:02:11', NULL),
('2015', '1', '16', '2015-10-12', NULL, '2015-07-29', '1', '7', NULL, '5', 'QTR', 16, NULL, 'N', 87, '2015-07-29 11:02:11', NULL),
('2015', '1', '4', '2015-10-12', NULL, '2015-07-29', '1', '7', NULL, '5', 'QTR', 16, NULL, 'N', 88, '2015-07-29 11:02:11', NULL),
('2015', '1', '6', '2015-10-12', NULL, '2015-07-29', '1', '7', NULL, '5', 'QTR', 16, NULL, 'N', 89, '2015-07-29 11:02:11', NULL),
('2015', '1', '5', '2015-10-12', NULL, '2015-07-29', '1', '7', NULL, '5', 'QTR', 16, NULL, 'N', 90, '2015-07-29 11:02:11', NULL),
('2015', '1', '9', '2015-10-12', NULL, '2015-07-29', '1', '7', NULL, '5', 'QTR', 16, NULL, 'N', 91, '2015-07-29 11:02:11', NULL),
('2015', '1', '12', '2015-10-12', NULL, '2015-07-29', '1', '7', NULL, '5', 'QTR', 16, NULL, 'N', 92, '2015-07-29 11:02:11', NULL),
('2015', '1', '18', '2015-10-12', NULL, '2015-07-29', '1', '7', NULL, '5', 'QTR', 16, NULL, 'N', 93, '2015-07-29 11:02:11', NULL),
('2015', '1', '25', '2015-10-12', NULL, '2015-07-29', '1', '7', NULL, '5', 'QTR', 16, NULL, 'N', 94, '2015-07-29 11:02:11', NULL),
('2015', '1', '24', '2015-10-12', NULL, '2015-07-29', '1', '7', NULL, '5', 'QTR', 16, NULL, 'N', 95, '2015-07-29 11:02:11', NULL),
('2015', '1', '22', '2015-10-12', NULL, '2015-07-29', '1', '7', NULL, '5', 'QTR', 16, NULL, 'N', 96, '2015-07-29 11:02:11', NULL),
('2015', '1', '11', '2015-10-12', NULL, '2015-07-29', '1', '7', NULL, '5', 'QTR', 16, NULL, 'N', 97, '2015-07-29 11:02:11', NULL),
('2015', '1', '21', '2015-10-12', NULL, '2015-07-29', '1', '7', NULL, '5', 'QTR', 16, NULL, 'N', 98, '2015-07-29 11:02:11', NULL),
('2015', '1', '1', '2015-10-12', NULL, '2015-07-29', '1', '7', NULL, '5', 'QTR', 16, NULL, 'N', 99, '2015-07-29 11:02:11', NULL),
('2015', '1', '10', '2015-10-12', NULL, '2015-07-29', '1', '7', NULL, '5', 'QTR', 16, NULL, 'N', 100, '2015-07-29 11:02:11', NULL),
('2015', '1', '13', '2016-01-04', NULL, '2015-07-29', '1', '8', NULL, '7', 'QTR', 17, NULL, 'N', 101, '2015-07-29 11:03:09', NULL),
('2015', '1', '2', '2016-01-04', NULL, '2015-07-29', '1', '8', NULL, '7', 'QTR', 17, NULL, 'N', 102, '2015-07-29 11:03:09', NULL),
('2015', '1', '3', '2016-01-04', NULL, '2015-07-29', '1', '8', NULL, '7', 'QTR', 17, NULL, 'N', 103, '2015-07-29 11:03:09', NULL),
('2015', '1', '15', '2016-01-04', NULL, '2015-07-29', '1', '8', NULL, '7', 'QTR', 17, NULL, 'N', 104, '2015-07-29 11:03:09', NULL),
('2015', '1', '7', '2016-01-04', NULL, '2015-07-29', '1', '8', NULL, '7', 'QTR', 17, NULL, 'N', 105, '2015-07-29 11:03:09', NULL),
('2015', '1', '8', '2016-01-04', NULL, '2015-07-29', '1', '8', NULL, '7', 'QTR', 17, NULL, 'N', 106, '2015-07-29 11:03:09', NULL),
('2015', '1', '16', '2016-01-04', NULL, '2015-07-29', '1', '8', NULL, '7', 'QTR', 17, NULL, 'N', 107, '2015-07-29 11:03:09', NULL),
('2015', '1', '4', '2016-01-04', NULL, '2015-07-29', '1', '8', NULL, '7', 'QTR', 17, NULL, 'N', 108, '2015-07-29 11:03:09', NULL),
('2015', '1', '6', '2016-01-04', NULL, '2015-07-29', '1', '8', NULL, '7', 'QTR', 17, NULL, 'N', 109, '2015-07-29 11:03:09', NULL),
('2015', '1', '5', '2016-01-04', NULL, '2015-07-29', '1', '8', NULL, '7', 'QTR', 17, NULL, 'N', 110, '2015-07-29 11:03:09', NULL),
('2015', '1', '9', '2016-01-04', NULL, '2015-07-29', '1', '8', NULL, '7', 'QTR', 17, NULL, 'N', 111, '2015-07-29 11:03:09', NULL),
('2015', '1', '12', '2016-01-04', NULL, '2015-07-29', '1', '8', NULL, '7', 'QTR', 17, NULL, 'N', 112, '2015-07-29 11:03:09', NULL),
('2015', '1', '18', '2016-01-04', NULL, '2015-07-29', '1', '8', NULL, '7', 'QTR', 17, NULL, 'N', 113, '2015-07-29 11:03:09', NULL),
('2015', '1', '25', '2016-01-04', NULL, '2015-07-29', '1', '8', NULL, '7', 'QTR', 17, NULL, 'N', 114, '2015-07-29 11:03:09', NULL),
('2015', '1', '24', '2016-01-04', NULL, '2015-07-29', '1', '8', NULL, '7', 'QTR', 17, NULL, 'N', 115, '2015-07-29 11:03:09', NULL),
('2015', '1', '22', '2016-01-04', NULL, '2015-07-29', '1', '8', NULL, '7', 'QTR', 17, NULL, 'N', 116, '2015-07-29 11:03:09', NULL),
('2015', '1', '11', '2016-01-04', NULL, '2015-07-29', '1', '8', NULL, '7', 'QTR', 17, NULL, 'N', 117, '2015-07-29 11:03:09', NULL),
('2015', '1', '21', '2016-01-04', NULL, '2015-07-29', '1', '8', NULL, '7', 'QTR', 17, NULL, 'N', 118, '2015-07-29 11:03:09', NULL),
('2015', '1', '1', '2016-01-04', NULL, '2015-07-29', '1', '8', NULL, '7', 'QTR', 17, NULL, 'N', 119, '2015-07-29 11:03:09', NULL),
('2015', '1', '10', '2016-01-04', NULL, '2015-07-29', '1', '8', NULL, '7', 'QTR', 17, NULL, 'N', 120, '2015-07-29 11:03:09', NULL),
('2015', '1', '13', '2016-03-21', NULL, '2015-07-29', '1', '9', NULL, '8', 'QTR', 18, NULL, 'N', 121, '2015-07-29 11:04:21', NULL),
('2015', '1', '2', '2016-03-21', NULL, '2015-07-29', '1', '9', NULL, '8', 'QTR', 18, NULL, 'N', 122, '2015-07-29 11:04:21', NULL),
('2015', '1', '3', '2016-03-21', NULL, '2015-07-29', '1', '9', NULL, '8', 'QTR', 18, NULL, 'N', 123, '2015-07-29 11:04:21', NULL),
('2015', '1', '15', '2016-03-21', NULL, '2015-07-29', '1', '9', NULL, '8', 'QTR', 18, NULL, 'N', 124, '2015-07-29 11:04:21', NULL),
('2015', '1', '7', '2016-03-21', NULL, '2015-07-29', '1', '9', NULL, '8', 'QTR', 18, NULL, 'N', 125, '2015-07-29 11:04:21', NULL),
('2015', '1', '8', '2016-03-21', NULL, '2015-07-29', '1', '9', NULL, '8', 'QTR', 18, NULL, 'N', 126, '2015-07-29 11:04:21', NULL),
('2015', '1', '16', '2016-03-21', NULL, '2015-07-29', '1', '9', NULL, '8', 'QTR', 18, NULL, 'N', 127, '2015-07-29 11:04:21', NULL),
('2015', '1', '4', '2016-03-21', NULL, '2015-07-29', '1', '9', NULL, '8', 'QTR', 18, NULL, 'N', 128, '2015-07-29 11:04:21', NULL),
('2015', '1', '6', '2016-03-21', NULL, '2015-07-29', '1', '9', NULL, '8', 'QTR', 18, NULL, 'N', 129, '2015-07-29 11:04:21', NULL),
('2015', '1', '5', '2016-03-21', NULL, '2015-07-29', '1', '9', NULL, '8', 'QTR', 18, NULL, 'N', 130, '2015-07-29 11:04:21', NULL),
('2015', '1', '9', '2016-03-21', NULL, '2015-07-29', '1', '9', NULL, '8', 'QTR', 18, NULL, 'N', 131, '2015-07-29 11:04:21', NULL),
('2015', '1', '12', '2016-03-21', NULL, '2015-07-29', '1', '9', NULL, '8', 'QTR', 18, NULL, 'N', 132, '2015-07-29 11:04:22', NULL),
('2015', '1', '18', '2016-03-21', NULL, '2015-07-29', '1', '9', NULL, '8', 'QTR', 18, NULL, 'N', 133, '2015-07-29 11:04:22', NULL),
('2015', '1', '25', '2016-03-21', NULL, '2015-07-29', '1', '9', NULL, '8', 'QTR', 18, NULL, 'N', 134, '2015-07-29 11:04:22', NULL),
('2015', '1', '24', '2016-03-21', NULL, '2015-07-29', '1', '9', NULL, '8', 'QTR', 18, NULL, 'N', 135, '2015-07-29 11:04:22', NULL),
('2015', '1', '22', '2016-03-21', NULL, '2015-07-29', '1', '9', NULL, '8', 'QTR', 18, NULL, 'N', 136, '2015-07-29 11:04:22', NULL),
('2015', '1', '11', '2016-03-21', NULL, '2015-07-29', '1', '9', NULL, '8', 'QTR', 18, NULL, 'N', 137, '2015-07-29 11:04:22', NULL),
('2015', '1', '21', '2016-03-21', NULL, '2015-07-29', '1', '9', NULL, '8', 'QTR', 18, NULL, 'N', 138, '2015-07-29 11:04:22', NULL),
('2015', '1', '1', '2016-03-21', NULL, '2015-07-29', '1', '9', NULL, '8', 'QTR', 18, NULL, 'N', 139, '2015-07-29 11:04:22', NULL),
('2015', '1', '10', '2016-03-21', NULL, '2015-07-29', '1', '9', NULL, '8', 'QTR', 18, NULL, 'N', 140, '2015-07-29 11:04:22', NULL),
('2015', '1', '13', '2016-01-04', NULL, '2015-07-29', '1', '1', NULL, '10', 'SEM', 13, NULL, 'N', 141, '2015-07-29 11:05:20', NULL),
('2015', '1', '2', '2016-01-04', NULL, '2015-07-29', '1', '1', NULL, '10', 'SEM', 13, NULL, 'N', 142, '2015-07-29 11:05:20', NULL),
('2015', '1', '3', '2016-01-04', NULL, '2015-07-29', '1', '1', NULL, '10', 'SEM', 13, NULL, 'N', 143, '2015-07-29 11:05:20', NULL),
('2015', '1', '15', '2016-01-04', NULL, '2015-07-29', '1', '1', NULL, '10', 'SEM', 13, NULL, 'N', 144, '2015-07-29 11:05:20', NULL),
('2015', '1', '7', '2016-01-04', NULL, '2015-07-29', '1', '1', NULL, '10', 'SEM', 13, NULL, 'N', 145, '2015-07-29 11:05:20', NULL),
('2015', '1', '8', '2016-01-04', NULL, '2015-07-29', '1', '1', NULL, '10', 'SEM', 13, NULL, 'N', 146, '2015-07-29 11:05:20', NULL),
('2015', '1', '16', '2016-01-04', NULL, '2015-07-29', '1', '1', NULL, '10', 'SEM', 13, NULL, 'N', 147, '2015-07-29 11:05:20', NULL),
('2015', '1', '4', '2016-01-04', NULL, '2015-07-29', '1', '1', NULL, '10', 'SEM', 13, NULL, 'N', 148, '2015-07-29 11:05:20', NULL),
('2015', '1', '6', '2016-01-04', NULL, '2015-07-29', '1', '1', NULL, '10', 'SEM', 13, NULL, 'N', 149, '2015-07-29 11:05:20', NULL),
('2015', '1', '5', '2016-01-04', NULL, '2015-07-29', '1', '1', NULL, '10', 'SEM', 13, NULL, 'N', 150, '2015-07-29 11:05:20', NULL),
('2015', '1', '9', '2016-01-04', NULL, '2015-07-29', '1', '1', NULL, '10', 'SEM', 13, NULL, 'N', 151, '2015-07-29 11:05:20', NULL),
('2015', '1', '12', '2016-01-04', NULL, '2015-07-29', '1', '1', NULL, '10', 'SEM', 13, NULL, 'N', 152, '2015-07-29 11:05:20', NULL),
('2015', '1', '18', '2016-01-04', NULL, '2015-07-29', '1', '1', NULL, '10', 'SEM', 13, NULL, 'N', 153, '2015-07-29 11:05:20', NULL),
('2015', '1', '25', '2016-01-04', NULL, '2015-07-29', '1', '1', NULL, '10', 'SEM', 13, NULL, 'N', 154, '2015-07-29 11:05:20', NULL),
('2015', '1', '24', '2016-01-04', NULL, '2015-07-29', '1', '1', NULL, '10', 'SEM', 13, NULL, 'N', 155, '2015-07-29 11:05:20', NULL),
('2015', '1', '22', '2016-01-04', NULL, '2015-07-29', '1', '1', NULL, '10', 'SEM', 13, NULL, 'N', 156, '2015-07-29 11:05:20', NULL),
('2015', '1', '11', '2016-01-04', NULL, '2015-07-29', '1', '1', NULL, '10', 'SEM', 13, NULL, 'N', 157, '2015-07-29 11:05:20', NULL),
('2015', '1', '21', '2016-01-04', NULL, '2015-07-29', '1', '1', NULL, '10', 'SEM', 13, NULL, 'N', 158, '2015-07-29 11:05:20', NULL),
('2015', '1', '1', '2016-01-04', NULL, '2015-07-29', '1', '1', NULL, '10', 'SEM', 13, NULL, 'N', 159, '2015-07-29 11:05:20', NULL),
('2015', '1', '10', '2016-01-04', NULL, '2015-07-29', '1', '1', NULL, '10', 'SEM', 13, NULL, 'N', 160, '2015-07-29 11:05:20', NULL),
('2015', '1', '13', '2016-01-04', NULL, '2015-07-29', '1', '3', NULL, '12', 'QTR', 17, NULL, 'N', 161, '2015-07-29 11:14:25', NULL),
('2015', '1', '2', '2016-01-04', NULL, '2015-07-29', '1', '3', NULL, '12', 'QTR', 17, NULL, 'N', 162, '2015-07-29 11:14:25', NULL),
('2015', '1', '3', '2016-01-04', NULL, '2015-07-29', '1', '3', NULL, '12', 'QTR', 17, NULL, 'N', 163, '2015-07-29 11:14:26', NULL),
('2015', '1', '15', '2016-01-04', NULL, '2015-07-29', '1', '3', NULL, '12', 'QTR', 17, NULL, 'N', 164, '2015-07-29 11:14:26', NULL),
('2015', '1', '7', '2016-01-04', NULL, '2015-07-29', '1', '3', NULL, '12', 'QTR', 17, NULL, 'N', 165, '2015-07-29 11:14:26', NULL),
('2015', '1', '8', '2016-01-04', NULL, '2015-07-29', '1', '3', NULL, '12', 'QTR', 17, NULL, 'N', 166, '2015-07-29 11:14:26', NULL),
('2015', '1', '16', '2016-01-04', NULL, '2015-07-29', '1', '3', NULL, '12', 'QTR', 17, NULL, 'N', 167, '2015-07-29 11:14:26', NULL),
('2015', '1', '4', '2016-01-04', NULL, '2015-07-29', '1', '3', NULL, '12', 'QTR', 17, NULL, 'N', 168, '2015-07-29 11:14:26', NULL),
('2015', '1', '6', '2016-01-04', NULL, '2015-07-29', '1', '3', NULL, '12', 'QTR', 17, NULL, 'N', 169, '2015-07-29 11:14:26', NULL),
('2015', '1', '5', '2016-01-04', NULL, '2015-07-29', '1', '3', NULL, '12', 'QTR', 17, NULL, 'N', 170, '2015-07-29 11:14:26', NULL),
('2015', '1', '9', '2016-01-04', NULL, '2015-07-29', '1', '3', NULL, '12', 'QTR', 17, NULL, 'N', 171, '2015-07-29 11:14:26', NULL),
('2015', '1', '12', '2016-01-04', NULL, '2015-07-29', '1', '3', NULL, '12', 'QTR', 17, NULL, 'N', 172, '2015-07-29 11:14:26', NULL),
('2015', '1', '18', '2016-01-04', NULL, '2015-07-29', '1', '3', NULL, '12', 'QTR', 17, NULL, 'N', 173, '2015-07-29 11:14:26', NULL),
('2015', '1', '25', '2016-01-04', NULL, '2015-07-29', '1', '3', NULL, '12', 'QTR', 17, NULL, 'N', 174, '2015-07-29 11:14:26', NULL),
('2015', '1', '24', '2016-01-04', NULL, '2015-07-29', '1', '3', NULL, '12', 'QTR', 17, NULL, 'N', 175, '2015-07-29 11:14:26', NULL),
('2015', '1', '22', '2016-01-04', NULL, '2015-07-29', '1', '3', NULL, '12', 'QTR', 17, NULL, 'N', 176, '2015-07-29 11:14:26', NULL),
('2015', '1', '11', '2016-01-04', NULL, '2015-07-29', '1', '3', NULL, '12', 'QTR', 17, NULL, 'N', 177, '2015-07-29 11:14:26', NULL),
('2015', '1', '21', '2016-01-04', NULL, '2015-07-29', '1', '3', NULL, '12', 'QTR', 17, NULL, 'N', 178, '2015-07-29 11:14:26', NULL),
('2015', '1', '1', '2016-01-04', NULL, '2015-07-29', '1', '3', NULL, '12', 'QTR', 17, NULL, 'N', 179, '2015-07-29 11:14:26', NULL),
('2015', '1', '10', '2016-01-04', NULL, '2015-07-29', '1', '3', NULL, '12', 'QTR', 17, NULL, 'N', 180, '2015-07-29 11:14:26', NULL),
('2015', '1', '13', '2016-03-21', NULL, '2015-07-29', '1', '4', NULL, '13', 'QTR', 18, NULL, 'N', 181, '2015-07-29 11:15:30', NULL),
('2015', '1', '2', '2016-03-21', NULL, '2015-07-29', '1', '4', NULL, '13', 'QTR', 18, NULL, 'N', 182, '2015-07-29 11:15:30', NULL),
('2015', '1', '3', '2016-03-21', NULL, '2015-07-29', '1', '4', NULL, '13', 'QTR', 18, NULL, 'N', 183, '2015-07-29 11:15:30', NULL),
('2015', '1', '15', '2016-03-21', NULL, '2015-07-29', '1', '4', NULL, '13', 'QTR', 18, NULL, 'N', 184, '2015-07-29 11:15:30', NULL),
('2015', '1', '7', '2016-03-21', NULL, '2015-07-29', '1', '4', NULL, '13', 'QTR', 18, NULL, 'N', 185, '2015-07-29 11:15:30', NULL),
('2015', '1', '8', '2016-03-21', NULL, '2015-07-29', '1', '4', NULL, '13', 'QTR', 18, NULL, 'N', 186, '2015-07-29 11:15:30', NULL),
('2015', '1', '16', '2016-03-21', NULL, '2015-07-29', '1', '4', NULL, '13', 'QTR', 18, NULL, 'N', 187, '2015-07-29 11:15:30', NULL),
('2015', '1', '4', '2016-03-21', NULL, '2015-07-29', '1', '4', NULL, '13', 'QTR', 18, NULL, 'N', 188, '2015-07-29 11:15:30', NULL),
('2015', '1', '6', '2016-03-21', NULL, '2015-07-29', '1', '4', NULL, '13', 'QTR', 18, NULL, 'N', 189, '2015-07-29 11:15:30', NULL),
('2015', '1', '5', '2016-03-21', NULL, '2015-07-29', '1', '4', NULL, '13', 'QTR', 18, NULL, 'N', 190, '2015-07-29 11:15:30', NULL),
('2015', '1', '9', '2016-03-21', NULL, '2015-07-29', '1', '4', NULL, '13', 'QTR', 18, NULL, 'N', 191, '2015-07-29 11:15:30', NULL),
('2015', '1', '12', '2016-03-21', NULL, '2015-07-29', '1', '4', NULL, '13', 'QTR', 18, NULL, 'N', 192, '2015-07-29 11:15:30', NULL),
('2015', '1', '18', '2016-03-21', NULL, '2015-07-29', '1', '4', NULL, '13', 'QTR', 18, NULL, 'N', 193, '2015-07-29 11:15:30', NULL),
('2015', '1', '25', '2016-03-21', NULL, '2015-07-29', '1', '4', NULL, '13', 'QTR', 18, NULL, 'N', 194, '2015-07-29 11:15:30', NULL),
('2015', '1', '24', '2016-03-21', NULL, '2015-07-29', '1', '4', NULL, '13', 'QTR', 18, NULL, 'N', 195, '2015-07-29 11:15:30', NULL),
('2015', '1', '22', '2016-03-21', NULL, '2015-07-29', '1', '4', NULL, '13', 'QTR', 18, NULL, 'N', 196, '2015-07-29 11:15:30', NULL),
('2015', '1', '11', '2016-03-21', NULL, '2015-07-29', '1', '4', NULL, '13', 'QTR', 18, NULL, 'N', 197, '2015-07-29 11:15:30', NULL),
('2015', '1', '21', '2016-03-21', NULL, '2015-07-29', '1', '4', NULL, '13', 'QTR', 18, NULL, 'N', 198, '2015-07-29 11:15:30', NULL),
('2015', '1', '1', '2016-03-21', NULL, '2015-07-29', '1', '4', NULL, '13', 'QTR', 18, NULL, 'N', 199, '2015-07-29 11:15:30', NULL),
('2015', '1', '10', '2016-03-21', NULL, '2015-07-29', '1', '4', NULL, '13', 'QTR', 18, NULL, 'N', 200, '2015-07-29 11:15:30', NULL),
('2015', '1', '13', '2016-01-04', NULL, '2015-07-29', '1', '11', NULL, '15', 'SEM', 13, NULL, 'N', 201, '2015-07-29 11:16:21', NULL),
('2015', '1', '2', '2016-01-04', NULL, '2015-07-29', '1', '11', NULL, '15', 'SEM', 13, NULL, 'N', 202, '2015-07-29 11:16:21', NULL),
('2015', '1', '3', '2016-01-04', NULL, '2015-07-29', '1', '11', NULL, '15', 'SEM', 13, NULL, 'N', 203, '2015-07-29 11:16:21', NULL),
('2015', '1', '15', '2016-01-04', NULL, '2015-07-29', '1', '11', NULL, '15', 'SEM', 13, NULL, 'N', 204, '2015-07-29 11:16:21', NULL),
('2015', '1', '7', '2016-01-04', NULL, '2015-07-29', '1', '11', NULL, '15', 'SEM', 13, NULL, 'N', 205, '2015-07-29 11:16:21', NULL),
('2015', '1', '8', '2016-01-04', NULL, '2015-07-29', '1', '11', NULL, '15', 'SEM', 13, NULL, 'N', 206, '2015-07-29 11:16:21', NULL),
('2015', '1', '16', '2016-01-04', NULL, '2015-07-29', '1', '11', NULL, '15', 'SEM', 13, NULL, 'N', 207, '2015-07-29 11:16:21', NULL),
('2015', '1', '4', '2016-01-04', NULL, '2015-07-29', '1', '11', NULL, '15', 'SEM', 13, NULL, 'N', 208, '2015-07-29 11:16:21', NULL),
('2015', '1', '6', '2016-01-04', NULL, '2015-07-29', '1', '11', NULL, '15', 'SEM', 13, NULL, 'N', 209, '2015-07-29 11:16:21', NULL),
('2015', '1', '5', '2016-01-04', NULL, '2015-07-29', '1', '11', NULL, '15', 'SEM', 13, NULL, 'N', 210, '2015-07-29 11:16:21', NULL),
('2015', '1', '9', '2016-01-04', NULL, '2015-07-29', '1', '11', NULL, '15', 'SEM', 13, NULL, 'N', 211, '2015-07-29 11:16:21', NULL),
('2015', '1', '12', '2016-01-04', NULL, '2015-07-29', '1', '11', NULL, '15', 'SEM', 13, NULL, 'N', 212, '2015-07-29 11:16:21', NULL),
('2015', '1', '18', '2016-01-04', NULL, '2015-07-29', '1', '11', NULL, '15', 'SEM', 13, NULL, 'N', 213, '2015-07-29 11:16:21', NULL),
('2015', '1', '25', '2016-01-04', NULL, '2015-07-29', '1', '11', NULL, '15', 'SEM', 13, NULL, 'N', 214, '2015-07-29 11:16:21', NULL),
('2015', '1', '24', '2016-01-04', NULL, '2015-07-29', '1', '11', NULL, '15', 'SEM', 13, NULL, 'N', 215, '2015-07-29 11:16:21', NULL),
('2015', '1', '22', '2016-01-04', NULL, '2015-07-29', '1', '11', NULL, '15', 'SEM', 13, NULL, 'N', 216, '2015-07-29 11:16:21', NULL),
('2015', '1', '11', '2016-01-04', NULL, '2015-07-29', '1', '11', NULL, '15', 'SEM', 13, NULL, 'N', 217, '2015-07-29 11:16:21', NULL),
('2015', '1', '21', '2016-01-04', NULL, '2015-07-29', '1', '11', NULL, '15', 'SEM', 13, NULL, 'N', 218, '2015-07-29 11:16:21', NULL),
('2015', '1', '1', '2016-01-04', NULL, '2015-07-29', '1', '11', NULL, '15', 'SEM', 13, NULL, 'N', 219, '2015-07-29 11:16:21', NULL),
('2015', '1', '10', '2016-01-04', NULL, '2015-07-29', '1', '11', NULL, '15', 'SEM', 13, NULL, 'N', 220, '2015-07-29 11:16:21', NULL),
('2015', '1', '13', '2015-08-03', NULL, '2015-07-29', '1', '10', NULL, '14', 'SEM', 12, NULL, 'N', 221, '2015-07-29 11:17:07', NULL),
('2015', '1', '2', '2015-08-03', NULL, '2015-07-29', '1', '10', NULL, '14', 'SEM', 12, NULL, 'N', 222, '2015-07-29 11:17:07', NULL),
('2015', '1', '3', '2015-08-03', NULL, '2015-07-29', '1', '10', NULL, '14', 'SEM', 12, NULL, 'N', 223, '2015-07-29 11:17:07', NULL),
('2015', '1', '15', '2015-08-03', NULL, '2015-07-29', '1', '10', NULL, '14', 'SEM', 12, NULL, 'N', 224, '2015-07-29 11:17:07', NULL),
('2015', '1', '7', '2015-08-03', NULL, '2015-07-29', '1', '10', NULL, '14', 'SEM', 12, NULL, 'N', 225, '2015-07-29 11:17:07', NULL),
('2015', '1', '8', '2015-08-03', NULL, '2015-07-29', '1', '10', NULL, '14', 'SEM', 12, NULL, 'N', 226, '2015-07-29 11:17:07', NULL),
('2015', '1', '16', '2015-08-03', NULL, '2015-07-29', '1', '10', NULL, '14', 'SEM', 12, NULL, 'N', 227, '2015-07-29 11:17:07', NULL),
('2015', '1', '4', '2015-08-03', NULL, '2015-07-29', '1', '10', NULL, '14', 'SEM', 12, NULL, 'N', 228, '2015-07-29 11:17:07', NULL),
('2015', '1', '6', '2015-08-03', NULL, '2015-07-29', '1', '10', NULL, '14', 'SEM', 12, NULL, 'N', 229, '2015-07-29 11:17:07', NULL),
('2015', '1', '5', '2015-08-03', NULL, '2015-07-29', '1', '10', NULL, '14', 'SEM', 12, NULL, 'N', 230, '2015-07-29 11:17:07', NULL),
('2015', '1', '9', '2015-08-03', NULL, '2015-07-29', '1', '10', NULL, '14', 'SEM', 12, NULL, 'N', 231, '2015-07-29 11:17:07', NULL),
('2015', '1', '12', '2015-08-03', NULL, '2015-07-29', '1', '10', NULL, '14', 'SEM', 12, NULL, 'N', 232, '2015-07-29 11:17:07', NULL),
('2015', '1', '18', '2015-08-03', NULL, '2015-07-29', '1', '10', NULL, '14', 'SEM', 12, NULL, 'N', 233, '2015-07-29 11:17:07', NULL),
('2015', '1', '25', '2015-08-03', NULL, '2015-07-29', '1', '10', NULL, '14', 'SEM', 12, NULL, 'N', 234, '2015-07-29 11:17:07', NULL),
('2015', '1', '24', '2015-08-03', NULL, '2015-07-29', '1', '10', NULL, '14', 'SEM', 12, NULL, 'N', 235, '2015-07-29 11:17:07', NULL),
('2015', '1', '22', '2015-08-03', NULL, '2015-07-29', '1', '10', NULL, '14', 'SEM', 12, NULL, 'N', 236, '2015-07-29 11:17:07', NULL),
('2015', '1', '11', '2015-08-03', NULL, '2015-07-29', '1', '10', NULL, '14', 'SEM', 12, NULL, 'N', 237, '2015-07-29 11:17:07', NULL),
('2015', '1', '21', '2015-08-03', NULL, '2015-07-29', '1', '10', NULL, '14', 'SEM', 12, NULL, 'N', 238, '2015-07-29 11:17:07', NULL),
('2015', '1', '1', '2015-08-03', NULL, '2015-07-29', '1', '10', NULL, '14', 'SEM', 12, NULL, 'N', 239, '2015-07-29 11:17:07', NULL),
('2015', '1', '10', '2015-08-03', NULL, '2015-07-29', '1', '10', NULL, '14', 'SEM', 12, NULL, 'N', 240, '2015-07-29 11:17:07', NULL),
('2015', '1', '17', '2015-08-03', NULL, '2015-07-29', '1', '2', NULL, '16', 'FY', 0, NULL, 'N', 241, '2015-07-29 11:17:39', NULL),
('2015', '1', '23', '2015-08-03', NULL, '2015-07-29', '1', '2', NULL, '16', 'FY', 0, NULL, 'N', 242, '2015-07-29 11:17:39', NULL),
('2015', '1', '19', '2015-08-03', NULL, '2015-07-29', '1', '2', NULL, '16', 'FY', 0, NULL, 'N', 243, '2015-07-29 11:17:39', NULL),
('2015', '1', '20', '2015-08-03', NULL, '2015-07-29', '1', '2', NULL, '16', 'FY', 0, NULL, 'N', 244, '2015-07-29 11:17:39', NULL),
('2015', '1', '14', '2015-08-03', NULL, '2015-07-29', '1', '2', NULL, '16', 'FY', 0, NULL, 'N', 245, '2015-07-29 11:17:39', NULL),
('2015', '1', '13', '2015-08-03', NULL, '2015-07-29', '1', '9', NULL, '19', 'FY', 0, NULL, 'N', 246, '2015-07-29 11:42:48', NULL),
('2015', '1', '2', '2015-08-03', NULL, '2015-07-29', '1', '9', NULL, '19', 'FY', 0, NULL, 'N', 247, '2015-07-29 11:42:48', NULL),
('2015', '1', '3', '2015-08-03', NULL, '2015-07-29', '1', '9', NULL, '19', 'FY', 0, NULL, 'N', 248, '2015-07-29 11:42:48', NULL),
('2015', '1', '15', '2015-08-03', NULL, '2015-07-29', '1', '9', NULL, '19', 'FY', 0, NULL, 'N', 249, '2015-07-29 11:42:48', NULL),
('2015', '1', '7', '2015-08-03', NULL, '2015-07-29', '1', '9', NULL, '19', 'FY', 0, NULL, 'N', 250, '2015-07-29 11:42:48', NULL),
('2015', '1', '8', '2015-08-03', NULL, '2015-07-29', '1', '9', NULL, '19', 'FY', 0, NULL, 'N', 251, '2015-07-29 11:42:48', NULL),
('2015', '1', '16', '2015-08-03', NULL, '2015-07-29', '1', '9', NULL, '19', 'FY', 0, NULL, 'N', 252, '2015-07-29 11:42:48', NULL),
('2015', '1', '4', '2015-08-03', NULL, '2015-07-29', '1', '9', NULL, '19', 'FY', 0, NULL, 'N', 253, '2015-07-29 11:42:48', NULL),
('2015', '1', '6', '2015-08-03', NULL, '2015-07-29', '1', '9', NULL, '19', 'FY', 0, NULL, 'N', 254, '2015-07-29 11:42:48', NULL),
('2015', '1', '5', '2015-08-03', NULL, '2015-07-29', '1', '9', NULL, '19', 'FY', 0, NULL, 'N', 255, '2015-07-29 11:42:48', NULL),
('2015', '1', '9', '2015-08-03', NULL, '2015-07-29', '1', '9', NULL, '19', 'FY', 0, NULL, 'N', 256, '2015-07-29 11:42:48', NULL),
('2015', '1', '12', '2015-08-03', NULL, '2015-07-29', '1', '9', NULL, '19', 'FY', 0, NULL, 'N', 257, '2015-07-29 11:42:48', NULL),
('2015', '1', '18', '2015-08-03', NULL, '2015-07-29', '1', '9', NULL, '19', 'FY', 0, NULL, 'N', 258, '2015-07-29 11:42:48', NULL),
('2015', '1', '25', '2015-08-03', NULL, '2015-07-29', '1', '9', NULL, '19', 'FY', 0, NULL, 'N', 259, '2015-07-29 11:42:48', NULL),
('2015', '1', '24', '2015-08-03', NULL, '2015-07-29', '1', '9', NULL, '19', 'FY', 0, NULL, 'N', 260, '2015-07-29 11:42:48', NULL),
('2015', '1', '22', '2015-08-03', NULL, '2015-07-29', '1', '9', NULL, '19', 'FY', 0, NULL, 'N', 261, '2015-07-29 11:42:48', NULL),
('2015', '1', '11', '2015-08-03', NULL, '2015-07-29', '1', '9', NULL, '19', 'FY', 0, NULL, 'N', 262, '2015-07-29 11:42:48', NULL),
('2015', '1', '21', '2015-08-03', NULL, '2015-07-29', '1', '9', NULL, '19', 'FY', 0, NULL, 'N', 263, '2015-07-29 11:42:48', NULL),
('2015', '1', '1', '2015-08-03', NULL, '2015-07-29', '1', '9', NULL, '19', 'FY', 0, NULL, 'N', 264, '2015-07-29 11:42:48', NULL),
('2015', '1', '10', '2015-08-03', NULL, '2015-07-29', '1', '9', NULL, '19', 'FY', 0, NULL, 'N', 265, '2015-07-29 11:42:48', NULL),
('2015', '1', '17', '2015-08-03', NULL, '2015-07-29', '1', '9', NULL, '19', 'FY', 0, NULL, 'N', 266, '2015-07-29 11:42:48', NULL),
('2015', '1', '23', '2015-08-03', NULL, '2015-07-29', '1', '9', NULL, '19', 'FY', 0, NULL, 'N', 267, '2015-07-29 11:42:48', NULL),
('2015', '1', '19', '2015-08-03', NULL, '2015-07-29', '1', '9', NULL, '19', 'FY', 0, NULL, 'N', 268, '2015-07-29 11:42:48', NULL),
('2015', '1', '20', '2015-08-03', NULL, '2015-07-29', '1', '9', NULL, '19', 'FY', 0, NULL, 'N', 269, '2015-07-29 11:42:48', NULL),
('2015', '1', '14', '2015-08-03', NULL, '2015-07-29', '1', '9', NULL, '19', 'FY', 0, NULL, 'N', 270, '2015-07-29 11:42:48', NULL),
('2015', '1', '17', '2015-08-03', NULL, '2015-07-29', '1', '7', NULL, '20', 'FY', 0, NULL, 'N', 271, '2015-07-29 11:45:43', NULL),
('2015', '1', '23', '2015-08-03', NULL, '2015-07-29', '1', '7', NULL, '20', 'FY', 0, NULL, 'N', 272, '2015-07-29 11:45:43', NULL),
('2015', '1', '19', '2015-08-03', NULL, '2015-07-29', '1', '7', NULL, '20', 'FY', 0, NULL, 'N', 273, '2015-07-29 11:45:43', NULL),
('2015', '1', '20', '2015-08-03', NULL, '2015-07-29', '1', '7', NULL, '20', 'FY', 0, NULL, 'N', 274, '2015-07-29 11:45:43', NULL),
('2015', '1', '14', '2015-08-03', NULL, '2015-07-29', '1', '7', NULL, '20', 'FY', 0, NULL, 'N', 275, '2015-07-29 11:45:43', NULL),
('2015', '1', '13', '2015-08-03', NULL, '2015-07-29', '1', '2', NULL, '16', 'FY', 0, NULL, 'N', 276, '2015-07-29 11:50:45', NULL),
('2015', '1', '2', '2015-08-03', NULL, '2015-07-29', '1', '2', NULL, '16', 'FY', 0, NULL, 'N', 277, '2015-07-29 11:50:45', NULL),
('2015', '1', '3', '2015-08-03', NULL, '2015-07-29', '1', '2', NULL, '16', 'FY', 0, NULL, 'N', 278, '2015-07-29 11:50:45', NULL),
('2015', '1', '15', '2015-08-03', NULL, '2015-07-29', '1', '2', NULL, '16', 'FY', 0, NULL, 'N', 279, '2015-07-29 11:50:45', NULL),
('2015', '1', '7', '2015-08-03', NULL, '2015-07-29', '1', '2', NULL, '16', 'FY', 0, NULL, 'N', 280, '2015-07-29 11:50:45', NULL),
('2015', '1', '8', '2015-08-03', NULL, '2015-07-29', '1', '2', NULL, '16', 'FY', 0, NULL, 'N', 281, '2015-07-29 11:50:45', NULL),
('2015', '1', '16', '2015-08-03', NULL, '2015-07-29', '1', '2', NULL, '16', 'FY', 0, NULL, 'N', 282, '2015-07-29 11:50:45', NULL),
('2015', '1', '4', '2015-08-03', NULL, '2015-07-29', '1', '2', NULL, '16', 'FY', 0, NULL, 'N', 283, '2015-07-29 11:50:45', NULL),
('2015', '1', '6', '2015-08-03', NULL, '2015-07-29', '1', '2', NULL, '16', 'FY', 0, NULL, 'N', 284, '2015-07-29 11:50:45', NULL),
('2015', '1', '5', '2015-08-03', NULL, '2015-07-29', '1', '2', NULL, '16', 'FY', 0, NULL, 'N', 285, '2015-07-29 11:50:45', NULL),
('2015', '1', '9', '2015-08-03', NULL, '2015-07-29', '1', '2', NULL, '16', 'FY', 0, NULL, 'N', 286, '2015-07-29 11:50:45', NULL),
('2015', '1', '12', '2015-08-03', NULL, '2015-07-29', '1', '2', NULL, '16', 'FY', 0, NULL, 'N', 287, '2015-07-29 11:50:45', NULL),
('2015', '1', '18', '2015-08-03', NULL, '2015-07-29', '1', '2', NULL, '16', 'FY', 0, NULL, 'N', 288, '2015-07-29 11:50:45', NULL),
('2015', '1', '25', '2015-08-03', NULL, '2015-07-29', '1', '2', NULL, '16', 'FY', 0, NULL, 'N', 289, '2015-07-29 11:50:45', NULL),
('2015', '1', '24', '2015-08-03', NULL, '2015-07-29', '1', '2', NULL, '16', 'FY', 0, NULL, 'N', 290, '2015-07-29 11:50:45', NULL),
('2015', '1', '22', '2015-08-03', NULL, '2015-07-29', '1', '2', NULL, '16', 'FY', 0, NULL, 'N', 291, '2015-07-29 11:50:45', NULL),
('2015', '1', '11', '2015-08-03', NULL, '2015-07-29', '1', '2', NULL, '16', 'FY', 0, NULL, 'N', 292, '2015-07-29 11:50:45', NULL),
('2015', '1', '21', '2015-08-03', NULL, '2015-07-29', '1', '2', NULL, '16', 'FY', 0, NULL, 'N', 293, '2015-07-29 11:50:45', NULL),
('2015', '1', '1', '2015-08-03', NULL, '2015-07-29', '1', '2', NULL, '16', 'FY', 0, NULL, 'N', 294, '2015-07-29 11:50:45', NULL),
('2015', '1', '10', '2015-08-03', NULL, '2015-07-29', '1', '2', NULL, '16', 'FY', 0, NULL, 'N', 295, '2015-07-29 11:50:45', NULL);

--
-- Triggers `schedule`
--
DELIMITER $$
CREATE TRIGGER `td_schedule` AFTER DELETE ON `schedule` FOR EACH ROW BEGIN
         UPDATE course_periods SET filled_seats=filled_seats-1 WHERE course_period_id=OLD.course_period_id AND OLD.dropped='N';
 	CALL ATTENDANCE_CALC(OLD.course_period_id);
 END
$$
DELIMITER ;
DELIMITER $$
CREATE TRIGGER `ti_schdule` AFTER INSERT ON `schedule` FOR EACH ROW BEGIN
         UPDATE course_periods SET filled_seats=filled_seats+1 WHERE course_period_id=NEW.course_period_id;
 	CALL ATTENDANCE_CALC(NEW.course_period_id);
 END
$$
DELIMITER ;
DELIMITER $$
CREATE TRIGGER `tu_schedule` AFTER UPDATE ON `schedule` FOR EACH ROW CALL ATTENDANCE_CALC(NEW.course_period_id)
$$
DELIMITER ;

-- --------------------------------------------------------

--
-- Table structure for table `schedule_requests`
--

CREATE TABLE `schedule_requests` (
  `syear` decimal(4,0) DEFAULT NULL,
  `school_id` decimal(10,0) DEFAULT NULL,
  `request_id` int(8) NOT NULL,
  `student_id` decimal(10,0) DEFAULT NULL,
  `subject_id` decimal(10,0) DEFAULT NULL,
  `course_id` decimal(10,0) DEFAULT NULL,
  `course_weight` varchar(10) DEFAULT NULL,
  `marking_period_id` int(11) DEFAULT NULL,
  `priority` decimal(10,0) DEFAULT NULL,
  `with_teacher_id` decimal(10,0) DEFAULT NULL,
  `not_teacher_id` decimal(10,0) DEFAULT NULL,
  `with_period_id` decimal(10,0) DEFAULT NULL,
  `not_period_id` decimal(10,0) DEFAULT NULL,
  `last_updated` timestamp NOT NULL DEFAULT CURRENT_TIMESTAMP,
  `updated_by` varchar(255) DEFAULT NULL
) ENGINE=MyISAM DEFAULT CHARSET=utf8;

-- --------------------------------------------------------

--
-- Table structure for table `school_calendars`
--

CREATE TABLE `school_calendars` (
  `school_id` decimal(10,0) DEFAULT NULL,
  `title` varchar(100) DEFAULT NULL,
  `syear` decimal(4,0) DEFAULT NULL,
  `calendar_id` int(8) NOT NULL,
  `default_calendar` varchar(1) DEFAULT NULL,
  `days` varchar(7) DEFAULT NULL,
  `rollover_id` decimal(10,0) DEFAULT NULL,
  `last_updated` timestamp NOT NULL DEFAULT CURRENT_TIMESTAMP,
  `updated_by` varchar(255) DEFAULT NULL
) ENGINE=MyISAM DEFAULT CHARSET=utf8;

--
-- Dumping data for table `school_calendars`
--

INSERT INTO `school_calendars` (`school_id`, `title`, `syear`, `calendar_id`, `default_calendar`, `days`, `rollover_id`, `last_updated`, `updated_by`) VALUES
('1', 'Peachtree High Calendar', '2015', 1, NULL, 'MTWHF', NULL, '2015-07-28 07:26:33', NULL);

-- --------------------------------------------------------

--
-- Table structure for table `school_custom_fields`
--

CREATE TABLE `school_custom_fields` (
  `id` int(8) NOT NULL,
  `school_id` int(11) NOT NULL,
  `type` varchar(10) DEFAULT NULL,
  `search` varchar(1) DEFAULT NULL,
  `title` varchar(30) DEFAULT NULL,
  `sort_order` decimal(10,0) DEFAULT NULL,
  `select_options` varchar(10000) DEFAULT NULL,
  `category_id` decimal(10,0) DEFAULT NULL,
  `system_field` char(1) DEFAULT NULL,
  `required` varchar(1) DEFAULT NULL,
  `default_selection` varchar(255) DEFAULT NULL,
  `hide` varchar(1) DEFAULT NULL,
  `last_updated` timestamp NOT NULL DEFAULT CURRENT_TIMESTAMP,
  `updated_by` varchar(255) DEFAULT NULL
) ENGINE=MyISAM DEFAULT CHARSET=utf8;

-- --------------------------------------------------------

--
-- Table structure for table `school_gradelevels`
--

CREATE TABLE `school_gradelevels` (
  `id` int(8) NOT NULL,
  `school_id` decimal(10,0) DEFAULT NULL,
  `short_name` varchar(5) DEFAULT NULL,
  `title` varchar(50) DEFAULT NULL,
  `next_grade_id` decimal(10,0) DEFAULT NULL,
  `sort_order` decimal(10,0) DEFAULT NULL,
  `last_updated` timestamp NOT NULL DEFAULT CURRENT_TIMESTAMP,
  `updated_by` varchar(255) DEFAULT NULL
) ENGINE=MyISAM DEFAULT CHARSET=utf8;

--
-- Dumping data for table `school_gradelevels`
--

INSERT INTO `school_gradelevels` (`id`, `school_id`, `short_name`, `title`, `next_grade_id`, `sort_order`, `last_updated`, `updated_by`) VALUES
(1, '1', '9th', 'Ninth Grade', '2', '1', '2015-07-28 07:26:33', NULL),
(2, '1', '10th', 'Tenth Grade', '3', '2', '2015-07-28 07:26:33', NULL),
(3, '1', '11th', 'Eleventh Grade', '4', '3', '2015-07-28 07:26:33', NULL),
(4, '1', '12th', 'Twelfth Grade', NULL, '4', '2015-07-28 07:26:33', NULL);

-- --------------------------------------------------------

--
-- Table structure for table `school_periods`
--

CREATE TABLE `school_periods` (
  `period_id` int(8) NOT NULL,
  `syear` decimal(4,0) DEFAULT NULL,
  `school_id` decimal(10,0) DEFAULT NULL,
  `sort_order` decimal(10,0) DEFAULT NULL,
  `title` varchar(100) DEFAULT NULL,
  `short_name` varchar(10) DEFAULT NULL,
  `length` decimal(10,0) DEFAULT NULL,
  `block` varchar(10) DEFAULT NULL,
  `ignore_scheduling` varchar(10) DEFAULT NULL,
  `attendance` varchar(1) DEFAULT NULL,
  `rollover_id` decimal(10,0) DEFAULT NULL,
  `start_time` time NOT NULL,
  `end_time` time NOT NULL,
  `last_updated` timestamp NOT NULL DEFAULT CURRENT_TIMESTAMP,
  `updated_by` varchar(255) DEFAULT NULL
) ENGINE=MyISAM DEFAULT CHARSET=utf8;

--
-- Dumping data for table `school_periods`
--

INSERT INTO `school_periods` (`period_id`, `syear`, `school_id`, `sort_order`, `title`, `short_name`, `length`, `block`, `ignore_scheduling`, `attendance`, `rollover_id`, `start_time`, `end_time`, `last_updated`, `updated_by`) VALUES
(1, '2015', '1', '1', 'Home Room', 'HR', '9', NULL, NULL, 'Y', NULL, '08:00:00', '08:09:00', '2015-07-28 07:26:33', NULL),
(2, '2015', '1', '2', 'Period 1', 'P1', '45', NULL, NULL, NULL, NULL, '08:10:00', '08:55:00', '2015-07-28 07:26:33', NULL),
(3, '2015', '1', '3', 'Period 2', 'P2', '50', NULL, 'Y', NULL, NULL, '09:00:00', '09:50:00', '2015-07-28 07:26:33', NULL),
(4, '2015', '1', '4', 'Period 3', 'P3', '50', NULL, NULL, NULL, NULL, '10:00:00', '10:50:00', '2015-07-28 07:26:33', NULL),
(5, '2015', '1', '5', 'Period 4', 'P4', '50', NULL, NULL, NULL, NULL, '11:00:00', '11:50:00', '2015-07-28 07:26:33', NULL),
(6, '2015', '1', '6', 'Period 5', 'P5', '50', NULL, NULL, NULL, NULL, '12:20:00', '13:10:00', '2015-07-28 07:26:33', NULL),
(7, '2015', '1', '7', 'Period 6', 'P6', '50', NULL, NULL, NULL, NULL, '13:20:00', '14:10:00', '2015-07-28 07:26:33', NULL),
(8, '2015', '1', '8', 'Period 7', 'P7', '50', NULL, NULL, NULL, NULL, '14:20:00', '15:10:00', '2015-07-28 07:26:33', NULL),
(17, '2015', '1', '9', 'Whole Day', 'WD', '660', NULL, 'Y', NULL, NULL, '08:00:00', '19:00:00', '2015-07-28 07:26:33', NULL);

--
-- Triggers `school_periods`
--
DELIMITER $$
CREATE TRIGGER `tu_periods` AFTER UPDATE ON `school_periods` FOR EACH ROW UPDATE course_period_var SET start_time=NEW.start_time,end_time=NEW.end_time WHERE period_id=NEW.period_id
$$
DELIMITER ;

-- --------------------------------------------------------

--
-- Table structure for table `school_progress_periods`
--

CREATE TABLE `school_progress_periods` (
  `marking_period_id` int(11) NOT NULL,
  `syear` decimal(4,0) DEFAULT NULL,
  `school_id` decimal(10,0) DEFAULT NULL,
  `quarter_id` decimal(10,0) DEFAULT NULL,
  `title` varchar(50) DEFAULT NULL,
  `short_name` varchar(10) DEFAULT NULL,
  `sort_order` decimal(10,0) DEFAULT NULL,
  `start_date` date DEFAULT NULL,
  `end_date` date DEFAULT NULL,
  `post_start_date` date DEFAULT NULL,
  `post_end_date` date DEFAULT NULL,
  `does_grades` varchar(1) DEFAULT NULL,
  `does_exam` varchar(1) DEFAULT NULL,
  `does_comments` varchar(1) DEFAULT NULL,
  `rollover_id` decimal(10,0) DEFAULT NULL,
  `last_updated` timestamp NOT NULL DEFAULT CURRENT_TIMESTAMP,
  `updated_by` varchar(255) DEFAULT NULL
) ENGINE=MyISAM DEFAULT CHARSET=utf8;

-- --------------------------------------------------------

--
-- Table structure for table `school_quarters`
--

CREATE TABLE `school_quarters` (
  `marking_period_id` int(11) NOT NULL,
  `syear` decimal(4,0) DEFAULT NULL,
  `school_id` decimal(10,0) DEFAULT NULL,
  `semester_id` decimal(10,0) DEFAULT NULL,
  `title` varchar(50) DEFAULT NULL,
  `short_name` varchar(10) DEFAULT NULL,
  `sort_order` decimal(10,0) DEFAULT NULL,
  `start_date` date DEFAULT NULL,
  `end_date` date DEFAULT NULL,
  `post_start_date` date DEFAULT NULL,
  `post_end_date` date DEFAULT NULL,
  `does_grades` varchar(1) DEFAULT NULL,
  `does_exam` varchar(1) DEFAULT NULL,
  `does_comments` varchar(1) DEFAULT NULL,
  `rollover_id` decimal(10,0) DEFAULT NULL,
  `last_updated` timestamp NOT NULL DEFAULT CURRENT_TIMESTAMP,
  `updated_by` varchar(255) DEFAULT NULL
) ENGINE=MyISAM DEFAULT CHARSET=utf8;

--
-- Dumping data for table `school_quarters`
--

INSERT INTO `school_quarters` (`marking_period_id`, `syear`, `school_id`, `semester_id`, `title`, `short_name`, `sort_order`, `start_date`, `end_date`, `post_start_date`, `post_end_date`, `does_grades`, `does_exam`, `does_comments`, `rollover_id`, `last_updated`, `updated_by`) VALUES
(15, '2015', '1', '12', 'Quarter 1', 'Q1', '5', '2015-08-03', '2015-10-09', '2015-09-25', '2015-10-10', 'Y', NULL, NULL, NULL, '2015-07-28 07:26:33', NULL),
(16, '2015', '1', '12', 'Quarter 2', 'Q2', '6', '2015-10-12', '2015-12-18', '2015-12-04', '2015-12-19', 'Y', NULL, NULL, NULL, '2015-07-28 07:26:33', NULL),
(17, '2015', '1', '13', 'Quarter 3', 'Q3', '7', '2016-01-04', '2016-03-11', '2016-03-01', '2016-03-13', 'Y', NULL, NULL, NULL, '2015-07-28 07:26:33', NULL),
(18, '2015', '1', '13', 'Quarter 4', 'Q4', '8', '2016-03-21', '2016-05-27', '2016-05-07', '2016-06-22', 'Y', NULL, NULL, NULL, '2015-07-28 07:26:33', NULL);

--
-- Triggers `school_quarters`
--
DELIMITER $$
CREATE TRIGGER `tu_school_quarters` AFTER UPDATE ON `school_quarters` FOR EACH ROW UPDATE course_periods SET begin_date=NEW.start_date,end_date=NEW.end_date WHERE marking_period_id=NEW.marking_period_id
$$
DELIMITER ;

-- --------------------------------------------------------

--
-- Table structure for table `school_semesters`
--

CREATE TABLE `school_semesters` (
  `marking_period_id` int(11) NOT NULL,
  `syear` decimal(4,0) DEFAULT NULL,
  `school_id` decimal(10,0) DEFAULT NULL,
  `year_id` decimal(10,0) DEFAULT NULL,
  `title` varchar(50) DEFAULT NULL,
  `short_name` varchar(10) DEFAULT NULL,
  `sort_order` decimal(10,0) DEFAULT NULL,
  `start_date` date DEFAULT NULL,
  `end_date` date DEFAULT NULL,
  `post_start_date` date DEFAULT NULL,
  `post_end_date` date DEFAULT NULL,
  `does_grades` varchar(1) DEFAULT NULL,
  `does_exam` varchar(1) DEFAULT NULL,
  `does_comments` varchar(1) DEFAULT NULL,
  `rollover_id` decimal(10,0) DEFAULT NULL,
  `last_updated` timestamp NOT NULL DEFAULT CURRENT_TIMESTAMP,
  `updated_by` varchar(255) DEFAULT NULL
) ENGINE=MyISAM DEFAULT CHARSET=utf8;

--
-- Dumping data for table `school_semesters`
--

INSERT INTO `school_semesters` (`marking_period_id`, `syear`, `school_id`, `year_id`, `title`, `short_name`, `sort_order`, `start_date`, `end_date`, `post_start_date`, `post_end_date`, `does_grades`, `does_exam`, `does_comments`, `rollover_id`, `last_updated`, `updated_by`) VALUES
(12, '2015', '1', '1', 'Semester 1', 'Sem 1', '2', '2015-08-03', '2015-12-18', '2015-12-04', '2015-12-19', 'Y', 'Y', NULL, NULL, '2015-07-28 07:26:33', NULL),
(13, '2015', '1', '1', 'Semester 2', 'Sem 2', '3', '2016-01-04', '2016-05-27', '2016-05-07', '2016-06-22', 'Y', 'Y', NULL, NULL, '2015-07-28 07:26:33', NULL),
(14, '2015', '1', '1', 'Summer Semester', 'Sum Sem', '4', '2016-06-01', '2016-07-29', '2016-07-16', '2016-07-29', 'Y', 'Y', NULL, NULL, '2015-07-28 07:26:33', NULL);

--
-- Triggers `school_semesters`
--
DELIMITER $$
CREATE TRIGGER `tu_school_semesters` AFTER UPDATE ON `school_semesters` FOR EACH ROW UPDATE course_periods SET begin_date=NEW.start_date,end_date=NEW.end_date WHERE marking_period_id=NEW.marking_period_id
$$
DELIMITER ;

-- --------------------------------------------------------

--
-- Table structure for table `school_years`
--

CREATE TABLE `school_years` (
  `marking_period_id` int(11) NOT NULL,
  `syear` decimal(4,0) DEFAULT NULL,
  `school_id` decimal(10,0) DEFAULT NULL,
  `title` varchar(50) DEFAULT NULL,
  `short_name` varchar(10) DEFAULT NULL,
  `sort_order` decimal(10,0) DEFAULT NULL,
  `start_date` date DEFAULT NULL,
  `end_date` date DEFAULT NULL,
  `post_start_date` date DEFAULT NULL,
  `post_end_date` date DEFAULT NULL,
  `does_grades` varchar(1) DEFAULT NULL,
  `does_exam` varchar(1) DEFAULT NULL,
  `does_comments` varchar(1) DEFAULT NULL,
  `rollover_id` decimal(10,0) DEFAULT NULL,
  `last_updated` timestamp NOT NULL DEFAULT CURRENT_TIMESTAMP,
  `updated_by` varchar(255) DEFAULT NULL
) ENGINE=MyISAM DEFAULT CHARSET=utf8;

--
-- Dumping data for table `school_years`
--

INSERT INTO `school_years` (`marking_period_id`, `syear`, `school_id`, `title`, `short_name`, `sort_order`, `start_date`, `end_date`, `post_start_date`, `post_end_date`, `does_grades`, `does_exam`, `does_comments`, `rollover_id`, `last_updated`, `updated_by`) VALUES
(1, '2015', '1', 'Full Year', 'FY', '1', '2015-08-03', '2016-07-29', '2016-06-15', '2016-07-29', 'Y', NULL, NULL, NULL, '2015-07-28 07:26:33', NULL),
(20, '2016', '2', 'Full Year', 'FY', '1', '2016-11-09', '2016-11-23', NULL, NULL, NULL, NULL, NULL, NULL, '2015-07-28 07:26:33', NULL);

--
-- Triggers `school_years`
--
DELIMITER $$
CREATE TRIGGER `tu_school_years` AFTER UPDATE ON `school_years` FOR EACH ROW UPDATE course_periods SET begin_date=NEW.start_date,end_date=NEW.end_date WHERE marking_period_id=NEW.marking_period_id
$$
DELIMITER ;

-- --------------------------------------------------------

--
-- Table structure for table `schools`
--

CREATE TABLE `schools` (
  `id` int(8) NOT NULL,
  `syear` decimal(4,0) DEFAULT NULL,
  `title` varchar(100) DEFAULT NULL,
  `address` varchar(100) DEFAULT NULL,
  `city` varchar(100) DEFAULT NULL,
  `state` varchar(10) DEFAULT NULL,
  `zipcode` varchar(10) DEFAULT NULL,
  `area_code` decimal(3,0) DEFAULT NULL,
  `phone` varchar(30) DEFAULT NULL,
  `principal` varchar(100) DEFAULT NULL,
  `www_address` varchar(100) DEFAULT NULL,
  `e_mail` varchar(100) DEFAULT NULL,
  `reporting_gp_scale` decimal(10,3) DEFAULT NULL,
  `last_updated` timestamp NOT NULL DEFAULT CURRENT_TIMESTAMP,
  `updated_by` varchar(255) DEFAULT NULL
) ENGINE=MyISAM DEFAULT CHARSET=utf8;

--
-- Dumping data for table `schools`
--

INSERT INTO `schools` (`id`, `syear`, `title`, `address`, `city`, `state`, `zipcode`, `area_code`, `phone`, `principal`, `www_address`, `e_mail`, `reporting_gp_scale`, `last_updated`, `updated_by`) VALUES
(1, '2015', 'Peachtree High School', '65A Old Peachtree Road', 'Atlanta', 'Georgia', '30303', NULL, '404-248-9000', 'Dr. James Richardson', 'www.peachtreehs.edu', 'info@peachtreehs.edu', '4.000', '2015-07-28 07:26:33', NULL),
(2, '2016', 'erdcfv', '', '', '', '', NULL, NULL, '', '', NULL, NULL, '2015-07-28 07:26:33', NULL);

-- --------------------------------------------------------

--
-- Table structure for table `staff`
--

CREATE TABLE `staff` (
  `staff_id` int(8) NOT NULL,
  `current_school_id` decimal(10,0) DEFAULT NULL,
  `title` varchar(10) CHARACTER SET utf8 DEFAULT NULL,
  `first_name` varchar(100) CHARACTER SET utf8 DEFAULT NULL,
  `last_name` varchar(100) CHARACTER SET utf8 DEFAULT NULL,
  `middle_name` varchar(100) CHARACTER SET utf8 DEFAULT NULL,
  `phone` varchar(100) CHARACTER SET utf8 DEFAULT NULL,
  `email` varchar(100) CHARACTER SET utf8 DEFAULT NULL,
  `profile` varchar(30) CHARACTER SET utf8 DEFAULT NULL,
  `homeroom` varchar(5) CHARACTER SET utf8 DEFAULT NULL,
  `profile_id` decimal(10,0) DEFAULT NULL,
  `primary_language_id` int(8) DEFAULT NULL,
  `gender` varchar(8) CHARACTER SET utf8 DEFAULT NULL,
  `ethnicity_id` int(8) DEFAULT NULL,
  `birthdate` date DEFAULT NULL,
  `alternate_id` varchar(50) CHARACTER SET utf8 DEFAULT NULL,
  `name_suffix` varchar(32) CHARACTER SET utf8 DEFAULT NULL,
  `second_language_id` int(8) DEFAULT NULL,
  `third_language_id` int(8) DEFAULT NULL,
  `is_disable` varchar(10) CHARACTER SET utf8 DEFAULT NULL,
  `physical_disability` varchar(1) CHARACTER SET utf8 DEFAULT NULL,
  `disability_desc` varchar(225) COLLATE utf8_unicode_ci DEFAULT NULL,
  `last_updated` timestamp NOT NULL DEFAULT CURRENT_TIMESTAMP,
  `updated_by` varchar(255) COLLATE utf8_unicode_ci DEFAULT NULL
) ENGINE=MyISAM DEFAULT CHARSET=utf8 COLLATE=utf8_unicode_ci;

--
-- Dumping data for table `staff`
--

INSERT INTO `staff` (`staff_id`, `current_school_id`, `title`, `first_name`, `last_name`, `middle_name`, `phone`, `email`, `profile`, `homeroom`, `profile_id`, `primary_language_id`, `gender`, `ethnicity_id`, `birthdate`, `alternate_id`, `name_suffix`, `second_language_id`, `third_language_id`, `is_disable`, `physical_disability`, `disability_desc`, `last_updated`, `updated_by`) VALUES
(1, '1', NULL, 'os4ed', 'admin', '', NULL, NULL, 'admin', NULL, '0', NULL, NULL, NULL, NULL, NULL, NULL, NULL, NULL, 'N', NULL, NULL, '2015-07-28 07:26:33', NULL),
(2, '1', 'Mrs.', 'Adeline ', 'Johnson ', 'E.', NULL, 'ajohnson@domain.edu', 'teacher', NULL, '2', NULL, NULL, NULL, NULL, 'TC345', NULL, NULL, NULL, NULL, 'N', NULL, '2015-07-28 07:26:33', NULL),
(3, '1', 'Mr.', 'Karim ', 'El Abassi ', NULL, NULL, 'kelabassi@domain.edu', 'admin', NULL, '1', NULL, NULL, NULL, NULL, 'AD875', NULL, NULL, NULL, NULL, 'N', NULL, '2015-07-28 07:26:33', NULL),
(4, '1', 'Mrs.', 'Elizabeth ', 'Godshall ', NULL, NULL, 'egodshall@domain.edu', 'teacher', NULL, '2', NULL, NULL, NULL, NULL, 'EG215', NULL, NULL, NULL, NULL, 'N', NULL, '2015-07-28 07:26:33', NULL),
(5, '1', 'Mrs.', 'Kim ', 'Hall ', NULL, NULL, 'khall@domain.edu', 'teacher', NULL, '2', NULL, NULL, NULL, NULL, 'AF658', NULL, NULL, NULL, NULL, 'N', NULL, '2015-07-28 07:26:33', NULL),
(6, '1', 'Mrs.', 'Dianne ', 'McCoy ', NULL, NULL, 'dmccoy@domain.edu', 'teacher', NULL, '2', NULL, NULL, NULL, NULL, 'ER784', NULL, NULL, NULL, NULL, 'N', NULL, '2015-07-28 07:26:33', NULL),
(7, '1', 'Mr.', 'Steve ', 'Wilson ', NULL, NULL, 'swilson@domain.edu', 'teacher', NULL, '2', NULL, NULL, NULL, NULL, 'GI745', NULL, NULL, NULL, NULL, 'N', NULL, '2015-07-28 07:26:33', NULL),
(8, '1', 'Mr.', 'Franklin ', 'Foster ', 'W.', NULL, 'ffoster@domain.edu', 'teacher', NULL, '2', NULL, NULL, NULL, NULL, 'FT745', NULL, NULL, NULL, NULL, 'N', NULL, '2015-07-28 07:26:33', NULL),
(9, '1', 'Mr.', 'Frank ', 'Morgan ', NULL, NULL, 'fmorgan@domain.edu', 'teacher', NULL, '2', NULL, NULL, NULL, NULL, 'TR896', NULL, NULL, NULL, NULL, 'N', NULL, '2015-07-28 07:26:33', NULL),
(10, '1', 'Mr.', 'John ', 'Kirby ', NULL, NULL, 'jkirby@domain.edu', 'teacher', NULL, '2', NULL, NULL, NULL, NULL, 'RY745', NULL, NULL, NULL, NULL, 'N', NULL, '2015-07-28 07:26:33', NULL),
(11, '1', 'Ms.', 'Ashley ', 'Salter ', NULL, NULL, 'asalter@domain.edu', 'teacher', NULL, '2', NULL, NULL, NULL, NULL, 'TW724', NULL, NULL, NULL, NULL, 'N', NULL, '2015-07-28 07:26:33', NULL);

-- --------------------------------------------------------

--
-- Table structure for table `staff_address`
--

CREATE TABLE `staff_address` (
  `staff_address_id` int(8) NOT NULL,
  `staff_id` int(8) NOT NULL,
  `staff_address1_primary` text NOT NULL,
  `staff_address2_primary` text,
  `staff_city_primary` varchar(255) NOT NULL,
  `staff_state_primary` varchar(255) NOT NULL,
  `staff_zip_primary` varchar(255) NOT NULL,
  `staff_address1_mail` text NOT NULL,
  `staff_address2_mail` text,
  `staff_city_mail` varchar(255) NOT NULL,
  `staff_state_mail` varchar(255) NOT NULL,
  `staff_zip_mail` varchar(255) NOT NULL,
  `last_update` datetime NOT NULL,
  `staff_pobox_mail` varchar(255) DEFAULT NULL,
  `last_updated` timestamp NOT NULL DEFAULT CURRENT_TIMESTAMP COMMENT 'Date time staff address record modified',
  `updated_by` varchar(255) DEFAULT NULL
) ENGINE=MyISAM DEFAULT CHARSET=utf8;

--
-- Dumping data for table `staff_address`
--

INSERT INTO `staff_address` (`staff_address_id`, `staff_id`, `staff_address1_primary`, `staff_address2_primary`, `staff_city_primary`, `staff_state_primary`, `staff_zip_primary`, `staff_address1_mail`, `staff_address2_mail`, `staff_city_mail`, `staff_state_mail`, `staff_zip_mail`, `last_update`, `staff_pobox_mail`, `last_updated`, `updated_by`) VALUES
(1, 2, '', NULL, '', '', '', '', NULL, '', '', '', '0000-00-00 00:00:00', NULL, '2015-06-15 04:51:41', NULL),
(2, 3, '', NULL, '', '', '', '', NULL, '', '', '', '0000-00-00 00:00:00', NULL, '2015-06-15 04:55:08', NULL),
(3, 4, '', NULL, '', '', '', '', NULL, '', '', '', '0000-00-00 00:00:00', NULL, '2015-06-15 04:58:48', NULL),
(4, 5, '', NULL, '', '', '', '', NULL, '', '', '', '0000-00-00 00:00:00', NULL, '2015-06-15 05:01:32', NULL),
(5, 6, '', NULL, '', '', '', '', NULL, '', '', '', '0000-00-00 00:00:00', NULL, '2015-06-15 05:04:23', NULL),
(6, 8, '', NULL, '', '', '', '', NULL, '', '', '', '0000-00-00 00:00:00', NULL, '2015-06-15 05:09:01', NULL),
(7, 9, '', NULL, '', '', '', '', NULL, '', '', '', '0000-00-00 00:00:00', NULL, '2015-06-15 05:11:28', NULL),
(8, 10, '', NULL, '', '', '', '', NULL, '', '', '', '0000-00-00 00:00:00', NULL, '2015-06-15 05:13:33', NULL),
(9, 11, '', NULL, '', '', '', '', NULL, '', '', '', '0000-00-00 00:00:00', NULL, '2015-06-15 05:15:24', NULL);

-- --------------------------------------------------------

--
-- Table structure for table `staff_certification`
--

CREATE TABLE `staff_certification` (
  `staff_certification_id` int(8) NOT NULL,
  `staff_id` int(8) NOT NULL,
  `staff_certification_date` date DEFAULT NULL,
  `staff_certification_expiry_date` date DEFAULT NULL,
  `staff_certification_code` varchar(127) DEFAULT NULL,
  `staff_certification_short_name` varchar(127) DEFAULT NULL,
  `staff_certification_name` varchar(255) DEFAULT NULL,
  `staff_primary_certification_indicator` char(1) DEFAULT NULL,
  `last_update` datetime NOT NULL,
  `staff_certification_description` text,
  `last_updated` timestamp NOT NULL DEFAULT CURRENT_TIMESTAMP,
  `updated_by` varchar(255) DEFAULT NULL
) ENGINE=MyISAM DEFAULT CHARSET=utf8;

-- --------------------------------------------------------

--
-- Table structure for table `staff_contact`
--

CREATE TABLE `staff_contact` (
  `staff_phone_id` int(8) NOT NULL,
  `staff_id` int(8) NOT NULL,
  `last_update` datetime NOT NULL,
  `staff_home_phone` varchar(62) DEFAULT NULL,
  `staff_mobile_phone` varchar(62) DEFAULT NULL,
  `staff_work_phone` varchar(62) DEFAULT NULL,
  `staff_work_email` varchar(127) DEFAULT NULL,
  `staff_personal_email` varchar(127) DEFAULT NULL,
  `last_updated` timestamp NOT NULL DEFAULT CURRENT_TIMESTAMP,
  `updated_by` varchar(255) DEFAULT NULL
) ENGINE=MyISAM DEFAULT CHARSET=utf8;

--
-- Dumping data for table `staff_contact`
--

INSERT INTO `staff_contact` (`staff_phone_id`, `staff_id`, `last_update`, `staff_home_phone`, `staff_mobile_phone`, `staff_work_phone`, `staff_work_email`, `staff_personal_email`, `last_updated`, `updated_by`) VALUES
(1, 2, '0000-00-00 00:00:00', NULL, '770-555-1212', NULL, NULL, NULL, '2015-07-28 07:26:33', NULL),
(2, 3, '0000-00-00 00:00:00', NULL, '770-555-1212', NULL, NULL, NULL, '2015-07-28 07:26:33', NULL),
(3, 4, '0000-00-00 00:00:00', NULL, '770-555-1212', NULL, NULL, NULL, '2015-07-28 07:26:33', NULL),
(4, 5, '0000-00-00 00:00:00', NULL, '770-555-1212', NULL, NULL, NULL, '2015-07-28 07:26:33', NULL),
(5, 6, '0000-00-00 00:00:00', NULL, '770-555-1212', NULL, NULL, NULL, '2015-07-28 07:26:33', NULL),
(6, 8, '0000-00-00 00:00:00', NULL, '770-555-1212', NULL, NULL, NULL, '2015-07-28 07:26:33', NULL),
(7, 9, '0000-00-00 00:00:00', NULL, '770-555-1212', NULL, NULL, NULL, '2015-07-28 07:26:33', NULL),
(8, 10, '0000-00-00 00:00:00', NULL, '770-555-1212', NULL, NULL, NULL, '2015-07-28 07:26:33', NULL),
(9, 11, '0000-00-00 00:00:00', NULL, '770-555-1212', NULL, NULL, NULL, '2015-07-28 07:26:33', NULL);

-- --------------------------------------------------------

--
-- Table structure for table `staff_emergency_contact`
--

CREATE TABLE `staff_emergency_contact` (
  `staff_emergency_contact_id` int(8) NOT NULL,
  `staff_id` int(8) NOT NULL,
  `staff_emergency_first_name` varchar(255) NOT NULL,
  `staff_emergency_last_name` varchar(255) NOT NULL,
  `staff_emergency_relationship` varchar(255) NOT NULL,
  `staff_emergency_home_phone` varchar(64) DEFAULT NULL,
  `staff_emergency_mobile_phone` varchar(64) DEFAULT NULL,
  `staff_emergency_work_phone` varchar(64) DEFAULT NULL,
  `staff_emergency_email` varchar(255) DEFAULT NULL,
  `last_updated` timestamp NOT NULL DEFAULT CURRENT_TIMESTAMP,
  `updated_by` varchar(255) DEFAULT NULL
) ENGINE=MyISAM DEFAULT CHARSET=utf8;

--
-- Dumping data for table `staff_emergency_contact`
--

INSERT INTO `staff_emergency_contact` (`staff_emergency_contact_id`, `staff_id`, `staff_emergency_first_name`, `staff_emergency_last_name`, `staff_emergency_relationship`, `staff_emergency_home_phone`, `staff_emergency_mobile_phone`, `staff_emergency_work_phone`, `staff_emergency_email`, `last_updated`, `updated_by`) VALUES
(1, 2, '', '', '', NULL, NULL, NULL, NULL, '2015-07-28 07:26:33', NULL),
(2, 3, '', '', '', NULL, NULL, NULL, NULL, '2015-07-28 07:26:33', NULL),
(3, 4, '', '', '', NULL, NULL, NULL, NULL, '2015-07-28 07:26:33', NULL),
(4, 5, '', '', '', NULL, NULL, NULL, NULL, '2015-07-28 07:26:33', NULL),
(5, 6, '', '', '', NULL, NULL, NULL, NULL, '2015-07-28 07:26:33', NULL),
(6, 8, '', '', '', NULL, NULL, NULL, NULL, '2015-07-28 07:26:33', NULL),
(7, 9, '', '', '', NULL, NULL, NULL, NULL, '2015-07-28 07:26:33', NULL),
(8, 10, '', '', '', NULL, NULL, NULL, NULL, '2015-07-28 07:26:33', NULL),
(9, 11, '', '', '', NULL, NULL, NULL, NULL, '2015-07-28 07:26:33', NULL);

-- --------------------------------------------------------

--
-- Table structure for table `staff_field_categories`
--

CREATE TABLE `staff_field_categories` (
  `id` int(8) NOT NULL DEFAULT '0',
  `title` varchar(100) DEFAULT NULL,
  `sort_order` decimal(10,0) DEFAULT NULL,
  `include` varchar(100) DEFAULT NULL,
  `admin` char(1) DEFAULT NULL,
  `teacher` char(1) DEFAULT NULL,
  `parent` char(1) DEFAULT NULL,
  `none` char(1) DEFAULT NULL,
  `last_updated` timestamp NOT NULL DEFAULT CURRENT_TIMESTAMP,
  `updated_by` varchar(255) DEFAULT NULL
) ENGINE=InnoDB DEFAULT CHARSET=utf8;

--
-- Dumping data for table `staff_field_categories`
--

INSERT INTO `staff_field_categories` (`id`, `title`, `sort_order`, `include`, `admin`, `teacher`, `parent`, `none`, `last_updated`, `updated_by`) VALUES
(1, 'Demographic Info', '1', NULL, 'Y', 'Y', 'Y', 'Y', '2015-07-28 07:26:33', NULL),
(2, 'Addresses & Contacts', '2', NULL, 'Y', 'Y', 'Y', 'Y', '2015-07-28 07:26:33', NULL),
(3, 'School Information', '3', NULL, 'Y', 'Y', 'Y', 'Y', '2015-07-28 07:26:33', NULL),
(4, 'Certification Information', '4', NULL, 'Y', 'Y', 'Y', 'Y', '2015-07-28 07:26:33', NULL),
(5, 'Schedule', '5', NULL, 'Y', 'Y', NULL, NULL, '2015-07-28 07:26:33', NULL);

-- --------------------------------------------------------

--
-- Table structure for table `staff_fields`
--

CREATE TABLE `staff_fields` (
  `id` int(8) NOT NULL,
  `type` varchar(10) DEFAULT NULL,
  `search` varchar(1) DEFAULT NULL,
  `title` varchar(30) DEFAULT NULL,
  `sort_order` decimal(10,0) DEFAULT NULL,
  `select_options` varchar(10000) DEFAULT NULL,
  `category_id` decimal(10,0) DEFAULT NULL,
  `system_field` char(1) DEFAULT NULL,
  `required` varchar(1) DEFAULT NULL,
  `default_selection` varchar(255) DEFAULT NULL,
  `last_updated` timestamp NOT NULL DEFAULT CURRENT_TIMESTAMP,
  `updated_by` varchar(255) DEFAULT NULL
) ENGINE=MyISAM DEFAULT CHARSET=utf8;

-- --------------------------------------------------------

--
-- Table structure for table `staff_school_info`
--

CREATE TABLE `staff_school_info` (
  `staff_school_info_id` int(8) NOT NULL,
  `staff_id` int(8) NOT NULL,
  `category` varchar(255) NOT NULL,
  `job_title` varchar(255) NOT NULL,
  `joining_date` date DEFAULT NULL,
  `end_date` date DEFAULT NULL,
  `home_school` int(8) NOT NULL,
  `opensis_access` char(1) NOT NULL DEFAULT 'N',
  `opensis_profile` varchar(255) DEFAULT NULL,
  `school_access` varchar(255) DEFAULT NULL,
  `last_updated` timestamp NOT NULL DEFAULT CURRENT_TIMESTAMP COMMENT 'Date and time staff school info was modified',
  `updated_by` varchar(255) DEFAULT NULL
) ENGINE=MyISAM DEFAULT CHARSET=utf8;

--
-- Dumping data for table `staff_school_info`
--

INSERT INTO `staff_school_info` (`staff_school_info_id`, `staff_id`, `category`, `job_title`, `joining_date`, `end_date`, `home_school`, `opensis_access`, `opensis_profile`, `school_access`, `last_updated`, `updated_by`) VALUES
(1, 1, 'Super Administrator', 'Super Administrator', '2015-06-15', NULL, 1, 'Y', '0', ',1,', '2015-06-15 02:18:37', NULL),
(2, 2, 'Teacher', '', '2014-08-04', NULL, 1, 'Y', '2', ',1,', '2015-06-15 04:50:36', NULL),
(3, 3, 'Administrator', '', '2014-08-04', NULL, 1, 'Y', '1', ',1,', '2015-06-15 04:54:09', NULL),
(4, 4, 'Teacher', '', '2014-08-04', NULL, 1, 'Y', '2', ',1,', '2015-06-15 04:56:58', NULL),
(5, 5, 'Teacher', '', '2014-08-04', NULL, 1, 'Y', '2', ',1,', '2015-06-15 05:01:08', NULL),
(6, 6, 'Teacher', '', '2014-08-04', NULL, 1, 'Y', '2', ',1,', '2015-06-15 05:03:52', NULL),
(7, 7, 'Teacher', '', '2014-08-04', NULL, 1, 'Y', '2', ',1,', '2015-06-15 05:06:41', NULL),
(8, 8, 'Teacher', '', '2014-08-04', NULL, 1, 'Y', '2', ',1,', '2015-06-15 05:08:46', NULL),
(9, 9, 'Teacher', '', '2014-08-04', NULL, 1, 'Y', '2', ',1,', '2015-06-15 05:11:11', NULL),
(10, 10, 'Teacher', '', '2014-08-04', NULL, 1, 'Y', '2', ',1,', '2015-06-15 05:13:08', NULL),
(11, 11, 'Teacher', '', '2014-08-04', NULL, 1, 'Y', '2', ',1,', '2015-06-15 05:15:07', NULL);

-- --------------------------------------------------------

--
-- Table structure for table `staff_school_relationship`
--

CREATE TABLE `staff_school_relationship` (
  `staff_id` int(11) NOT NULL,
  `school_id` int(11) NOT NULL,
  `syear` int(4) NOT NULL,
  `last_updated` timestamp NOT NULL DEFAULT CURRENT_TIMESTAMP,
  `updated_by` varchar(255) DEFAULT NULL,
  `start_date` date NOT NULL,
  `end_date` date NOT NULL
) ENGINE=MyISAM DEFAULT CHARSET=utf8;

--
-- Dumping data for table `staff_school_relationship`
--

INSERT INTO `staff_school_relationship` (`staff_id`, `school_id`, `syear`, `last_updated`, `updated_by`, `start_date`, `end_date`) VALUES
(1, 1, 2015, '2015-07-28 07:26:33', NULL, '0000-00-00', '0000-00-00'),
(2, 1, 2015, '2015-07-28 07:26:33', NULL, '2015-08-03', '0000-00-00'),
(3, 1, 2015, '2015-07-28 07:26:33', NULL, '2014-08-04', '0000-00-00'),
(4, 1, 2015, '2015-07-28 07:26:33', NULL, '2015-06-15', '0000-00-00'),
(5, 1, 2015, '2015-07-28 07:26:33', NULL, '2015-06-15', '0000-00-00'),
(6, 1, 2015, '2015-07-28 07:26:33', NULL, '2015-06-15', '0000-00-00'),
(7, 1, 2015, '2015-07-28 07:26:33', NULL, '2015-06-15', '0000-00-00'),
(8, 1, 2015, '2015-07-28 07:26:33', NULL, '2015-06-15', '0000-00-00'),
(9, 1, 2015, '2015-07-28 07:26:33', NULL, '2015-06-15', '0000-00-00'),
(10, 1, 2015, '2015-07-28 07:26:33', NULL, '2015-06-15', '0000-00-00'),
(11, 1, 2015, '2015-07-28 07:26:33', NULL, '2015-06-15', '0000-00-00'),
(1, 2, 2016, '2015-07-28 07:26:33', NULL, '0000-00-00', '0000-00-00');

-- --------------------------------------------------------

--
-- Table structure for table `student_address`
--

CREATE TABLE `student_address` (
  `id` int(11) NOT NULL,
  `student_id` int(11) NOT NULL,
  `syear` int(11) NOT NULL,
  `school_id` int(11) NOT NULL,
  `street_address_1` varchar(5000) DEFAULT NULL,
  `street_address_2` varchar(5000) DEFAULT NULL,
  `city` varchar(255) DEFAULT NULL,
  `state` varchar(255) DEFAULT NULL,
  `zipcode` varchar(255) DEFAULT NULL,
  `bus_pickup` varchar(1) DEFAULT NULL,
  `bus_dropoff` varchar(1) DEFAULT NULL,
  `bus_no` varchar(255) DEFAULT NULL,
  `type` varchar(500) NOT NULL,
  `people_id` int(11) DEFAULT NULL,
  `last_updated` timestamp NOT NULL DEFAULT CURRENT_TIMESTAMP,
  `updated_by` varchar(255) DEFAULT NULL
) ENGINE=InnoDB DEFAULT CHARSET=utf8;

--
-- Dumping data for table `student_address`
--

INSERT INTO `student_address` (`id`, `student_id`, `syear`, `school_id`, `street_address_1`, `street_address_2`, `city`, `state`, `zipcode`, `bus_pickup`, `bus_dropoff`, `bus_no`, `type`, `people_id`, `last_updated`, `updated_by`) VALUES
(1, 1, 2015, 1, '123 Main Street', 'Apt 3B', 'Atlanta', 'GA', '30033', NULL, NULL, NULL, 'Home Address', NULL, '2015-07-28 07:26:33', NULL),
(2, 1, 2015, 1, '123 Main Street', 'Apt 3B', 'Atlanta', 'GA', '30033', NULL, NULL, NULL, 'Mail', NULL, '2015-07-28 07:26:33', NULL),
(3, 1, 2015, 1, '123 Main Street', NULL, 'Atlanta', 'GA', '30033', NULL, NULL, NULL, 'Secondary', 2, '2015-07-28 07:26:33', NULL),
(4, 1, 2015, 1, '3343 Lawrenceville Hwy', NULL, 'Lawrenceville', 'GA', '30043', NULL, NULL, NULL, 'Primary', 1, '2015-07-28 07:26:33', NULL),
(5, 2, 2015, 1, '12 Brookwood Estates Trail', NULL, 'Stockbridge', 'GA', '30058', NULL, NULL, NULL, 'Home Address', NULL, '2015-07-28 07:26:33', NULL),
(6, 2, 2015, 1, '12 Brookwood Estates Trail', NULL, 'Stockbridge', 'GA', '30058', NULL, NULL, NULL, 'Mail', NULL, '2015-07-28 07:26:33', NULL),
(7, 2, 2015, 1, '12 Brookwood Estates Trail', NULL, 'Stockbridge', 'GA', '30058', NULL, NULL, NULL, 'Secondary', 4, '2015-07-28 07:26:33', NULL),
(8, 2, 2015, 1, '12 Brookwood Estates Trail', NULL, 'Stockbridge', 'GA', '30058', NULL, NULL, NULL, 'Primary', 3, '2015-07-28 07:26:33', NULL),
(9, 3, 2015, 1, '121 Mitchells Ridge Drive', NULL, 'Ellenwood', 'GA', '30097', NULL, NULL, NULL, 'Home Address', NULL, '2015-07-28 07:26:33', NULL),
(10, 3, 2015, 1, '121 Mitchells Ridge Drive', NULL, 'Ellenwood', 'GA', '30097', NULL, NULL, NULL, 'Mail', NULL, '2015-07-28 07:26:33', NULL),
(11, 3, 2015, 1, '121 Mitchells Ridge Drive', NULL, 'Ellenwood', 'GA', '30097', NULL, NULL, NULL, 'Secondary', 6, '2015-07-28 07:26:33', NULL),
(12, 3, 2015, 1, '121 Mitchells Ridge Drive', NULL, 'Ellenwood', 'GA', '30097', NULL, NULL, NULL, 'Primary', 5, '2015-07-28 07:26:33', NULL),
(13, 4, 2015, 1, '115 meadow ridge', NULL, 'Stockbridge', 'GA', '30097', NULL, NULL, NULL, 'Home Address', NULL, '2015-07-28 07:26:33', NULL),
(14, 4, 2015, 1, '115 meadow ridge', NULL, 'Stockbridge', 'GA', '30097', NULL, NULL, NULL, 'Mail', NULL, '2015-07-28 07:26:33', NULL),
(15, 4, 2015, 1, '115 meadow ridge', NULL, 'Stockbridge', 'GA', '30097', NULL, NULL, NULL, 'Secondary', 8, '2015-07-28 07:26:33', NULL),
(16, 4, 2015, 1, '115 meadow ridge', NULL, 'Stockbridge', 'GA', '30097', NULL, NULL, NULL, 'Primary', 7, '2015-07-28 07:26:33', NULL),
(17, 5, 2015, 1, '219 River Rd', NULL, 'Ellenwood', 'GA', '30097', NULL, NULL, NULL, 'Home Address', NULL, '2015-07-28 07:26:33', NULL),
(18, 5, 2015, 1, '219 River Rd', NULL, 'Ellenwood', 'GA', '30097', NULL, NULL, NULL, 'Mail', NULL, '2015-07-28 07:26:33', NULL),
(19, 5, 2015, 1, '219 River Rd', NULL, 'Ellenwood', 'GA', '30097', NULL, NULL, NULL, 'Secondary', 10, '2015-07-28 07:26:33', NULL),
(20, 5, 2015, 1, '219 River Rd', NULL, 'Ellenwood', 'GA', '30097', NULL, NULL, NULL, 'Primary', 9, '2015-07-28 07:26:33', NULL),
(21, 6, 2015, 1, '121 Mitchells Drive', NULL, 'Ellenwood', 'GA', '30097', NULL, NULL, NULL, 'Home Address', NULL, '2015-07-28 07:26:33', NULL),
(22, 6, 2015, 1, '121 Mitchells Drive', NULL, 'Ellenwood', 'GA', '30097', NULL, NULL, NULL, 'Mail', NULL, '2015-07-28 07:26:33', NULL),
(23, 6, 2015, 1, '121 Mitchells Drive', NULL, 'Ellenwood', 'GA', '30097', NULL, NULL, NULL, 'Secondary', 12, '2015-07-28 07:26:33', NULL),
(24, 6, 2015, 1, '121 Mitchells Drive', NULL, 'Ellenwood', 'GA', '30097', NULL, NULL, NULL, 'Primary', 11, '2015-07-28 07:26:33', NULL),
(25, 7, 2015, 1, '123 High St.', NULL, 'Atlanta', 'GA', '30097', NULL, NULL, NULL, 'Home Address', NULL, '2015-07-28 07:26:33', NULL),
(26, 7, 2015, 1, '123 High St.', NULL, 'Atlanta', 'GA', '30097', NULL, NULL, NULL, 'Mail', NULL, '2015-07-28 07:26:33', NULL),
(27, 7, 2015, 1, '123 High St.', NULL, 'Atlanta', 'GA', '30097', NULL, NULL, NULL, 'Secondary', 14, '2015-07-28 07:26:33', NULL),
(28, 7, 2015, 1, '123 High St.', NULL, 'Atlanta', 'GA', '30097', NULL, NULL, NULL, 'Primary', 13, '2015-07-28 07:26:33', NULL),
(29, 8, 2015, 1, '37 Brook Forest Trace', NULL, 'Decatur', 'GA', '30097', NULL, NULL, NULL, 'Home Address', NULL, '2015-07-28 07:26:33', NULL),
(30, 8, 2015, 1, '37 Brook Forest Trace', NULL, 'Decatur', 'GA', '30097', NULL, NULL, NULL, 'Mail', NULL, '2015-07-28 07:26:33', NULL),
(31, 8, 2015, 1, '37 Brook Forest Trace', NULL, 'Decatur', 'GA', '30097', NULL, NULL, NULL, 'Secondary', 16, '2015-07-28 07:26:33', NULL),
(32, 8, 2015, 1, '37 Brook Forest Trace', NULL, 'Decatur', 'GA', '30097', NULL, NULL, NULL, 'Primary', 15, '2015-07-28 07:26:33', NULL),
(33, 9, 2015, 1, '1401 Senate Street', NULL, 'Doraville', 'GA', '30097', NULL, NULL, NULL, 'Home Address', NULL, '2015-07-28 07:26:33', NULL),
(34, 9, 2015, 1, '1401 Senate Street', NULL, 'Doraville', 'GA', '30097', NULL, NULL, NULL, 'Mail', NULL, '2015-07-28 07:26:33', NULL),
(35, 9, 2015, 1, '1401 Senate Street', NULL, 'Doraville', 'GA', '30097', NULL, NULL, NULL, 'Secondary', 18, '2015-07-28 07:26:33', NULL),
(36, 9, 2015, 1, '1401 Senate Street', NULL, 'Doraville', 'GA', '30097', NULL, NULL, NULL, 'Primary', 17, '2015-07-28 07:26:33', NULL),
(37, 10, 2015, 1, '11 Huntcliff Trail', NULL, 'Ellenwood', 'GA', '30097', NULL, NULL, NULL, 'Home Address', NULL, '2015-07-28 07:26:33', NULL),
(38, 10, 2015, 1, '11 Huntcliff Trail', NULL, 'Ellenwood', 'GA', '30097', NULL, NULL, NULL, 'Mail', NULL, '2015-07-28 07:26:33', NULL),
(39, 10, 2015, 1, '11 Huntcliff Trail', NULL, 'Ellenwood', 'GA', '30097', NULL, NULL, NULL, 'Secondary', 20, '2015-07-28 07:26:33', NULL),
(40, 10, 2015, 1, '11 Huntcliff Trail', NULL, 'Ellenwood', 'GA', '30097', NULL, NULL, NULL, 'Primary', 19, '2015-07-28 07:26:33', NULL),
(41, 11, 2015, 1, '200 Lincoln Ave', NULL, 'Duluth', 'GA', '30097', NULL, NULL, NULL, 'Home Address', NULL, '2015-07-28 07:26:33', NULL),
(42, 11, 2015, 1, '200 Lincoln Ave', NULL, 'Duluth', 'GA', '30097', NULL, NULL, NULL, 'Mail', NULL, '2015-07-28 07:26:33', NULL),
(43, 11, 2015, 1, '200 Lincoln Ave', NULL, 'Duluth', 'GA', '30097', NULL, NULL, NULL, 'Secondary', 22, '2015-07-28 07:26:33', NULL),
(44, 11, 2015, 1, '200 Lincoln Ave', NULL, 'Duluth', 'GA', '30097', NULL, NULL, NULL, 'Primary', 21, '2015-07-28 07:26:33', NULL),
(45, 12, 2015, 1, '65 West Alisal', NULL, 'Duluth', 'GA', '30097', NULL, NULL, NULL, 'Home Address', NULL, '2015-07-28 07:26:33', NULL),
(46, 12, 2015, 1, '65 West Alisal', NULL, 'Duluth', 'GA', '30097', NULL, NULL, NULL, 'Mail', NULL, '2015-07-28 07:26:33', NULL),
(47, 12, 2015, 1, '65 West Alisal', NULL, 'Duluth', 'GA', '30097', NULL, NULL, NULL, 'Secondary', 24, '2015-07-28 07:26:33', NULL),
(48, 12, 2015, 1, '65 West Alisal', NULL, 'Duluth', 'GA', '30097', NULL, NULL, NULL, 'Primary', 23, '2015-07-28 07:26:33', NULL),
(49, 13, 2015, 1, '200 Lincoln Ave', NULL, 'Duluth', 'GA', '30097', NULL, NULL, NULL, 'Home Address', NULL, '2015-07-28 07:26:33', NULL),
(50, 13, 2015, 1, '200 Lincoln Ave', NULL, 'Duluth', 'GA', '30097', NULL, NULL, NULL, 'Mail', NULL, '2015-07-28 07:26:33', NULL),
(51, 13, 2015, 1, '200 Lincoln Ave', NULL, 'Duluth', 'GA', '30097', NULL, NULL, NULL, 'Secondary', 26, '2015-07-28 07:26:33', NULL),
(52, 13, 2015, 1, '200 Lincoln Ave', NULL, 'Duluth', 'GA', '30097', NULL, NULL, NULL, 'Primary', 25, '2015-07-28 07:26:33', NULL),
(53, 14, 2015, 1, '30 Mortensen Avenue', NULL, 'Duluth', 'GA', '30097', NULL, NULL, NULL, 'Home Address', NULL, '2015-07-28 07:26:33', NULL),
(54, 14, 2015, 1, '30 Mortensen Avenue', NULL, 'Duluth', 'GA', '30097', NULL, NULL, NULL, 'Mail', NULL, '2015-07-28 07:26:33', NULL),
(55, 14, 2015, 1, '30 Mortensen Avenue', NULL, 'Duluth', 'GA', '30097', NULL, NULL, NULL, 'Secondary', 28, '2015-07-28 07:26:33', NULL),
(56, 14, 2015, 1, '30 Mortensen Avenue', NULL, 'Duluth', 'GA', '30097', NULL, NULL, NULL, 'Primary', 27, '2015-07-28 07:26:33', NULL),
(57, 15, 2015, 1, '222 Lincoln Ave', NULL, 'Duluth', 'GA', '30097', NULL, NULL, NULL, 'Home Address', NULL, '2015-07-28 07:26:33', NULL),
(58, 15, 2015, 1, '222 Lincoln Ave', NULL, 'Duluth', 'GA', '30097', NULL, NULL, NULL, 'Mail', NULL, '2015-07-28 07:26:33', NULL),
(59, 15, 2015, 1, '222 Lincoln Ave', NULL, 'Duluth', 'GA', '30097', NULL, NULL, NULL, 'Secondary', 30, '2015-07-28 07:26:33', NULL),
(60, 15, 2015, 1, '222 Lincoln Ave', NULL, 'Duluth', 'GA', '30097', NULL, NULL, NULL, 'Primary', 29, '2015-07-28 07:26:33', NULL),
(61, 16, 2015, 1, '1600 Main Street', NULL, 'Alpharetta', 'GA', '30097', NULL, NULL, NULL, 'Home Address', NULL, '2015-07-28 07:26:33', NULL),
(62, 16, 2015, 1, '1600 Main Street', NULL, 'Alpharetta', 'GA', '30097', NULL, NULL, NULL, 'Mail', NULL, '2015-07-28 07:26:33', NULL),
(63, 16, 2015, 1, '1600 Main Street', NULL, 'Alpharetta', 'GA', '30097', NULL, NULL, NULL, 'Secondary', 32, '2015-07-28 07:26:33', NULL),
(64, 16, 2015, 1, '1600 Main Street', NULL, 'Alpharetta', 'GA', '30097', NULL, NULL, NULL, 'Primary', 31, '2015-07-28 07:26:33', NULL),
(65, 17, 2015, 1, '36 Graden City', NULL, 'Atlanta', 'GA', '30097', NULL, NULL, NULL, 'Home Address', NULL, '2015-07-28 07:26:33', NULL),
(66, 17, 2015, 1, '36 Graden City', NULL, 'Atlanta', 'GA', '30097', NULL, NULL, NULL, 'Mail', NULL, '2015-07-28 07:26:33', NULL),
(67, 17, 2015, 1, '36 Graden City', NULL, 'Atlanta', 'GA', '30097', NULL, NULL, NULL, 'Secondary', 34, '2015-07-28 07:26:33', NULL),
(68, 17, 2015, 1, '36 Graden City', NULL, 'Atlanta', 'GA', '30097', NULL, NULL, NULL, 'Primary', 33, '2015-07-28 07:26:33', NULL),
(69, 18, 2015, 1, '59 temple Ave', NULL, 'Atlanta', 'GA', '30097', NULL, NULL, NULL, 'Home Address', NULL, '2015-07-28 07:26:33', NULL),
(70, 18, 2015, 1, '59 temple Ave', NULL, 'Atlanta', 'GA', '30097', NULL, NULL, NULL, 'Mail', NULL, '2015-07-28 07:26:33', NULL),
(71, 18, 2015, 1, '59 temple Ave', NULL, 'Atlanta', 'GA', '30097', NULL, NULL, NULL, 'Secondary', 36, '2015-07-28 07:26:33', NULL),
(72, 18, 2015, 1, '59 temple Ave', NULL, 'Atlanta', 'GA', '30097', NULL, NULL, NULL, 'Primary', 35, '2015-07-28 07:26:33', NULL),
(73, 19, 2015, 1, '69, Lake view', NULL, 'Alpharetta', 'GA', '30097', NULL, NULL, NULL, 'Home Address', NULL, '2015-07-28 07:26:33', NULL),
(74, 19, 2015, 1, '69, Lake view', NULL, 'Alpharetta', 'GA', '30097', NULL, NULL, NULL, 'Mail', NULL, '2015-07-28 07:26:33', NULL),
(75, 19, 2015, 1, '69, Lake view', NULL, 'Alpharetta', 'GA', '30097', NULL, NULL, NULL, 'Secondary', 38, '2015-07-28 07:26:33', NULL),
(76, 19, 2015, 1, '69, Lake view', NULL, 'Alpharetta', 'GA', '30097', NULL, NULL, NULL, 'Primary', 37, '2015-07-28 07:26:33', NULL),
(77, 20, 2015, 1, '78, River view rd', NULL, 'Atlanta', 'GA', '30034', NULL, NULL, NULL, 'Home Address', NULL, '2015-07-28 07:26:33', NULL),
(78, 20, 2015, 1, '78, River view rd', NULL, 'Atlanta', 'GA', '30034', NULL, NULL, NULL, 'Mail', NULL, '2015-07-28 07:26:33', NULL),
(79, 20, 2015, 1, '78, River view rd', NULL, 'Atlanta', 'GA', '30097', NULL, NULL, NULL, 'Secondary', 40, '2015-07-28 07:26:33', NULL),
(80, 20, 2015, 1, '78, River view rd', NULL, 'Atlanta', 'GA', '30097', NULL, NULL, NULL, 'Primary', 39, '2015-07-28 07:26:33', NULL),
(81, 21, 2015, 1, '138 woodstock st', NULL, 'Lawrenceville', 'GA', '30043', NULL, NULL, NULL, 'Home Address', NULL, '2015-07-28 07:26:33', NULL),
(82, 21, 2015, 1, '138 woodstock st', NULL, 'Lawrenceville', 'GA', '30043', NULL, NULL, NULL, 'Mail', NULL, '2015-07-28 07:26:33', NULL),
(83, 21, 2015, 1, '138 woodstock st', NULL, 'Lawrenceville', 'GA', '30043', NULL, NULL, NULL, 'Secondary', 42, '2015-07-28 07:26:33', NULL),
(84, 21, 2015, 1, '138 woodstock st', NULL, 'Lawrenceville', 'GA', '30043', NULL, NULL, NULL, 'Primary', 41, '2015-07-28 07:26:33', NULL),
(85, 22, 2015, 1, '95, Linkon Ave', NULL, 'Atlanta', 'GA', '30034', NULL, NULL, NULL, 'Home Address', NULL, '2015-07-28 07:26:33', NULL),
(86, 22, 2015, 1, '95, Linkon Ave', NULL, 'Atlanta', 'GA', '30034', NULL, NULL, NULL, 'Mail', NULL, '2015-07-28 07:26:33', NULL),
(87, 22, 2015, 1, '95, Linkon Ave', NULL, 'Atlanta', 'GA', '30034', NULL, NULL, NULL, 'Secondary', 44, '2015-07-28 07:26:33', NULL),
(88, 22, 2015, 1, '95, Linkon Ave', NULL, 'Atlanta', 'GA', '30034', NULL, NULL, NULL, 'Primary', 43, '2015-07-28 07:26:33', NULL),
(89, 23, 2015, 1, '90, Gardenrich Rd', NULL, 'Atlanta ', 'GA', '30034', NULL, NULL, NULL, 'Home Address', NULL, '2015-07-28 07:26:33', NULL),
(90, 23, 2015, 1, '90, Gardenrich Rd', NULL, 'Atlanta ', 'GA', '30034', NULL, NULL, NULL, 'Mail', NULL, '2015-07-28 07:26:33', NULL),
(91, 23, 2015, 1, '90, Gardenrich Rd', NULL, 'Atlanta ', 'GA', '30034', NULL, NULL, NULL, 'Secondary', 46, '2015-07-28 07:26:33', NULL),
(92, 23, 2015, 1, '90, Gardenrich Rd', NULL, 'Atlanta ', 'GA', '30034', NULL, NULL, NULL, 'Primary', 45, '2015-07-28 07:26:33', NULL),
(93, 24, 2015, 1, '20, Lake view rd', NULL, 'Atlanta', 'GA', '30034', NULL, NULL, NULL, 'Home Address', NULL, '2015-07-28 07:26:33', NULL),
(94, 24, 2015, 1, '20, Lake view rd', NULL, 'Atlanta', 'GA', '30034', NULL, NULL, NULL, 'Mail', NULL, '2015-07-28 07:26:33', NULL),
(95, 24, 2015, 1, '20, Lake view rd', NULL, 'Atlanta', 'GA', '30034', NULL, NULL, NULL, 'Secondary', 47, '2015-07-28 07:26:33', NULL),
(96, 25, 2015, 1, '59, Disny rd', NULL, 'Duluth', 'GA', '30097', NULL, NULL, NULL, 'Home Address', NULL, '2015-07-28 07:26:33', NULL),
(97, 25, 2015, 1, '59, Disny rd', NULL, 'Duluth', 'GA', '30097', NULL, NULL, NULL, 'Mail', NULL, '2015-07-28 07:26:33', NULL),
(98, 25, 2015, 1, '59, Disny rd', NULL, 'Duluth', 'GA', '30097', NULL, NULL, NULL, 'Secondary', 49, '2015-07-28 07:26:33', NULL),
(99, 25, 2015, 1, '59, Disny rd', NULL, 'Duluth', 'GA', '30097', NULL, NULL, NULL, 'Primary', 48, '2015-07-28 07:26:33', NULL),
(100, 1, 2015, 1, '123 Main Street', 'Apt 3B', 'Atlanta', 'GA', '30033', NULL, NULL, NULL, 'Other', 50, '2015-08-03 05:29:47', NULL);

-- --------------------------------------------------------

--
-- Table structure for table `student_eligibility_activities`
--

CREATE TABLE `student_eligibility_activities` (
  `syear` decimal(4,0) DEFAULT NULL,
  `student_id` decimal(10,0) DEFAULT NULL,
  `activity_id` decimal(10,0) DEFAULT NULL,
  `last_updated` timestamp NOT NULL DEFAULT CURRENT_TIMESTAMP,
  `updated_by` varchar(255) DEFAULT NULL
) ENGINE=MyISAM DEFAULT CHARSET=utf8;

-- --------------------------------------------------------

--
-- Table structure for table `student_enrollment`
--

CREATE TABLE `student_enrollment` (
  `id` int(8) NOT NULL,
  `syear` decimal(4,0) DEFAULT NULL,
  `school_id` decimal(10,0) DEFAULT NULL,
  `student_id` decimal(10,0) DEFAULT NULL,
  `grade_id` decimal(10,0) DEFAULT NULL,
  `start_date` date DEFAULT NULL,
  `end_date` date DEFAULT NULL,
  `enrollment_code` decimal(10,0) DEFAULT NULL,
  `drop_code` decimal(10,0) DEFAULT NULL,
  `next_school` decimal(10,0) DEFAULT NULL,
  `calendar_id` decimal(10,0) DEFAULT NULL,
  `last_school` decimal(10,0) DEFAULT NULL,
  `last_updated` timestamp NOT NULL DEFAULT CURRENT_TIMESTAMP,
  `updated_by` varchar(255) DEFAULT NULL
) ENGINE=MyISAM DEFAULT CHARSET=utf8;

--
-- Dumping data for table `student_enrollment`
--

INSERT INTO `student_enrollment` (`id`, `syear`, `school_id`, `student_id`, `grade_id`, `start_date`, `end_date`, `enrollment_code`, `drop_code`, `next_school`, `calendar_id`, `last_school`, `last_updated`, `updated_by`) VALUES
(1, '2015', '1', '1', '4', '2014-08-04', NULL, NULL, NULL, '1', '1', NULL, '2015-07-28 07:26:33', NULL),
(2, '2015', '1', '2', '4', '2014-08-04', NULL, NULL, NULL, '1', '1', NULL, '2015-07-28 07:26:33', NULL),
(3, '2015', '1', '3', '2', '2014-08-04', NULL, NULL, NULL, '1', '1', NULL, '2015-07-28 07:26:33', NULL),
(4, '2015', '1', '4', '2', '2014-08-04', NULL, NULL, NULL, '1', '1', NULL, '2015-07-28 07:26:33', NULL),
(5, '2015', '1', '5', '4', '2014-08-04', NULL, NULL, NULL, '1', '1', NULL, '2015-07-28 07:26:33', NULL),
(6, '2015', '1', '6', '3', '2014-08-04', NULL, NULL, NULL, '1', '1', NULL, '2015-07-28 07:26:33', NULL),
(7, '2015', '1', '7', '3', '2014-08-04', NULL, NULL, NULL, '1', '1', NULL, '2015-07-28 07:26:33', NULL),
(8, '2015', '1', '8', '1', '2014-08-04', NULL, '5', NULL, '1', '1', NULL, '2015-07-28 07:26:33', NULL),
(9, '2015', '1', '9', '1', '2014-08-04', NULL, NULL, NULL, '1', '1', NULL, '2015-07-28 07:26:33', NULL),
(10, '2015', '1', '10', '1', '2014-08-04', NULL, NULL, NULL, '1', '1', NULL, '2015-07-28 07:26:33', NULL),
(11, '2015', '1', '11', '1', '2014-08-04', NULL, NULL, NULL, '1', '1', NULL, '2015-07-28 07:26:33', NULL),
(12, '2015', '1', '12', '1', '2014-08-04', NULL, NULL, NULL, '1', '1', NULL, '2015-07-28 07:26:33', NULL),
(13, '2015', '1', '13', '1', '2014-08-04', NULL, NULL, NULL, '1', '1', NULL, '2015-07-28 07:26:33', NULL),
(14, '2015', '1', '14', '2', '2014-08-04', NULL, NULL, NULL, '1', '1', NULL, '2015-07-28 07:26:33', NULL),
(15, '2015', '1', '15', '2', '2014-08-04', NULL, NULL, NULL, '1', '1', NULL, '2015-07-28 07:26:33', NULL),
(16, '2015', '1', '16', '2', '2014-08-04', NULL, NULL, NULL, '1', '1', NULL, '2015-07-28 07:26:33', NULL),
(17, '2015', '1', '17', '2', '2014-08-04', NULL, NULL, NULL, '1', '1', NULL, '2015-07-28 07:26:33', NULL),
(18, '2015', '1', '18', '3', '2014-08-04', NULL, NULL, NULL, '1', '1', NULL, '2015-07-28 07:26:33', NULL),
(19, '2015', '1', '19', '4', '2014-08-04', NULL, NULL, NULL, '1', '1', NULL, '2015-07-28 07:26:33', NULL),
(20, '2015', '1', '20', '4', '2014-08-04', NULL, NULL, NULL, '1', '1', NULL, '2015-07-28 07:26:33', NULL),
(21, '2015', '1', '21', '4', '2014-08-04', NULL, NULL, NULL, '1', '1', NULL, '2015-07-28 07:26:33', NULL),
(22, '2015', '1', '22', '4', '2014-08-04', NULL, NULL, NULL, '1', '1', NULL, '2015-07-28 07:26:33', NULL),
(23, '2015', '1', '23', '1', '2014-08-04', NULL, NULL, NULL, '1', '1', NULL, '2015-07-28 07:26:33', NULL),
(24, '2015', '1', '24', '4', '2014-08-04', NULL, NULL, NULL, '1', '1', NULL, '2015-07-28 07:26:33', NULL),
(25, '2015', '1', '25', '4', '2014-08-04', NULL, NULL, NULL, '1', '1', NULL, '2015-07-28 07:26:33', NULL);

-- --------------------------------------------------------

--
-- Table structure for table `student_enrollment_codes`
--

CREATE TABLE `student_enrollment_codes` (
  `id` int(8) NOT NULL,
  `syear` decimal(4,0) DEFAULT NULL,
  `title` varchar(100) DEFAULT NULL,
  `short_name` varchar(10) DEFAULT NULL,
  `type` varchar(4) DEFAULT NULL,
  `last_updated` timestamp NOT NULL DEFAULT CURRENT_TIMESTAMP,
  `updated_by` varchar(255) DEFAULT NULL
) ENGINE=MyISAM DEFAULT CHARSET=utf8;

--
-- Dumping data for table `student_enrollment_codes`
--

INSERT INTO `student_enrollment_codes` (`id`, `syear`, `title`, `short_name`, `type`, `last_updated`, `updated_by`) VALUES
(1, '2015', 'Transferred out', 'TRAN', 'TrnD', '2015-07-28 07:26:33', NULL),
(2, '2015', 'Transferred in', 'TRAN', 'TrnE', '2015-07-28 07:26:33', NULL),
(3, '2015', 'Rolled over', 'ROLL', 'Roll', '2015-07-28 07:26:33', NULL),
(4, '2015', 'Dropped Out', 'DROP', 'Drop', '2015-07-28 07:26:33', NULL),
(5, '2015', 'New', 'NEW', 'Add', '2015-07-28 07:26:33', NULL),
(6, '2016', 'Transferred out', 'TRAN', 'TrnD', '2016-11-02 21:22:18', NULL),
(7, '2016', 'Transferred in', 'TRAN', 'TrnE', '2016-11-02 21:22:18', NULL),
(8, '2016', 'Rolled over', 'ROLL', 'Roll', '2016-11-02 21:22:18', NULL),
(9, '2016', 'Dropped Out', 'Drop', 'Drop', '2016-11-02 21:22:18', NULL),
(10, '2016', 'New', 'NEW', 'Add', '2016-11-02 21:22:18', NULL);

-- --------------------------------------------------------

--
-- Table structure for table `student_field_categories`
--

CREATE TABLE `student_field_categories` (
  `id` int(8) NOT NULL,
  `title` varchar(100) DEFAULT NULL,
  `sort_order` decimal(10,0) DEFAULT NULL,
  `include` varchar(100) DEFAULT NULL,
  `last_updated` timestamp NOT NULL DEFAULT CURRENT_TIMESTAMP,
  `updated_by` varchar(255) DEFAULT NULL
) ENGINE=MyISAM DEFAULT CHARSET=utf8;

--
-- Dumping data for table `student_field_categories`
--

INSERT INTO `student_field_categories` (`id`, `title`, `sort_order`, `include`, `last_updated`, `updated_by`) VALUES
(1, 'General Info', '1', NULL, '2015-07-28 07:26:33', NULL),
(2, 'Medical', '3', NULL, '2015-07-28 07:26:33', NULL),
(3, 'Addresses & Contacts', '2', NULL, '2015-07-28 07:26:33', NULL),
(4, 'Comments', '4', NULL, '2015-07-28 07:26:33', NULL),
(5, 'Goals', '5', NULL, '2015-07-28 07:26:33', NULL),
(6, 'Enrollment Info', '6', NULL, '2015-07-28 07:26:33', NULL),
(7, 'Files', '7', NULL, '2015-07-28 07:26:33', NULL);

-- --------------------------------------------------------

--
-- Table structure for table `student_goal`
--

CREATE TABLE `student_goal` (
  `goal_id` int(8) NOT NULL,
  `student_id` decimal(10,0) NOT NULL,
  `goal_title` varchar(100) DEFAULT NULL,
  `start_date` date DEFAULT NULL,
  `end_date` date DEFAULT NULL,
  `goal_description` text,
  `school_id` decimal(10,0) DEFAULT NULL,
  `syear` decimal(10,0) DEFAULT NULL,
  `last_updated` timestamp NOT NULL DEFAULT CURRENT_TIMESTAMP,
  `updated_by` varchar(255) DEFAULT NULL
) ENGINE=MyISAM DEFAULT CHARSET=utf8;

--
-- Dumping data for table `student_goal`
--

INSERT INTO `student_goal` (`goal_id`, `student_id`, `goal_title`, `start_date`, `end_date`, `goal_description`, `school_id`, `syear`, `last_updated`, `updated_by`) VALUES
(1, '13', 'Learn quadratic equation', '2015-06-08', '2015-07-24', 'Student will learn  quadratic equation properly to get a passing grade in the Algebra course', '1', '2014', '2016-11-02 21:22:18', NULL);

-- --------------------------------------------------------

--
-- Table structure for table `student_goal_progress`
--

CREATE TABLE `student_goal_progress` (
  `progress_id` int(8) NOT NULL,
  `goal_id` decimal(10,0) NOT NULL,
  `student_id` decimal(10,0) NOT NULL,
  `start_date` date DEFAULT NULL,
  `progress_name` text NOT NULL,
  `proficiency` varchar(100) NOT NULL,
  `progress_description` text NOT NULL,
  `course_period_id` decimal(10,0) DEFAULT NULL,
  `last_updated` timestamp NOT NULL DEFAULT CURRENT_TIMESTAMP,
  `updated_by` varchar(255) DEFAULT NULL
) ENGINE=MyISAM DEFAULT CHARSET=utf8;

--
-- Dumping data for table `student_goal_progress`
--

INSERT INTO `student_goal_progress` (`progress_id`, `goal_id`, `student_id`, `start_date`, `progress_name`, `proficiency`, `progress_description`, `course_period_id`, `last_updated`, `updated_by`) VALUES
(1, '1', '13', '2015-06-15', 'Week 1', '0-10%', 'Elena is showing interest in learning Algebra', '5', '2016-11-02 21:22:18', NULL);

-- --------------------------------------------------------

--
-- Table structure for table `student_gpa_calculated`
--

CREATE TABLE `student_gpa_calculated` (
  `student_id` decimal(10,0) DEFAULT NULL,
  `marking_period_id` int(11) DEFAULT NULL,
  `mp` varchar(4) DEFAULT NULL,
  `gpa` decimal(10,2) DEFAULT NULL,
  `weighted_gpa` decimal(10,2) DEFAULT NULL,
  `unweighted_gpa` decimal(10,2) DEFAULT NULL,
  `class_rank` decimal(10,0) DEFAULT NULL,
  `grade_level_short` varchar(100) DEFAULT NULL,
  `cgpa` decimal(10,2) DEFAULT NULL,
  `cum_unweighted_factor` decimal(10,6) DEFAULT NULL,
  `last_updated` timestamp NOT NULL DEFAULT CURRENT_TIMESTAMP,
  `updated_by` varchar(255) DEFAULT NULL
) ENGINE=MyISAM DEFAULT CHARSET=utf8;

-- --------------------------------------------------------

--
-- Table structure for table `student_immunization`
--

CREATE TABLE `student_immunization` (
  `id` int(8) NOT NULL,
  `student_id` decimal(10,0) DEFAULT NULL,
  `type` varchar(25) DEFAULT NULL,
  `medical_date` date DEFAULT NULL,
  `comments` longtext,
  `last_updated` timestamp NOT NULL DEFAULT CURRENT_TIMESTAMP,
  `updated_by` varchar(255) DEFAULT NULL
) ENGINE=MyISAM DEFAULT CHARSET=utf8;

-- --------------------------------------------------------

--
-- Table structure for table `student_medical_alerts`
--

CREATE TABLE `student_medical_alerts` (
  `id` int(8) NOT NULL,
  `student_id` decimal(10,0) DEFAULT NULL,
  `title` text,
  `alert_date` date DEFAULT NULL,
  `last_updated` timestamp NOT NULL DEFAULT CURRENT_TIMESTAMP,
  `updated_by` varchar(255) DEFAULT NULL
) ENGINE=MyISAM DEFAULT CHARSET=utf8;

-- --------------------------------------------------------

--
-- Table structure for table `student_medical_notes`
--

CREATE TABLE `student_medical_notes` (
  `id` int(8) NOT NULL,
  `student_id` decimal(10,0) NOT NULL,
  `doctors_note_date` date DEFAULT NULL,
  `doctors_note_comments` longtext,
  `last_updated` timestamp NOT NULL DEFAULT CURRENT_TIMESTAMP,
  `updated_by` varchar(255) DEFAULT NULL
) ENGINE=MyISAM DEFAULT CHARSET=utf8;

-- --------------------------------------------------------

--
-- Table structure for table `student_medical_visits`
--

CREATE TABLE `student_medical_visits` (
  `id` int(8) NOT NULL,
  `student_id` decimal(10,0) DEFAULT NULL,
  `school_date` date DEFAULT NULL,
  `time_in` varchar(20) DEFAULT NULL,
  `time_out` varchar(20) DEFAULT NULL,
  `reason` text,
  `result` text,
  `comments` longtext,
  `last_updated` timestamp NOT NULL DEFAULT CURRENT_TIMESTAMP,
  `updated_by` varchar(255) DEFAULT NULL
) ENGINE=MyISAM DEFAULT CHARSET=utf8;

-- --------------------------------------------------------

--
-- Table structure for table `student_mp_comments`
--

CREATE TABLE `student_mp_comments` (
  `id` int(8) NOT NULL,
  `student_id` decimal(10,0) NOT NULL,
  `syear` decimal(4,0) NOT NULL,
  `marking_period_id` int(11) NOT NULL,
  `staff_id` int(11) DEFAULT NULL,
  `comment` longtext,
  `comment_date` date DEFAULT NULL,
  `last_updated` timestamp NOT NULL DEFAULT CURRENT_TIMESTAMP,
  `updated_by` varchar(255) DEFAULT NULL
) ENGINE=MyISAM DEFAULT CHARSET=utf8;

--
-- Dumping data for table `student_mp_comments`
--

INSERT INTO `student_mp_comments` (`id`, `student_id`, `syear`, `marking_period_id`, `staff_id`, `comment`, `comment_date`, `last_updated`, `updated_by`) VALUES
(1, '8', '2014', 19, 1, 'sdafasdf ', '2015-06-23', '2016-11-02 21:22:18', NULL);

-- --------------------------------------------------------

--
-- Table structure for table `student_report_card_comments`
--

CREATE TABLE `student_report_card_comments` (
  `syear` decimal(4,0) NOT NULL,
  `school_id` decimal(10,0) DEFAULT NULL,
  `student_id` decimal(10,0) NOT NULL,
  `course_period_id` decimal(10,0) NOT NULL,
  `report_card_comment_id` decimal(10,0) NOT NULL,
  `comment` varchar(1) DEFAULT NULL,
  `marking_period_id` int(11) NOT NULL,
  `last_updated` timestamp NOT NULL DEFAULT CURRENT_TIMESTAMP,
  `updated_by` varchar(255) DEFAULT NULL
) ENGINE=MyISAM DEFAULT CHARSET=utf8;

-- --------------------------------------------------------

--
-- Table structure for table `student_report_card_grades`
--

CREATE TABLE `student_report_card_grades` (
  `syear` decimal(4,0) DEFAULT NULL,
  `school_id` decimal(10,0) DEFAULT NULL,
  `student_id` decimal(10,0) NOT NULL,
  `course_period_id` decimal(10,0) DEFAULT NULL,
  `report_card_grade_id` decimal(10,0) DEFAULT NULL,
  `report_card_comment_id` decimal(10,0) DEFAULT NULL,
  `comment` longtext,
  `grade_percent` decimal(5,2) DEFAULT NULL,
  `marking_period_id` varchar(10) NOT NULL,
  `grade_letter` varchar(5) DEFAULT NULL,
  `weighted_gp` decimal(10,3) DEFAULT NULL,
  `unweighted_gp` decimal(10,3) DEFAULT NULL,
  `gp_scale` decimal(10,3) DEFAULT NULL,
  `gpa_cal` varchar(2) DEFAULT NULL,
  `credit_attempted` decimal(10,3) DEFAULT NULL,
  `credit_earned` decimal(10,3) DEFAULT NULL,
  `credit_category` varchar(10) DEFAULT NULL,
  `course_code` varchar(100) DEFAULT NULL,
  `course_title` text,
  `id` int(8) NOT NULL,
  `last_updated` timestamp NOT NULL DEFAULT CURRENT_TIMESTAMP,
  `updated_by` varchar(255) DEFAULT NULL
) ENGINE=MyISAM DEFAULT CHARSET=utf8;

--
-- Triggers `student_report_card_grades`
--
DELIMITER $$
CREATE TRIGGER `td_student_report_card_grades` AFTER DELETE ON `student_report_card_grades` FOR EACH ROW SELECT CALC_GPA_MP(OLD.student_id, OLD.marking_period_id) INTO @return$$
$$
DELIMITER ;
DELIMITER $$
CREATE TRIGGER `ti_student_report_card_grades` AFTER INSERT ON `student_report_card_grades` FOR EACH ROW SELECT CALC_GPA_MP(NEW.student_id, NEW.marking_period_id) INTO @return$$
$$
DELIMITER ;
DELIMITER $$
CREATE TRIGGER `tu_student_report_card_grades` AFTER UPDATE ON `student_report_card_grades` FOR EACH ROW SELECT CALC_GPA_MP(NEW.student_id, NEW.marking_period_id) INTO @return$$
$$
DELIMITER ;

-- --------------------------------------------------------

--
-- Table structure for table `students`
--

CREATE TABLE `students` (
  `student_id` int(8) NOT NULL,
  `last_name` varchar(50) NOT NULL,
  `first_name` varchar(50) NOT NULL,
  `middle_name` varchar(50) DEFAULT NULL,
  `name_suffix` varchar(3) DEFAULT NULL,
  `gender` varchar(255) DEFAULT NULL,
  `ethnicity` varchar(255) DEFAULT NULL,
  `common_name` varchar(255) DEFAULT NULL,
  `social_security` varchar(255) DEFAULT NULL,
  `birthdate` varchar(255) DEFAULT NULL,
  `language` varchar(255) DEFAULT NULL,
  `estimated_grad_date` varchar(255) DEFAULT NULL,
  `alt_id` varchar(50) DEFAULT NULL,
  `email` varchar(50) DEFAULT NULL,
  `phone` varchar(30) DEFAULT NULL,
  `is_disable` varchar(10) DEFAULT NULL,
  `last_updated` timestamp NOT NULL DEFAULT CURRENT_TIMESTAMP,
  `updated_by` varchar(255) DEFAULT NULL
) ENGINE=MyISAM DEFAULT CHARSET=utf8;

--
-- Dumping data for table `students`
--

INSERT INTO `students` (`student_id`, `last_name`, `first_name`, `middle_name`, `name_suffix`, `gender`, `ethnicity`, `common_name`, `social_security`, `birthdate`, `language`, `estimated_grad_date`, `alt_id`, `email`, `phone`, `is_disable`, `last_updated`, `updated_by`) VALUES
(1, 'Peters', 'Brandon', NULL, NULL, 'Male', 'White, Non-Hispanic', NULL, NULL, '1996-02-17', 'English', NULL, NULL, 'bradsonp@domain.edu', '404-555-1212', NULL, '2015-07-28 07:26:33', NULL),
(2, 'Daniel', 'Marie', 'Elizabeth', NULL, 'Female', 'White, Non-Hispanic', NULL, NULL, '1996-10-29', 'English', NULL, NULL, 'maried@domain.edu', '404-555-1212', NULL, '2015-07-28 07:26:33', NULL),
(3, 'Dawson', 'Stella', 'Michelle', NULL, 'Female', 'Black, Non-Hispanic', NULL, NULL, '1998-05-24', 'English', NULL, NULL, 'michelled@domain.edu', '404-555-1212', NULL, '2015-07-28 07:26:33', NULL),
(4, 'Hamric', 'Alister', 'Michael', NULL, 'Male', 'White, Non-Hispanic', NULL, NULL, '1998-04-20', 'English', NULL, NULL, 'michaelh@domain.edu', '404-555-1212', NULL, '2015-07-28 07:26:33', NULL),
(5, 'Harden', 'George', 'Wesley', 'III', 'Male', 'White, Non-Hispanic', NULL, NULL, '1996-09-22', 'English', NULL, NULL, 'georgeh@domain.edu', '404-555-1212', NULL, '2015-07-28 07:26:33', NULL),
(6, 'Haraway', 'Marta', 'Morgan', NULL, 'Female', 'White, Non-Hispanic', NULL, NULL, '1997-05-31', 'English', NULL, NULL, 'martah@domain.edu', '404-615-1111', NULL, '2015-07-28 07:26:33', NULL),
(7, 'Deventer', 'Paul', 'Van', NULL, 'Male', NULL, NULL, NULL, '1997-02-11', 'English', NULL, NULL, 'pauld@domain.edu', '404-555-1212', NULL, '2015-07-28 07:26:33', NULL),
(8, 'Dhoni', 'Mahendra', 'Singh', NULL, 'Male', 'Indian', NULL, NULL, '1996-01-02', 'English', NULL, NULL, 'mahendrad@domain.edu', '404-555-1212', NULL, '2015-07-28 07:26:33', NULL),
(9, 'Hodge', 'Brad', NULL, NULL, 'Male', 'Black, Non-Hispanic', NULL, NULL, '1976-02-17', 'English', NULL, NULL, 'bradh@domain.edu', '404-555-1212', NULL, '2015-07-28 07:26:33', NULL),
(10, 'Peterson', 'Kevin', NULL, NULL, 'Male', 'White, Non-Hispanic', NULL, NULL, '1996-02-08', 'English', NULL, NULL, 'kevinp@domain.edu', '404-555-1212', NULL, '2015-07-28 07:26:33', NULL),
(11, 'Lavely', 'Louis', NULL, NULL, 'Male', 'White, Non-Hispanic', NULL, NULL, '2000-01-02', 'English', NULL, NULL, 'louisl@domain.edu', '404-555-1212', NULL, '2015-07-28 07:26:33', NULL),
(12, 'Hook', 'Thomas', NULL, NULL, 'Male', 'Black, Non-Hispanic', NULL, NULL, '2000-05-20', 'English', NULL, NULL, 'thomash@domain.edu', '404-615-1112', NULL, '2015-07-28 07:26:33', NULL),
(13, 'Daniel', 'Elena', NULL, NULL, 'Female', 'White, Non-Hispanic', NULL, NULL, '2000-06-18', 'English', NULL, NULL, 'elenad@domain.edu', '404-555-1212', NULL, '2015-07-28 07:26:33', NULL),
(14, 'Waters', 'Justin', 'Todd', 'Jr.', 'Male', 'White, Non-Hispanic', NULL, NULL, '1999-08-20', 'English', NULL, NULL, 'justinw@domain.edu', '404-555-1212', NULL, '2015-07-28 07:26:33', NULL),
(15, 'Dean', 'Dedious', 'Lee', NULL, 'Female', 'White, Non-Hispanic', NULL, NULL, '1999-09-25', 'English', NULL, NULL, 'dediousd@domain.edu', '404-555-1212', NULL, '2015-07-28 07:26:33', NULL),
(16, 'Gonzales', 'Lydia', NULL, NULL, 'Female', 'Hispanic', NULL, NULL, '1999-10-20', 'English', NULL, NULL, 'lydiag@domain.edu', '404-555-1212', NULL, '2015-07-28 07:26:33', NULL),
(17, 'Robertson', 'Amali', NULL, NULL, 'Female', 'White, Non-Hispanic', NULL, NULL, '1998-12-11', 'English', NULL, NULL, 'amalir@domain.edu', '404-555-1212', NULL, '2015-07-28 07:26:33', NULL),
(18, 'Johnson', 'Adelyn', 'Elise', NULL, 'Female', 'White, Non-Hispanic', NULL, NULL, '1996-08-02', 'English', NULL, NULL, 'adelynj@domain.edu', '404-615-1113', NULL, '2015-07-28 07:26:33', NULL),
(19, 'Stringer', 'Eva', 'Marie', NULL, 'Female', 'White, Non-Hispanic', NULL, NULL, '1996-10-02', 'English', NULL, NULL, 'evas@domain.edu', '404-555-1212', NULL, '2015-07-28 07:26:33', NULL),
(20, 'Waddell', 'Emily', 'Madison', NULL, 'Female', 'Black, Non-Hispanic', NULL, NULL, '1998-02-11', 'English', NULL, NULL, 'emileyw@domain.edu', '404-555-1212', NULL, '2015-07-28 07:26:33', NULL),
(21, 'Messier', 'Hailee', 'Lane', NULL, 'Female', 'White, Non-Hispanic', NULL, NULL, '1996-03-10', 'English', NULL, NULL, 'haileem@domain.edu', '404-555-1212', NULL, '2015-07-28 07:26:33', NULL),
(22, 'Lauth', 'Karlie', 'Brooke', NULL, 'Female', 'White, Non-Hispanic', NULL, NULL, '1996-04-10', 'English', NULL, NULL, 'karliel@domain.edu', '404-555-1212', NULL, '2015-07-28 07:26:33', NULL),
(23, 'Sarratt', 'Zechariah', 'Samuel', NULL, 'Male', 'White, Non-Hispanic', NULL, NULL, '1998-05-11', 'English', NULL, NULL, 'zechariahs@domain.edu', '404-555-1212', NULL, '2015-07-28 07:26:33', NULL),
(24, 'Lauth', 'Dalton', 'Ryan', NULL, 'Male', 'White, Non-Hispanic', NULL, NULL, '1996-06-10', 'English', NULL, NULL, 'daltonr@domain.edu', '404-615-1114', NULL, '2015-07-28 07:26:33', NULL),
(25, 'Kim', 'Joyce', NULL, NULL, 'Female', 'Asian', NULL, NULL, '1996-08-02', 'Korean', NULL, NULL, 'joycek@domain.edu', '404-555-1212', NULL, '2015-07-28 07:26:33', NULL);

-- --------------------------------------------------------

--
-- Table structure for table `students_join_people`
--

CREATE TABLE `students_join_people` (
  `id` int(8) NOT NULL,
  `student_id` decimal(10,0) NOT NULL,
  `person_id` decimal(10,0) NOT NULL,
  `is_emergency` varchar(10) DEFAULT NULL,
  `emergency_type` varchar(100) DEFAULT NULL,
  `relationship` varchar(100) NOT NULL,
  `last_updated` timestamp NOT NULL DEFAULT CURRENT_TIMESTAMP,
  `updated_by` varchar(255) DEFAULT NULL
) ENGINE=MyISAM DEFAULT CHARSET=utf8;

--
-- Dumping data for table `students_join_people`
--

INSERT INTO `students_join_people` (`id`, `student_id`, `person_id`, `is_emergency`, `emergency_type`, `relationship`, `last_updated`, `updated_by`) VALUES
(1, '1', '1', NULL, 'Primary', 'Mother', '2015-07-28 07:26:33', NULL),
(2, '1', '2', NULL, 'Secondary', 'Father', '2015-07-28 07:26:33', NULL),
(3, '2', '3', NULL, 'Primary', 'Father', '2015-07-28 07:26:33', NULL),
(4, '2', '4', NULL, 'Secondary', 'Mother', '2015-07-28 07:26:33', NULL),
(5, '3', '5', NULL, 'Primary', 'Father', '2015-07-28 07:26:33', NULL),
(6, '3', '6', NULL, 'Secondary', 'Mother', '2015-07-28 07:26:33', NULL),
(7, '4', '7', NULL, 'Primary', 'Mother', '2015-07-28 07:26:33', NULL),
(8, '4', '8', NULL, 'Secondary', 'Father', '2015-07-28 07:26:33', NULL),
(9, '5', '9', NULL, 'Primary', 'Father', '2015-07-28 07:26:33', NULL),
(10, '5', '10', NULL, 'Secondary', 'Mother', '2015-07-28 07:26:33', NULL),
(11, '6', '11', NULL, 'Primary', 'Father', '2015-07-28 07:26:33', NULL),
(12, '6', '12', NULL, 'Secondary', 'Mother', '2015-07-28 07:26:33', NULL),
(13, '7', '13', NULL, 'Primary', 'Mother', '2015-07-28 07:26:33', NULL),
(14, '7', '14', NULL, 'Secondary', 'Mother', '2015-07-28 07:26:33', NULL),
(15, '8', '15', NULL, 'Primary', 'Father', '2015-07-28 07:26:33', NULL),
(16, '8', '16', NULL, 'Secondary', 'Mother', '2015-07-28 07:26:33', NULL),
(17, '9', '17', NULL, 'Primary', 'Father', '2015-07-28 07:26:33', NULL),
(18, '9', '18', NULL, 'Secondary', 'Mother', '2015-07-28 07:26:33', NULL),
(19, '10', '19', NULL, 'Primary', 'Father', '2015-07-28 07:26:33', NULL),
(20, '10', '20', NULL, 'Secondary', 'Father', '2015-07-28 07:26:33', NULL),
(21, '11', '21', NULL, 'Primary', 'Father', '2015-07-28 07:26:33', NULL),
(22, '11', '22', NULL, 'Secondary', 'Mother', '2015-07-28 07:26:33', NULL),
(23, '12', '23', NULL, 'Primary', 'Father', '2015-07-28 07:26:33', NULL),
(24, '12', '24', NULL, 'Secondary', 'Mother', '2015-07-28 07:26:33', NULL),
(25, '13', '25', NULL, 'Primary', 'Father', '2015-07-28 07:26:33', NULL),
(26, '13', '26', NULL, 'Secondary', 'Mother', '2015-07-28 07:26:33', NULL),
(27, '14', '27', NULL, 'Primary', 'Father', '2015-07-28 07:26:33', NULL),
(28, '14', '28', NULL, 'Secondary', 'Mother', '2015-07-28 07:26:33', NULL),
(29, '15', '29', NULL, 'Primary', 'Father', '2015-07-28 07:26:33', NULL),
(30, '15', '30', NULL, 'Secondary', 'Mother', '2015-07-28 07:26:33', NULL),
(31, '16', '31', NULL, 'Primary', 'Father', '2015-07-28 07:26:33', NULL),
(32, '16', '32', NULL, 'Secondary', 'Mother', '2015-07-28 07:26:33', NULL),
(33, '17', '33', NULL, 'Primary', 'Mother', '2015-07-28 07:26:33', NULL),
(34, '17', '34', NULL, 'Secondary', 'Father', '2015-07-28 07:26:33', NULL),
(35, '18', '35', NULL, 'Primary', 'Father', '2015-07-28 07:26:33', NULL),
(36, '18', '36', NULL, 'Secondary', 'Mother', '2015-07-28 07:26:33', NULL),
(37, '19', '37', NULL, 'Primary', 'Mother', '2015-07-28 07:26:33', NULL),
(38, '19', '38', NULL, 'Secondary', 'Father', '2015-07-28 07:26:33', NULL),
(39, '20', '39', NULL, 'Primary', 'Father', '2015-07-28 07:26:33', NULL),
(40, '20', '40', NULL, 'Secondary', 'Mother', '2015-07-28 07:26:33', NULL),
(41, '21', '41', NULL, 'Primary', 'Mother', '2015-07-28 07:26:33', NULL),
(42, '21', '42', NULL, 'Secondary', 'Grandmother', '2015-07-28 07:26:33', NULL),
(43, '22', '43', NULL, 'Primary', 'Father', '2015-07-28 07:26:33', NULL),
(44, '22', '44', NULL, 'Secondary', 'Mother', '2015-07-28 07:26:33', NULL),
(45, '23', '45', NULL, 'Primary', 'Father', '2015-07-28 07:26:33', NULL),
(46, '23', '46', NULL, 'Secondary', 'Mother', '2015-07-28 07:26:33', NULL),
(47, '24', '43', NULL, 'Primary', 'Father', '2015-07-28 07:26:33', NULL),
(48, '24', '47', NULL, 'Secondary', 'Mother', '2015-07-28 07:26:33', NULL),
(49, '25', '48', NULL, 'Primary', 'Mother', '2015-07-28 07:26:33', NULL),
(50, '25', '49', NULL, 'Secondary', 'Father', '2015-07-28 07:26:33', NULL),
(51, '1', '50', 'Y', 'Other', 'Legal Guardian', '2015-08-03 05:29:47', NULL);

-- --------------------------------------------------------

--
-- Table structure for table `system_preference`
--

CREATE TABLE `system_preference` (
  `id` int(8) NOT NULL,
  `school_id` int(8) NOT NULL,
  `full_day_minute` int(8) DEFAULT NULL,
  `half_day_minute` int(8) DEFAULT NULL,
  `last_updated` timestamp NOT NULL DEFAULT CURRENT_TIMESTAMP,
  `updated_by` varchar(255) DEFAULT NULL
) ENGINE=MyISAM DEFAULT CHARSET=utf8;

--
-- Dumping data for table `system_preference`
--

INSERT INTO `system_preference` (`id`, `school_id`, `full_day_minute`, `half_day_minute`, `last_updated`, `updated_by`) VALUES
(1, 1, 9, 9, '2015-07-28 07:26:33', NULL);

-- --------------------------------------------------------

--
-- Table structure for table `system_preference_misc`
--

CREATE TABLE `system_preference_misc` (
  `fail_count` decimal(5,0) NOT NULL DEFAULT '3',
  `activity_days` decimal(5,0) NOT NULL DEFAULT '30',
  `system_maintenance_switch` char(1) CHARACTER SET utf8 COLLATE utf8_bin DEFAULT NULL,
  `last_updated` timestamp NOT NULL DEFAULT CURRENT_TIMESTAMP,
  `updated_by` varchar(255) DEFAULT NULL
) ENGINE=MyISAM DEFAULT CHARSET=utf8;

-- --------------------------------------------------------

--
-- Table structure for table `teacher_reassignment`
--

CREATE TABLE `teacher_reassignment` (
  `course_period_id` int(11) NOT NULL,
  `teacher_id` int(11) NOT NULL,
  `assign_date` date NOT NULL,
  `modified_date` date NOT NULL,
  `pre_teacher_id` int(11) NOT NULL,
  `modified_by` int(11) NOT NULL,
  `updated` enum('Y','N') NOT NULL DEFAULT 'N',
  `last_updated` timestamp NOT NULL DEFAULT CURRENT_TIMESTAMP,
  `updated_by` varchar(255) DEFAULT NULL
) ENGINE=MyISAM DEFAULT CHARSET=utf8;

-- --------------------------------------------------------

--
-- Stand-in structure for view `transcript_grades`
--
CREATE TABLE `transcript_grades` (
`school_id` int(8)
,`school_name` varchar(100)
,`mp_source` varchar(7)
,`mp_id` int(11)
,`mp_name` varchar(50)
,`syear` decimal(10,0)
,`posted` date
,`student_id` decimal(10,0)
,`gradelevel` varchar(100)
,`grade_letter` varchar(5)
,`gp_value` decimal(10,3)
,`weighting` decimal(10,3)
,`gp_scale` decimal(10,3)
,`credit_attempted` decimal(10,3)
,`credit_earned` decimal(10,3)
,`credit_category` varchar(10)
,`course_period_id` decimal(10,0)
,`course_name` text
,`course_short_name` varchar(25)
,`gpa_cal` varchar(2)
,`weighted_gpa` decimal(10,2)
,`unweighted_gpa` decimal(10,2)
,`gpa` decimal(10,2)
,`class_rank` decimal(10,0)
,`sort_order` decimal(10,0)
);

-- --------------------------------------------------------

--
-- Table structure for table `user_profiles`
--

CREATE TABLE `user_profiles` (
  `id` int(8) NOT NULL,
  `profile` varchar(30) DEFAULT NULL,
  `title` varchar(100) DEFAULT NULL,
  `last_updated` timestamp NOT NULL DEFAULT CURRENT_TIMESTAMP,
  `updated_by` varchar(255) DEFAULT NULL
) ENGINE=MyISAM DEFAULT CHARSET=utf8;

--
-- Dumping data for table `user_profiles`
--

INSERT INTO `user_profiles` (`id`, `profile`, `title`, `last_updated`, `updated_by`) VALUES
(0, 'admin', 'Super Administrator', '2015-07-28 07:26:33', NULL),
(1, 'admin', 'Administrator', '2015-07-28 07:26:33', NULL),
(2, 'teacher', 'Teacher', '2015-07-28 07:26:33', NULL),
(3, 'student', 'Student', '2015-07-28 07:26:33', NULL),
(4, 'parent', 'Parent', '2015-07-28 07:26:33', NULL),
(5, 'admin', 'Admin Asst', '2015-07-28 07:26:33', NULL);

-- --------------------------------------------------------

--
-- Structure for view `course_details`
--
DROP TABLE IF EXISTS `course_details`;

CREATE ALGORITHM=UNDEFINED DEFINER=`root`@`localhost` SQL SECURITY DEFINER VIEW `course_details`  AS  select `cp`.`school_id` AS `school_id`,`cp`.`syear` AS `syear`,`cp`.`marking_period_id` AS `marking_period_id`,`c`.`subject_id` AS `subject_id`,`cp`.`course_id` AS `course_id`,`cp`.`course_period_id` AS `course_period_id`,`cp`.`teacher_id` AS `teacher_id`,`cp`.`secondary_teacher_id` AS `secondary_teacher_id`,`c`.`title` AS `course_title`,`cp`.`title` AS `cp_title`,`cp`.`grade_scale_id` AS `grade_scale_id`,`cp`.`mp` AS `mp`,`cp`.`credits` AS `credits`,`cp`.`begin_date` AS `begin_date`,`cp`.`end_date` AS `end_date` from (`course_periods` `cp` join `courses` `c`) where (`cp`.`course_id` = `c`.`course_id`) ;

-- --------------------------------------------------------

--
-- Structure for view `enroll_grade`
--
DROP TABLE IF EXISTS `enroll_grade`;

CREATE ALGORITHM=UNDEFINED DEFINER=`root`@`localhost` SQL SECURITY DEFINER VIEW `enroll_grade`  AS  select `e`.`id` AS `id`,`e`.`syear` AS `syear`,`e`.`school_id` AS `school_id`,`e`.`student_id` AS `student_id`,`e`.`start_date` AS `start_date`,`e`.`end_date` AS `end_date`,`sg`.`short_name` AS `short_name`,`sg`.`title` AS `title` from (`student_enrollment` `e` join `school_gradelevels` `sg`) where (`e`.`grade_id` = `sg`.`id`) ;

-- --------------------------------------------------------

--
-- Structure for view `marking_periods`
--
DROP TABLE IF EXISTS `marking_periods`;

CREATE ALGORITHM=UNDEFINED DEFINER=`root`@`localhost` SQL SECURITY DEFINER VIEW `marking_periods`  AS  select `q`.`marking_period_id` AS `marking_period_id`,'openSIS' AS `mp_source`,`q`.`syear` AS `syear`,`q`.`school_id` AS `school_id`,'quarter' AS `mp_type`,`q`.`title` AS `title`,`q`.`short_name` AS `short_name`,`q`.`sort_order` AS `sort_order`,`q`.`semester_id` AS `parent_id`,`s`.`year_id` AS `grandparent_id`,`q`.`start_date` AS `start_date`,`q`.`end_date` AS `end_date`,`q`.`post_start_date` AS `post_start_date`,`q`.`post_end_date` AS `post_end_date`,`q`.`does_grades` AS `does_grades`,`q`.`does_exam` AS `does_exam`,`q`.`does_comments` AS `does_comments` from (`school_quarters` `q` join `school_semesters` `s` on((`q`.`semester_id` = `s`.`marking_period_id`))) union select `school_semesters`.`marking_period_id` AS `marking_period_id`,'openSIS' AS `mp_source`,`school_semesters`.`syear` AS `syear`,`school_semesters`.`school_id` AS `school_id`,'semester' AS `mp_type`,`school_semesters`.`title` AS `title`,`school_semesters`.`short_name` AS `short_name`,`school_semesters`.`sort_order` AS `sort_order`,`school_semesters`.`year_id` AS `parent_id`,-(1) AS `grandparent_id`,`school_semesters`.`start_date` AS `start_date`,`school_semesters`.`end_date` AS `end_date`,`school_semesters`.`post_start_date` AS `post_start_date`,`school_semesters`.`post_end_date` AS `post_end_date`,`school_semesters`.`does_grades` AS `does_grades`,`school_semesters`.`does_exam` AS `does_exam`,`school_semesters`.`does_comments` AS `does_comments` from `school_semesters` union select `school_years`.`marking_period_id` AS `marking_period_id`,'openSIS' AS `mp_source`,`school_years`.`syear` AS `syear`,`school_years`.`school_id` AS `school_id`,'year' AS `mp_type`,`school_years`.`title` AS `title`,`school_years`.`short_name` AS `short_name`,`school_years`.`sort_order` AS `sort_order`,-(1) AS `parent_id`,-(1) AS `grandparent_id`,`school_years`.`start_date` AS `start_date`,`school_years`.`end_date` AS `end_date`,`school_years`.`post_start_date` AS `post_start_date`,`school_years`.`post_end_date` AS `post_end_date`,`school_years`.`does_grades` AS `does_grades`,`school_years`.`does_exam` AS `does_exam`,`school_years`.`does_comments` AS `does_comments` from `school_years` union select `history_marking_periods`.`marking_period_id` AS `marking_period_id`,'History' AS `mp_source`,`history_marking_periods`.`syear` AS `syear`,`history_marking_periods`.`school_id` AS `school_id`,`history_marking_periods`.`mp_type` AS `mp_type`,`history_marking_periods`.`name` AS `title`,NULL AS `short_name`,NULL AS `sort_order`,`history_marking_periods`.`parent_id` AS `parent_id`,-(1) AS `grandparent_id`,NULL AS `start_date`,`history_marking_periods`.`post_end_date` AS `end_date`,NULL AS `post_start_date`,`history_marking_periods`.`post_end_date` AS `post_end_date`,'Y' AS `does_grades`,NULL AS `does_exam`,NULL AS `does_comments` from `history_marking_periods` ;

-- --------------------------------------------------------

--
-- Structure for view `transcript_grades`
--
DROP TABLE IF EXISTS `transcript_grades`;

CREATE ALGORITHM=UNDEFINED DEFINER=`root`@`localhost` SQL SECURITY DEFINER VIEW `transcript_grades`  AS  select `s`.`id` AS `school_id`,if((`mp`.`mp_source` = 'history'),(select `history_school`.`school_name` from `history_school` where ((`history_school`.`student_id` = `rcg`.`student_id`) and (`history_school`.`marking_period_id` = `mp`.`marking_period_id`))),`s`.`title`) AS `school_name`,`mp`.`mp_source` AS `mp_source`,`mp`.`marking_period_id` AS `mp_id`,`mp`.`title` AS `mp_name`,`mp`.`syear` AS `syear`,`mp`.`end_date` AS `posted`,`rcg`.`student_id` AS `student_id`,`sgc`.`grade_level_short` AS `gradelevel`,`rcg`.`grade_letter` AS `grade_letter`,`rcg`.`unweighted_gp` AS `gp_value`,`rcg`.`weighted_gp` AS `weighting`,`rcg`.`gp_scale` AS `gp_scale`,`rcg`.`credit_attempted` AS `credit_attempted`,`rcg`.`credit_earned` AS `credit_earned`,`rcg`.`credit_category` AS `credit_category`,`rcg`.`course_period_id` AS `course_period_id`,`rcg`.`course_title` AS `course_name`,(select `courses`.`short_name` from (`course_periods` join `courses`) where ((`course_periods`.`course_id` = `courses`.`course_id`) and (`course_periods`.`course_period_id` = `rcg`.`course_period_id`))) AS `course_short_name`,`rcg`.`gpa_cal` AS `gpa_cal`,`sgc`.`weighted_gpa` AS `weighted_gpa`,`sgc`.`unweighted_gpa` AS `unweighted_gpa`,`sgc`.`gpa` AS `gpa`,`sgc`.`class_rank` AS `class_rank`,`mp`.`sort_order` AS `sort_order` from (((`student_report_card_grades` `rcg` join `marking_periods` `mp` on(((`mp`.`marking_period_id` = `rcg`.`marking_period_id`) and (`mp`.`mp_type` in ('year','semester','quarter'))))) join `student_gpa_calculated` `sgc` on(((`sgc`.`student_id` = `rcg`.`student_id`) and (`sgc`.`marking_period_id` = `rcg`.`marking_period_id`)))) join `schools` `s` on((`s`.`id` = `mp`.`school_id`))) ;

--
-- Indexes for dumped tables
--

--
-- Indexes for table `attendance_calendar`
--
ALTER TABLE `attendance_calendar`
  ADD PRIMARY KEY (`syear`,`school_id`,`school_date`,`calendar_id`);

--
-- Indexes for table `attendance_code_categories`
--
ALTER TABLE `attendance_code_categories`
  ADD PRIMARY KEY (`id`),
  ADD KEY `attendance_code_categories_ind1` (`id`) USING BTREE,
  ADD KEY `attendance_code_categories_ind2` (`syear`,`school_id`) USING BTREE;

--
-- Indexes for table `attendance_codes`
--
ALTER TABLE `attendance_codes`
  ADD PRIMARY KEY (`id`),
  ADD KEY `attendance_codes_ind2` (`syear`,`school_id`) USING BTREE,
  ADD KEY `attendance_codes_ind3` (`short_name`) USING BTREE;

--
-- Indexes for table `attendance_day`
--
ALTER TABLE `attendance_day`
  ADD PRIMARY KEY (`student_id`,`school_date`);

--
-- Indexes for table `attendance_period`
--
ALTER TABLE `attendance_period`
  ADD PRIMARY KEY (`student_id`,`school_date`,`period_id`),
  ADD KEY `attendance_period_ind1` (`student_id`) USING BTREE,
  ADD KEY `attendance_period_ind2` (`period_id`) USING BTREE,
  ADD KEY `attendance_period_ind3` (`attendance_code`) USING BTREE,
  ADD KEY `attendance_period_ind4` (`school_date`) USING BTREE,
  ADD KEY `attendance_period_ind5` (`attendance_code`) USING BTREE;

--
-- Indexes for table `calendar_events`
--
ALTER TABLE `calendar_events`
  ADD PRIMARY KEY (`id`);

--
-- Indexes for table `course_period_var`
--
ALTER TABLE `course_period_var`
  ADD PRIMARY KEY (`id`);

--
-- Indexes for table `course_periods`
--
ALTER TABLE `course_periods`
  ADD PRIMARY KEY (`course_period_id`),
  ADD KEY `course_periods_ind1` (`syear`) USING BTREE,
  ADD KEY `course_periods_ind2` (`course_id`,`course_weight`,`syear`,`school_id`) USING BTREE,
  ADD KEY `course_periods_ind3` (`course_period_id`) USING BTREE,
  ADD KEY `course_periods_ind5` (`parent_id`) USING BTREE;

--
-- Indexes for table `course_subjects`
--
ALTER TABLE `course_subjects`
  ADD PRIMARY KEY (`subject_id`),
  ADD KEY `course_subjects_ind1` (`syear`,`school_id`,`subject_id`) USING BTREE;

--
-- Indexes for table `courses`
--
ALTER TABLE `courses`
  ADD PRIMARY KEY (`course_id`),
  ADD KEY `courses_ind1` (`course_id`,`syear`) USING BTREE,
  ADD KEY `courses_ind2` (`subject_id`) USING BTREE;

--
-- Indexes for table `custom_fields`
--
ALTER TABLE `custom_fields`
  ADD PRIMARY KEY (`id`),
  ADD KEY `address_desc_ind2` (`type`) USING BTREE,
  ADD KEY `address_fields_ind3` (`category_id`) USING BTREE,
  ADD KEY `custom_desc_ind` (`id`) USING BTREE,
  ADD KEY `custom_desc_ind2` (`type`) USING BTREE,
  ADD KEY `custom_fields_ind3` (`category_id`) USING BTREE,
  ADD KEY `people_desc_ind2` (`type`) USING BTREE,
  ADD KEY `people_fields_ind3` (`category_id`) USING BTREE;

--
-- Indexes for table `eligibility`
--
ALTER TABLE `eligibility`
  ADD KEY `eligibility_ind1` (`student_id`,`course_period_id`,`school_date`) USING BTREE;

--
-- Indexes for table `eligibility_activities`
--
ALTER TABLE `eligibility_activities`
  ADD PRIMARY KEY (`id`),
  ADD KEY `eligibility_activities_ind1` (`school_id`,`syear`) USING BTREE;

--
-- Indexes for table `eligibility_completed`
--
ALTER TABLE `eligibility_completed`
  ADD PRIMARY KEY (`staff_id`,`school_date`,`period_id`);

--
-- Indexes for table `ethnicity`
--
ALTER TABLE `ethnicity`
  ADD PRIMARY KEY (`ethnicity_id`);

--
-- Indexes for table `gradebook_assignment_types`
--
ALTER TABLE `gradebook_assignment_types`
  ADD PRIMARY KEY (`assignment_type_id`);

--
-- Indexes for table `gradebook_assignments`
--
ALTER TABLE `gradebook_assignments`
  ADD PRIMARY KEY (`assignment_id`),
  ADD KEY `gradebook_assignment_types_ind1` (`staff_id`,`course_id`) USING BTREE,
  ADD KEY `gradebook_assignments_ind1` (`staff_id`,`marking_period_id`) USING BTREE,
  ADD KEY `gradebook_assignments_ind2` (`course_id`,`course_period_id`) USING BTREE,
  ADD KEY `gradebook_assignments_ind3` (`assignment_type_id`) USING BTREE;

--
-- Indexes for table `gradebook_grades`
--
ALTER TABLE `gradebook_grades`
  ADD PRIMARY KEY (`student_id`,`assignment_id`,`course_period_id`),
  ADD KEY `gradebook_grades_ind1` (`assignment_id`) USING BTREE;

--
-- Indexes for table `grades_completed`
--
ALTER TABLE `grades_completed`
  ADD PRIMARY KEY (`staff_id`,`marking_period_id`,`period_id`);

--
-- Indexes for table `history_marking_periods`
--
ALTER TABLE `history_marking_periods`
  ADD PRIMARY KEY (`marking_period_id`),
  ADD KEY `history_marking_period_ind1` (`school_id`) USING BTREE,
  ADD KEY `history_marking_period_ind2` (`syear`) USING BTREE,
  ADD KEY `history_marking_period_ind3` (`mp_type`) USING BTREE;

--
-- Indexes for table `history_school`
--
ALTER TABLE `history_school`
  ADD PRIMARY KEY (`id`),
  ADD KEY `id` (`id`);

--
-- Indexes for table `honor_roll`
--
ALTER TABLE `honor_roll`
  ADD PRIMARY KEY (`id`);

--
-- Indexes for table `language`
--
ALTER TABLE `language`
  ADD PRIMARY KEY (`language_id`);

--
-- Indexes for table `log_maintain`
--
ALTER TABLE `log_maintain`
  ADD PRIMARY KEY (`id`);

--
-- Indexes for table `login_authentication`
--
ALTER TABLE `login_authentication`
  ADD PRIMARY KEY (`id`),
  ADD UNIQUE KEY `COMPOSITE` (`user_id`,`profile_id`);

--
-- Indexes for table `login_message`
--
ALTER TABLE `login_message`
  ADD PRIMARY KEY (`id`);

--
-- Indexes for table `login_records`
--
ALTER TABLE `login_records`
  ADD PRIMARY KEY (`id`);

--
-- Indexes for table `mail_group`
--
ALTER TABLE `mail_group`
  ADD PRIMARY KEY (`group_id`);

--
-- Indexes for table `mail_groupmembers`
--
ALTER TABLE `mail_groupmembers`
  ADD PRIMARY KEY (`id`);

--
-- Indexes for table `marking_period_id_generator`
--
ALTER TABLE `marking_period_id_generator`
  ADD PRIMARY KEY (`id`);

--
-- Indexes for table `medical_info`
--
ALTER TABLE `medical_info`
  ADD PRIMARY KEY (`id`);

--
-- Indexes for table `msg_inbox`
--
ALTER TABLE `msg_inbox`
  ADD PRIMARY KEY (`mail_id`);

--
-- Indexes for table `msg_outbox`
--
ALTER TABLE `msg_outbox`
  ADD PRIMARY KEY (`mail_id`);

--
-- Indexes for table `people`
--
ALTER TABLE `people`
  ADD PRIMARY KEY (`staff_id`);

--
-- Indexes for table `people_field_categories`
--
ALTER TABLE `people_field_categories`
  ADD PRIMARY KEY (`id`);

--
-- Indexes for table `people_fields`
--
ALTER TABLE `people_fields`
  ADD PRIMARY KEY (`id`),
  ADD KEY `people_desc_ind` (`id`) USING BTREE;

--
-- Indexes for table `portal_notes`
--
ALTER TABLE `portal_notes`
  ADD PRIMARY KEY (`id`);

--
-- Indexes for table `program_config`
--
ALTER TABLE `program_config`
  ADD KEY `program_config_ind1` (`program`,`school_id`,`syear`) USING BTREE;

--
-- Indexes for table `program_user_config`
--
ALTER TABLE `program_user_config`
  ADD KEY `program_user_config_ind1` (`user_id`,`program`) USING BTREE;

--
-- Indexes for table `report_card_comments`
--
ALTER TABLE `report_card_comments`
  ADD PRIMARY KEY (`id`),
  ADD KEY `report_card_comments_ind1` (`syear`,`school_id`) USING BTREE;

--
-- Indexes for table `report_card_grade_scales`
--
ALTER TABLE `report_card_grade_scales`
  ADD PRIMARY KEY (`id`);

--
-- Indexes for table `report_card_grades`
--
ALTER TABLE `report_card_grades`
  ADD PRIMARY KEY (`id`),
  ADD KEY `report_card_grades_ind1` (`syear`,`school_id`) USING BTREE;

--
-- Indexes for table `rooms`
--
ALTER TABLE `rooms`
  ADD PRIMARY KEY (`room_id`);

--
-- Indexes for table `schedule`
--
ALTER TABLE `schedule`
  ADD PRIMARY KEY (`id`),
  ADD KEY `schedule_ind1` (`course_id`,`course_weight`) USING BTREE,
  ADD KEY `schedule_ind2` (`course_period_id`) USING BTREE,
  ADD KEY `schedule_ind3` (`student_id`,`marking_period_id`,`start_date`,`end_date`) USING BTREE,
  ADD KEY `schedule_ind4` (`syear`,`school_id`) USING BTREE;

--
-- Indexes for table `schedule_requests`
--
ALTER TABLE `schedule_requests`
  ADD PRIMARY KEY (`request_id`),
  ADD KEY `schedule_requests_ind1` (`student_id`,`course_id`,`course_weight`,`syear`,`school_id`) USING BTREE,
  ADD KEY `schedule_requests_ind2` (`syear`,`school_id`) USING BTREE,
  ADD KEY `schedule_requests_ind3` (`course_id`,`course_weight`,`syear`,`school_id`) USING BTREE,
  ADD KEY `schedule_requests_ind4` (`with_teacher_id`) USING BTREE,
  ADD KEY `schedule_requests_ind5` (`not_teacher_id`) USING BTREE,
  ADD KEY `schedule_requests_ind6` (`with_period_id`) USING BTREE,
  ADD KEY `schedule_requests_ind7` (`not_period_id`) USING BTREE,
  ADD KEY `schedule_requests_ind8` (`request_id`) USING BTREE;

--
-- Indexes for table `school_calendars`
--
ALTER TABLE `school_calendars`
  ADD PRIMARY KEY (`calendar_id`);

--
-- Indexes for table `school_custom_fields`
--
ALTER TABLE `school_custom_fields`
  ADD PRIMARY KEY (`id`);

--
-- Indexes for table `school_gradelevels`
--
ALTER TABLE `school_gradelevels`
  ADD PRIMARY KEY (`id`),
  ADD KEY `school_gradelevels_ind1` (`school_id`) USING BTREE;

--
-- Indexes for table `school_periods`
--
ALTER TABLE `school_periods`
  ADD PRIMARY KEY (`period_id`),
  ADD KEY `school_periods_ind1` (`period_id`,`syear`) USING BTREE;

--
-- Indexes for table `school_progress_periods`
--
ALTER TABLE `school_progress_periods`
  ADD PRIMARY KEY (`marking_period_id`),
  ADD KEY `school_progress_periods_ind1` (`quarter_id`) USING BTREE,
  ADD KEY `school_progress_periods_ind2` (`syear`,`school_id`,`start_date`,`end_date`) USING BTREE;

--
-- Indexes for table `school_quarters`
--
ALTER TABLE `school_quarters`
  ADD PRIMARY KEY (`marking_period_id`),
  ADD KEY `school_quarters_ind1` (`semester_id`) USING BTREE,
  ADD KEY `school_quarters_ind2` (`syear`,`school_id`,`start_date`,`end_date`) USING BTREE;

--
-- Indexes for table `school_semesters`
--
ALTER TABLE `school_semesters`
  ADD PRIMARY KEY (`marking_period_id`),
  ADD KEY `school_semesters_ind1` (`year_id`) USING BTREE,
  ADD KEY `school_semesters_ind2` (`syear`,`school_id`,`start_date`,`end_date`) USING BTREE;

--
-- Indexes for table `school_years`
--
ALTER TABLE `school_years`
  ADD PRIMARY KEY (`marking_period_id`),
  ADD KEY `school_years_ind2` (`syear`,`school_id`,`start_date`,`end_date`) USING BTREE;

--
-- Indexes for table `schools`
--
ALTER TABLE `schools`
  ADD PRIMARY KEY (`id`),
  ADD KEY `schools_ind1` (`syear`) USING BTREE;

--
-- Indexes for table `staff`
--
ALTER TABLE `staff`
  ADD PRIMARY KEY (`staff_id`),
  ADD KEY `staff_ind2` (`last_name`,`first_name`) USING BTREE;

--
-- Indexes for table `staff_address`
--
ALTER TABLE `staff_address`
  ADD PRIMARY KEY (`staff_address_id`),
  ADD UNIQUE KEY `staff_id` (`staff_id`);

--
-- Indexes for table `staff_certification`
--
ALTER TABLE `staff_certification`
  ADD PRIMARY KEY (`staff_certification_id`);

--
-- Indexes for table `staff_contact`
--
ALTER TABLE `staff_contact`
  ADD PRIMARY KEY (`staff_phone_id`),
  ADD UNIQUE KEY `staff_id` (`staff_id`);

--
-- Indexes for table `staff_emergency_contact`
--
ALTER TABLE `staff_emergency_contact`
  ADD PRIMARY KEY (`staff_emergency_contact_id`),
  ADD UNIQUE KEY `staff_id` (`staff_id`);

--
-- Indexes for table `staff_fields`
--
ALTER TABLE `staff_fields`
  ADD PRIMARY KEY (`id`),
  ADD KEY `staff_desc_ind1` (`id`) USING BTREE,
  ADD KEY `staff_desc_ind2` (`type`) USING BTREE,
  ADD KEY `staff_fields_ind3` (`category_id`) USING BTREE;

--
-- Indexes for table `staff_school_info`
--
ALTER TABLE `staff_school_info`
  ADD PRIMARY KEY (`staff_school_info_id`),
  ADD UNIQUE KEY `staff_id` (`staff_id`);

--
-- Indexes for table `staff_school_relationship`
--
ALTER TABLE `staff_school_relationship`
  ADD PRIMARY KEY (`staff_id`,`school_id`,`syear`);

--
-- Indexes for table `student_address`
--
ALTER TABLE `student_address`
  ADD PRIMARY KEY (`id`);

--
-- Indexes for table `student_eligibility_activities`
--
ALTER TABLE `student_eligibility_activities`
  ADD KEY `student_eligibility_activities_ind1` (`student_id`) USING BTREE;

--
-- Indexes for table `student_enrollment`
--
ALTER TABLE `student_enrollment`
  ADD PRIMARY KEY (`id`),
  ADD KEY `student_enrollment_1` (`student_id`,`enrollment_code`) USING BTREE,
  ADD KEY `student_enrollment_2` (`grade_id`) USING BTREE,
  ADD KEY `student_enrollment_3` (`syear`,`student_id`,`school_id`,`grade_id`) USING BTREE,
  ADD KEY `student_enrollment_6` (`syear`,`student_id`,`start_date`,`end_date`) USING BTREE,
  ADD KEY `student_enrollment_7` (`school_id`) USING BTREE;

--
-- Indexes for table `student_enrollment_codes`
--
ALTER TABLE `student_enrollment_codes`
  ADD PRIMARY KEY (`id`);

--
-- Indexes for table `student_field_categories`
--
ALTER TABLE `student_field_categories`
  ADD PRIMARY KEY (`id`);

--
-- Indexes for table `student_goal`
--
ALTER TABLE `student_goal`
  ADD PRIMARY KEY (`goal_id`);

--
-- Indexes for table `student_goal_progress`
--
ALTER TABLE `student_goal_progress`
  ADD PRIMARY KEY (`progress_id`);

--
-- Indexes for table `student_gpa_calculated`
--
ALTER TABLE `student_gpa_calculated`
  ADD KEY `student_gpa_calculated_ind1` (`marking_period_id`,`student_id`) USING BTREE;

--
-- Indexes for table `student_immunization`
--
ALTER TABLE `student_immunization`
  ADD PRIMARY KEY (`id`),
  ADD KEY `student_medical_ind1` (`student_id`) USING BTREE;

--
-- Indexes for table `student_medical_alerts`
--
ALTER TABLE `student_medical_alerts`
  ADD PRIMARY KEY (`id`),
  ADD KEY `student_medical_alerts_ind1` (`student_id`) USING BTREE;

--
-- Indexes for table `student_medical_notes`
--
ALTER TABLE `student_medical_notes`
  ADD PRIMARY KEY (`id`);

--
-- Indexes for table `student_medical_visits`
--
ALTER TABLE `student_medical_visits`
  ADD PRIMARY KEY (`id`),
  ADD KEY `student_medical_visits_ind1` (`student_id`) USING BTREE;

--
-- Indexes for table `student_mp_comments`
--
ALTER TABLE `student_mp_comments`
  ADD PRIMARY KEY (`id`);

--
-- Indexes for table `student_report_card_comments`
--
ALTER TABLE `student_report_card_comments`
  ADD PRIMARY KEY (`syear`,`student_id`,`course_period_id`,`marking_period_id`,`report_card_comment_id`),
  ADD KEY `student_report_card_comments_ind1` (`school_id`) USING BTREE;

--
-- Indexes for table `student_report_card_grades`
--
ALTER TABLE `student_report_card_grades`
  ADD PRIMARY KEY (`id`),
  ADD KEY `student_report_card_grades_ind1` (`school_id`) USING BTREE,
  ADD KEY `student_report_card_grades_ind2` (`student_id`) USING BTREE,
  ADD KEY `student_report_card_grades_ind3` (`course_period_id`) USING BTREE,
  ADD KEY `student_report_card_grades_ind4` (`marking_period_id`) USING BTREE;

--
-- Indexes for table `students`
--
ALTER TABLE `students`
  ADD PRIMARY KEY (`student_id`),
  ADD KEY `name` (`last_name`,`first_name`,`middle_name`) USING BTREE;

--
-- Indexes for table `students_join_people`
--
ALTER TABLE `students_join_people`
  ADD PRIMARY KEY (`id`);

--
-- Indexes for table `system_preference`
--
ALTER TABLE `system_preference`
  ADD PRIMARY KEY (`id`);

--
-- Indexes for table `user_profiles`
--
ALTER TABLE `user_profiles`
  ADD PRIMARY KEY (`id`);

--
-- AUTO_INCREMENT for dumped tables
--

--
-- AUTO_INCREMENT for table `attendance_code_categories`
--
ALTER TABLE `attendance_code_categories`
  MODIFY `id` int(8) NOT NULL AUTO_INCREMENT;
--
-- AUTO_INCREMENT for table `attendance_codes`
--
ALTER TABLE `attendance_codes`
  MODIFY `id` int(8) NOT NULL AUTO_INCREMENT, AUTO_INCREMENT=6;
--
-- AUTO_INCREMENT for table `calendar_events`
--
ALTER TABLE `calendar_events`
  MODIFY `id` int(8) NOT NULL AUTO_INCREMENT;
--
-- AUTO_INCREMENT for table `course_period_var`
--
ALTER TABLE `course_period_var`
  MODIFY `id` int(11) NOT NULL AUTO_INCREMENT, AUTO_INCREMENT=24;
--
-- AUTO_INCREMENT for table `course_periods`
--
ALTER TABLE `course_periods`
  MODIFY `course_period_id` int(11) NOT NULL AUTO_INCREMENT, AUTO_INCREMENT=21;
--
-- AUTO_INCREMENT for table `course_subjects`
--
ALTER TABLE `course_subjects`
  MODIFY `subject_id` int(8) NOT NULL AUTO_INCREMENT, AUTO_INCREMENT=8;
--
-- AUTO_INCREMENT for table `courses`
--
ALTER TABLE `courses`
  MODIFY `course_id` int(8) NOT NULL AUTO_INCREMENT, AUTO_INCREMENT=19;
--
-- AUTO_INCREMENT for table `custom_fields`
--
ALTER TABLE `custom_fields`
  MODIFY `id` int(8) NOT NULL AUTO_INCREMENT, AUTO_INCREMENT=10;
--
-- AUTO_INCREMENT for table `eligibility_activities`
--
ALTER TABLE `eligibility_activities`
  MODIFY `id` int(8) NOT NULL AUTO_INCREMENT;
--
-- AUTO_INCREMENT for table `ethnicity`
--
ALTER TABLE `ethnicity`
  MODIFY `ethnicity_id` int(8) NOT NULL AUTO_INCREMENT, AUTO_INCREMENT=16;
--
-- AUTO_INCREMENT for table `gradebook_assignment_types`
--
ALTER TABLE `gradebook_assignment_types`
  MODIFY `assignment_type_id` int(8) NOT NULL AUTO_INCREMENT;
--
-- AUTO_INCREMENT for table `gradebook_assignments`
--
ALTER TABLE `gradebook_assignments`
  MODIFY `assignment_id` int(8) NOT NULL AUTO_INCREMENT;
--
-- AUTO_INCREMENT for table `history_school`
--
ALTER TABLE `history_school`
  MODIFY `id` int(11) NOT NULL AUTO_INCREMENT;
--
-- AUTO_INCREMENT for table `honor_roll`
--
ALTER TABLE `honor_roll`
  MODIFY `id` int(11) NOT NULL AUTO_INCREMENT;
--
-- AUTO_INCREMENT for table `language`
--
ALTER TABLE `language`
  MODIFY `language_id` int(8) NOT NULL AUTO_INCREMENT, AUTO_INCREMENT=22;
--
-- AUTO_INCREMENT for table `log_maintain`
--
ALTER TABLE `log_maintain`
  MODIFY `id` int(8) NOT NULL AUTO_INCREMENT, AUTO_INCREMENT=89;
--
-- AUTO_INCREMENT for table `login_authentication`
--
ALTER TABLE `login_authentication`
  MODIFY `id` int(11) NOT NULL AUTO_INCREMENT, AUTO_INCREMENT=43;
--
-- AUTO_INCREMENT for table `login_message`
--
ALTER TABLE `login_message`
  MODIFY `id` int(8) NOT NULL AUTO_INCREMENT, AUTO_INCREMENT=2;
--
-- AUTO_INCREMENT for table `login_records`
--
ALTER TABLE `login_records`
  MODIFY `id` int(8) NOT NULL AUTO_INCREMENT;
--
-- AUTO_INCREMENT for table `mail_group`
--
ALTER TABLE `mail_group`
  MODIFY `group_id` int(11) NOT NULL AUTO_INCREMENT;
--
-- AUTO_INCREMENT for table `mail_groupmembers`
--
ALTER TABLE `mail_groupmembers`
  MODIFY `id` int(11) NOT NULL AUTO_INCREMENT;
--
-- AUTO_INCREMENT for table `marking_period_id_generator`
--
ALTER TABLE `marking_period_id_generator`
  MODIFY `id` int(11) NOT NULL AUTO_INCREMENT, AUTO_INCREMENT=19;
--
-- AUTO_INCREMENT for table `medical_info`
--
ALTER TABLE `medical_info`
  MODIFY `id` int(11) NOT NULL AUTO_INCREMENT, AUTO_INCREMENT=26;
--
-- AUTO_INCREMENT for table `msg_inbox`
--
ALTER TABLE `msg_inbox`
  MODIFY `mail_id` int(11) NOT NULL AUTO_INCREMENT;
--
-- AUTO_INCREMENT for table `msg_outbox`
--
ALTER TABLE `msg_outbox`
  MODIFY `mail_id` int(11) NOT NULL AUTO_INCREMENT;
--
-- AUTO_INCREMENT for table `people`
--
ALTER TABLE `people`
  MODIFY `staff_id` int(11) NOT NULL AUTO_INCREMENT, AUTO_INCREMENT=51;
--
-- AUTO_INCREMENT for table `people_field_categories`
--
ALTER TABLE `people_field_categories`
  MODIFY `id` int(8) NOT NULL AUTO_INCREMENT, AUTO_INCREMENT=3;
--
-- AUTO_INCREMENT for table `people_fields`
--
ALTER TABLE `people_fields`
  MODIFY `id` int(8) NOT NULL AUTO_INCREMENT;
--
-- AUTO_INCREMENT for table `portal_notes`
--
ALTER TABLE `portal_notes`
  MODIFY `id` int(8) NOT NULL AUTO_INCREMENT;
--
-- AUTO_INCREMENT for table `report_card_comments`
--
ALTER TABLE `report_card_comments`
  MODIFY `id` int(8) NOT NULL AUTO_INCREMENT;
--
-- AUTO_INCREMENT for table `report_card_grade_scales`
--
ALTER TABLE `report_card_grade_scales`
  MODIFY `id` int(8) NOT NULL AUTO_INCREMENT, AUTO_INCREMENT=2;
--
-- AUTO_INCREMENT for table `report_card_grades`
--
ALTER TABLE `report_card_grades`
  MODIFY `id` int(8) NOT NULL AUTO_INCREMENT, AUTO_INCREMENT=8;
--
-- AUTO_INCREMENT for table `rooms`
--
ALTER TABLE `rooms`
  MODIFY `room_id` int(11) NOT NULL AUTO_INCREMENT, AUTO_INCREMENT=7;
--
-- AUTO_INCREMENT for table `schedule`
--
ALTER TABLE `schedule`
  MODIFY `id` int(8) NOT NULL AUTO_INCREMENT, AUTO_INCREMENT=296;
--
-- AUTO_INCREMENT for table `schedule_requests`
--
ALTER TABLE `schedule_requests`
  MODIFY `request_id` int(8) NOT NULL AUTO_INCREMENT;
--
-- AUTO_INCREMENT for table `school_calendars`
--
ALTER TABLE `school_calendars`
  MODIFY `calendar_id` int(8) NOT NULL AUTO_INCREMENT, AUTO_INCREMENT=2;
--
-- AUTO_INCREMENT for table `school_custom_fields`
--
ALTER TABLE `school_custom_fields`
  MODIFY `id` int(8) NOT NULL AUTO_INCREMENT;
--
-- AUTO_INCREMENT for table `school_gradelevels`
--
ALTER TABLE `school_gradelevels`
  MODIFY `id` int(8) NOT NULL AUTO_INCREMENT, AUTO_INCREMENT=5;
--
-- AUTO_INCREMENT for table `school_periods`
--
ALTER TABLE `school_periods`
  MODIFY `period_id` int(8) NOT NULL AUTO_INCREMENT, AUTO_INCREMENT=18;
--
-- AUTO_INCREMENT for table `schools`
--
ALTER TABLE `schools`
  MODIFY `id` int(8) NOT NULL AUTO_INCREMENT, AUTO_INCREMENT=3;
--
-- AUTO_INCREMENT for table `staff`
--
ALTER TABLE `staff`
  MODIFY `staff_id` int(8) NOT NULL AUTO_INCREMENT, AUTO_INCREMENT=12;
--
-- AUTO_INCREMENT for table `staff_address`
--
ALTER TABLE `staff_address`
  MODIFY `staff_address_id` int(8) NOT NULL AUTO_INCREMENT, AUTO_INCREMENT=10;
--
-- AUTO_INCREMENT for table `staff_certification`
--
ALTER TABLE `staff_certification`
  MODIFY `staff_certification_id` int(8) NOT NULL AUTO_INCREMENT;
--
-- AUTO_INCREMENT for table `staff_contact`
--
ALTER TABLE `staff_contact`
  MODIFY `staff_phone_id` int(8) NOT NULL AUTO_INCREMENT, AUTO_INCREMENT=10;
--
-- AUTO_INCREMENT for table `staff_emergency_contact`
--
ALTER TABLE `staff_emergency_contact`
  MODIFY `staff_emergency_contact_id` int(8) NOT NULL AUTO_INCREMENT, AUTO_INCREMENT=10;
--
-- AUTO_INCREMENT for table `staff_fields`
--
ALTER TABLE `staff_fields`
  MODIFY `id` int(8) NOT NULL AUTO_INCREMENT;
--
-- AUTO_INCREMENT for table `staff_school_info`
--
ALTER TABLE `staff_school_info`
  MODIFY `staff_school_info_id` int(8) NOT NULL AUTO_INCREMENT, AUTO_INCREMENT=12;
--
-- AUTO_INCREMENT for table `student_address`
--
ALTER TABLE `student_address`
  MODIFY `id` int(11) NOT NULL AUTO_INCREMENT, AUTO_INCREMENT=101;
--
-- AUTO_INCREMENT for table `student_enrollment`
--
ALTER TABLE `student_enrollment`
  MODIFY `id` int(8) NOT NULL AUTO_INCREMENT, AUTO_INCREMENT=26;
--
-- AUTO_INCREMENT for table `student_enrollment_codes`
--
ALTER TABLE `student_enrollment_codes`
  MODIFY `id` int(8) NOT NULL AUTO_INCREMENT, AUTO_INCREMENT=11;
--
-- AUTO_INCREMENT for table `student_field_categories`
--
ALTER TABLE `student_field_categories`
  MODIFY `id` int(8) NOT NULL AUTO_INCREMENT, AUTO_INCREMENT=8;
--
-- AUTO_INCREMENT for table `student_goal`
--
ALTER TABLE `student_goal`
  MODIFY `goal_id` int(8) NOT NULL AUTO_INCREMENT, AUTO_INCREMENT=2;
--
-- AUTO_INCREMENT for table `student_goal_progress`
--
ALTER TABLE `student_goal_progress`
  MODIFY `progress_id` int(8) NOT NULL AUTO_INCREMENT, AUTO_INCREMENT=2;
--
-- AUTO_INCREMENT for table `student_immunization`
--
ALTER TABLE `student_immunization`
  MODIFY `id` int(8) NOT NULL AUTO_INCREMENT;
--
-- AUTO_INCREMENT for table `student_medical_alerts`
--
ALTER TABLE `student_medical_alerts`
  MODIFY `id` int(8) NOT NULL AUTO_INCREMENT;
--
-- AUTO_INCREMENT for table `student_medical_notes`
--
ALTER TABLE `student_medical_notes`
  MODIFY `id` int(8) NOT NULL AUTO_INCREMENT;
--
-- AUTO_INCREMENT for table `student_medical_visits`
--
ALTER TABLE `student_medical_visits`
  MODIFY `id` int(8) NOT NULL AUTO_INCREMENT;
--
-- AUTO_INCREMENT for table `student_mp_comments`
--
ALTER TABLE `student_mp_comments`
  MODIFY `id` int(8) NOT NULL AUTO_INCREMENT, AUTO_INCREMENT=2;
--
-- AUTO_INCREMENT for table `student_report_card_grades`
--
ALTER TABLE `student_report_card_grades`
  MODIFY `id` int(8) NOT NULL AUTO_INCREMENT;
--
-- AUTO_INCREMENT for table `students`
--
ALTER TABLE `students`
  MODIFY `student_id` int(8) NOT NULL AUTO_INCREMENT, AUTO_INCREMENT=26;
--
-- AUTO_INCREMENT for table `students_join_people`
--
ALTER TABLE `students_join_people`
  MODIFY `id` int(8) NOT NULL AUTO_INCREMENT, AUTO_INCREMENT=52;
--
-- AUTO_INCREMENT for table `system_preference`
--
ALTER TABLE `system_preference`
  MODIFY `id` int(8) NOT NULL AUTO_INCREMENT, AUTO_INCREMENT=2;
--
-- AUTO_INCREMENT for table `user_profiles`
--
ALTER TABLE `user_profiles`
  MODIFY `id` int(8) NOT NULL AUTO_INCREMENT, AUTO_INCREMENT=6;--
-- Database: `philmar`
--
CREATE DATABASE IF NOT EXISTS `philmar` DEFAULT CHARACTER SET latin1 COLLATE latin1_swedish_ci;
USE `philmar`;
--
-- Database: `phpmyadmin`
--
CREATE DATABASE IF NOT EXISTS `phpmyadmin` DEFAULT CHARACTER SET utf8 COLLATE utf8_bin;
USE `phpmyadmin`;

-- --------------------------------------------------------

--
-- Table structure for table `pma__bookmark`
--

CREATE TABLE `pma__bookmark` (
  `id` int(11) NOT NULL,
  `dbase` varchar(255) COLLATE utf8_bin NOT NULL DEFAULT '',
  `user` varchar(255) COLLATE utf8_bin NOT NULL DEFAULT '',
  `label` varchar(255) CHARACTER SET utf8 NOT NULL DEFAULT '',
  `query` text COLLATE utf8_bin NOT NULL
) ENGINE=InnoDB DEFAULT CHARSET=utf8 COLLATE=utf8_bin COMMENT='Bookmarks';

-- --------------------------------------------------------

--
-- Table structure for table `pma__central_columns`
--

CREATE TABLE `pma__central_columns` (
  `db_name` varchar(64) COLLATE utf8_bin NOT NULL,
  `col_name` varchar(64) COLLATE utf8_bin NOT NULL,
  `col_type` varchar(64) COLLATE utf8_bin NOT NULL,
  `col_length` text COLLATE utf8_bin,
  `col_collation` varchar(64) COLLATE utf8_bin NOT NULL,
  `col_isNull` tinyint(1) NOT NULL,
  `col_extra` varchar(255) COLLATE utf8_bin DEFAULT '',
  `col_default` text COLLATE utf8_bin
) ENGINE=InnoDB DEFAULT CHARSET=utf8 COLLATE=utf8_bin COMMENT='Central list of columns';

-- --------------------------------------------------------

--
-- Table structure for table `pma__column_info`
--

CREATE TABLE `pma__column_info` (
  `id` int(5) UNSIGNED NOT NULL,
  `db_name` varchar(64) COLLATE utf8_bin NOT NULL DEFAULT '',
  `table_name` varchar(64) COLLATE utf8_bin NOT NULL DEFAULT '',
  `column_name` varchar(64) COLLATE utf8_bin NOT NULL DEFAULT '',
  `comment` varchar(255) CHARACTER SET utf8 NOT NULL DEFAULT '',
  `mimetype` varchar(255) CHARACTER SET utf8 NOT NULL DEFAULT '',
  `transformation` varchar(255) COLLATE utf8_bin NOT NULL DEFAULT '',
  `transformation_options` varchar(255) COLLATE utf8_bin NOT NULL DEFAULT '',
  `input_transformation` varchar(255) COLLATE utf8_bin NOT NULL DEFAULT '',
  `input_transformation_options` varchar(255) COLLATE utf8_bin NOT NULL DEFAULT ''
) ENGINE=InnoDB DEFAULT CHARSET=utf8 COLLATE=utf8_bin COMMENT='Column information for phpMyAdmin';

-- --------------------------------------------------------

--
-- Table structure for table `pma__designer_settings`
--

CREATE TABLE `pma__designer_settings` (
  `username` varchar(64) COLLATE utf8_bin NOT NULL,
  `settings_data` text COLLATE utf8_bin NOT NULL
) ENGINE=InnoDB DEFAULT CHARSET=utf8 COLLATE=utf8_bin COMMENT='Settings related to Designer';

-- --------------------------------------------------------

--
-- Table structure for table `pma__export_templates`
--

CREATE TABLE `pma__export_templates` (
  `id` int(5) UNSIGNED NOT NULL,
  `username` varchar(64) COLLATE utf8_bin NOT NULL,
  `export_type` varchar(10) COLLATE utf8_bin NOT NULL,
  `template_name` varchar(64) COLLATE utf8_bin NOT NULL,
  `template_data` text COLLATE utf8_bin NOT NULL
) ENGINE=InnoDB DEFAULT CHARSET=utf8 COLLATE=utf8_bin COMMENT='Saved export templates';

-- --------------------------------------------------------

--
-- Table structure for table `pma__favorite`
--

CREATE TABLE `pma__favorite` (
  `username` varchar(64) COLLATE utf8_bin NOT NULL,
  `tables` text COLLATE utf8_bin NOT NULL
) ENGINE=InnoDB DEFAULT CHARSET=utf8 COLLATE=utf8_bin COMMENT='Favorite tables';

-- --------------------------------------------------------

--
-- Table structure for table `pma__history`
--

CREATE TABLE `pma__history` (
  `id` bigint(20) UNSIGNED NOT NULL,
  `username` varchar(64) COLLATE utf8_bin NOT NULL DEFAULT '',
  `db` varchar(64) COLLATE utf8_bin NOT NULL DEFAULT '',
  `table` varchar(64) COLLATE utf8_bin NOT NULL DEFAULT '',
  `timevalue` timestamp NOT NULL DEFAULT CURRENT_TIMESTAMP,
  `sqlquery` text COLLATE utf8_bin NOT NULL
) ENGINE=InnoDB DEFAULT CHARSET=utf8 COLLATE=utf8_bin COMMENT='SQL history for phpMyAdmin';

-- --------------------------------------------------------

--
-- Table structure for table `pma__navigationhiding`
--

CREATE TABLE `pma__navigationhiding` (
  `username` varchar(64) COLLATE utf8_bin NOT NULL,
  `item_name` varchar(64) COLLATE utf8_bin NOT NULL,
  `item_type` varchar(64) COLLATE utf8_bin NOT NULL,
  `db_name` varchar(64) COLLATE utf8_bin NOT NULL,
  `table_name` varchar(64) COLLATE utf8_bin NOT NULL
) ENGINE=InnoDB DEFAULT CHARSET=utf8 COLLATE=utf8_bin COMMENT='Hidden items of navigation tree';

-- --------------------------------------------------------

--
-- Table structure for table `pma__pdf_pages`
--

CREATE TABLE `pma__pdf_pages` (
  `db_name` varchar(64) COLLATE utf8_bin NOT NULL DEFAULT '',
  `page_nr` int(10) UNSIGNED NOT NULL,
  `page_descr` varchar(50) CHARACTER SET utf8 NOT NULL DEFAULT ''
) ENGINE=InnoDB DEFAULT CHARSET=utf8 COLLATE=utf8_bin COMMENT='PDF relation pages for phpMyAdmin';

-- --------------------------------------------------------

--
-- Table structure for table `pma__recent`
--

CREATE TABLE `pma__recent` (
  `username` varchar(64) COLLATE utf8_bin NOT NULL,
  `tables` text COLLATE utf8_bin NOT NULL
) ENGINE=InnoDB DEFAULT CHARSET=utf8 COLLATE=utf8_bin COMMENT='Recently accessed tables';

--
-- Dumping data for table `pma__recent`
--

INSERT INTO `pma__recent` (`username`, `tables`) VALUES
('root', '[{"db":"bcc","table":"student"},{"db":"bcc","table":"admin"},{"db":"e_learning","table":"admin"},{"db":"capstone","table":"student"},{"db":"digitalnotice","table":"admin"},{"db":"grading","table":"userdata"},{"db":"grading","table":"student"},{"db":"josgv","table":"people"},{"db":"feedback","table":"semester_master"},{"db":"feedback","table":"members"}]');

-- --------------------------------------------------------

--
-- Table structure for table `pma__relation`
--

CREATE TABLE `pma__relation` (
  `master_db` varchar(64) COLLATE utf8_bin NOT NULL DEFAULT '',
  `master_table` varchar(64) COLLATE utf8_bin NOT NULL DEFAULT '',
  `master_field` varchar(64) COLLATE utf8_bin NOT NULL DEFAULT '',
  `foreign_db` varchar(64) COLLATE utf8_bin NOT NULL DEFAULT '',
  `foreign_table` varchar(64) COLLATE utf8_bin NOT NULL DEFAULT '',
  `foreign_field` varchar(64) COLLATE utf8_bin NOT NULL DEFAULT ''
) ENGINE=InnoDB DEFAULT CHARSET=utf8 COLLATE=utf8_bin COMMENT='Relation table';

-- --------------------------------------------------------

--
-- Table structure for table `pma__savedsearches`
--

CREATE TABLE `pma__savedsearches` (
  `id` int(5) UNSIGNED NOT NULL,
  `username` varchar(64) COLLATE utf8_bin NOT NULL DEFAULT '',
  `db_name` varchar(64) COLLATE utf8_bin NOT NULL DEFAULT '',
  `search_name` varchar(64) COLLATE utf8_bin NOT NULL DEFAULT '',
  `search_data` text COLLATE utf8_bin NOT NULL
) ENGINE=InnoDB DEFAULT CHARSET=utf8 COLLATE=utf8_bin COMMENT='Saved searches';

-- --------------------------------------------------------

--
-- Table structure for table `pma__table_coords`
--

CREATE TABLE `pma__table_coords` (
  `db_name` varchar(64) COLLATE utf8_bin NOT NULL DEFAULT '',
  `table_name` varchar(64) COLLATE utf8_bin NOT NULL DEFAULT '',
  `pdf_page_number` int(11) NOT NULL DEFAULT '0',
  `x` float UNSIGNED NOT NULL DEFAULT '0',
  `y` float UNSIGNED NOT NULL DEFAULT '0'
) ENGINE=InnoDB DEFAULT CHARSET=utf8 COLLATE=utf8_bin COMMENT='Table coordinates for phpMyAdmin PDF output';

-- --------------------------------------------------------

--
-- Table structure for table `pma__table_info`
--

CREATE TABLE `pma__table_info` (
  `db_name` varchar(64) COLLATE utf8_bin NOT NULL DEFAULT '',
  `table_name` varchar(64) COLLATE utf8_bin NOT NULL DEFAULT '',
  `display_field` varchar(64) COLLATE utf8_bin NOT NULL DEFAULT ''
) ENGINE=InnoDB DEFAULT CHARSET=utf8 COLLATE=utf8_bin COMMENT='Table information for phpMyAdmin';

-- --------------------------------------------------------

--
-- Table structure for table `pma__table_uiprefs`
--

CREATE TABLE `pma__table_uiprefs` (
  `username` varchar(64) COLLATE utf8_bin NOT NULL,
  `db_name` varchar(64) COLLATE utf8_bin NOT NULL,
  `table_name` varchar(64) COLLATE utf8_bin NOT NULL,
  `prefs` text COLLATE utf8_bin NOT NULL,
  `last_update` timestamp NOT NULL DEFAULT CURRENT_TIMESTAMP ON UPDATE CURRENT_TIMESTAMP
) ENGINE=InnoDB DEFAULT CHARSET=utf8 COLLATE=utf8_bin COMMENT='Tables'' UI preferences';

-- --------------------------------------------------------

--
-- Table structure for table `pma__tracking`
--

CREATE TABLE `pma__tracking` (
  `db_name` varchar(64) COLLATE utf8_bin NOT NULL,
  `table_name` varchar(64) COLLATE utf8_bin NOT NULL,
  `version` int(10) UNSIGNED NOT NULL,
  `date_created` datetime NOT NULL,
  `date_updated` datetime NOT NULL,
  `schema_snapshot` text COLLATE utf8_bin NOT NULL,
  `schema_sql` text COLLATE utf8_bin,
  `data_sql` longtext COLLATE utf8_bin,
  `tracking` set('UPDATE','REPLACE','INSERT','DELETE','TRUNCATE','CREATE DATABASE','ALTER DATABASE','DROP DATABASE','CREATE TABLE','ALTER TABLE','RENAME TABLE','DROP TABLE','CREATE INDEX','DROP INDEX','CREATE VIEW','ALTER VIEW','DROP VIEW') COLLATE utf8_bin DEFAULT NULL,
  `tracking_active` int(1) UNSIGNED NOT NULL DEFAULT '1'
) ENGINE=InnoDB DEFAULT CHARSET=utf8 COLLATE=utf8_bin COMMENT='Database changes tracking for phpMyAdmin';

-- --------------------------------------------------------

--
-- Table structure for table `pma__userconfig`
--

CREATE TABLE `pma__userconfig` (
  `username` varchar(64) COLLATE utf8_bin NOT NULL,
  `timevalue` timestamp NOT NULL DEFAULT CURRENT_TIMESTAMP ON UPDATE CURRENT_TIMESTAMP,
  `config_data` text COLLATE utf8_bin NOT NULL
) ENGINE=InnoDB DEFAULT CHARSET=utf8 COLLATE=utf8_bin COMMENT='User preferences storage for phpMyAdmin';

--
-- Dumping data for table `pma__userconfig`
--

INSERT INTO `pma__userconfig` (`username`, `timevalue`, `config_data`) VALUES
('root', '2016-11-02 23:07:07', '{"collation_connection":"utf8mb4_unicode_ci"}');

-- --------------------------------------------------------

--
-- Table structure for table `pma__usergroups`
--

CREATE TABLE `pma__usergroups` (
  `usergroup` varchar(64) COLLATE utf8_bin NOT NULL,
  `tab` varchar(64) COLLATE utf8_bin NOT NULL,
  `allowed` enum('Y','N') COLLATE utf8_bin NOT NULL DEFAULT 'N'
) ENGINE=InnoDB DEFAULT CHARSET=utf8 COLLATE=utf8_bin COMMENT='User groups with configured menu items';

-- --------------------------------------------------------

--
-- Table structure for table `pma__users`
--

CREATE TABLE `pma__users` (
  `username` varchar(64) COLLATE utf8_bin NOT NULL,
  `usergroup` varchar(64) COLLATE utf8_bin NOT NULL
) ENGINE=InnoDB DEFAULT CHARSET=utf8 COLLATE=utf8_bin COMMENT='Users and their assignments to user groups';

--
-- Indexes for dumped tables
--

--
-- Indexes for table `pma__bookmark`
--
ALTER TABLE `pma__bookmark`
  ADD PRIMARY KEY (`id`);

--
-- Indexes for table `pma__central_columns`
--
ALTER TABLE `pma__central_columns`
  ADD PRIMARY KEY (`db_name`,`col_name`);

--
-- Indexes for table `pma__column_info`
--
ALTER TABLE `pma__column_info`
  ADD PRIMARY KEY (`id`),
  ADD UNIQUE KEY `db_name` (`db_name`,`table_name`,`column_name`);

--
-- Indexes for table `pma__designer_settings`
--
ALTER TABLE `pma__designer_settings`
  ADD PRIMARY KEY (`username`);

--
-- Indexes for table `pma__export_templates`
--
ALTER TABLE `pma__export_templates`
  ADD PRIMARY KEY (`id`),
  ADD UNIQUE KEY `u_user_type_template` (`username`,`export_type`,`template_name`);

--
-- Indexes for table `pma__favorite`
--
ALTER TABLE `pma__favorite`
  ADD PRIMARY KEY (`username`);

--
-- Indexes for table `pma__history`
--
ALTER TABLE `pma__history`
  ADD PRIMARY KEY (`id`),
  ADD KEY `username` (`username`,`db`,`table`,`timevalue`);

--
-- Indexes for table `pma__navigationhiding`
--
ALTER TABLE `pma__navigationhiding`
  ADD PRIMARY KEY (`username`,`item_name`,`item_type`,`db_name`,`table_name`);

--
-- Indexes for table `pma__pdf_pages`
--
ALTER TABLE `pma__pdf_pages`
  ADD PRIMARY KEY (`page_nr`),
  ADD KEY `db_name` (`db_name`);

--
-- Indexes for table `pma__recent`
--
ALTER TABLE `pma__recent`
  ADD PRIMARY KEY (`username`);

--
-- Indexes for table `pma__relation`
--
ALTER TABLE `pma__relation`
  ADD PRIMARY KEY (`master_db`,`master_table`,`master_field`),
  ADD KEY `foreign_field` (`foreign_db`,`foreign_table`);

--
-- Indexes for table `pma__savedsearches`
--
ALTER TABLE `pma__savedsearches`
  ADD PRIMARY KEY (`id`),
  ADD UNIQUE KEY `u_savedsearches_username_dbname` (`username`,`db_name`,`search_name`);

--
-- Indexes for table `pma__table_coords`
--
ALTER TABLE `pma__table_coords`
  ADD PRIMARY KEY (`db_name`,`table_name`,`pdf_page_number`);

--
-- Indexes for table `pma__table_info`
--
ALTER TABLE `pma__table_info`
  ADD PRIMARY KEY (`db_name`,`table_name`);

--
-- Indexes for table `pma__table_uiprefs`
--
ALTER TABLE `pma__table_uiprefs`
  ADD PRIMARY KEY (`username`,`db_name`,`table_name`);

--
-- Indexes for table `pma__tracking`
--
ALTER TABLE `pma__tracking`
  ADD PRIMARY KEY (`db_name`,`table_name`,`version`);

--
-- Indexes for table `pma__userconfig`
--
ALTER TABLE `pma__userconfig`
  ADD PRIMARY KEY (`username`);

--
-- Indexes for table `pma__usergroups`
--
ALTER TABLE `pma__usergroups`
  ADD PRIMARY KEY (`usergroup`,`tab`,`allowed`);

--
-- Indexes for table `pma__users`
--
ALTER TABLE `pma__users`
  ADD PRIMARY KEY (`username`,`usergroup`);

--
-- AUTO_INCREMENT for dumped tables
--

--
-- AUTO_INCREMENT for table `pma__bookmark`
--
ALTER TABLE `pma__bookmark`
  MODIFY `id` int(11) NOT NULL AUTO_INCREMENT;
--
-- AUTO_INCREMENT for table `pma__column_info`
--
ALTER TABLE `pma__column_info`
  MODIFY `id` int(5) UNSIGNED NOT NULL AUTO_INCREMENT;
--
-- AUTO_INCREMENT for table `pma__export_templates`
--
ALTER TABLE `pma__export_templates`
  MODIFY `id` int(5) UNSIGNED NOT NULL AUTO_INCREMENT;
--
-- AUTO_INCREMENT for table `pma__history`
--
ALTER TABLE `pma__history`
  MODIFY `id` bigint(20) UNSIGNED NOT NULL AUTO_INCREMENT;
--
-- AUTO_INCREMENT for table `pma__pdf_pages`
--
ALTER TABLE `pma__pdf_pages`
  MODIFY `page_nr` int(10) UNSIGNED NOT NULL AUTO_INCREMENT;
--
-- AUTO_INCREMENT for table `pma__savedsearches`
--
ALTER TABLE `pma__savedsearches`
  MODIFY `id` int(5) UNSIGNED NOT NULL AUTO_INCREMENT;--
-- Database: `purchase`
--
CREATE DATABASE IF NOT EXISTS `purchase` DEFAULT CHARACTER SET latin1 COLLATE latin1_swedish_ci;
USE `purchase`;

-- --------------------------------------------------------

--
-- Table structure for table `account`
--

CREATE TABLE `account` (
  `IdNo` int(10) NOT NULL,
  `username` varchar(20) NOT NULL,
  `acc_type` varchar(30) NOT NULL,
  `fname` char(20) NOT NULL,
  `lname` char(20) NOT NULL,
  `sex` varchar(10) NOT NULL,
  `telephone` int(10) NOT NULL,
  `address` varchar(20) NOT NULL,
  `password` varchar(20) NOT NULL,
  `verify` varchar(20) NOT NULL,
  `email` varchar(20) NOT NULL,
  `reg_date_time` datetime NOT NULL,
  `enabled` varchar(11) NOT NULL
) ENGINE=MyISAM DEFAULT CHARSET=latin1;

--
-- Dumping data for table `account`
--

INSERT INTO `account` (`IdNo`, `username`, `acc_type`, `fname`, `lname`, `sex`, `telephone`, `address`, `password`, `verify`, `email`, `reg_date_time`, `enabled`) VALUES
(2589, 'soci', '15 ', 'getnet', 'zeru', 'M', 931612527, 'DBU', 'soci', '', 'tasew@gmail.com', '2016-05-27 13:56:12', '1'),
(2558, 'acad', '1 ', 'Siyoum', 'Tassew', 'm', 937612529, '', '123', '', 'sis@gmail.com', '2016-05-11 01:54:07', '1'),
(2519, 'pur', '3 ', 'purchase', 'page', 'm', 931612527, 'aa', '123', '', 'tasew@gmail.com', '2016-04-15 18:54:44', '1'),
(2584, 'admin', '2 ', 'Siyoum', 'tasew', 'm', 937612529, 'DBU', 'admin', '', 'sis@gmail.com', '2016-05-17 09:38:13', '1'),
(2588, 'comp', '10 ', 'bete', 'kidane', 'F', 937612529, 'DBU', 'comp', '', 'ada@gmail.com', '2016-05-27 13:49:19', '1'),
(2579, 'coleg', '10 ', 'Siyoum', 'Tasseqw', 'm', 937612529, 'bb', '123', '', 'asmamaw@gmail.com', '2016-05-11 07:47:28', '1'),
(2587, 'helth', '14 ', 'siyoum', 'tasew', 'm', 937612529, 'aa', 'helth', '', 'sis@gmail.com', '2016-05-27 13:46:17', '1'),
(2574, 'fur', '6 ', 'Siyoum', 'Tasseqw', 'm', 937612529, 'DBU', '123', '', 'sis@gmail.com', '2016-05-13 05:47:28', '1'),
(2667, 'biniam', '4 ', 'Siyoum', 'kifle', 'Male', 937612529, 'DBU', 'biniam', '', 'sis@gmail.com', '2016-07-09 06:36:57', '1'),
(2590, 'agri', '16 ', 'Abeba', 'Gebrehana', 'F', 931612527, 'tebase', 'agri', '', 'asmamaw@gmail.com', '2016-05-27 13:59:15', '1'),
(2591, 'natu', '13 ', 'Biruk', 'Sisay', 'm', 937612529, 'DBU', 'natu', '', 'tasew@gmail.com', '2016-05-27 14:01:40', '1'),
(2592, 'busi', '12 ', 'Siyoum', 'Tassew', 'M', 937612529, 'DBU', 'busi', '', 'sis@gmail.com', '2016-05-27 14:03:59', '1'),
(2593, 'engi', '11 ', 'Zeru', 'Gech', 'm', 937612529, 'DBU', 'engi', '', 'asmamaw@gmail.com', '2016-05-27 14:07:03', '1'),
(2594, 'comp', '10 ', 'sssss', 'ggggg', 'm', 937612529, 'DBU', 'com', '', 'sis@gmail.com', '2016-05-27 15:52:07', '1'),
(2659, 'agry', '9 ', 'Siyoum', 'Tasseqw', 'Male', 937612529, 'DBU', 'agry', '', 'sis@gmail.com', '2016-07-08 15:12:09', '1'),
(2658, 'fur', '6 ', 'Siyoum', 'Tasseqw', 'Male', 937612529, 'DBU', 'fur', '', 'sis@gmail.com', '2016-07-08 15:11:03', '1'),
(2677, 'admin', '4 ', 'Siyoum', 'Tasseqw', 'Male', 937612529, 'DBU', 'VVVV', 'VVVVBNBNN', 'sis@gmail.com', '2016-07-09 09:22:42', '0'),
(2604, 'abebe', '4 ', 'Siyoum', 'Tasseqw', 'Male', 937612529, 'DBU', 'sis12', '', 'sis@gmail.com', '2016-06-17 09:57:18', '1'),
(2603, 'fff', '2 ', 'Siyoumffffff', 'Tasseqw', 'Male', 937612529, '', 'fff', '', 'sis@gmail.com', '2016-06-17 03:52:55', '1'),
(2665, 'purgfgf', '4 ', 'Siyoum', 'Tasseqw', 'Female', 937612529, 'DBU', 'gffghgfh', '', 'sis@gmail.com', '2016-07-09 03:17:30', '0'),
(2666, 'css', '4 ', 'Siyoum', 'kifle', 'Male', 937612529, 'DBU', 'css', '', 'sis@gmail.com', '2016-07-09 06:26:47', '0'),
(2656, 'elec', '4 ', 'belete', 'kifle', 'Male', 937612529, 'bb', 'elec', '', 'sis@gmail.com', '2016-07-08 14:27:39', '1'),
(2661, 'veh', '7 ', 'Siyoum', 'asss', 'Male', 937612529, 'DBU', 'veh', '', 'sis@gmail.com', '2016-07-08 15:19:59', '1'),
(2668, 'admin', '4 ', 'Siyoum', 'Tasseqw', 'Male', 937612529, 'DBU', '123', '', 'sis@gmail.com', '2016-07-09 08:50:54', '0'),
(2669, 'admin', '4 ', 'Siyoum', 'Tasseqw', 'Male', 937612529, 'DBU', '1234', '', 'sis@gmail.com', '2016-07-09 08:51:24', '0'),
(2670, 'pur', '4 ', 'Siyoum', 'Tasseqw', 'Male', 937612529, 'DBU', '123', '', 'sis@gmail.com', '2016-07-09 08:55:26', '0'),
(2672, 'admin', '4 ', 'Siyoum', 'Tasseqw', 'Male', 937612529, 'DBU', 'kk', '', 'sis@gmail.com', '2016-07-09 08:57:48', '0'),
(2673, 'admin', '4 ', 'Siyoum', 'Tasseqw', 'Male', 937612529, 'DBU', 'klkl', '', 'sis@gmail.com', '2016-07-09 09:00:25', '0'),
(2678, 'admin', '4 ', 'Siyoum', 'Tasseqw', 'Male', 937612529, 'DBU', 'fgvbgf', 'vv', 'sis@gmail.com', '2016-07-09 09:28:18', '0'),
(2675, 'admin', '4 ', 'Siyoum', 'Tasseqw', 'Male', 937612529, 'DBU', '123', '', 'sis@gmail.com', '2016-07-09 09:16:00', '0'),
(2676, 'admin', '4 ', 'Siyoum', 'Tasseqw', 'Male', 937612529, 'DBU', 'bbb', 'uuiuu', 'sis@gmail.com', '2016-07-09 09:19:30', '0'),
(2679, 'admin', '4 ', 'Siyoum', 'Tasseqw', 'Male', 937612529, 'DBU', 'gfgh', 'nnn', 'sis@gmail.com', '2016-07-09 09:31:30', '0'),
(2680, 'admin', '4 ', 'Siyoum', 'Tasseqw', 'Male', 937612529, 'DBU', 'bbbbbb', 'bbb', 'sis@gmail.com', '2016-07-09 09:34:24', '0'),
(2681, 'admin', '4 ', 'siyoum', 'Tasseqw', 'Female', 937612529, 'DBU', 'tyyyyy', 'hh', 'sis@gmail.com', '2016-07-09 09:36:13', '0'),
(2682, 'admin', '4 ', 'Siyoum', 'Tasseqw', 'Female', 937612529, 'DBU', 'nnnn', 'nn', 'sis@gmail.com', '2016-07-09 09:44:09', '0'),
(2683, 'admin', '4 ', 'Siyoum', 'Tasseqw', 'Male', 937612529, 'DBU', 'mmmm', '', '', '2016-07-09 09:46:14', '0'),
(2684, '', '4 ', '', '', 'Male', 0, '', '', '', '', '2016-07-09 09:46:25', '0'),
(2685, '', '4 ', '', '', 'Male', 0, '', '', '', '', '2016-07-09 09:46:29', '0'),
(2686, '', '4 ', '', '', 'Male', 0, '', '', '', '', '2016-07-09 09:46:42', '0'),
(2687, '', '4 ', '', '', 'Male', 0, '', '', '', '', '2016-07-09 09:46:47', '0'),
(2688, '', '4 ', '', '', 'Male', 0, '', '', '', '', '2016-07-09 09:46:49', '0'),
(2689, '', '4 ', '', '', 'Male', 0, '', '', '', '', '2016-07-09 09:47:08', '0'),
(2690, '', '4 ', '', '', 'Male', 0, '', '', '', '', '2016-07-09 09:47:21', '0'),
(2691, '', '4 ', '', '', 'Male', 0, '', '', '', '', '2016-07-09 09:47:55', '0'),
(2692, '', '4 ', '', '', 'Male', 0, '', '', '', '', '2016-07-09 09:49:04', '0'),
(2693, 'jkll', '4 ', 'kljkl', 'kljkl', 'Male', 0, 'jkljk', 'gfchngfhjhu', 'ghjh', 'sis@gmail.com', '2016-07-09 09:50:49', '0'),
(2694, 'hjhjk', '4 ', 'jkjk', 'khjk', 'Male', 0, 'hjkj', 'hjkjjkhjk', 'jjkj', 'sis@gmail.com', '2016-07-09 09:53:02', '0'),
(2695, 'admin', '4 ', 'Siyoum', 'Tasseqw', 'Male', 937612529, 'DBU', 'ghghjhk', 'hhhh', 'sis@gmail.com', '2016-07-09 09:56:03', '0'),
(2696, 'trhghj', '4 ', 'hjhjk', 'gghj', 'Male', 0, '', '', '', '', '2016-07-09 10:00:20', '0'),
(2697, 'jj', '4 ', 'ghjghj', 'ghjhj', 'Male', 0, '', '', '', '', '2016-07-09 10:02:21', '0'),
(2698, 'admin', '4 ', 'Siyoum', 'Tasseqw', 'Male', 0, '', '', '', '', '2016-07-09 10:06:23', '0'),
(2699, 'admin', '1 ', 'Siyoum', 'Tasseqw', 'Male', 0, '', 'hhhhh', '', 'sis@gmail.com', '2016-07-09 10:08:05', '0'),
(2700, 'admin', '1 ', 'Siyoum', 'Tasseqw', 'Male', 937612529, 'DBU', 'gfhghj', '', 'sis@gmail.com', '2016-07-09 10:09:19', '0'),
(2701, 'zazabbbbbbbb', '4 ', 'Siyoum', 'Tasseqw', 'Male', 937612529, 'DBU', 'dgffghgh', 'gggg', 'sis@gmail.com', '2016-07-09 10:10:21', '0'),
(2702, 'admin', '4 ', 'Siyoum', 'Tasseqw', 'Male', 937612529, 'DBU', 'tgh', '', 'sis@gmail.com', '2016-07-09 10:11:51', '0'),
(2703, 'admin', '4 ', 'Siyoum', 'Tasseqw', 'Male', 937612529, 'DBU', 'ghjnghj', '', 'sis@gmail.com', '2016-07-09 10:12:58', '0'),
(2704, 'gfgh', '4 ', 'ghgh', 'ghghg', 'Male', 937612529, 'DBU', '1234', '123', 'sis@gmail.com', '2016-07-09 10:21:29', '0'),
(2705, 'ghjk', '4 ', 'ghjghj', 'hjh', 'Male', 0, '', '', '', '', '2016-07-09 10:23:18', '0'),
(2706, 'admin', '4 ', 'Siyoum', 'Tasseqw', 'Male', 937612529, '', '', '', '', '2016-07-09 10:25:40', '0'),
(2707, 'hgfhgfh', '4 ', 'hgfhgfh', 'hgfhgfh', 'Male', 937612529, 'DBU', '', '', '', '2016-07-09 10:27:10', '0'),
(2708, 'admin', '4 ', 'Siyoum', 'Tasseqw', 'Male', 937612529, 'DBU', 'rty', '234', '', '2016-07-09 10:28:45', '0'),
(2709, 'admin', '4 ', 'Siyoum', 'Tasseqw', 'Male', 937612529, 'DBU', '1234', 'asdfghjk', '', '2016-07-09 10:31:06', '0'),
(2710, 'admin', '4 ', 'Siyoum', 'Tasseqw', 'Male', 937612529, 'DBU', 'hhhh', 'hhhhhh', 'sis@gmail.com', '2016-07-09 10:32:25', '0'),
(2711, 'admin', '4 ', 'Siyoum', 'Tasseqw', 'Male', 937612529, 'DBU', 'kkk', 'kkkk', 'sis@gmail.com', '2016-07-09 10:35:54', '0'),
(2712, 'admin', '4 ', 'Siyoum', 'kifle', 'Male', 937612529, 'DBU', 'gggg', 'bbbbbbbb', 'sis@gmail.com', '2016-07-09 10:43:37', '0'),
(2713, 'admin', '1 ', 'Siyoum', 'Tasseqw', 'Male', 937612529, 'DBU', 'vvv', '', 'sis@gmail.com', '2016-07-09 10:49:09', '0'),
(2714, 'admin', '4 ', 'Siyoum', 'Tasseqw', 'Male', 937612529, 'DBU', '', '', 'sis@gmail.com', '2016-07-09 11:03:52', '0');

-- --------------------------------------------------------

--
-- Table structure for table `algorithm_tbl`
--

CREATE TABLE `algorithm_tbl` (
  `name` varchar(130) NOT NULL,
  `item_Id` varchar(10) NOT NULL,
  `exact_time` datetime NOT NULL,
  `product_category` varchar(30) NOT NULL,
  `quality` varchar(10) NOT NULL,
  `quantity` varchar(10) NOT NULL,
  `trade_licscence` varchar(10) NOT NULL,
  `price` varchar(10) NOT NULL,
  `time` varchar(10) NOT NULL,
  `tax` varchar(10) NOT NULL,
  `count_yes` varchar(20) NOT NULL,
  `percentage` float(35,0) NOT NULL,
  `sup_id` int(100) NOT NULL,
  `p_name` varchar(30) NOT NULL,
  `paid` int(2) NOT NULL
) ENGINE=MyISAM DEFAULT CHARSET=latin1;

--
-- Dumping data for table `algorithm_tbl`
--

INSERT INTO `algorithm_tbl` (`name`, `item_Id`, `exact_time`, `product_category`, `quality`, `quantity`, `trade_licscence`, `price`, `time`, `tax`, `count_yes`, `percentage`, `sup_id`, `p_name`, `paid`) VALUES
('siyoumtasew ', '767676', '2016-06-17 02:46:14', 'Electronics', '1 ', '1', '1', '1', '1', '1', '6', 100, 5666, 'fghfghfgh', 0),
('siyoumtasew ', '777', '2016-06-17 03:02:58', 'furniture', '1 ', '1', '1', '1', '1', '1', '6', 100, 12, 'fghfghfgh', 0),
('siyoumtasew ', '6565', '2016-06-17 03:06:18', 'stationary', '1 ', '1', '1', '1', '1', '1', '6', 100, 111, 'derteregents', 0),
('siyoumtasew ', '33', '2016-06-17 03:10:37', 'stationary', '1 ', '1', '1', '1', '1', '1', '6', 100, 11176, 'detast paper', 0),
('siyoumtasew ', '56776', '2016-06-17 03:14:38', 'vehicle', '1 ', '1', '1', '1', '1', '1', '6', 100, 12, 'fghfghfgh', 0),
('siyoumtasew ', '8978', '2016-06-17 03:18:33', 'vehicle', '1 ', '1', '1', '1', '1', '1', '6', 100, 657567, 'printer', 0);

-- --------------------------------------------------------

--
-- Table structure for table `auction`
--

CREATE TABLE `auction` (
  `cat_id` int(10) NOT NULL,
  `p_name` varchar(255) NOT NULL,
  `p_brand` varchar(80) NOT NULL,
  `quantity` varchar(30) NOT NULL,
  `spec` varchar(50) NOT NULL,
  `aucDate` date NOT NULL,
  `status` int(10) NOT NULL
) ENGINE=InnoDB DEFAULT CHARSET=latin1;

--
-- Dumping data for table `auction`
--

INSERT INTO `auction` (`cat_id`, `p_name`, `p_brand`, `quantity`, `spec`, `aucDate`, `status`) VALUES
(1, 'fghfghfgh', 'new', '12', 'fdgdfgdfgfg', '2019-09-29', 0),
(1, 'fghfghfgh', 'new', '12', 'fdgdfgdfgfg', '2016-07-04', 0),
(2, 'fghfghfgh', 'new', '12', 'fdgdfgdfgfg', '2016-07-11', 0),
(3, 'fghfghfgh', 'new', '4', 'fdgdfgdfgfg', '2016-07-03', 0),
(5, 'fghfghfgh', 'new', '12', 'ergtt', '2016-06-27', 0),
(4, 'fghfghfgh', 'new', '12', 'fdgdfgdfgfg', '2016-07-04', 0),
(5, 'bus', 'new', '12', 'dfgfgh', '2016-07-26', 0),
(4, 'fghfghfgh', 'new', '12', 'fdgdfgdfgfg', '2016-07-25', 0),
(1, 'computer', 'new', '12', 'icio5', '2016-07-26', 0);

-- --------------------------------------------------------

--
-- Table structure for table `boolian_setting`
--

CREATE TABLE `boolian_setting` (
  `boolian_id` varchar(16) NOT NULL,
  `value` varchar(13) NOT NULL,
  `description` varchar(12) NOT NULL
) ENGINE=MyISAM DEFAULT CHARSET=latin1;

--
-- Dumping data for table `boolian_setting`
--

INSERT INTO `boolian_setting` (`boolian_id`, `value`, `description`) VALUES
('Not Defined', 'Not Defined', 'unchecked'),
('0', 'NOT', 'checked'),
('1', 'YES', 'checked');

-- --------------------------------------------------------

--
-- Table structure for table `colleges`
--

CREATE TABLE `colleges` (
  `college_id` int(10) NOT NULL,
  `cname` varchar(30) NOT NULL,
  `status` int(10) NOT NULL,
  `enable` varchar(30) NOT NULL
) ENGINE=InnoDB DEFAULT CHARSET=utf8mb4;

--
-- Dumping data for table `colleges`
--

INSERT INTO `colleges` (`college_id`, `cname`, `status`, `enable`) VALUES
(1, 'Computing', 0, 'T'),
(2, 'Busines and Economics', 0, 'T'),
(3, 'Engineering', 0, 'T'),
(4, 'Natural and Computational Scie', 0, 'T'),
(5, 'Agricultur', 0, 'T'),
(6, 'Social Science and Humanistics', 0, 'T'),
(7, 'Health', 0, 'T');

-- --------------------------------------------------------

--
-- Table structure for table `dd_category`
--

CREATE TABLE `dd_category` (
  `cat_id` int(10) NOT NULL,
  `name` varchar(20) NOT NULL,
  `enable` varchar(20) NOT NULL
) ENGINE=InnoDB DEFAULT CHARSET=utf8;

--
-- Dumping data for table `dd_category`
--

INSERT INTO `dd_category` (`cat_id`, `name`, `enable`) VALUES
(1, 'Electronics', 'T'),
(2, 'Agricultural', 'T'),
(3, 'furniture and office', 'T'),
(4, 'stationary', 'T'),
(5, 'vehicle', 'T');

-- --------------------------------------------------------

--
-- Table structure for table `dd_items`
--

CREATE TABLE `dd_items` (
  `item_id` int(10) NOT NULL,
  `p_name` varchar(80) NOT NULL,
  `p_brand` varchar(89) NOT NULL,
  `cat_id` int(11) NOT NULL,
  `cat_name` varchar(30) NOT NULL,
  `status` int(2) NOT NULL
) ENGINE=MyISAM DEFAULT CHARSET=latin1;

--
-- Dumping data for table `dd_items`
--

INSERT INTO `dd_items` (`item_id`, `p_name`, `p_brand`, `cat_id`, `cat_name`, `status`) VALUES
(9001, 'desktop computer', 'dell, 2GB RAM, 450GB HDD', 1, 'Electronics', 1),
(9003, 'printer', 'HP printer,Laserjet P1102w ', 1, 'Electronics', 1),
(9004, 'copy machine', 'dell,25 by 45 inch,copy machine', 1, 'Electronics', 1),
(9005, 'teff', 'net white colored teff per kuntal', 2, 'Agricultural', 1),
(9006, 'pasta and mekoreni', 'vera pasta and mekoreni per kuntal', 2, 'Agricultural', 1),
(9007, 'BENCHES, DESKS, CHAIRS, BEDS AND LOCKERS', 'strong woods like MAHOGANY,MAPLE and ROSEWOODS', 3, 'furniture and office ', 1),
(9008, 'PENS AND DETERGENTS', 'BICK ANDLEXI, POPULAR AND ZAHARA', 4, 'stationary', 1),
(9009, 'spare parts', 'TATA,YAMAYA, ADDIS TYRE', 5, 'SPARE PARTS', 1);

-- --------------------------------------------------------

--
-- Table structure for table `dd_product`
--

CREATE TABLE `dd_product` (
  `cat_id` int(10) NOT NULL,
  `supplier_name` varchar(29) NOT NULL,
  `time` datetime NOT NULL,
  `email` varchar(50) NOT NULL,
  `phone` int(13) NOT NULL,
  `p_name` varchar(255) NOT NULL,
  `p_brand` varchar(255) NOT NULL,
  `item_Id` varchar(40) NOT NULL,
  `brif_description` varchar(125) NOT NULL,
  `quantity` varchar(20) NOT NULL,
  `unit_price` double NOT NULL,
  `total_price` float NOT NULL,
  `tax_receipt` varchar(255) NOT NULL,
  `Supplier_profile` varchar(255) NOT NULL,
  `trade_licscence` varchar(255) NOT NULL,
  `description` varchar(255) NOT NULL,
  `status` int(20) NOT NULL,
  `sup_id` int(10) NOT NULL
) ENGINE=InnoDB DEFAULT CHARSET=latin1;

--
-- Dumping data for table `dd_product`
--

INSERT INTO `dd_product` (`cat_id`, `supplier_name`, `time`, `email`, `phone`, `p_name`, `p_brand`, `item_Id`, `brif_description`, `quantity`, `unit_price`, `total_price`, `tax_receipt`, `Supplier_profile`, `trade_licscence`, `description`, `status`, `sup_id`) VALUES
(4, 'siyoumtasew', '2016-06-17 03:10:37', '', 937612529, 'detast paper', 'new', '33', 'gfhbfghbgfh', '12', 1000, 12000, 'me.jpg', 'med.jpg', 'bb.jpg', 'gfyhgfhgfhgfh', 1, 11176),
(5, 'siyoumtasew', '2016-06-17 03:14:38', '', 937612529, 'fghfghfgh', 'new', '56776', 'hfghgfh', '12', 1000, 12000, 'res-houses.jpg', 'des1.jpg', 'des2.jpg', 'gdfgdfgdfg', 1, 12),
(4, 'siyoumtasew', '2016-06-17 03:06:18', '', 937612529, 'derteregents', 'add', '6565', 'fghtyhutyu', '12', 1000, 12000, 'banglows.jpg', 'dd.jpg', 'me.jpg', 'dfghghgfhgh', 1, 111),
(1, 'siyoumtasew', '2016-06-17 02:46:14', '', 937612529, 'fghfghfgh', 'new', '767676', 'fthfghgfhgfh', '12', 1000, 12000, 'banner.jpg', 'dd.jpg', 'des2.jpg', 'trgrghgfhgfh', 1, 5666),
(3, 'siyoumtasew', '2016-06-17 03:02:58', '', 937612529, 'fghfghfgh', 'new', '777', 'ghjghjghjhg', '12', 1000, 12000, 'res-houses.jpg', 'templatemo_button_02.jpg', 'gohome.png', 'fghbgfhgfh', 1, 12),
(2, 'siyoumtasew', '2016-06-17 02:21:35', '', 937612529, 'fghfghfgh', 'new', '888', 'dtghfgghj', '8', 100, 800, 'banglows.jpg', 'me.jpg', 'vee.jpg', 'ghjgjyhjufyhj', 1, 666),
(5, 'siyoumtasew', '2016-06-17 03:18:33', '', 937612529, 'printer', 'new', '8978', 'gfhfghgfh', '12', 1000, 12000, 'templatemo_button_01.jpg', 'veh.jpg', 'kcoloredit.png', 'trgtrgfhgfh', 0, 657567),
(1, 'siyoumtasew', '2016-06-01 06:55:56', '', 937612529, 'computer', 'new', '9090', 'hjnghjghj', '12', 100, 1200, 'd.jpg', 'des1.jpg', 'des2.jpg', 'yhgrthgfhgfh', 0, 111),
(1, 'habtamu', '2016-06-17 02:15:46', '', 937612529, 'fghfghfgh', 'new', '909088', 'xcfgtrfyf', '10', 1000, 10000, 've.jpg', 'vee.jpg', 'veg.jpg', 'sdfdsfgghfghgfh', 1, 111),
(2, 'siyoumtasew', '2016-06-01 06:59:15', '', 937612529, 'flash', 'ttttttttt', '909099', 'dthjghjghjghj', '12', 12, 144, 'banglows.jpg', 'bb.jpg', 'bg.jpg', 'trhgfh', 1, 111),
(1, 'gech', '2016-06-16 15:12:28', '', 928438757, 'laptops', 'TOSHIBA', 'DFGHHHJ', 'DFHJK SDZHNBMMM.', '10', 10000, 100000, 'agr.jpg', 'banglows.jpg', 'adm.jpg', 'STYYYSTYYUHSYE.', 1, 26);

-- --------------------------------------------------------

--
-- Table structure for table `feedback`
--

CREATE TABLE `feedback` (
  `com_id` int(10) NOT NULL,
  `name` varchar(29) NOT NULL,
  `E_mail` varchar(30) NOT NULL,
  `comment` varchar(30) NOT NULL,
  `time` datetime NOT NULL
) ENGINE=MyISAM DEFAULT CHARSET=latin1;

--
-- Dumping data for table `feedback`
--

INSERT INTO `feedback` (`com_id`, `name`, `E_mail`, `comment`, `time`) VALUES
(10159, 'Siyoumasew', 'sis@gmail.com', 'gbfbhgfbhgf', '2016-05-31 15:31:59'),
(10158, 'Siyoumtasew', 'sis@gmail.com', 'cvbbhgf', '2016-05-30 16:45:24'),
(10120, 'Siyoum tasew', 'sis@gmail.com', 'xfnhbgcnmb', '2016-05-04 14:52:08');

-- --------------------------------------------------------

--
-- Table structure for table `order`
--

CREATE TABLE `order` (
  `order_date` datetime NOT NULL,
  `name` varchar(30) NOT NULL,
  `email` varchar(30) NOT NULL,
  `fname` varchar(30) NOT NULL,
  `item_name` varchar(30) NOT NULL,
  `quantity` int(30) NOT NULL,
  `description` varchar(30) NOT NULL,
  `unit_cost` int(30) NOT NULL,
  `ordered_by` int(30) NOT NULL
) ENGINE=InnoDB DEFAULT CHARSET=utf8;

-- --------------------------------------------------------

--
-- Table structure for table `performa`
--

CREATE TABLE `performa` (
  `date` datetime NOT NULL,
  `send_by` varchar(30) NOT NULL,
  `name` varchar(30) NOT NULL,
  `sendto` varchar(30) NOT NULL,
  `item_name` varchar(30) NOT NULL,
  `quantity` int(12) NOT NULL,
  `description` varchar(30) NOT NULL,
  `unit_cost` int(10) NOT NULL,
  `p_id` int(10) UNSIGNED NOT NULL,
  `status` int(12) NOT NULL
) ENGINE=InnoDB DEFAULT CHARSET=utf8;

--
-- Dumping data for table `performa`
--

INSERT INTO `performa` (`date`, `send_by`, `name`, `sendto`, `item_name`, `quantity`, `description`, `unit_cost`, `p_id`, `status`) VALUES
('2016-05-02 00:00:00', 'Electrinic Supliers', 'ababab', 'DBU purechas officer', 'book', 12, 'ghfghh', 6, 43, 1),
('2016-05-01 00:00:00', ' Vehicle_Supliers', 'adada', 'DBU purechas officer', 'computer', 12, 'dfvgdfgnh', 1000, 49, 1),
('2016-05-02 00:00:00', ' Vehicle_Supliers', 'Siyoumtasew', 'DBU purechas officer', 'book', 12, 'tyjty', 1000, 50, 1),
('2016-05-03 00:00:00', 'Electrinic Supliers', 'siyoumtasew', 'DBU purechas officer', 'computer ', 12, 'ghghgh', 1000, 52, 1),
('2016-05-02 00:00:00', 'Electrinic Supliers', 'adis', 'DBU purechas officer', 'computer ', 12, 'xgfnghngh', 1000, 53, 1),
('2002-06-08 00:00:00', 'Electrinic Supliers', 'gech', 'DBU purechas officer', 'laptop', 66, 'EJHYFKJKLJL.', 10000, 60, 1),
('2016-06-14 00:00:00', 'Agricultural_suplier', 'DBU purechas officer', 'DBU purechas officer', 'book', 12, 'nhjvbnbv', 1000, 61, 1),
('2016-06-06 00:00:00', 'Agricultural_suplier', 'DBU purechas officer', 'DBU purechas officer', 'book', 12, 'sdfcvb ', 123, 62, 1),
('2016-06-14 00:00:00', 'Agricultural_suplier', 'DBU purechas officer', 'DBU purechas officer', 'book', 7, 'xdfvdfgb', 1000, 63, 0),
('2016-06-07 00:00:00', 'Agricultural_suplier', 'mamo', 'mamo', 'book', 12, 'xvgfdbhbvgfnhjgh ', 123, 64, 0),
('2016-06-07 00:00:00', 'Electrinic Supliers', 'aaaaaaaa', 'DBU purechas officer', 'book', 12, 'fgvfghgj', 123, 65, 1),
('2016-06-13 00:00:00', 'Agricultural_suplier', 'cgfvbh', 'DBU purechas officer', 'book', 12, 'ghnjghmhjkm,', 1000, 66, 1),
('2016-06-07 00:00:00', 'Stationary_Supliers', 'siyoumtasew', 'DBU purechas officer', 'book', 12, 'cv bcvbn', 33, 67, 1),
('2016-06-06 00:00:00', 'Furniture_Supliers', 'DBU purechas officer', 'DBU purechas officer', 'computer', 12, 'gfyhjncghmjh', 1000, 68, 0),
('2016-06-13 00:00:00', 'Furniture_Supliers', 'DBU purechas officer', 'DBU purechas officer', 'computer', 12, 'hjbnmknm,nm', 1000, 69, 0),
('2016-06-27 00:00:00', 'Furniture_Supliers', 'siyoumtasew', 'DBU purechas officer', 'book', 12, 'bv nnm', 66, 70, 1),
('2016-06-14 00:00:00', ' Vehicle_Supliers', 'siyoumtasew', 'DBU purechas officer', 'book', 12, 'bv nbvhm', 1000, 71, 1),
('2016-06-06 00:00:00', ' Vehicle_Supliers', 'cgfvbh', 'DBU purechas officer', 'book', 12, 'njbn mknmk', 1000, 72, 1),
('2016-06-20 00:00:00', 'Vehicle_Supliers', 'siyoumtasew', 'DBU purechas officer', 'book', 12, 'xgfnhjghmjjh', 1000, 73, 1),
('2016-06-21 00:00:00', 'Electrinic Supliers', 'siyoumtasew', 'DBU purechas officer', 'computer ', 12, 'dtyhjfmjkhyukjyu', 1000, 74, 0),
('2016-06-06 00:00:00', 'Electrinic Supliers', 'siyoumtasew', 'DBU purechas officer', 'computer ', 12, 'gjhjhjhjh', 1000, 75, 0),
('2016-06-06 00:00:00', 'Electrinic Supliers', 'siyoumtasew', 'DBU purechas officer', 'computer', 12, '67u6yujyuh', 1000, 76, 0),
('2016-07-04 00:00:00', 'Electrinic Supliers', 'abebe', 'DBU purechas officer', 'book', 2147483647, 'hp cori7 ram 5000', 1000, 77, 1),
('2016-07-04 00:00:00', 'Electrinic Supliers', 'biniam', 'DBU purechas officer', 'computer ', 444, 'ghbfgh', 100, 78, 1);

-- --------------------------------------------------------

--
-- Table structure for table `requisition`
--

CREATE TABLE `requisition` (
  `cat_id` int(10) NOT NULL,
  `date` datetime NOT NULL,
  `requested_by` varchar(20) NOT NULL,
  `cname` varchar(30) DEFAULT NULL,
  `name` varchar(30) NOT NULL,
  `role` varchar(30) DEFAULT NULL,
  `deliver_date` datetime NOT NULL,
  `p_name` varchar(20) NOT NULL,
  `Requistion_no` int(20) NOT NULL,
  `quantity` float(30,0) NOT NULL,
  `description` varchar(200) NOT NULL,
  `fname` varchar(30) DEFAULT NULL,
  `budget` varchar(60) NOT NULL,
  `status` varchar(30) NOT NULL DEFAULT '0'
) ENGINE=InnoDB DEFAULT CHARSET=latin1;

--
-- Dumping data for table `requisition`
--

INSERT INTO `requisition` (`cat_id`, `date`, `requested_by`, `cname`, `name`, `role`, `deliver_date`, `p_name`, `Requistion_no`, `quantity`, `description`, `fname`, `budget`, `status`) VALUES
(1, '2016-05-28 17:46:50', 'academics', 'Computing', 'Siyoutasew', 'DepartmentHead', '2016-05-29 00:00:00', 'fghfghfgh', 100402, 12, 'jkhjkhjkhjk', NULL, 'on_our_budget', ''),
(2, '2016-05-28 18:00:30', 'academics', 'Computing', 'Siyou', 'DepartmentHead', '2016-05-30 00:00:00', 'printer', 100404, 12, 'gfghg', NULL, 'on_our_budget', '0'),
(2, '2016-05-28 18:01:19', 'academics', 'Agricultur', 'Siyoum', 'DepartmentHead', '2016-05-30 00:00:00', 'fghfghfgh', 100405, 12, 'dgffghfgh', NULL, 'on_our_budget', ''),
(3, '2016-05-28 18:11:34', 'academics', 'Busines and Economics', 'Siyou', 'DepartmentHead', '2016-05-30 00:00:00', 'fghfghfgh', 100407, 12, 'gfhfgh', NULL, 'on_our_budget', ''),
(1, '2016-05-28 18:36:56', 'academics', 'Engineering', 'siyoumtasew', 'DepartmentHead', '2016-05-30 00:00:00', 'printer', 100412, 12, ' dfgbfgnhfgh', NULL, 'on_our_budget', ''),
(2, '2016-05-28 18:39:39', 'academics', 'Computing', 'siyoumtasew', 'DepartmentHead', '2016-05-24 00:00:00', 'fghfghfgh', 100413, 12, ' rthygfrhfgh', NULL, 'on_our_budget', '0'),
(1, '2016-05-29 03:08:29', 'academics', 'Computing', 'yeshalem', 'DepartmentHead', '0003-04-08 00:00:00', 'computer', 100415, 30, ' aFFFFFFFFFFFFFFFET TYUU .', NULL, 'on_our_budget', '0'),
(1, '2016-05-29 03:20:12', 'academics', 'Computing', 'yeshalem', 'DepartmentHead', '0003-04-08 00:00:00', 'computer', 100417, 30, ' qwqwqwqwqwqwqwqwqwqwqwqwqwqwqwqwe.', NULL, 'on_our_budget', '0'),
(1, '2016-05-29 08:45:18', 'academics', 'Computing', 'yeshalem', 'DepartmentHead', '0003-04-08 00:00:00', 'food', 100418, 30, ' asdsfdfgdfbg', NULL, 'on_supplimentary budget', '0'),
(1, '2016-05-29 12:54:00', 'academics', 'Computing', 'yeshalem', 'DepartmentHead', '2016-05-02 00:00:00', 'computer', 100421, 35, ' wetgqqqqeyuuierioio.', NULL, 'on_our_budget', '0'),
(0, '2016-05-29 13:29:17', 'President office', 'Computing', 'kebede', 'President', '2016-05-04 00:00:00', 'paper', 100424, 12, ' qwttyqwioiopgfopg[p[pgh[p.', NULL, 'on_our_budget', '1'),
(0, '2016-05-30 05:45:52', 'DBU purchase officer', '', 'ABEBE', '', '0003-04-08 00:00:00', 'laptops', 100427, 74, 'weayhuykhhymjulkll.', 'Electronic_Suplier', '', '0'),
(0, '2016-05-30 14:40:46', 'DBU purchase officer', '', 'Siyoumsew', '', '2016-05-02 00:00:00', 'fghfghfgh', 100428, 12, 'ukiujkjl', 'Electronic_Suplier', '', '0'),
(2, '2016-05-30 15:23:50', 'academics', 'Computing', 'siyoumtasew', 'DepartmentHead', '2016-05-30 00:00:00', 'fghfghfgh', 100429, 12, 'tyuhytyjutyu', NULL, 'on_our_budget', '0'),
(0, '2016-05-30 15:25:16', 'DBU purchase officer', '', 'siyoumtasew', '', '2016-05-02 00:00:00', 'printer', 100430, 12, 'dfbggfbhgfrhgfh', 'Electronic_Suplier', '', '0'),
(1, '2016-05-30 15:29:17', 'academics', 'Computing', 'gggggg', 'CollgeDean', '2016-05-03 00:00:00', '  ddsd', 100431, 12, 'trhytyhjnhjhjgh', NULL, 'on_our_budget', '1'),
(0, '2016-05-30 16:59:33', 'academics', 'Computing', 'siyoumtasew', 'DepartmentHead', '2016-05-31 00:00:00', 'woreket', 100432, 12, 'trghgfhgfh', NULL, 'on_our_budget', '1'),
(0, '2016-05-30 17:05:26', 'DBU purchase officer', '', 'siyoumtasew', '', '2016-05-03 00:00:00', 'printer', 100434, 12, 'trghrgthgtrh', 'Agricultural_Suplier', '', '0'),
(1, '2016-05-30 17:44:56', 'academics', 'Health', 'siyoumtasew', 'CollgeDean', '2016-05-29 00:00:00', 'hjhjhjujhbbhjhj', 100435, 12, 'ggfhgfhgfh', NULL, 'on_our_budget', '1'),
(2, '2016-05-31 04:00:02', 'academics', 'Computing', 'siyoumtasew', 'DepartmentHead', '2016-05-31 00:00:00', 'printer', 100436, 12, ' ghnghnjgh', NULL, 'on_our_budget', '1'),
(0, '2016-05-31 10:04:36', 'DBU purchase officer', '', 'siyoumtasew', '', '2016-05-02 00:00:00', 'printer', 100438, 12, 'dghfghfgh', 'Furnichare_Suplier', '', '0'),
(0, '2016-05-31 10:06:46', 'DBU purchase officer', '', 'siyoumtasew', '', '2016-05-02 00:00:00', 'printer', 100439, 12, 'iyuiyui', 'Stationary_Suplier', '', '0'),
(1, '2016-05-31 11:10:37', 'academics', 'Computing', 'abebe', 'CollgeDean', '0003-04-08 00:00:00', 'cables', 100440, 67, ' assssgftjhk hkilyti.', NULL, 'on_our_budget', '1'),
(2, '2016-05-31 13:36:49', 'academics', 'Computing', 'siyoumtasew', 'DepartmentHead', '2016-05-24 00:00:00', 'printer', 100445, 12, 'TRHYYTHJU', NULL, 'on_supplimentary budget', '0'),
(0, '2016-05-31 13:39:18', 'President office', 'Health', 'siyoumtasew', 'President', '2016-05-30 00:00:00', 'flash', 100447, 12, 'trhghj', NULL, 'on_supplimentary budget', '1'),
(3, '2016-05-31 13:39:48', 'academics', 'Computing', 'siyoumtasew', 'CollgeDean', '2016-05-02 00:00:00', '  hggfh', 100448, 12, 'tyhutyjutyju', NULL, 'on_supplimentary budget', '1'),
(1, '2016-05-31 13:43:59', 'academics', 'Health', 'hihi', 'CollgeDean', '2016-05-11 00:00:00', '  hggfh', 100449, 12, 'tyhjgjhghj', NULL, 'on_supplimentary budget', '1'),
(2, '2016-05-31 14:21:23', 'academics', 'Computing', 'siyoumtasew', 'DepartmentHead', '2016-05-04 00:00:00', 'printer', 100450, 12, 'hbghbgfhbgfh', NULL, 'on_our_budget', '0'),
(2, '2016-05-31 14:24:34', 'academics', 'Busines and Economics', 'siyoumtasew', 'CollgeDean', '2016-05-31 00:00:00', '  hggfh', 100451, 9, 'trghgfhgf', NULL, 'on_our_budget', '1'),
(2, '2016-05-31 14:25:41', 'academics', 'Agricultur', 'siyoumtasew', 'DepartmentHead', '2016-05-31 00:00:00', 'dddd', 100452, 12, ' xfghj', NULL, 'on_our_budget', '1'),
(1, '2016-05-31 15:01:43', 'academics', 'Computing', 'abe', 'DepartmentHead', '2016-05-23 00:00:00', 'bgffgnh', 100453, 44, ' trrfbty78', NULL, 'on_our_budget', '1'),
(1, '2016-05-31 15:05:12', 'academics', 'Computing', 'sss', 'CollgeDean', '2016-05-02 00:00:00', '  com', 100454, 67, ' hnyhjty', NULL, 'on_our_budget', '1'),
(0, '2016-05-31 15:07:49', 'DBU purchase officer', '', 'siyoumtasew', '', '2016-05-02 00:00:00', 'computer', 100455, 1111, 'trgrthytrhy', 'Electronic_Suplier', '', '0'),
(1, '2016-06-01 07:22:34', 'academics', 'Agricultur', 'siyoumtasew', 'DepartmentHead', '2017-03-07 00:00:00', 'computer', 100458, 12, 'trghthjnghjghj', NULL, 'on_our_budget', '1'),
(1, '2016-06-16 11:57:08', 'academics', 'Social Science and Humanistics', 'siyoumtasew', 'DepartmentHead', '2016-06-06 00:00:00', 'printer', 100460, 12, 'HTHJHJHJHJ', NULL, 'on_our_budget', '1'),
(2, '2016-06-16 12:20:11', 'academics', 'Engineering', 'siyoumtasew', 'CollgeDean', '2016-06-07 00:00:00', '  hggfh', 100463, 12, 'tyjghjghjghjhg', NULL, 'on_our_budget', '1'),
(1, '2016-06-16 12:22:22', 'academics', 'Health', 'siyoumtasew', 'CollgeDean', '2016-06-06 00:00:00', '  hggfh', 100464, 12, 'erggfbhgfbhgfhbgfh', NULL, 'on_our_budget', '1'),
(3, '2016-06-16 12:27:18', 'academics', 'Social Science and Humanistics', 'siyoumtasew', 'CollgeDean', '2016-06-06 00:00:00', '  ddsd', 100465, 12, 'tyutjhjghj', NULL, 'on_our_budget', '1'),
(1, '2016-06-16 13:46:57', 'academics', 'Health', 'yesh', 'DepartmentHead', '2010-04-08 00:00:00', 'clinical books', 100466, 88, ' qwwwwwwwwwwwwwwwwwftr mhjmhjl.', NULL, 'on_our_budget', '1'),
(0, '2016-06-16 14:00:04', 'academics', 'Health', 'yesh', 'CollgeDean', '0003-04-08 00:00:00', 'clinical books', 100467, 88, ' sghjkljdfgghhhhj nmhjhhhhh.', NULL, 'on_our_budget', '1'),
(0, '2016-06-16 15:02:25', 'DBU purchase officer', '', 'aklilu', '', '0003-04-08 00:00:00', 'computer', 100468, 66, 'sadadadhyjjkkklkl ffgmhkwetYUU.', 'Electronic_Suplier', '', '0'),
(1, '2016-06-16 19:36:03', 'academics', 'Agricultur', 'siyoumtasew', 'CollgeDean', '2016-06-07 00:00:00', '  ddsd', 100469, 12, 'gfxcnhghnmjh', NULL, 'on_our_budget', '1'),
(1, '2016-06-16 19:38:58', 'academics', 'Health', 'siyoumtasew', 'DepartmentHead', '2016-06-28 00:00:00', 'fghfghfgh', 100470, 12, 'mhjhnjm,hj,khjk', NULL, 'on_our_budget', '1'),
(2, '2016-06-16 19:49:15', 'academics', 'Natural and Computational Scie', 'Siyoum', 'CollgeDean', '2016-06-05 00:00:00', '  ddsd', 100471, 12, 'ghjnmghjghj', NULL, 'on_our_budget', '0'),
(0, '2016-06-17 02:09:35', 'DBU purchase officer', '', 'siyoumtasew', '', '2016-06-14 00:00:00', 'printer', 100473, 12, 'trhtfgjk,kjk', 'Electronic_Suplier', '', '0'),
(1, '2016-06-17 10:00:14', 'academics', 'Computing', 'siyoumtasew', 'DepartmentHead', '2016-06-06 00:00:00', 'computer', 100474, 12, 'bfhghjfd', NULL, 'on_our_budget', '1'),
(1, '2016-06-17 10:06:04', 'academics', 'Computing', 'siyoumtasew', 'CollgeDean', '2016-06-15 00:00:00', 'computer', 100475, 12, 'rrtgrthgh ', NULL, 'on_our_budget', '1'),
(0, '2016-06-17 10:09:55', 'DBU purchase officer', '', 'siyoumtasew', '', '2016-06-06 00:00:00', 'computer', 100476, 12, 'jkhjk', 'Electronic_Suplier', '', '0');

-- --------------------------------------------------------

--
-- Table structure for table `resource`
--

CREATE TABLE `resource` (
  `pro_id` int(10) NOT NULL,
  `college` varchar(30) NOT NULL,
  `cost` int(12) NOT NULL,
  `product_catagory` varchar(30) NOT NULL,
  `produact_name` varchar(30) NOT NULL,
  `quantity` int(30) NOT NULL,
  `purchased_date` datetime NOT NULL
) ENGINE=InnoDB DEFAULT CHARSET=utf8;

--
-- Dumping data for table `resource`
--

INSERT INTO `resource` (`pro_id`, `college`, `cost`, `product_catagory`, `produact_name`, `quantity`, `purchased_date`) VALUES
(32, 'Social Science and Humanistics', 34, 'uu', 'jj', 9090, '2016-05-25 00:00:00'),
(34, 'Agricultur', 1000000, 'furniture product', 'lokre', 12, '2016-05-24 00:00:00'),
(36, 'Health', 8000, 'medicine', 'tablet', 4, '2016-05-01 00:00:00'),
(37, 'Natural and Computational Scie', 12000, 'eliectrini product', 'printer', 12, '2016-05-31 00:00:00'),
(38, 'Busines and Economics', 12000, 'eliectrini product', 'printer', 12, '2016-05-29 00:00:00'),
(39, 'Engineering', 12000, 'eliectrini product', 'printer', 12, '2016-05-02 00:00:00'),
(40, 'Computing', 66666, 'elelctronic', 'bbb', 12, '2016-06-07 00:00:00'),
(41, 'Computing', 12000, 'eliectrini product', 'printer', 12, '2015-07-31 00:00:00');

-- --------------------------------------------------------

--
-- Table structure for table `suplier`
--

CREATE TABLE `suplier` (
  `ordered_to` varchar(30) NOT NULL,
  `fname` varchar(30) NOT NULL,
  `lname` varchar(30) NOT NULL,
  `email` varchar(30) NOT NULL,
  `enable` varchar(20) NOT NULL,
  ` supliers` varchar(30) NOT NULL
) ENGINE=InnoDB DEFAULT CHARSET=utf8mb4;

--
-- Dumping data for table `suplier`
--

INSERT INTO `suplier` (`ordered_to`, `fname`, `lname`, `email`, `enable`, ` supliers`) VALUES
('', 'Electronic_Suplier', '', '', 'T', ''),
('', 'Agricultural_Suplier', '', '', 'T', ''),
('', 'Furnichare_Suplier', '', '', 'T', ''),
('', 'Vehicle_Suplier', '', '', 'T', ''),
('', 'Stationary_Suplier', '', '', 'T', '');

--
-- Indexes for dumped tables
--

--
-- Indexes for table `account`
--
ALTER TABLE `account`
  ADD PRIMARY KEY (`IdNo`);

--
-- Indexes for table `algorithm_tbl`
--
ALTER TABLE `algorithm_tbl`
  ADD PRIMARY KEY (`item_Id`);

--
-- Indexes for table `boolian_setting`
--
ALTER TABLE `boolian_setting`
  ADD PRIMARY KEY (`boolian_id`);

--
-- Indexes for table `colleges`
--
ALTER TABLE `colleges`
  ADD PRIMARY KEY (`college_id`);

--
-- Indexes for table `dd_category`
--
ALTER TABLE `dd_category`
  ADD PRIMARY KEY (`cat_id`);

--
-- Indexes for table `dd_items`
--
ALTER TABLE `dd_items`
  ADD PRIMARY KEY (`item_id`);

--
-- Indexes for table `dd_product`
--
ALTER TABLE `dd_product`
  ADD PRIMARY KEY (`item_Id`);

--
-- Indexes for table `feedback`
--
ALTER TABLE `feedback`
  ADD PRIMARY KEY (`com_id`);

--
-- Indexes for table `order`
--
ALTER TABLE `order`
  ADD PRIMARY KEY (`name`);

--
-- Indexes for table `performa`
--
ALTER TABLE `performa`
  ADD PRIMARY KEY (`p_id`);

--
-- Indexes for table `requisition`
--
ALTER TABLE `requisition`
  ADD PRIMARY KEY (`Requistion_no`);

--
-- Indexes for table `resource`
--
ALTER TABLE `resource`
  ADD PRIMARY KEY (`pro_id`);

--
-- Indexes for table `suplier`
--
ALTER TABLE `suplier`
  ADD KEY `enable` (`enable`),
  ADD KEY `enable_2` (`enable`),
  ADD KEY `enable_3` (`enable`),
  ADD KEY `enable_4` (`enable`),
  ADD KEY `enable_5` (`enable`),
  ADD KEY `ordered_to` (`ordered_to`);

--
-- AUTO_INCREMENT for dumped tables
--

--
-- AUTO_INCREMENT for table `account`
--
ALTER TABLE `account`
  MODIFY `IdNo` int(10) NOT NULL AUTO_INCREMENT, AUTO_INCREMENT=2715;
--
-- AUTO_INCREMENT for table `dd_items`
--
ALTER TABLE `dd_items`
  MODIFY `item_id` int(10) NOT NULL AUTO_INCREMENT, AUTO_INCREMENT=9011;
--
-- AUTO_INCREMENT for table `feedback`
--
ALTER TABLE `feedback`
  MODIFY `com_id` int(10) NOT NULL AUTO_INCREMENT, AUTO_INCREMENT=10160;
--
-- AUTO_INCREMENT for table `performa`
--
ALTER TABLE `performa`
  MODIFY `p_id` int(10) UNSIGNED NOT NULL AUTO_INCREMENT, AUTO_INCREMENT=79;
--
-- AUTO_INCREMENT for table `requisition`
--
ALTER TABLE `requisition`
  MODIFY `Requistion_no` int(20) NOT NULL AUTO_INCREMENT, AUTO_INCREMENT=100477;
--
-- AUTO_INCREMENT for table `resource`
--
ALTER TABLE `resource`
  MODIFY `pro_id` int(10) NOT NULL AUTO_INCREMENT, AUTO_INCREMENT=42;--
-- Database: `quiz`
--
CREATE DATABASE IF NOT EXISTS `quiz` DEFAULT CHARACTER SET latin1 COLLATE latin1_swedish_ci;
USE `quiz`;

-- --------------------------------------------------------

--
-- Table structure for table `mst_admin`
--

CREATE TABLE `mst_admin` (
  `loginid` varchar(20) DEFAULT NULL,
  `pass` varchar(20) DEFAULT NULL
) ENGINE=InnoDB DEFAULT CHARSET=latin1;

--
-- Dumping data for table `mst_admin`
--

INSERT INTO `mst_admin` (`loginid`, `pass`) VALUES
('pgdca', 'pgdca');

-- --------------------------------------------------------

--
-- Table structure for table `mst_question`
--

CREATE TABLE `mst_question` (
  `que_id` int(5) NOT NULL,
  `test_id` int(5) DEFAULT NULL,
  `que_desc` varchar(150) DEFAULT NULL,
  `ans1` varchar(75) DEFAULT NULL,
  `ans2` varchar(75) DEFAULT NULL,
  `ans3` varchar(75) DEFAULT NULL,
  `ans4` varchar(75) DEFAULT NULL,
  `true_ans` int(1) DEFAULT NULL
) ENGINE=InnoDB DEFAULT CHARSET=latin1;

--
-- Dumping data for table `mst_question`
--

INSERT INTO `mst_question` (`que_id`, `test_id`, `que_desc`, `ans1`, `ans2`, `ans3`, `ans4`, `true_ans`) VALUES
(16, 8, 'What  Default Data Type ?', 'String', 'Variant', 'Integer', 'Boolear', 2),
(17, 8, 'What is Default Form Border Style ?', 'Fixed Single', 'None', 'Sizeable', 'Fixed Diaglog', 3),
(18, 8, 'Which is not type of Control ?', 'text', 'lable', 'checkbox', 'option button', 1),
(19, 9, 'Which of the follwing contexts are available in the add watch window?', 'Project', 'Module', 'Procedure', 'All', 4),
(20, 9, 'Which window will allow you to halt the execution of your code when a variable changes?', 'The call stack window', 'The immedite window', 'The locals window', 'The watch window', 4),
(22, 9, 'How can you print the object name associated with the last VB  error to the Immediate window?', 'Debug.Print Err.Number', 'Debug.Print Err.Source', 'Debug.Print Err.Description', 'Debug.Print Err.LastDLLError', 2),
(23, 9, 'How can you print the object name associated with the last VB  error to the Immediate window?', 'Debug.Print Err.Number', 'Debug.Print Err.Source', 'Debug.Print Err.Description', 'Debug.Print Err.LastDLLError', 2),
(24, 9, 'What function does the TabStop property on a command button perform?', 'It determines whether the button can get the focus', 'If set to False it disables the Tabindex property.', 'It determines the order in which the button will receive the focus', 'It determines if the access key swquence can be used', 1),
(25, 10, 'You application creates an instance of a form. What is the first event that will be triggered in the from?', 'Load', 'GotFocus', 'Instance', 'Initialize', 4),
(26, 10, 'Which of the following is Hungarian notation for a menu?', 'Menu', 'Men', 'mnu', 'MN', 3),
(27, 10, 'You are ready to run your program to see if it works.Which key on your keyboard will start the program?', 'F2', 'F3', 'F4', 'F5', 4),
(28, 10, 'Which of the following snippets of code will unload a form named frmFo0rm from memory?', 'Unload Form', 'Unload This', 'Unload Me', 'Unload', 3),
(29, 10, 'You want the text in text box named txtMyText to read My Text.In which property will you place this string?', 'Caption', 'Text', 'String', 'None of the above', 2);

-- --------------------------------------------------------

--
-- Table structure for table `mst_result`
--

CREATE TABLE `mst_result` (
  `login` varchar(20) DEFAULT NULL,
  `test_id` int(5) DEFAULT NULL,
  `test_date` date DEFAULT NULL,
  `score` int(3) DEFAULT NULL
) ENGINE=InnoDB DEFAULT CHARSET=latin1;

--
-- Dumping data for table `mst_result`
--

INSERT INTO `mst_result` (`login`, `test_id`, `test_date`, `score`) VALUES
('raj', 8, '0000-00-00', 3),
('raj', 9, '0000-00-00', 3),
('raj', 8, '0000-00-00', 1),
('ashish', 10, '0000-00-00', 3),
('ashish', 9, '0000-00-00', 2),
('ashish', 10, '0000-00-00', 0),
('raj', 8, '0000-00-00', 0);

-- --------------------------------------------------------

--
-- Table structure for table `mst_subject`
--

CREATE TABLE `mst_subject` (
  `sub_id` int(5) NOT NULL,
  `sub_name` varchar(25) DEFAULT NULL
) ENGINE=InnoDB DEFAULT CHARSET=latin1;

--
-- Dumping data for table `mst_subject`
--

INSERT INTO `mst_subject` (`sub_id`, `sub_name`) VALUES
(1, 'VB'),
(2, 'Oracle'),
(3, 'Java'),
(4, 'PHP'),
(5, 'Computer Fundamental'),
(6, 'Networking');

-- --------------------------------------------------------

--
-- Table structure for table `mst_test`
--

CREATE TABLE `mst_test` (
  `test_id` int(5) NOT NULL,
  `sub_id` int(5) DEFAULT NULL,
  `test_name` varchar(30) DEFAULT NULL,
  `total_que` varchar(15) DEFAULT NULL
) ENGINE=InnoDB DEFAULT CHARSET=latin1;

--
-- Dumping data for table `mst_test`
--

INSERT INTO `mst_test` (`test_id`, `sub_id`, `test_name`, `total_que`) VALUES
(8, 1, 'VB Basic Test', '3'),
(9, 1, 'Essentials of VB', '5'),
(10, 1, 'Creating User Services', '5');

-- --------------------------------------------------------

--
-- Table structure for table `mst_user`
--

CREATE TABLE `mst_user` (
  `user_id` int(5) NOT NULL,
  `login` varchar(20) DEFAULT NULL,
  `pass` varchar(20) DEFAULT NULL,
  `username` varchar(30) DEFAULT NULL,
  `address` varchar(50) DEFAULT NULL,
  `city` varchar(15) DEFAULT NULL,
  `phone` int(10) DEFAULT NULL,
  `email` varchar(30) DEFAULT NULL
) ENGINE=InnoDB DEFAULT CHARSET=latin1;

--
-- Dumping data for table `mst_user`
--

INSERT INTO `mst_user` (`user_id`, `login`, `pass`, `username`, `address`, `city`, `phone`, `email`) VALUES
(1, 'raj', 'raj', 'Rajen', 'limbdi', 'limbdi', 9999, 'raj@yahoo.com'),
(12, 'ashish', 'shah', 'ashish', 'laskdjf', 'S''nagar', 228585, 'ashish@yahoo.com'),
(14, 'Dhaval123', 'a', 'a', 'a', 'a', 0, 'dhaval@yahoo.com');

-- --------------------------------------------------------

--
-- Table structure for table `mst_useranswer`
--

CREATE TABLE `mst_useranswer` (
  `sess_id` varchar(80) DEFAULT NULL,
  `test_id` int(11) DEFAULT NULL,
  `que_des` varchar(200) DEFAULT NULL,
  `ans1` varchar(50) DEFAULT NULL,
  `ans2` varchar(50) DEFAULT NULL,
  `ans3` varchar(50) DEFAULT NULL,
  `ans4` varchar(50) DEFAULT NULL,
  `true_ans` int(11) DEFAULT NULL,
  `your_ans` int(11) DEFAULT NULL
) ENGINE=InnoDB DEFAULT CHARSET=latin1;

--
-- Dumping data for table `mst_useranswer`
--

INSERT INTO `mst_useranswer` (`sess_id`, `test_id`, `que_des`, `ans1`, `ans2`, `ans3`, `ans4`, `true_ans`, `your_ans`) VALUES
('2b8e3337837b82112def8d3e2f42f26e', 8, 'What  Default Data Type ?', 'String', 'Variant', 'Integer', 'Boolear', 2, 1),
('2b8e3337837b82112def8d3e2f42f26e', 8, 'What is Default Form Border Style ?', 'Fixed Single', 'None', 'Sizeable', 'Fixed Diaglog', 3, 3),
('2b8e3337837b82112def8d3e2f42f26e', 8, 'Which is not type of Control ?', 'text', 'lable', 'checkbox', 'option button', 1, 3);

--
-- Indexes for dumped tables
--

--
-- Indexes for table `mst_question`
--
ALTER TABLE `mst_question`
  ADD PRIMARY KEY (`que_id`);

--
-- Indexes for table `mst_subject`
--
ALTER TABLE `mst_subject`
  ADD PRIMARY KEY (`sub_id`);

--
-- Indexes for table `mst_test`
--
ALTER TABLE `mst_test`
  ADD PRIMARY KEY (`test_id`);

--
-- Indexes for table `mst_user`
--
ALTER TABLE `mst_user`
  ADD PRIMARY KEY (`user_id`);

--
-- AUTO_INCREMENT for dumped tables
--

--
-- AUTO_INCREMENT for table `mst_question`
--
ALTER TABLE `mst_question`
  MODIFY `que_id` int(5) NOT NULL AUTO_INCREMENT, AUTO_INCREMENT=30;
--
-- AUTO_INCREMENT for table `mst_subject`
--
ALTER TABLE `mst_subject`
  MODIFY `sub_id` int(5) NOT NULL AUTO_INCREMENT, AUTO_INCREMENT=7;
--
-- AUTO_INCREMENT for table `mst_test`
--
ALTER TABLE `mst_test`
  MODIFY `test_id` int(5) NOT NULL AUTO_INCREMENT, AUTO_INCREMENT=11;
--
-- AUTO_INCREMENT for table `mst_user`
--
ALTER TABLE `mst_user`
  MODIFY `user_id` int(5) NOT NULL AUTO_INCREMENT, AUTO_INCREMENT=15;--
-- Database: `quiz_new`
--
CREATE DATABASE IF NOT EXISTS `quiz_new` DEFAULT CHARACTER SET latin1 COLLATE latin1_swedish_ci;
USE `quiz_new`;

-- --------------------------------------------------------

--
-- Table structure for table `mst_admin`
--

CREATE TABLE `mst_admin` (
  `id` int(11) NOT NULL,
  `loginid` varchar(50) NOT NULL,
  `pass` varchar(50) NOT NULL
) ENGINE=MyISAM DEFAULT CHARSET=latin1;

--
-- Dumping data for table `mst_admin`
--

INSERT INTO `mst_admin` (`id`, `loginid`, `pass`) VALUES
(1, 'sanjeev', 'sanjeev');

-- --------------------------------------------------------

--
-- Table structure for table `mst_question`
--

CREATE TABLE `mst_question` (
  `que_id` int(5) NOT NULL,
  `test_id` int(5) DEFAULT NULL,
  `que_desc` varchar(150) DEFAULT NULL,
  `ans1` varchar(75) DEFAULT NULL,
  `ans2` varchar(75) DEFAULT NULL,
  `ans3` varchar(75) DEFAULT NULL,
  `ans4` varchar(75) DEFAULT NULL,
  `true_ans` int(1) DEFAULT NULL
) ENGINE=InnoDB DEFAULT CHARSET=latin1;

--
-- Dumping data for table `mst_question`
--

INSERT INTO `mst_question` (`que_id`, `test_id`, `que_desc`, `ans1`, `ans2`, `ans3`, `ans4`, `true_ans`) VALUES
(16, 8, 'What  Default Data Type ?', 'String', 'Variant', 'Integer', 'Boolear', 2),
(17, 8, 'What is Default Form Border Style ?', 'Fixed Single', 'None', 'Sizeable', 'Fixed Diaglog', 3),
(18, 8, 'Which is not type of Control ?', 'text', 'lable', 'checkbox', 'option button', 1),
(19, 9, 'Which of the follwing contexts are available in the add watch window?', 'Project', 'Module', 'Procedure', 'All', 4),
(20, 9, 'Which window will allow you to halt the execution of your code when a variable changes?', 'The call stack window', 'The immedite window', 'The locals window', 'The watch window', 4),
(22, 9, 'How can you print the object name associated with the last VB  error to the Immediate window?', 'Debug.Print Err.Number', 'Debug.Print Err.Source', 'Debug.Print Err.Description', 'Debug.Print Err.LastDLLError', 2),
(23, 9, 'How can you print the object name associated with the last VB  error to the Immediate window?', 'Debug.Print Err.Number', 'Debug.Print Err.Source', 'Debug.Print Err.Description', 'Debug.Print Err.LastDLLError', 2),
(24, 9, 'What function does the TabStop property on a command button perform?', 'It determines whether the button can get the focus', 'If set to False it disables the Tabindex property.', 'It determines the order in which the button will receive the focus', 'It determines if the access key swquence can be used', 1),
(25, 10, 'You application creates an instance of a form. What is the first event that will be triggered in the from?', 'Load', 'GotFocus', 'Instance', 'Initialize', 4),
(26, 10, 'Which of the following is Hungarian notation for a menu?', 'Menu', 'Men', 'mnu', 'MN', 3),
(27, 10, 'You are ready to run your program to see if it works.Which key on your keyboard will start the program?', 'F2', 'F3', 'F4', 'F5', 4),
(28, 10, 'Which of the following snippets of code will unload a form named frmFo0rm from memory?', 'Unload Form', 'Unload This', 'Unload Me', 'Unload', 3),
(29, 10, 'You want the text in text box named txtMyText to read My Text.In which property will you place this string?', 'Caption', 'Text', 'String', 'None of the above', 2),
(30, 11, 'how to use date( ) in mysql ?', 'now( )', 'today( )', 'date( )', 'time( )', 0),
(31, 11, 'how to use date( ) in mysql ?', 'now( )', 'today( )', 'date( )', 'time( )', 0);

-- --------------------------------------------------------

--
-- Table structure for table `mst_result`
--

CREATE TABLE `mst_result` (
  `login` varchar(20) DEFAULT NULL,
  `test_id` int(5) DEFAULT NULL,
  `test_date` date DEFAULT NULL,
  `score` int(3) DEFAULT NULL
) ENGINE=InnoDB DEFAULT CHARSET=latin1;

--
-- Dumping data for table `mst_result`
--

INSERT INTO `mst_result` (`login`, `test_id`, `test_date`, `score`) VALUES
('raj', 8, '0000-00-00', 3),
('raj', 9, '0000-00-00', 3),
('raj', 8, '0000-00-00', 1),
('ashish', 10, '0000-00-00', 3),
('ashish', 9, '0000-00-00', 2),
('ashish', 10, '0000-00-00', 0),
('raj', 8, '0000-00-00', 0),
('ankur', 11, '0000-00-00', 0),
('12', 10, '0000-00-00', 1);

-- --------------------------------------------------------

--
-- Table structure for table `mst_subject`
--

CREATE TABLE `mst_subject` (
  `sub_id` int(5) NOT NULL,
  `sub_name` varchar(25) DEFAULT NULL
) ENGINE=InnoDB DEFAULT CHARSET=latin1;

--
-- Dumping data for table `mst_subject`
--

INSERT INTO `mst_subject` (`sub_id`, `sub_name`) VALUES
(1, 'VB'),
(2, 'Oracle'),
(3, 'Java'),
(4, 'PHP'),
(5, 'Computer Fundamental'),
(6, 'Networking'),
(7, 'mysql');

-- --------------------------------------------------------

--
-- Table structure for table `mst_test`
--

CREATE TABLE `mst_test` (
  `test_id` int(5) NOT NULL,
  `sub_id` int(5) DEFAULT NULL,
  `test_name` varchar(30) DEFAULT NULL,
  `total_que` varchar(15) DEFAULT NULL
) ENGINE=InnoDB DEFAULT CHARSET=latin1;

--
-- Dumping data for table `mst_test`
--

INSERT INTO `mst_test` (`test_id`, `sub_id`, `test_name`, `total_que`) VALUES
(8, 1, 'VB Basic Test', '3'),
(9, 1, 'Essentials of VB', '5'),
(10, 1, 'Creating User Services', '5'),
(11, 7, 'function', '5');

-- --------------------------------------------------------

--
-- Table structure for table `mst_user`
--

CREATE TABLE `mst_user` (
  `user_id` int(5) NOT NULL,
  `login` varchar(20) DEFAULT NULL,
  `pass` varchar(20) DEFAULT NULL,
  `username` varchar(30) DEFAULT NULL,
  `address` varchar(50) DEFAULT NULL,
  `city` varchar(15) DEFAULT NULL,
  `phone` int(10) DEFAULT NULL,
  `email` varchar(30) DEFAULT NULL
) ENGINE=InnoDB DEFAULT CHARSET=latin1;

--
-- Dumping data for table `mst_user`
--

INSERT INTO `mst_user` (`user_id`, `login`, `pass`, `username`, `address`, `city`, `phone`, `email`) VALUES
(1, 'raj', 'raj', 'Rajen', 'limbdi', 'limbdi', 9999, 'raj@yahoo.com'),
(12, 'ashish', 'shah', 'ashish', 'laskdjf', 'S''nagar', 228585, 'ashish@yahoo.com'),
(14, 'Dhaval123', 'a', 'a', 'a', 'a', 0, 'dhaval@yahoo.com'),
(15, '12', '1234', 'tyyu', 'etrfg', 'dfsg', 345667, 'agmuas003@gmail.com');

-- --------------------------------------------------------

--
-- Table structure for table `mst_useranswer`
--

CREATE TABLE `mst_useranswer` (
  `sess_id` varchar(80) DEFAULT NULL,
  `test_id` int(11) DEFAULT NULL,
  `que_des` varchar(200) DEFAULT NULL,
  `ans1` varchar(50) DEFAULT NULL,
  `ans2` varchar(50) DEFAULT NULL,
  `ans3` varchar(50) DEFAULT NULL,
  `ans4` varchar(50) DEFAULT NULL,
  `true_ans` int(11) DEFAULT NULL,
  `your_ans` int(11) DEFAULT NULL
) ENGINE=InnoDB DEFAULT CHARSET=latin1;

--
-- Dumping data for table `mst_useranswer`
--

INSERT INTO `mst_useranswer` (`sess_id`, `test_id`, `que_des`, `ans1`, `ans2`, `ans3`, `ans4`, `true_ans`, `your_ans`) VALUES
('2b8e3337837b82112def8d3e2f42f26e', 8, 'What  Default Data Type ?', 'String', 'Variant', 'Integer', 'Boolear', 2, 1),
('2b8e3337837b82112def8d3e2f42f26e', 8, 'What is Default Form Border Style ?', 'Fixed Single', 'None', 'Sizeable', 'Fixed Diaglog', 3, 3),
('2b8e3337837b82112def8d3e2f42f26e', 8, 'Which is not type of Control ?', 'text', 'lable', 'checkbox', 'option button', 1, 3),
('idjir9pcq2d07764us8rdiq9n5', 11, 'how to use date( ) in mysql ?', 'now( )', 'today( )', 'date( )', 'time( )', 0, 1),
('idjir9pcq2d07764us8rdiq9n5', 11, 'how to use date( ) in mysql ?', 'now( )', 'today( )', 'date( )', 'time( )', 0, 1),
('idjir9pcq2d07764us8rdiq9n5', 11, 'how to use date( ) in mysql ?', 'now( )', 'today( )', 'date( )', 'time( )', 0, 2),
('idjir9pcq2d07764us8rdiq9n5', 11, 'how to use date( ) in mysql ?', 'now( )', 'today( )', 'date( )', 'time( )', 0, 3),
('idjir9pcq2d07764us8rdiq9n5', 11, 'how to use date( ) in mysql ?', 'now( )', 'today( )', 'date( )', 'time( )', 0, 4),
('idjir9pcq2d07764us8rdiq9n5', 11, 'how to use date( ) in mysql ?', 'now( )', 'today( )', 'date( )', 'time( )', 0, 4),
('idjir9pcq2d07764us8rdiq9n5', 11, 'how to use date( ) in mysql ?', 'now( )', 'today( )', 'date( )', 'time( )', 0, 3),
('idjir9pcq2d07764us8rdiq9n5', 11, 'how to use date( ) in mysql ?', 'now( )', 'today( )', 'date( )', 'time( )', 0, 2),
('idjir9pcq2d07764us8rdiq9n5', 11, 'how to use date( ) in mysql ?', 'now( )', 'today( )', 'date( )', 'time( )', 0, 2),
('idjir9pcq2d07764us8rdiq9n5', 11, 'how to use date( ) in mysql ?', 'now( )', 'today( )', 'date( )', 'time( )', 0, 1),
('idjir9pcq2d07764us8rdiq9n5', 11, 'how to use date( ) in mysql ?', 'now( )', 'today( )', 'date( )', 'time( )', 0, 1),
('9f08ptpbd38m4j40ss67vngmt2', 10, 'You application creates an instance of a form. What is the first event that will be triggered in the from?', 'Load', 'GotFocus', 'Instance', 'Initialize', 4, 3),
('9f08ptpbd38m4j40ss67vngmt2', 10, 'Which of the following is Hungarian notation for a menu?', 'Menu', 'Men', 'mnu', 'MN', 3, 2),
('9f08ptpbd38m4j40ss67vngmt2', 10, 'You are ready to run your program to see if it works.Which key on your keyboard will start the program?', 'F2', 'F3', 'F4', 'F5', 4, 4),
('9f08ptpbd38m4j40ss67vngmt2', 10, 'Which of the following snippets of code will unload a form named frmFo0rm from memory?', 'Unload Form', 'Unload This', 'Unload Me', 'Unload', 3, 2),
('9f08ptpbd38m4j40ss67vngmt2', 10, 'You want the text in text box named txtMyText to read My Text.In which property will you place this string?', 'Caption', 'Text', 'String', 'None of the above', 2, 3);

--
-- Indexes for dumped tables
--

--
-- Indexes for table `mst_admin`
--
ALTER TABLE `mst_admin`
  ADD PRIMARY KEY (`id`);

--
-- Indexes for table `mst_question`
--
ALTER TABLE `mst_question`
  ADD PRIMARY KEY (`que_id`);

--
-- Indexes for table `mst_subject`
--
ALTER TABLE `mst_subject`
  ADD PRIMARY KEY (`sub_id`);

--
-- Indexes for table `mst_test`
--
ALTER TABLE `mst_test`
  ADD PRIMARY KEY (`test_id`);

--
-- Indexes for table `mst_user`
--
ALTER TABLE `mst_user`
  ADD PRIMARY KEY (`user_id`);

--
-- AUTO_INCREMENT for dumped tables
--

--
-- AUTO_INCREMENT for table `mst_admin`
--
ALTER TABLE `mst_admin`
  MODIFY `id` int(11) NOT NULL AUTO_INCREMENT, AUTO_INCREMENT=2;
--
-- AUTO_INCREMENT for table `mst_question`
--
ALTER TABLE `mst_question`
  MODIFY `que_id` int(5) NOT NULL AUTO_INCREMENT, AUTO_INCREMENT=32;
--
-- AUTO_INCREMENT for table `mst_subject`
--
ALTER TABLE `mst_subject`
  MODIFY `sub_id` int(5) NOT NULL AUTO_INCREMENT, AUTO_INCREMENT=8;
--
-- AUTO_INCREMENT for table `mst_test`
--
ALTER TABLE `mst_test`
  MODIFY `test_id` int(5) NOT NULL AUTO_INCREMENT, AUTO_INCREMENT=12;
--
-- AUTO_INCREMENT for table `mst_user`
--
ALTER TABLE `mst_user`
  MODIFY `user_id` int(5) NOT NULL AUTO_INCREMENT, AUTO_INCREMENT=16;--
-- Database: `register`
--
CREATE DATABASE IF NOT EXISTS `register` DEFAULT CHARACTER SET latin1 COLLATE latin1_swedish_ci;
USE `register`;

-- --------------------------------------------------------

--
-- Table structure for table `users`
--

CREATE TABLE `users` (
  `id` int(11) NOT NULL,
  `username` varchar(50) NOT NULL,
  `email` varchar(50) NOT NULL,
  `password` varchar(50) NOT NULL,
  `trn_date` datetime NOT NULL
) ENGINE=InnoDB DEFAULT CHARSET=latin1;

--
-- Dumping data for table `users`
--

INSERT INTO `users` (`id`, `username`, `email`, `password`, `trn_date`) VALUES
(4, 'admin', 'agmuas003@gmail.com', '21232f297a57a5a743894a0e4a801fc3', '2016-11-04 00:51:36');

--
-- Indexes for dumped tables
--

--
-- Indexes for table `users`
--
ALTER TABLE `users`
  ADD PRIMARY KEY (`id`);

--
-- AUTO_INCREMENT for dumped tables
--

--
-- AUTO_INCREMENT for table `users`
--
ALTER TABLE `users`
  MODIFY `id` int(11) NOT NULL AUTO_INCREMENT, AUTO_INCREMENT=5;--
-- Database: `sampledb`
--
CREATE DATABASE IF NOT EXISTS `sampledb` DEFAULT CHARACTER SET latin1 COLLATE latin1_swedish_ci;
USE `sampledb`;
--
-- Database: `sampledb1`
--
CREATE DATABASE IF NOT EXISTS `sampledb1` DEFAULT CHARACTER SET latin1 COLLATE latin1_swedish_ci;
USE `sampledb1`;
--
-- Database: `schooldb`
--
CREATE DATABASE IF NOT EXISTS `schooldb` DEFAULT CHARACTER SET latin1 COLLATE latin1_swedish_ci;
USE `schooldb`;

-- --------------------------------------------------------

--
-- Table structure for table `adminstrator`
--

CREATE TABLE `adminstrator` (
  `username` varchar(255) NOT NULL,
  `password` varchar(255) NOT NULL
) ENGINE=InnoDB DEFAULT CHARSET=latin1;

--
-- Dumping data for table `adminstrator`
--

INSERT INTO `adminstrator` (`username`, `password`) VALUES
('ucc', '123');

-- --------------------------------------------------------

--
-- Table structure for table `results`
--

CREATE TABLE `results` (
  `id` int(22) NOT NULL,
  `examno` varchar(22) NOT NULL,
  `compmath` varchar(255) NOT NULL,
  `deskpub` varchar(255) NOT NULL,
  `office` varchar(255) NOT NULL,
  `commskills` varchar(255) NOT NULL,
  `pchardware` varchar(255) NOT NULL,
  `examtitle` varchar(255) NOT NULL,
  `student` varchar(255) NOT NULL,
  `status` varchar(255) NOT NULL
) ENGINE=InnoDB DEFAULT CHARSET=latin1;

--
-- Dumping data for table `results`
--

INSERT INTO `results` (`id`, `examno`, `compmath`, `deskpub`, `office`, `commskills`, `pchardware`, `examtitle`, `student`, `status`) VALUES
(20, 'tyfg', 'fghfg', 'gfhfx', 'xdghg', 'fghfg', 'gfh', 'gedefaw', 'dfhgf', 'dfhgtd');

-- --------------------------------------------------------

--
-- Table structure for table `students`
--

CREATE TABLE `students` (
  `id` int(22) NOT NULL,
  `username` varchar(255) NOT NULL,
  `password` varchar(255) NOT NULL
) ENGINE=InnoDB DEFAULT CHARSET=latin1;

--
-- Dumping data for table `students`
--

INSERT INTO `students` (`id`, `username`, `password`) VALUES
(1, 'ex01', '123'),
(2, 'ex02', '890'),
(3, 'ex03', '456'),
(4, 'ex04', '321'),
(5, 'ex05', '654'),
(6, 'ex06', '098'),
(7, 'ex07', '123a'),
(8, 'ex08', '321a'),
(9, 'ex09', '456a'),
(10, 'ex10', '890c'),
(11, 'tilahun', 'tyyu'),
(12, 'tilahun', 'tytyu');

--
-- Indexes for dumped tables
--

--
-- Indexes for table `results`
--
ALTER TABLE `results`
  ADD PRIMARY KEY (`id`);

--
-- Indexes for table `students`
--
ALTER TABLE `students`
  ADD PRIMARY KEY (`id`);

--
-- AUTO_INCREMENT for dumped tables
--

--
-- AUTO_INCREMENT for table `results`
--
ALTER TABLE `results`
  MODIFY `id` int(22) NOT NULL AUTO_INCREMENT, AUTO_INCREMENT=21;
--
-- AUTO_INCREMENT for table `students`
--
ALTER TABLE `students`
  MODIFY `id` int(22) NOT NULL AUTO_INCREMENT, AUTO_INCREMENT=13;--
-- Database: `si`
--
CREATE DATABASE IF NOT EXISTS `si` DEFAULT CHARACTER SET latin1 COLLATE latin1_swedish_ci;
USE `si`;

-- --------------------------------------------------------

--
-- Table structure for table `admin`
--

CREATE TABLE `admin` (
  `id` int(11) NOT NULL,
  `idnum` varchar(30) NOT NULL,
  `password` varchar(30) NOT NULL,
  `fname` varchar(30) NOT NULL,
  `lname` varchar(30) NOT NULL,
  `mname` varchar(30) NOT NULL,
  `birth` varchar(30) NOT NULL,
  `status` varchar(30) NOT NULL,
  `gender` varchar(10) NOT NULL
) ENGINE=InnoDB DEFAULT CHARSET=latin1;

--
-- Dumping data for table `admin`
--

INSERT INTO `admin` (`id`, `idnum`, `password`, `fname`, `lname`, `mname`, `birth`, `status`, `gender`) VALUES
(1, 'admin', '1234', 'MG', 'Feb', 'wala', 'March 13 1992', 'single', 'Female'),
(2, 'p', 'argie', 'p', 'p', 'p', 'march 19, 1991', 'Single', 'Male');

-- --------------------------------------------------------

--
-- Table structure for table `assignment`
--

CREATE TABLE `assignment` (
  `id` int(11) NOT NULL,
  `term` varchar(30) NOT NULL,
  `week` varchar(30) NOT NULL,
  `idnumber` varchar(30) NOT NULL,
  `subject` varchar(30) NOT NULL,
  `score` varchar(30) NOT NULL
) ENGINE=InnoDB DEFAULT CHARSET=latin1;

--
-- Dumping data for table `assignment`
--

INSERT INTO `assignment` (`id`, `term`, `week`, `idnumber`, `subject`, `score`) VALUES
(1, 'Prelim', '1', '09-0001', 'ENG 03', '90'),
(2, 'Prelim', '1', '09-0002', 'ENG 03', '90'),
(3, 'Prelim', '2', '09-0001', 'ENG 03', '98'),
(4, 'Prelim', '2', '09-0002', 'ENG 03', '98'),
(5, 'Prelim', '3', '09-0001', 'ENG 03', '89'),
(6, 'Prelim', '3', '09-0002', 'ENG 03', '89'),
(7, 'Prelim', '4', '09-0001', 'ENG 03', '88'),
(8, 'Prelim', '4', '09-0002', 'ENG 03', '88'),
(9, 'Prelim', '5', '09-0001', 'ENG 03', '99'),
(10, 'Prelim', '5', '09-0002', 'ENG 03', '99'),
(11, 'Prelim', '6', '09-0001', 'ENG 03', '88'),
(12, 'Prelim', '6', '09-0002', 'ENG 03', '88'),
(13, 'Midterm', '7', '09-0001', 'ENG 03', '99'),
(14, 'Midterm', '7', '09-0002', 'ENG 03', '99'),
(15, 'Midterm', '8', '09-0001', 'ENG 03', '99'),
(16, 'Midterm', '8', '09-0002', 'ENG 03', '99'),
(17, 'Midterm', '9', '09-0001', 'ENG 03', '88'),
(18, 'Midterm', '9', '09-0002', 'ENG 03', '88'),
(19, 'Midterm', '10', '09-0001', 'ENG 03', '88'),
(20, 'Midterm', '10', '09-0002', 'ENG 03', '88'),
(21, 'Midterm', '11', '09-0001', 'ENG 03', '99'),
(22, 'Midterm', '11', '09-0002', 'ENG 03', '99'),
(23, 'Midterm', '12', '09-0001', 'ENG 03', '77'),
(24, 'Midterm', '12', '09-0002', 'ENG 03', '77'),
(25, 'Endterm', '13', '09-0001', 'ENG 03', '88'),
(26, 'Endterm', '13', '09-0002', 'ENG 03', '88'),
(27, 'Endterm', '14', '09-0001', 'ENG 03', '99'),
(28, 'Endterm', '14', '09-0002', 'ENG 03', '99'),
(29, 'Endterm', '15', '09-0001', 'ENG 03', '88'),
(30, 'Endterm', '15', '09-0002', 'ENG 03', '88'),
(31, 'Endterm', '16', '09-0001', 'ENG 03', '88'),
(32, 'Endterm', '16', '09-0002', 'ENG 03', '88'),
(33, 'Endterm', '17', '09-0001', 'ENG 03', '88'),
(34, 'Endterm', '17', '09-0002', 'ENG 03', '88'),
(35, 'Endterm', '18', '09-0001', 'ENG 03', '88'),
(36, 'Endterm', '18', '09-0002', 'ENG 03', '88'),
(37, 'Prelim', '1', 'p', 'ENG-000', '99'),
(38, 'Prelim', '2', 'p', 'ENG-000', '88'),
(39, 'Prelim', '3', 'p', 'ENG-000', '77'),
(40, 'Prelim', '4', 'p', 'ENG-000', '99'),
(41, 'Prelim', '5', 'p', 'ENG-000', '89'),
(42, 'Prelim', '6', 'p', 'ENG-000', '98'),
(43, 'Midterm', '7', 'p', 'ENG-000', '90'),
(44, 'Midterm', '8', 'p', 'ENG-000', '98'),
(45, 'Midterm', '9', 'p', 'ENG-000', '99'),
(46, 'Midterm', '10', 'p', 'ENG-000', '99'),
(47, 'Midterm', '11', 'p', 'ENG-000', '78'),
(48, 'Midterm', '12', 'p', 'ENG-000', '99'),
(49, 'Endterm', '13', 'p', 'ENG-000', '88'),
(50, 'Endterm', '14', 'p', 'ENG-000', '90'),
(51, 'Endterm', '15', 'p', 'ENG-000', '98'),
(52, 'Endterm', '16', 'p', 'ENG-000', '90'),
(53, 'Endterm', '17', 'p', 'ENG-000', '88'),
(54, 'Endterm', '18', 'p', 'ENG-000', '88');

-- --------------------------------------------------------

--
-- Table structure for table `assignmentpercentage`
--

CREATE TABLE `assignmentpercentage` (
  `id` int(11) NOT NULL,
  `tid` varchar(30) NOT NULL,
  `apercentage` varchar(30) NOT NULL
) ENGINE=InnoDB DEFAULT CHARSET=latin1;

--
-- Dumping data for table `assignmentpercentage`
--

INSERT INTO `assignmentpercentage` (`id`, `tid`, `apercentage`) VALUES
(1, '00-2222', '.10'),
(2, 'TID-RXK0RUM0', '.10'),
(3, 'TID-IHS3ZDS5', '.10');

-- --------------------------------------------------------

--
-- Table structure for table `course`
--

CREATE TABLE `course` (
  `id` int(11) NOT NULL,
  `coursecode` varchar(30) NOT NULL,
  `description` varchar(300) NOT NULL
) ENGINE=InnoDB DEFAULT CHARSET=latin1;

--
-- Dumping data for table `course`
--

INSERT INTO `course` (`id`, `coursecode`, `description`) VALUES
(1, 'BSIS', 'Bachelor of Science in Information System'),
(2, 'BSIT', 'Bachelor of Science in Industrial Technology'),
(3, 'BEED', 'Bachelor of Elementary Education'),
(4, 'BSOA', 'Bachelor of Office Administration');

-- --------------------------------------------------------

--
-- Table structure for table `exam`
--

CREATE TABLE `exam` (
  `id` int(11) NOT NULL,
  `idnum` varchar(30) NOT NULL,
  `term` varchar(30) NOT NULL,
  `subject` varchar(30) NOT NULL,
  `score` varchar(30) NOT NULL
) ENGINE=InnoDB DEFAULT CHARSET=latin1;

--
-- Dumping data for table `exam`
--

INSERT INTO `exam` (`id`, `idnum`, `term`, `subject`, `score`) VALUES
(1, '09-0001', 'Prelim', 'ENG 03', '100'),
(2, '09-0002', 'Prelim', 'ENG 03', '100'),
(3, '09-0001', 'Midterm', 'ENG 03', '90'),
(4, '09-0002', 'Midterm', 'ENG 03', '90'),
(5, '09-0001', 'Endterm', 'ENG 03', '98'),
(6, '09-0002', 'Endterm', 'ENG 03', '98'),
(7, 'p', 'Prelim', 'ENG-000', '99'),
(8, 'p', 'Midterm', 'ENG-000', '88'),
(9, 'p', 'Endterm', 'ENG-000', '77');

-- --------------------------------------------------------

--
-- Table structure for table `exampercentage`
--

CREATE TABLE `exampercentage` (
  `id` int(11) NOT NULL,
  `tid` varchar(30) NOT NULL,
  `epercentage` varchar(30) NOT NULL
) ENGINE=InnoDB DEFAULT CHARSET=latin1;

--
-- Dumping data for table `exampercentage`
--

INSERT INTO `exampercentage` (`id`, `tid`, `epercentage`) VALUES
(1, '00-2222', '.50'),
(2, 'TID-RXK0RUM0', '.50'),
(3, 'TID-IHS3ZDS5', '.50');

-- --------------------------------------------------------

--
-- Table structure for table `notificatiion`
--

CREATE TABLE `notificatiion` (
  `id` int(11) NOT NULL,
  `position` varchar(30) NOT NULL,
  `message` text NOT NULL
) ENGINE=InnoDB DEFAULT CHARSET=latin1;

--
-- Dumping data for table `notificatiion`
--

INSERT INTO `notificatiion` (`id`, `position`, `message`) VALUES
(1, 'student', 'Lagbong Kamu sa Thesis Tnan!!!! Re enroll Bwaahahah!!!'),
(2, 'teacher', 'Pa budlaye sila\r\n-mando ko!!'),
(3, 'student', 'Balda sa Thesi kamo tanan!!!!'),
(4, 'teacher', 'May Bonus Kamo sa ila..'),
(5, 'teacher', '0001');

-- --------------------------------------------------------

--
-- Table structure for table `participation`
--

CREATE TABLE `participation` (
  `id` int(11) NOT NULL,
  `term` varchar(30) NOT NULL,
  `week` varchar(30) NOT NULL,
  `idnumber` varchar(30) NOT NULL,
  `subject` varchar(30) NOT NULL,
  `score` varchar(30) NOT NULL
) ENGINE=InnoDB DEFAULT CHARSET=latin1;

--
-- Dumping data for table `participation`
--

INSERT INTO `participation` (`id`, `term`, `week`, `idnumber`, `subject`, `score`) VALUES
(1, 'Prelim', '1', '09-0001', 'ENG 03', '90'),
(2, 'Prelim', '1', '09-0002', 'ENG 03', '90'),
(3, 'Prelim', '2', '09-0001', 'ENG 03', '98'),
(4, 'Prelim', '2', '09-0002', 'ENG 03', '98'),
(5, 'Prelim', '3', '09-0001', 'ENG 03', '89'),
(6, 'Prelim', '3', '09-0002', 'ENG 03', '89'),
(7, 'Prelim', '4', '09-0001', 'ENG 03', '88'),
(8, 'Prelim', '4', '09-0002', 'ENG 03', '88'),
(9, 'Prelim', '5', '09-0001', 'ENG 03', '99'),
(10, 'Prelim', '5', '09-0002', 'ENG 03', '99'),
(11, 'Prelim', '6', '09-0001', 'ENG 03', '88'),
(12, 'Prelim', '6', '09-0002', 'ENG 03', '88'),
(13, 'Midterm', '7', '09-0001', 'ENG 03', '99'),
(14, 'Midterm', '7', '09-0002', 'ENG 03', '99'),
(15, 'Midterm', '8', '09-0001', 'ENG 03', '99'),
(16, 'Midterm', '8', '09-0002', 'ENG 03', '99'),
(17, 'Midterm', '9', '09-0001', 'ENG 03', '88'),
(18, 'Midterm', '9', '09-0002', 'ENG 03', '88'),
(19, 'Midterm', '10', '09-0001', 'ENG 03', '88'),
(20, 'Midterm', '10', '09-0002', 'ENG 03', '88'),
(21, 'Midterm', '11', '09-0001', 'ENG 03', '99'),
(22, 'Midterm', '11', '09-0002', 'ENG 03', '99'),
(23, 'Midterm', '12', '09-0001', 'ENG 03', '77'),
(24, 'Midterm', '12', '09-0002', 'ENG 03', '77'),
(25, 'Endterm', '13', '09-0001', 'ENG 03', '88'),
(26, 'Endterm', '13', '09-0002', 'ENG 03', '88'),
(27, 'Endterm', '14', '09-0001', 'ENG 03', '99'),
(28, 'Endterm', '14', '09-0002', 'ENG 03', '99'),
(29, 'Endterm', '15', '09-0001', 'ENG 03', '88'),
(30, 'Endterm', '15', '09-0002', 'ENG 03', '88'),
(31, 'Endterm', '16', '09-0001', 'ENG 03', '88'),
(32, 'Endterm', '16', '09-0002', 'ENG 03', '88'),
(33, 'Endterm', '17', '09-0001', 'ENG 03', '88'),
(34, 'Endterm', '17', '09-0002', 'ENG 03', '88'),
(35, 'Endterm', '18', '09-0001', 'ENG 03', '88'),
(36, 'Endterm', '18', '09-0002', 'ENG 03', '88'),
(37, 'Prelim', '1', 'p', 'ENG-000', '99'),
(38, 'Prelim', '2', 'p', 'ENG-000', '88'),
(39, 'Prelim', '3', 'p', 'ENG-000', '77'),
(40, 'Prelim', '4', 'p', 'ENG-000', '99'),
(41, 'Prelim', '5', 'p', 'ENG-000', '89'),
(42, 'Prelim', '6', 'p', 'ENG-000', '98'),
(43, 'Midterm', '7', 'p', 'ENG-000', '99'),
(44, 'Midterm', '8', 'p', 'ENG-000', '79'),
(45, 'Midterm', '9', 'p', 'ENG-000', '88'),
(46, 'Midterm', '10', 'p', 'ENG-000', '88'),
(47, 'Midterm', '11', 'p', 'ENG-000', '90'),
(48, 'Midterm', '12', 'p', 'ENG-000', '99'),
(49, 'Endterm', '13', 'p', 'ENG-000', '88'),
(50, 'Endterm', '14', 'p', 'ENG-000', '90'),
(51, 'Endterm', '15', 'p', 'ENG-000', '89'),
(52, 'Endterm', '16', 'p', 'ENG-000', '90'),
(53, 'Endterm', '17', 'p', 'ENG-000', '90'),
(54, 'Endterm', '18', 'p', 'ENG-000', '98');

-- --------------------------------------------------------

--
-- Table structure for table `participationpercentage`
--

CREATE TABLE `participationpercentage` (
  `id` int(11) NOT NULL,
  `tid` varchar(30) NOT NULL,
  `papercentage` varchar(30) NOT NULL
) ENGINE=InnoDB DEFAULT CHARSET=latin1;

--
-- Dumping data for table `participationpercentage`
--

INSERT INTO `participationpercentage` (`id`, `tid`, `papercentage`) VALUES
(1, '00-2222', '.10'),
(2, 'TID-RXK0RUM0', '.10'),
(3, 'TID-IHS3ZDS5', '.10');

-- --------------------------------------------------------

--
-- Table structure for table `project`
--

CREATE TABLE `project` (
  `id` int(11) NOT NULL,
  `idnum` varchar(30) NOT NULL,
  `subject` varchar(30) NOT NULL,
  `score` varchar(30) NOT NULL
) ENGINE=InnoDB DEFAULT CHARSET=latin1;

--
-- Dumping data for table `project`
--

INSERT INTO `project` (`id`, `idnum`, `subject`, `score`) VALUES
(1, '09-0001', 'ENG 03', '100'),
(2, '09-0002', 'ENG 03', '100'),
(3, 'p', 'ENG-000', '100');

-- --------------------------------------------------------

--
-- Table structure for table `projectpercentage`
--

CREATE TABLE `projectpercentage` (
  `id` int(11) NOT NULL,
  `tid` varchar(30) NOT NULL,
  `ppercentage` varchar(30) NOT NULL
) ENGINE=InnoDB DEFAULT CHARSET=latin1;

--
-- Dumping data for table `projectpercentage`
--

INSERT INTO `projectpercentage` (`id`, `tid`, `ppercentage`) VALUES
(1, '00-2222', '.10'),
(2, 'TID-RXK0RUM0', '.10'),
(3, 'TID-IHS3ZDS5', '.10');

-- --------------------------------------------------------

--
-- Table structure for table `prospectus`
--

CREATE TABLE `prospectus` (
  `id` int(11) NOT NULL,
  `coursecode` varchar(30) NOT NULL,
  `year` varchar(30) NOT NULL,
  `semister` varchar(30) NOT NULL,
  `subject` varchar(30) NOT NULL
) ENGINE=InnoDB DEFAULT CHARSET=latin1;

--
-- Dumping data for table `prospectus`
--

INSERT INTO `prospectus` (`id`, `coursecode`, `year`, `semister`, `subject`) VALUES
(1, 'BSIT', '1', '1', 'ENG-000'),
(2, 'BSIT', '1', '2', 'ENG 03'),
(3, 'BSIT', '2', '1', 'ENG-000'),
(4, 'BSIT', '2', '2', 'ENG 03'),
(5, 'BSIT', '3', '1', 'ENG-000'),
(7, 'BSIT', '3', '2', 'ENG 03'),
(8, 'BSIT', '4', '1', 'ENG-000'),
(9, 'BSIT', '4', '2', 'ENG 03'),
(10, 'BSIS', '1', '1', 'ENG-000');

-- --------------------------------------------------------

--
-- Table structure for table `quiz`
--

CREATE TABLE `quiz` (
  `id` int(11) NOT NULL,
  `term` varchar(30) NOT NULL,
  `week` varchar(30) NOT NULL,
  `idnumber` varchar(30) NOT NULL,
  `subject` varchar(30) NOT NULL,
  `score` varchar(30) NOT NULL
) ENGINE=InnoDB DEFAULT CHARSET=latin1;

--
-- Dumping data for table `quiz`
--

INSERT INTO `quiz` (`id`, `term`, `week`, `idnumber`, `subject`, `score`) VALUES
(1, 'Prelim', '1', '09-0001', 'ENG 03', '92'),
(2, 'Prelim', '1', '09-0002', 'ENG 03', '90'),
(3, 'Prelim', '2', '09-0001', 'ENG 03', '98'),
(4, 'Prelim', '2', '09-0002', 'ENG 03', '98'),
(5, 'Prelim', '3', '09-0001', 'ENG 03', '89'),
(6, 'Prelim', '3', '09-0002', 'ENG 03', '89'),
(7, 'Prelim', '4', '09-0001', 'ENG 03', '88'),
(8, 'Prelim', '4', '09-0002', 'ENG 03', '88'),
(9, 'Prelim', '5', '09-0001', 'ENG 03', '99'),
(10, 'Prelim', '5', '09-0002', 'ENG 03', '99'),
(11, 'Prelim', '6', '09-0001', 'ENG 03', '88'),
(12, 'Prelim', '6', '09-0002', 'ENG 03', '88'),
(13, 'Midterm', '7', '09-0001', 'ENG 03', '99'),
(14, 'Midterm', '7', '09-0002', 'ENG 03', '99'),
(15, 'Midterm', '8', '09-0001', 'ENG 03', '99'),
(16, 'Midterm', '8', '09-0002', 'ENG 03', '99'),
(17, 'Midterm', '9', '09-0001', 'ENG 03', '88'),
(18, 'Midterm', '9', '09-0002', 'ENG 03', '88'),
(19, 'Midterm', '10', '09-0001', 'ENG 03', '88'),
(20, 'Midterm', '10', '09-0002', 'ENG 03', '88'),
(21, 'Midterm', '11', '09-0001', 'ENG 03', '99'),
(22, 'Midterm', '11', '09-0002', 'ENG 03', '99'),
(23, 'Midterm', '12', '09-0001', 'ENG 03', '77'),
(24, 'Midterm', '12', '09-0002', 'ENG 03', '77'),
(25, 'Endterm', '13', '09-0001', 'ENG 03', '88'),
(26, 'Endterm', '13', '09-0002', 'ENG 03', '88'),
(27, 'Endterm', '14', '09-0001', 'ENG 03', '99'),
(28, 'Endterm', '14', '09-0002', 'ENG 03', '99'),
(29, 'Endterm', '15', '09-0001', 'ENG 03', '88'),
(30, 'Endterm', '15', '09-0002', 'ENG 03', '88'),
(31, 'Endterm', '16', '09-0001', 'ENG 03', '88'),
(32, 'Endterm', '16', '09-0002', 'ENG 03', '88'),
(33, 'Endterm', '17', '09-0001', 'ENG 03', '88'),
(34, 'Endterm', '17', '09-0002', 'ENG 03', '88'),
(35, 'Endterm', '18', '09-0001', 'ENG 03', '88'),
(36, 'Endterm', '18', '09-0002', 'ENG 03', '88'),
(37, 'Prelim', '1', 'p', 'ENG-000', '99'),
(38, 'Prelim', '2', 'p', 'ENG-000', '88'),
(39, 'Prelim', '3', 'p', 'ENG-000', '77'),
(40, 'Prelim', '4', 'p', 'ENG-000', '99'),
(41, 'Prelim', '5', 'p', 'ENG-000', '89'),
(42, 'Prelim', '6', 'p', 'ENG-000', '98'),
(43, 'Midterm', '7', 'p', 'ENG-000', '90'),
(44, 'Midterm', '8', 'p', 'ENG-000', '78'),
(45, 'Midterm', '9', 'p', 'ENG-000', '99'),
(46, 'Midterm', '10', 'p', 'ENG-000', '99'),
(47, 'Midterm', '11', 'p', 'ENG-000', '88'),
(48, 'Midterm', '12', 'p', 'ENG-000', '99'),
(49, 'Endterm', '13', 'p', 'ENG-000', '88'),
(50, 'Endterm', '14', 'p', 'ENG-000', '90'),
(51, 'Endterm', '15', 'p', 'ENG-000', '99'),
(52, 'Endterm', '16', 'p', 'ENG-000', '90'),
(53, 'Endterm', '17', 'p', 'ENG-000', '77'),
(54, 'Endterm', '18', 'p', 'ENG-000', '99');

-- --------------------------------------------------------

--
-- Table structure for table `quizpercentage`
--

CREATE TABLE `quizpercentage` (
  `id` int(11) NOT NULL,
  `tid` varchar(30) NOT NULL,
  `qpercentage` varchar(30) NOT NULL
) ENGINE=InnoDB DEFAULT CHARSET=latin1;

--
-- Dumping data for table `quizpercentage`
--

INSERT INTO `quizpercentage` (`id`, `tid`, `qpercentage`) VALUES
(1, '00-2222', '.10'),
(2, 'TID-RXK0RUM0', '.10'),
(3, 'TID-IHS3ZDS5', '.10');

-- --------------------------------------------------------

--
-- Table structure for table `seatwork`
--

CREATE TABLE `seatwork` (
  `id` int(11) NOT NULL,
  `term` varchar(30) NOT NULL,
  `week` varchar(30) NOT NULL,
  `idnumber` varchar(30) NOT NULL,
  `subject` varchar(30) NOT NULL,
  `score` varchar(30) NOT NULL
) ENGINE=InnoDB DEFAULT CHARSET=latin1;

--
-- Dumping data for table `seatwork`
--

INSERT INTO `seatwork` (`id`, `term`, `week`, `idnumber`, `subject`, `score`) VALUES
(1, 'Prelim', '1', '09-0001', 'ENG 03', '90'),
(2, 'Prelim', '1', '09-0002', 'ENG 03', '90'),
(3, 'Prelim', '2', '09-0001', 'ENG 03', '98'),
(4, 'Prelim', '2', '09-0002', 'ENG 03', '98'),
(5, 'Prelim', '3', '09-0001', 'ENG 03', '89'),
(6, 'Prelim', '3', '09-0002', 'ENG 03', '89'),
(7, 'Prelim', '4', '09-0001', 'ENG 03', '88'),
(8, 'Prelim', '4', '09-0002', 'ENG 03', '88'),
(9, 'Prelim', '5', '09-0001', 'ENG 03', '99'),
(10, 'Prelim', '5', '09-0002', 'ENG 03', '99'),
(11, 'Prelim', '6', '09-0001', 'ENG 03', '88'),
(12, 'Prelim', '6', '09-0002', 'ENG 03', '88'),
(13, 'Midterm', '7', '09-0001', 'ENG 03', '99'),
(14, 'Midterm', '7', '09-0002', 'ENG 03', '99'),
(15, 'Midterm', '8', '09-0001', 'ENG 03', '99'),
(16, 'Midterm', '8', '09-0002', 'ENG 03', '99'),
(17, 'Midterm', '9', '09-0001', 'ENG 03', '88'),
(18, 'Midterm', '9', '09-0002', 'ENG 03', '88'),
(19, 'Midterm', '10', '09-0001', 'ENG 03', '88'),
(20, 'Midterm', '10', '09-0002', 'ENG 03', '88'),
(21, 'Midterm', '11', '09-0001', 'ENG 03', '99'),
(22, 'Midterm', '11', '09-0002', 'ENG 03', '99'),
(23, 'Midterm', '12', '09-0001', 'ENG 03', '77'),
(24, 'Midterm', '12', '09-0002', 'ENG 03', '77'),
(25, 'Endterm', '13', '09-0001', 'ENG 03', '88'),
(26, 'Endterm', '13', '09-0002', 'ENG 03', '88'),
(27, 'Endterm', '14', '09-0001', 'ENG 03', '99'),
(28, 'Endterm', '14', '09-0002', 'ENG 03', '99'),
(29, 'Endterm', '15', '09-0001', 'ENG 03', '88'),
(30, 'Endterm', '15', '09-0002', 'ENG 03', '88'),
(31, 'Endterm', '16', '09-0001', 'ENG 03', '88'),
(32, 'Endterm', '16', '09-0002', 'ENG 03', '88'),
(33, 'Endterm', '17', '09-0001', 'ENG 03', '88'),
(34, 'Endterm', '17', '09-0002', 'ENG 03', '88'),
(35, 'Endterm', '18', '09-0001', 'ENG 03', '88'),
(36, 'Endterm', '18', '09-0002', 'ENG 03', '88'),
(37, 'Prelim', '1', 'p', 'ENG-000', '99'),
(38, 'Prelim', '2', 'p', 'ENG-000', '88'),
(39, 'Prelim', '3', 'p', 'ENG-000', '77'),
(40, 'Prelim', '4', 'p', 'ENG-000', '99'),
(41, 'Prelim', '5', 'p', 'ENG-000', '89'),
(42, 'Prelim', '6', 'p', 'ENG-000', '98'),
(43, 'Midterm', '7', 'p', 'ENG-000', '90'),
(44, 'Midterm', '8', 'p', 'ENG-000', '89'),
(45, 'Midterm', '9', 'p', 'ENG-000', '88'),
(46, 'Midterm', '10', 'p', 'ENG-000', '70'),
(47, 'Midterm', '11', 'p', 'ENG-000', '89'),
(48, 'Midterm', '12', 'p', 'ENG-000', '99'),
(49, 'Endterm', '13', 'p', 'ENG-000', '88'),
(50, 'Endterm', '14', 'p', 'ENG-000', '90'),
(51, 'Endterm', '15', 'p', 'ENG-000', '97'),
(52, 'Endterm', '16', 'p', 'ENG-000', '90'),
(53, 'Endterm', '17', 'p', 'ENG-000', '99'),
(54, 'Endterm', '18', 'p', 'ENG-000', '89');

-- --------------------------------------------------------

--
-- Table structure for table `seatworkpercentage`
--

CREATE TABLE `seatworkpercentage` (
  `id` int(11) NOT NULL,
  `tid` varchar(30) NOT NULL,
  `spercentage` varchar(30) NOT NULL
) ENGINE=InnoDB DEFAULT CHARSET=latin1;

--
-- Dumping data for table `seatworkpercentage`
--

INSERT INTO `seatworkpercentage` (`id`, `tid`, `spercentage`) VALUES
(1, '00-2222', '.10'),
(2, 'TID-RXK0RUM0', '.10'),
(3, 'TID-IHS3ZDS5', '.10');

-- --------------------------------------------------------

--
-- Table structure for table `student`
--

CREATE TABLE `student` (
  `id` int(11) NOT NULL,
  `fname` varchar(30) NOT NULL,
  `lname` varchar(30) NOT NULL,
  `mname` varchar(30) NOT NULL,
  `idnumber` varchar(30) NOT NULL,
  `password` varchar(30) NOT NULL,
  `course` varchar(10) NOT NULL,
  `yearlevel` varchar(30) NOT NULL,
  `section` varchar(10) NOT NULL,
  `gender` varchar(30) NOT NULL,
  `status` varchar(30) NOT NULL,
  `bday` varchar(30) NOT NULL
) ENGINE=InnoDB DEFAULT CHARSET=latin1;

--
-- Dumping data for table `student`
--

INSERT INTO `student` (`id`, `fname`, `lname`, `mname`, `idnumber`, `password`, `course`, `yearlevel`, `section`, `gender`, `status`, `bday`) VALUES
(1, 'Rosemae', 'Jalandoni', 'Pansoy', '09-0001', '0001', 'BSIS', '1', 'A', 'Female', 'Single', 'November 20, 1993'),
(2, 'July Ann', 'Alingasa', 'Layco', '09-0002', '', 'BSIS', '1', 'A', 'Female', 'Single', 'January 01, 2013'),
(3, 'p', 'p', 'p', 'p', '', 'BSIT', '1', 'A', 'Male', 'Single', 'p');

-- --------------------------------------------------------

--
-- Table structure for table `studentsubject`
--

CREATE TABLE `studentsubject` (
  `id` int(11) NOT NULL,
  `subject` varchar(30) NOT NULL,
  `section` varchar(30) NOT NULL,
  `course` varchar(30) NOT NULL,
  `level` varchar(30) NOT NULL
) ENGINE=InnoDB DEFAULT CHARSET=latin1;

--
-- Dumping data for table `studentsubject`
--

INSERT INTO `studentsubject` (`id`, `subject`, `section`, `course`, `level`) VALUES
(2, 'ENG 03', 'A', 'BSIS', '1'),
(3, 'ENG 03', '', 'BSIS', '1'),
(4, 'ENG-000', 'A', 'BSIT', '1');

-- --------------------------------------------------------

--
-- Table structure for table `subject`
--

CREATE TABLE `subject` (
  `id` int(11) NOT NULL,
  `subject_id` varchar(30) NOT NULL,
  `Title` varchar(30) NOT NULL,
  `unit` varchar(30) NOT NULL
) ENGINE=InnoDB DEFAULT CHARSET=latin1;

--
-- Dumping data for table `subject`
--

INSERT INTO `subject` (`id`, `subject_id`, `Title`, `unit`) VALUES
(1, 'ENG-000', 'English Plus', '3'),
(2, 'ENG 03', 'Speech and Oral Communication', '3');

-- --------------------------------------------------------

--
-- Table structure for table `teacher`
--

CREATE TABLE `teacher` (
  `id` int(11) NOT NULL,
  `fname` varchar(30) NOT NULL,
  `lname` varchar(30) NOT NULL,
  `mname` varchar(30) NOT NULL,
  `idnumber` varchar(30) NOT NULL,
  `password` varchar(30) NOT NULL,
  `work` varchar(10) NOT NULL,
  `gender` varchar(30) NOT NULL,
  `status` varchar(30) NOT NULL,
  `bday` varchar(30) NOT NULL
) ENGINE=InnoDB DEFAULT CHARSET=latin1;

--
-- Dumping data for table `teacher`
--

INSERT INTO `teacher` (`id`, `fname`, `lname`, `mname`, `idnumber`, `password`, `work`, `gender`, `status`, `bday`) VALUES
(1, 'Mary Grace', 'Febrio', 'Bjor', '00-1111', '1111', 'Full Time', 'Female', 'Single', 'March 13, 1992'),
(2, 'Cherie', 'Mistas', 'Pakingking', '00-2222', '2222', 'Full Time', 'Female', 'Single', 'March 07, 1992'),
(3, 'Argie', 'Policarpio', 'none', 'TID-RXK0RUM0', 'argie', 'Full Time', 'Male', 'Single', 'march 19, 1991'),
(4, 'huhuhu', 'huhuhuh', 'uhuhuhu', 'TID-IHS3ZDS5', '', 'Full Time', 'Male', 'Single', 'kojkjk');

-- --------------------------------------------------------

--
-- Table structure for table `teachersubject`
--

CREATE TABLE `teachersubject` (
  `id` int(11) NOT NULL,
  `teacher` varchar(30) NOT NULL,
  `subject` varchar(30) NOT NULL,
  `section` varchar(30) NOT NULL,
  `course` varchar(30) NOT NULL,
  `level` varchar(30) NOT NULL
) ENGINE=InnoDB DEFAULT CHARSET=latin1;

--
-- Dumping data for table `teachersubject`
--

INSERT INTO `teachersubject` (`id`, `teacher`, `subject`, `section`, `course`, `level`) VALUES
(1, '00-2222', 'ENG 03', 'A', 'BSIS', '1'),
(3, 'TID-RXK0RUM0', 'ENG-000', 'A', 'BSIT', '1');

-- --------------------------------------------------------

--
-- Table structure for table `user`
--

CREATE TABLE `user` (
  `id` int(11) NOT NULL,
  `idnumber` varchar(30) NOT NULL,
  `password` varchar(30) NOT NULL,
  `position` varchar(30) NOT NULL
) ENGINE=InnoDB DEFAULT CHARSET=latin1;

--
-- Dumping data for table `user`
--

INSERT INTO `user` (`id`, `idnumber`, `password`, `position`) VALUES
(1, '00-1111', '1111', 'teacher'),
(2, '00-2222', '2222', 'teacher'),
(3, '09-0001', '0001', 'student'),
(4, '09-0002', '', 'student'),
(5, 'p', '', 'student'),
(6, 'admin', '1234', 'admin'),
(7, 'p', 'argie', 'admin'),
(8, 'TID-RXK0RUM0', 'argie', 'teacher'),
(9, 'TID-IHS3ZDS5', '', 'teacher');

--
-- Indexes for dumped tables
--

--
-- Indexes for table `admin`
--
ALTER TABLE `admin`
  ADD PRIMARY KEY (`id`);

--
-- Indexes for table `assignment`
--
ALTER TABLE `assignment`
  ADD PRIMARY KEY (`id`);

--
-- Indexes for table `assignmentpercentage`
--
ALTER TABLE `assignmentpercentage`
  ADD PRIMARY KEY (`id`);

--
-- Indexes for table `course`
--
ALTER TABLE `course`
  ADD PRIMARY KEY (`id`);

--
-- Indexes for table `exam`
--
ALTER TABLE `exam`
  ADD PRIMARY KEY (`id`);

--
-- Indexes for table `exampercentage`
--
ALTER TABLE `exampercentage`
  ADD PRIMARY KEY (`id`);

--
-- Indexes for table `notificatiion`
--
ALTER TABLE `notificatiion`
  ADD PRIMARY KEY (`id`);

--
-- Indexes for table `participation`
--
ALTER TABLE `participation`
  ADD PRIMARY KEY (`id`);

--
-- Indexes for table `participationpercentage`
--
ALTER TABLE `participationpercentage`
  ADD PRIMARY KEY (`id`);

--
-- Indexes for table `project`
--
ALTER TABLE `project`
  ADD PRIMARY KEY (`id`);

--
-- Indexes for table `projectpercentage`
--
ALTER TABLE `projectpercentage`
  ADD PRIMARY KEY (`id`);

--
-- Indexes for table `prospectus`
--
ALTER TABLE `prospectus`
  ADD PRIMARY KEY (`id`);

--
-- Indexes for table `quiz`
--
ALTER TABLE `quiz`
  ADD PRIMARY KEY (`id`);

--
-- Indexes for table `quizpercentage`
--
ALTER TABLE `quizpercentage`
  ADD PRIMARY KEY (`id`);

--
-- Indexes for table `seatwork`
--
ALTER TABLE `seatwork`
  ADD PRIMARY KEY (`id`);

--
-- Indexes for table `seatworkpercentage`
--
ALTER TABLE `seatworkpercentage`
  ADD PRIMARY KEY (`id`);

--
-- Indexes for table `student`
--
ALTER TABLE `student`
  ADD PRIMARY KEY (`id`);

--
-- Indexes for table `studentsubject`
--
ALTER TABLE `studentsubject`
  ADD PRIMARY KEY (`id`);

--
-- Indexes for table `subject`
--
ALTER TABLE `subject`
  ADD PRIMARY KEY (`id`);

--
-- Indexes for table `teacher`
--
ALTER TABLE `teacher`
  ADD PRIMARY KEY (`id`);

--
-- Indexes for table `teachersubject`
--
ALTER TABLE `teachersubject`
  ADD PRIMARY KEY (`id`);

--
-- Indexes for table `user`
--
ALTER TABLE `user`
  ADD PRIMARY KEY (`id`);

--
-- AUTO_INCREMENT for dumped tables
--

--
-- AUTO_INCREMENT for table `admin`
--
ALTER TABLE `admin`
  MODIFY `id` int(11) NOT NULL AUTO_INCREMENT, AUTO_INCREMENT=3;
--
-- AUTO_INCREMENT for table `assignment`
--
ALTER TABLE `assignment`
  MODIFY `id` int(11) NOT NULL AUTO_INCREMENT, AUTO_INCREMENT=55;
--
-- AUTO_INCREMENT for table `assignmentpercentage`
--
ALTER TABLE `assignmentpercentage`
  MODIFY `id` int(11) NOT NULL AUTO_INCREMENT, AUTO_INCREMENT=4;
--
-- AUTO_INCREMENT for table `course`
--
ALTER TABLE `course`
  MODIFY `id` int(11) NOT NULL AUTO_INCREMENT, AUTO_INCREMENT=5;
--
-- AUTO_INCREMENT for table `exam`
--
ALTER TABLE `exam`
  MODIFY `id` int(11) NOT NULL AUTO_INCREMENT, AUTO_INCREMENT=10;
--
-- AUTO_INCREMENT for table `exampercentage`
--
ALTER TABLE `exampercentage`
  MODIFY `id` int(11) NOT NULL AUTO_INCREMENT, AUTO_INCREMENT=4;
--
-- AUTO_INCREMENT for table `notificatiion`
--
ALTER TABLE `notificatiion`
  MODIFY `id` int(11) NOT NULL AUTO_INCREMENT, AUTO_INCREMENT=6;
--
-- AUTO_INCREMENT for table `participation`
--
ALTER TABLE `participation`
  MODIFY `id` int(11) NOT NULL AUTO_INCREMENT, AUTO_INCREMENT=55;
--
-- AUTO_INCREMENT for table `participationpercentage`
--
ALTER TABLE `participationpercentage`
  MODIFY `id` int(11) NOT NULL AUTO_INCREMENT, AUTO_INCREMENT=4;
--
-- AUTO_INCREMENT for table `project`
--
ALTER TABLE `project`
  MODIFY `id` int(11) NOT NULL AUTO_INCREMENT, AUTO_INCREMENT=4;
--
-- AUTO_INCREMENT for table `projectpercentage`
--
ALTER TABLE `projectpercentage`
  MODIFY `id` int(11) NOT NULL AUTO_INCREMENT, AUTO_INCREMENT=4;
--
-- AUTO_INCREMENT for table `prospectus`
--
ALTER TABLE `prospectus`
  MODIFY `id` int(11) NOT NULL AUTO_INCREMENT, AUTO_INCREMENT=11;
--
-- AUTO_INCREMENT for table `quiz`
--
ALTER TABLE `quiz`
  MODIFY `id` int(11) NOT NULL AUTO_INCREMENT, AUTO_INCREMENT=55;
--
-- AUTO_INCREMENT for table `quizpercentage`
--
ALTER TABLE `quizpercentage`
  MODIFY `id` int(11) NOT NULL AUTO_INCREMENT, AUTO_INCREMENT=4;
--
-- AUTO_INCREMENT for table `seatwork`
--
ALTER TABLE `seatwork`
  MODIFY `id` int(11) NOT NULL AUTO_INCREMENT, AUTO_INCREMENT=55;
--
-- AUTO_INCREMENT for table `seatworkpercentage`
--
ALTER TABLE `seatworkpercentage`
  MODIFY `id` int(11) NOT NULL AUTO_INCREMENT, AUTO_INCREMENT=4;
--
-- AUTO_INCREMENT for table `student`
--
ALTER TABLE `student`
  MODIFY `id` int(11) NOT NULL AUTO_INCREMENT, AUTO_INCREMENT=4;
--
-- AUTO_INCREMENT for table `studentsubject`
--
ALTER TABLE `studentsubject`
  MODIFY `id` int(11) NOT NULL AUTO_INCREMENT, AUTO_INCREMENT=5;
--
-- AUTO_INCREMENT for table `subject`
--
ALTER TABLE `subject`
  MODIFY `id` int(11) NOT NULL AUTO_INCREMENT, AUTO_INCREMENT=3;
--
-- AUTO_INCREMENT for table `teacher`
--
ALTER TABLE `teacher`
  MODIFY `id` int(11) NOT NULL AUTO_INCREMENT, AUTO_INCREMENT=5;
--
-- AUTO_INCREMENT for table `teachersubject`
--
ALTER TABLE `teachersubject`
  MODIFY `id` int(11) NOT NULL AUTO_INCREMENT, AUTO_INCREMENT=4;
--
-- AUTO_INCREMENT for table `user`
--
ALTER TABLE `user`
  MODIFY `id` int(11) NOT NULL AUTO_INCREMENT, AUTO_INCREMENT=10;--
-- Database: `sis`
--
CREATE DATABASE IF NOT EXISTS `sis` DEFAULT CHARACTER SET latin1 COLLATE latin1_swedish_ci;
USE `sis`;

-- --------------------------------------------------------

--
-- Table structure for table `presentation`
--

CREATE TABLE `presentation` (
  `id` int(11) NOT NULL,
  `subject` varchar(100) NOT NULL,
  `topic` varchar(100) NOT NULL,
  `file` varchar(100) NOT NULL
) ENGINE=InnoDB DEFAULT CHARSET=latin1;

--
-- Dumping data for table `presentation`
--

INSERT INTO `presentation` (`id`, `subject`, `topic`, `file`) VALUES
(26, 'SQL Tutorial', 'SQL PDF', 'sql_tutorial.pdf'),
(30, 'prog1', 'PDF Format', 'python_tutorial.pdf'),
(31, 'prog2', 'PDF Format', 'servlets_tutorial.pdf'),
(32, 'prog4', 'PDF Format', 'jsp_tutorial.pdf'),
(33, 'prog5', 'PDF Format', 'ruby_tutorial.pdf'),
(34, 'prog6', 'PDF Format', 'struts2_tutorial.pdf');

-- --------------------------------------------------------

--
-- Table structure for table `users`
--

CREATE TABLE `users` (
  `user_id` int(11) NOT NULL,
  `user_name` varchar(15) NOT NULL,
  `user_email` varchar(40) NOT NULL,
  `user_pass` varchar(255) NOT NULL,
  `joining_date` timestamp NOT NULL DEFAULT CURRENT_TIMESTAMP
) ENGINE=MyISAM DEFAULT CHARSET=latin1;

--
-- Indexes for dumped tables
--

--
-- Indexes for table `presentation`
--
ALTER TABLE `presentation`
  ADD PRIMARY KEY (`id`);

--
-- Indexes for table `users`
--
ALTER TABLE `users`
  ADD PRIMARY KEY (`user_id`);

--
-- AUTO_INCREMENT for dumped tables
--

--
-- AUTO_INCREMENT for table `presentation`
--
ALTER TABLE `presentation`
  MODIFY `id` int(11) NOT NULL AUTO_INCREMENT, AUTO_INCREMENT=35;
--
-- AUTO_INCREMENT for table `users`
--
ALTER TABLE `users`
  MODIFY `user_id` int(11) NOT NULL AUTO_INCREMENT;--
-- Database: `sp`
--
CREATE DATABASE IF NOT EXISTS `sp` DEFAULT CHARACTER SET latin1 COLLATE latin1_swedish_ci;
USE `sp`;

-- --------------------------------------------------------

--
-- Table structure for table `conversation`
--

CREATE TABLE `conversation` (
  `id` int(11) NOT NULL,
  `user_one` int(11) NOT NULL,
  `user_two` int(11) NOT NULL
) ENGINE=InnoDB DEFAULT CHARSET=latin1;

--
-- Dumping data for table `conversation`
--

INSERT INTO `conversation` (`id`, `user_one`, `user_two`) VALUES
(1, 6, 5),
(2, 1, 6),
(3, 2, 1),
(4, 2, 4),
(5, 2, 3),
(6, 2, 5),
(7, 2, 6),
(8, 1, 3),
(9, 1, 5),
(10, 1, 4),
(11, 42, 1),
(12, 42, 2),
(13, 42, 3),
(14, 42, 4),
(15, 42, 6),
(16, 0, 2),
(17, 42, 7),
(18, 42, 5),
(19, 40, 4),
(20, 42, 8),
(21, 39, 3),
(22, 39, 4),
(23, 39, 2),
(24, 39, 6),
(25, 42, 41),
(26, 42, 40),
(27, 42, 43),
(28, 42, 44),
(29, 44, 43),
(30, 45, 43),
(31, 44, 45),
(32, 42, 45),
(33, 44, 46),
(34, 45, 46),
(35, 42, 46),
(36, 47, 48),
(37, 48, 45),
(38, 48, 44),
(39, 46, 43),
(40, 48, 46),
(41, 46, 47),
(42, 48, 43),
(43, 49, 46),
(44, 50, 48),
(45, 50, 49),
(46, 50, 51),
(47, 49, 48),
(48, 49, 51),
(49, 51, 48),
(50, 55, 57),
(51, 54, 59),
(52, 0, 54),
(53, 0, 56),
(54, 0, 57),
(55, 54, 57),
(56, 56, 54),
(57, 61, 54),
(58, 62, 63),
(59, 0, 62),
(60, 0, 63),
(61, 62, 65),
(62, 0, 65),
(63, 65, 64),
(64, 62, 64),
(65, 65, 63),
(66, 64, 63),
(67, 0, 64),
(68, 67, 62),
(69, 67, 63),
(70, 65, 67),
(71, 69, 63),
(72, 68, 65),
(73, 68, 64),
(74, 71, 62),
(75, 72, 62);

-- --------------------------------------------------------

--
-- Table structure for table `fixtures`
--

CREATE TABLE `fixtures` (
  `fixture_id` int(11) NOT NULL,
  `date` timestamp NOT NULL DEFAULT CURRENT_TIMESTAMP ON UPDATE CURRENT_TIMESTAMP,
  `team1` varchar(22) NOT NULL,
  `result` varchar(44) NOT NULL,
  `team2` varchar(22) NOT NULL
) ENGINE=InnoDB DEFAULT CHARSET=latin1;

--
-- Dumping data for table `fixtures`
--

INSERT INTO `fixtures` (`fixture_id`, `date`, `team1`, `result`, `team2`) VALUES
(6, '0000-00-00 00:00:00', 'gode', 'vs', 'alo'),
(7, '0000-00-00 00:00:00', 'gode', 'vs', 'adama'),
(8, '0000-00-00 00:00:00', 'sssss', 'sssssss', 'ssssss'),
(9, '0000-00-00 00:00:00', 'sbaba', 'vs', 'sasajss');

-- --------------------------------------------------------

--
-- Table structure for table `fourum`
--

CREATE TABLE `fourum` (
  `id` int(11) NOT NULL,
  `name` varchar(20) NOT NULL,
  `job` varchar(25) NOT NULL,
  `message` varchar(100) NOT NULL
) ENGINE=InnoDB DEFAULT CHARSET=latin1;

--
-- Dumping data for table `fourum`
--

INSERT INTO `fourum` (`id`, `name`, `job`, `message`) VALUES
(9, 'ashu', 'vv', 'ddd'),
(10, 'tesfa', 'student', 'pls vote me'),
(11, 'HI', 'CC', 'WOW'),
(12, 'te', 'board', 'good luck'),
(13, 'yaphet', 'fff', 'fff'),
(14, 'abebe', 'ass', 'i wish hsjafjkhgfjkHGMJKHN'),
(15, 'ALEX', 'ass', 'HOW WAS THE GAME?'),
(16, 'ASTE', 'SGHB', 'IT WAS SO NICE'),
(17, 'kkk', 'as', 'aa'),
(18, 'jajsj', 'supporter', 'HOW DO FEEL IN TODAY GAME\r\n'),
(19, 'ASSS', 'IT WAS SO PRETTYH', 'IT WAS SO PRETTYH');

-- --------------------------------------------------------

--
-- Table structure for table `messages`
--

CREATE TABLE `messages` (
  `id` int(11) NOT NULL,
  `conversation_id` int(11) NOT NULL,
  `user_from` int(11) NOT NULL,
  `user_to` int(11) NOT NULL,
  `message` text NOT NULL
) ENGINE=InnoDB DEFAULT CHARSET=latin1;

--
-- Dumping data for table `messages`
--

INSERT INTO `messages` (`id`, `conversation_id`, `user_from`, `user_to`, `message`) VALUES
(1, 1, 6, 5, 'kkkkk'),
(2, 1, 6, 5, 'opgkh'),
(3, 2, 1, 6, 'hi'),
(4, 2, 6, 1, 'yet neh'),
(5, 2, 6, 1, 'cyber'),
(6, 3, 2, 1, 'ante bet enhed'),
(7, 2, 1, 6, 'men'),
(8, 3, 1, 2, 'men'),
(9, 3, 2, 1, 'rabegn'),
(10, 3, 1, 2, 'enjera bella'),
(11, 2, 1, 6, 'church enehid'),
(12, 2, 1, 6, 'ena dewulelegn'),
(13, 2, 6, 1, 'yet neh ahun'),
(14, 2, 6, 1, 'zenab newu ahun'),
(15, 2, 1, 6, 'bertual'),
(16, 2, 6, 1, 'Bariyawu'),
(17, 2, 1, 6, 'Bariyawu taye haimanot'),
(18, 2, 6, 1, 'church enehid'),
(19, 2, 1, 6, 'bvccccccccccccccccbbbbbbbbbbbbbbbbbbbbbbbbbbbbbbbbbbbbbbbbbbbbbbbbbbbbbbbbbbbbbbbbbbbbbbbbbbbbbbbbbbbbbbbbbbbbbbb'),
(20, 2, 6, 1, 'mmmmmmmmmmmmmmmmmmmmmmmmmmmmmmmmmmmmmmmmmmmmmmmmmmmmmmmmmmmmmmmmmmmmmmmmmmmmmmmmmmmmmmmmmmmmmmmmmmmmmmmmmmmmmmmm'),
(21, 15, 42, 6, 'kkkkkkkk'),
(22, 13, 42, 3, 'awol'),
(23, 13, 42, 3, 'mmmmmmmmmmmm'),
(24, 12, 42, 2, 'lll'),
(25, 17, 42, 7, 'ooooooooooo'),
(26, 17, 42, 7, 'pppppppppp'),
(27, 18, 42, 5, 'welcome to my projects'),
(28, 11, 42, 1, 'wwwwwwwwwwww'),
(29, 19, 40, 4, 'hhg'),
(30, 19, 40, 4, 'sejrfjsdfkjs'),
(31, 17, 42, 7, 'webhwhwh'),
(32, 17, 42, 7, 'wbnwvnwbn'),
(33, 13, 42, 3, 'nnnnnnnnnnn'),
(34, 15, 42, 6, 'mmmmmmmm'),
(35, 14, 42, 4, 'we'),
(36, 20, 42, 8, 'aaaaaaaa'),
(37, 21, 39, 3, 'mmmmmm'),
(38, 24, 39, 6, 'kkkkkkk'),
(39, 22, 39, 4, 'lllllllllllll'),
(40, 0, 42, 0, 'mmmmm'),
(41, 25, 42, 41, 'mmm'),
(42, 26, 42, 40, 'mm'),
(43, 26, 42, 40, 'oo'),
(44, 25, 42, 41, 'taye'),
(45, 25, 42, 41, 'yet neh'),
(46, 27, 43, 42, 'yet neh'),
(47, 29, 44, 43, 'mmm'),
(48, 28, 44, 42, 'ooo'),
(49, 29, 44, 43, 'bbb'),
(50, 28, 44, 42, 'hhhh'),
(51, 28, 42, 44, 'rrrr'),
(52, 28, 42, 44, 'ccccccccccc'),
(53, 28, 42, 44, 'cccccccccccc'),
(54, 28, 42, 44, 'ccccccccccccc'),
(55, 28, 42, 44, 'cccccccccccccc'),
(56, 28, 42, 44, 'cccccccccccc'),
(57, 28, 42, 44, 'ccccccccc'),
(58, 28, 44, 42, 'mm'),
(59, 29, 44, 43, 'ddd'),
(60, 27, 43, 42, 'uu'),
(61, 27, 42, 43, 'yet neh'),
(62, 27, 43, 42, 'ahun tegnachalehu'),
(63, 27, 42, 43, 'na messa enbella'),
(64, 30, 45, 43, 'll'),
(65, 28, 42, 44, 'yet enh'),
(66, 28, 42, 44, 'yet neh enwuta'),
(67, 28, 44, 42, 'ke anbiga'),
(68, 28, 44, 42, 'yet neh'),
(69, 28, 42, 44, 'kures enbella'),
(70, 28, 42, 44, 'bekele miliket'),
(71, 28, 44, 42, 'yet neh erat enhid'),
(72, 28, 42, 44, 'zemyie selam newu'),
(73, 28, 44, 42, 'thank you'),
(74, 32, 42, 45, 'mmmmm'),
(75, 28, 42, 44, 'na project ensera'),
(76, 28, 42, 44, 'vvv'),
(77, 28, 42, 44, 'Hi tata'),
(78, 28, 44, 42, 'yet neh ante na'),
(79, 28, 42, 44, 'ok'),
(80, 28, 44, 42, 'thanks'),
(81, 28, 42, 44, 'yet neh'),
(82, 36, 47, 48, 'dekemen eco'),
(83, 36, 48, 47, 'chalewu ged newu'),
(84, 36, 47, 48, 'ok thanks'),
(85, 36, 48, 47, 'chawu'),
(86, 39, 46, 43, 'mm'),
(87, 33, 46, 44, 'kkk'),
(88, 39, 46, 43, 'll'),
(89, 40, 48, 46, 'll'),
(90, 40, 48, 46, 'kkk'),
(91, 40, 48, 46, 'mm'),
(92, 41, 46, 47, 'nnnnnn'),
(93, 43, 46, 49, 'sent ietem newu yelakeh'),
(94, 43, 49, 46, '11item newu'),
(95, 34, 45, 46, 'Hii'),
(96, 43, 46, 49, 'Yet neh'),
(97, 34, 46, 45, 'addis'),
(98, 37, 45, 48, 'mm'),
(99, 37, 45, 48, 'mm'),
(100, 44, 50, 48, 'hghhghgh'),
(101, 45, 50, 49, 'hkkhkhk'),
(102, 45, 50, 49, 'merima'),
(103, 45, 50, 49, 'hi'),
(104, 45, 49, 50, 'dekemognal'),
(105, 45, 49, 50, 'hhhh'),
(106, 45, 49, 50, 'yet neh'),
(107, 45, 50, 49, 'lab 8'),
(108, 48, 51, 49, 'hu'),
(109, 49, 51, 48, 'hi'),
(110, 49, 51, 48, 'fff'),
(111, 48, 51, 49, 'wwwwwwwwwwwwww'),
(112, 44, 48, 50, 'huiii'),
(113, 44, 48, 50, 'fgfhjkl'),
(114, 47, 49, 48, 'dgfhghghj'),
(115, 47, 49, 48, 'hi'),
(116, 47, 49, 48, 'selam new'),
(117, 47, 49, 48, 'alehu'),
(118, 47, 48, 49, 'hi'),
(119, 47, 48, 49, 'hi'),
(120, 0, 48, 0, 'vbnm,'),
(121, 44, 48, 50, 'hi selam new'),
(122, 44, 48, 50, 'awo'),
(123, 49, 48, 51, 'hhh'),
(124, 49, 48, 51, 'jjjjj'),
(125, 44, 48, 50, 'dddddd'),
(126, 49, 48, 51, 'hiiiiiiiii'),
(127, 50, 55, 57, 'gg'),
(128, 51, 54, 59, 'hh'),
(129, 56, 56, 54, 'gfjfj'),
(130, 52, 0, 54, 'hh'),
(131, 58, 62, 63, 'hi geni'),
(132, 58, 62, 63, 'maaal'),
(133, 58, 62, 63, 'jjn'),
(134, 61, 62, 65, 'maali'),
(135, 61, 62, 65, 'unkaayee maraachuuf taataa?'),
(136, 61, 65, 62, 'lakki waaqni jiraa'),
(137, 64, 62, 64, 'ggi'),
(138, 64, 62, 64, 'hgghhfhg'),
(139, 61, 62, 65, 'nnn'),
(140, 61, 62, 65, 'VV'),
(141, 66, 63, 64, 'mmm'),
(142, 68, 67, 62, 'mmm'),
(143, 68, 67, 62, 'xxx'),
(144, 68, 67, 62, 'zzz'),
(145, 68, 62, 67, 'hi edeto'),
(146, 68, 67, 62, 'yet neh'),
(147, 68, 62, 67, 'zzzz'),
(148, 68, 67, 62, 'vvv'),
(149, 69, 63, 67, 'How are you'),
(150, 69, 67, 63, 'i am fin what about you and how was project'),
(151, 69, 63, 67, 'the project is 100% completed'),
(152, 69, 67, 63, 'C O N G R AT U L A T I O N'),
(153, 70, 65, 67, 'HI'),
(154, 70, 67, 65, 'PRO'),
(155, 71, 69, 63, 'i aprcet you'),
(156, 70, 67, 65, 'kal yet nesh'),
(157, 72, 68, 65, 'bbb'),
(158, 72, 68, 65, 'nnnn'),
(159, 72, 68, 65, 'hi'),
(160, 72, 65, 68, 'hi'),
(161, 72, 68, 65, 'endet nesh'),
(162, 74, 71, 62, 'hi hedato'),
(163, 74, 62, 71, 'morning'),
(164, 68, 67, 62, 'bnbnbnbn'),
(165, 68, 67, 62, 'mbmbmb'),
(166, 68, 67, 62, 'hhsshshs'),
(167, 68, 67, 62, 'sqsqsqws'),
(168, 68, 67, 62, 'demis'),
(169, 69, 67, 63, 'its ok'),
(170, 75, 72, 62, 'Hi Hedato'),
(171, 75, 62, 72, 'hi sami');

-- --------------------------------------------------------

--
-- Table structure for table `news`
--

CREATE TABLE `news` (
  `newsid` int(11) NOT NULL,
  `header` varchar(60) NOT NULL,
  `detailheader` varchar(70) NOT NULL,
  `news` varchar(300) NOT NULL,
  `userPic` varchar(200) NOT NULL
) ENGINE=InnoDB DEFAULT CHARSET=latin1;

--
-- Dumping data for table `news`
--

INSERT INTO `news` (`newsid`, `header`, `detailheader`, `news`, `userPic`) VALUES
(1, 'astu gc cup held on last 3 weeks in 19team', 'astu gc cup held on last 3 weeks in ', 'astu gastu gc cup held on last 3 weeks in 19teamastu gc cup held on last 3 weeks in 19teamastu gc cup held on last 3 weeks in 19teamastu gc cup held on last 3 weeks in 19teamastu gc cup held on last 3 weeks in 19teamc cup held on last 3 weeks in 19team', ''),
(2, 'astu sport festival 0n 2007', 'astu sport festival 0n 2007astu sport festival 0n 2007astu sport festi', 'astu sport festival 0n 2007astu sport festival 0n 2007astu sport festival 0n 2007astu sport festival 0n 2007astu sport festival 0n 2007astu sport festival 0n 2007astu sport festival 0n 2007', '537664.jpg'),
(3, 'astu sport festival 0n 2007', 'the senet decided astu compurinig student  defence should be postphond', 'astu sport festival 0n 2007astu sport festival 0n 2007astu sport festival 0n 2007astu sport festival 0n 2007astu sport festival 0n 2007astu sport festival 0n 2007astu sport festival 0n 2007snior project defencesnior project defencesnior project defencesnior project defence', '421295.jpg'),
(4, 'astu sport festival 0n 2007', 'the senet decided astu compurinig student  defence should be postphond', 'astu sport festival 0n 2007astu sport festival 0n 2007astu sport festival 0n 2007astu sport festival 0n 2007astu sport festival 0n 2007astu sport festival 0n 2007astu sport festival 0n 2007', '942563.png'),
(5, 'astu sport festival 0n 2007', 'the senet decided astu compurinig student  defence should be postphond', 'astu sport festival 0n 2007astu sport festival 0n 2007astu sport festival 0n 2007astu sport festival 0n 2007astu sport festival 0n 2007astu sport festival 0n 2007astu sport festival 0n 2007', '858175.png'),
(6, 'dfghj', 'fghj', 'dfghjkl', '252000.jpg'),
(7, 'fff', 'shs', 'aaa', '899667.jpg'),
(8, 'it  gc cup', 'ddggdgdf', 'ddd', '822627.jpg'),
(9, 'it blblblblb', 'bla bla bla', 'blabla bla', '171758.jpg'),
(10, 'shsddhd', 'saddhdasdds', 'sdahdsahdashdhajd', '91699.jpg'),
(11, 'oduuu', 'maaltu si gahe oduu', 'bue baatee maaltu si galchee jdjfjk', '898235.jpg'),
(12, 'galata waaqaaa', 'amen', 'galatni isaaf haa ta`u', '918569.gif'),
(13, 'blaaaaa', 'welcme', 'snsbbsdbsbd', '980550.jpg'),
(14, 'dsdghjsnbnccccc  ggggggggggggggggggggggggggggggggggggggggggg', 'dsdghjsnbnccccc  ', 'dsdghjsnbnccccc  gggggggggggggggggggggggggggggggggggggggggggggcmmmmmmmmmmmmmfhhhhffhhhhhhhhhhhhhhhh gggggggggggggggggggggggggggggggdsdghjsnbnccccc  gggggggggggggggggggggggggggggggggggggggggggggcmmmmmmmmmmmmmfhhhhffhhhhhhhhhhhhhhhh gggggggggggggggggggggggggggggggdsdghjsnbnccccc  ggggggggggggggggggggg', '605162.jpg'),
(15, 'iioiyhafukjgfvghnvhnhfmn', 'the senet decided astu compurinig student  defence should be postphond', 'astu sport festival 0n 2007astu sport festival 0n 2007astu sport festival 0n 2007astu sport festival 0n 2007astu sport festival 0n 2007astu sport festival 0n 2007astu sport festival 0n 2007', '884363.'),
(16, 'fddddddddddd', 'fffffffffffffffff', 'ffffffffffffffffff', '400868.');

-- --------------------------------------------------------

--
-- Table structure for table `players`
--

CREATE TABLE `players` (
  `player_id` int(100) NOT NULL,
  `name` varchar(100) NOT NULL,
  `address` varchar(100) NOT NULL,
  `contact` varchar(100) NOT NULL,
  `country` varchar(100) NOT NULL,
  `city` varchar(100) NOT NULL,
  `date_added` varchar(100) NOT NULL,
  `location` varchar(100) NOT NULL,
  `profile_pic` varchar(233) NOT NULL
) ENGINE=InnoDB DEFAULT CHARSET=latin1;

--
-- Dumping data for table `players`
--

INSERT INTO `players` (`player_id`, `name`, `address`, `contact`, `country`, `city`, `date_added`, `location`, `profile_pic`) VALUES
(12, 'ggg', '', 'root', 'root', 'ooo', 'addis ababa', '65656', 'west.jpg'),
(13, 'HEDET LENCHO', '', 'Asella', '0919413812', 'Ethiopia', 'adama', '12/3/4', 'north.jpg'),
(14, 'yaphet', '', 'aasa', '0916385650', 'Ethipia', 'bishoftu', '21/11/2008', '034.jpg'),
(15, 'ab', '', 'cd', '092532973', 'eth', 'sha', '23', 'awasho.jpg'),
(16, 'aaa', '', 'ass', 'aaa', 'aa', 'aa', 'aaa', 'aa.jpg'),
(17, 'asss', '', 'ass', 'sss', 'ass', 'sss', '12/3/2007', 'aa'),
(18, 'abebe', '', 'bbb', '09566576645', 'ethiopia', 'adama', '12/3/2007', 'aa'),
(19, 'fgadG', '', 'IAJSHG\ZB', 'IASJXBJ', 'AYSJHGNZD', 'JHGXJHN', 'YSHGZX', 'SJHGDUH'),
(20, 'KGJSAX', '', 'JAHNZB', '1277888899', 'ethiopia', 'adama', '12/3/2007', 'aa'),
(21, 'JGAWEBDS', '', 'JHHNZ', '3676471U', 'ethiopia', 'adama', '12/3/2007', 'aa'),
(22, 'JHGd', '', 'uyhaz', '56658i', 'ethiopia', 'adama', '12/3/2007', 'aa');

-- --------------------------------------------------------

--
-- Table structure for table `results`
--

CREATE TABLE `results` (
  `result_id` int(11) NOT NULL,
  `date` timestamp NOT NULL DEFAULT CURRENT_TIMESTAMP ON UPDATE CURRENT_TIMESTAMP,
  `team1` varchar(22) NOT NULL,
  `result` varchar(22) NOT NULL,
  `team2` varchar(22) NOT NULL,
  `referee` varchar(22) NOT NULL,
  `winner` varchar(22) NOT NULL
) ENGINE=InnoDB DEFAULT CHARSET=latin1;

--
-- Dumping data for table `results`
--

INSERT INTO `results` (`result_id`, `date`, `team1`, `result`, `team2`, `referee`, `winner`) VALUES
(4, '0000-00-00 00:00:00', 'dashin', '2:6', 'ethiopiabuna', 'john', 'dashin'),
(5, '0000-00-00 00:00:00', 'ffffff', 'fffffff', 'fffffffffff', 'fffffff', 'fffffffff'),
(6, '0000-00-00 00:00:00', 'Adama', '3-1', 'hawassa', 'Abdi', 'Adama');

-- --------------------------------------------------------

--
-- Table structure for table `supporters`
--

CREATE TABLE `supporters` (
  `user_id` int(100) NOT NULL,
  `firstname` varchar(100) NOT NULL,
  `lastname` varchar(100) NOT NULL,
  `user` varchar(233) NOT NULL,
  `username` varchar(100) NOT NULL,
  `password` varchar(100) NOT NULL,
  `contact` varchar(100) NOT NULL,
  `contract_start` timestamp NOT NULL DEFAULT CURRENT_TIMESTAMP ON UPDATE CURRENT_TIMESTAMP,
  `contract_end` timestamp NOT NULL DEFAULT '0000-00-00 00:00:00',
  `height` double NOT NULL,
  `weight` double NOT NULL,
  `salary` double NOT NULL,
  `previous_club` varchar(233) NOT NULL,
  `profile_pic` varchar(100) NOT NULL
) ENGINE=InnoDB DEFAULT CHARSET=latin1;

--
-- Dumping data for table `supporters`
--

INSERT INTO `supporters` (`user_id`, `firstname`, `lastname`, `user`, `username`, `password`, `contact`, `contract_start`, `contract_end`, `height`, `weight`, `salary`, `previous_club`, `profile_pic`) VALUES
(37, 'Addisu ', 'google', '4', 'danglla', 'danglla', '45764657', '2016-06-14 19:17:47', '0000-00-00 00:00:00', 0, 0, 0, '', 'upload/1.JPG'),
(38, 'Zekaryas', 'googlle', '2', 'google', 'google', '67890', '2016-04-27 05:19:13', '0000-00-00 00:00:00', 0, 0, 0, '', 'upload/2016-04-12-10-29-31-728.jpg'),
(39, 'Bekele', 'Milikt', '1', 'bekeh', 'bekeh', '0918234576', '2016-06-01 00:08:31', '0000-00-00 00:00:00', 0, 0, 0, '', 'upload/2.JPG');

-- --------------------------------------------------------

--
-- Table structure for table `user`
--

CREATE TABLE `user` (
  `id` int(100) NOT NULL,
  `firstname` varchar(100) NOT NULL,
  `lastname` varchar(100) NOT NULL,
  `user` varchar(233) NOT NULL,
  `username` varchar(100) NOT NULL,
  `password` varchar(100) NOT NULL,
  `contact` varchar(100) NOT NULL,
  `date_added` varchar(100) NOT NULL,
  `profile_pic` varchar(100) NOT NULL
) ENGINE=InnoDB DEFAULT CHARSET=latin1;

--
-- Dumping data for table `user`
--

INSERT INTO `user` (`id`, `firstname`, `lastname`, `user`, `username`, `password`, `contact`, `date_added`, `profile_pic`) VALUES
(62, 'merem', 'merem', '1', 'Admin ', 'Admin ', '092548628', '', 'upload/3.jpg'),
(63, 'genitu', 'ayantu', '2', 'Couch ', 'Couch ', '0922548628', '', 'upload/3.jpg'),
(64, 'hedo', 'lencha', '4', 'hedo', 'hedo', '0916385650', '', 'upload/aa.jpg'),
(65, 'unkaye', 'bulcha', '3', 'Player', 'Player', '0916385650', '', 'upload/4.jpg'),
(66, 'vvvv', 'vvvv', '4', 'vvvv', 'vvvv', 'vvvv', '', ''),
(68, 'Merima', 'Mehamed', '4', 'Merima', 'Merima', 'Merima', '', ''),
(69, 'Kalkidan', 'Hedeto', '4', 'Kalkidan', 'Kalkidan', 'Kalkidan', '', ''),
(73, 'arba', 'arba', '4', 'arba', 'arba', '09566576645', '', ''),
(74, 'hmasa', 'hmasa', '4', 'hmasa', 'hmasa', '09566576645', '', ''),
(75, 'ayle', 'ayle', '4', 'ayle', 'ayle', '09566576645', '', ''),
(76, 'asskj', 'asskj', '4', 'asskj', 'asskj', '09566576645', '', ''),
(77, 'rrrr', 'rrrr', '4', 'rrrr', 'rrrr', '09566576645', '', ''),
(78, 'tyyu', 'gunit', '4', 'mymy', '123456', '546', '', '');

--
-- Indexes for dumped tables
--

--
-- Indexes for table `conversation`
--
ALTER TABLE `conversation`
  ADD PRIMARY KEY (`id`);

--
-- Indexes for table `fixtures`
--
ALTER TABLE `fixtures`
  ADD PRIMARY KEY (`fixture_id`);

--
-- Indexes for table `fourum`
--
ALTER TABLE `fourum`
  ADD PRIMARY KEY (`id`);

--
-- Indexes for table `messages`
--
ALTER TABLE `messages`
  ADD PRIMARY KEY (`id`);

--
-- Indexes for table `news`
--
ALTER TABLE `news`
  ADD PRIMARY KEY (`newsid`);

--
-- Indexes for table `players`
--
ALTER TABLE `players`
  ADD PRIMARY KEY (`player_id`);

--
-- Indexes for table `results`
--
ALTER TABLE `results`
  ADD PRIMARY KEY (`result_id`);

--
-- Indexes for table `supporters`
--
ALTER TABLE `supporters`
  ADD PRIMARY KEY (`user_id`),
  ADD KEY `admin_id` (`user_id`);

--
-- Indexes for table `user`
--
ALTER TABLE `user`
  ADD PRIMARY KEY (`id`),
  ADD KEY `admin_id` (`id`);

--
-- AUTO_INCREMENT for dumped tables
--

--
-- AUTO_INCREMENT for table `conversation`
--
ALTER TABLE `conversation`
  MODIFY `id` int(11) NOT NULL AUTO_INCREMENT, AUTO_INCREMENT=76;
--
-- AUTO_INCREMENT for table `fixtures`
--
ALTER TABLE `fixtures`
  MODIFY `fixture_id` int(11) NOT NULL AUTO_INCREMENT, AUTO_INCREMENT=10;
--
-- AUTO_INCREMENT for table `fourum`
--
ALTER TABLE `fourum`
  MODIFY `id` int(11) NOT NULL AUTO_INCREMENT, AUTO_INCREMENT=20;
--
-- AUTO_INCREMENT for table `messages`
--
ALTER TABLE `messages`
  MODIFY `id` int(11) NOT NULL AUTO_INCREMENT, AUTO_INCREMENT=172;
--
-- AUTO_INCREMENT for table `news`
--
ALTER TABLE `news`
  MODIFY `newsid` int(11) NOT NULL AUTO_INCREMENT, AUTO_INCREMENT=17;
--
-- AUTO_INCREMENT for table `players`
--
ALTER TABLE `players`
  MODIFY `player_id` int(100) NOT NULL AUTO_INCREMENT, AUTO_INCREMENT=23;
--
-- AUTO_INCREMENT for table `results`
--
ALTER TABLE `results`
  MODIFY `result_id` int(11) NOT NULL AUTO_INCREMENT, AUTO_INCREMENT=7;
--
-- AUTO_INCREMENT for table `supporters`
--
ALTER TABLE `supporters`
  MODIFY `user_id` int(100) NOT NULL AUTO_INCREMENT, AUTO_INCREMENT=40;
--
-- AUTO_INCREMENT for table `user`
--
ALTER TABLE `user`
  MODIFY `id` int(100) NOT NULL AUTO_INCREMENT, AUTO_INCREMENT=79;--
-- Database: `student`
--
CREATE DATABASE IF NOT EXISTS `student` DEFAULT CHARACTER SET latin1 COLLATE latin1_general_ci;
USE `student`;

-- --------------------------------------------------------

--
-- Table structure for table `admission`
--

CREATE TABLE `admission` (
  `id` int(3) NOT NULL,
  `name` varchar(30) COLLATE latin1_general_ci NOT NULL,
  `standard` varchar(10) COLLATE latin1_general_ci NOT NULL
) ENGINE=MyISAM DEFAULT CHARSET=latin1 COLLATE=latin1_general_ci;

--
-- Dumping data for table `admission`
--

INSERT INTO `admission` (`id`, `name`, `standard`) VALUES
(1, 'sankhat ravi', 'EIGHT');

-- --------------------------------------------------------

--
-- Table structure for table `staff`
--

CREATE TABLE `staff` (
  `id` int(3) NOT NULL,
  `name` varchar(25) COLLATE latin1_general_ci NOT NULL,
  `designation` varchar(10) COLLATE latin1_general_ci NOT NULL,
  `qualification` varchar(15) COLLATE latin1_general_ci NOT NULL,
  `experience` int(3) NOT NULL,
  `contact` varchar(10) COLLATE latin1_general_ci NOT NULL,
  `email` varchar(35) COLLATE latin1_general_ci NOT NULL
) ENGINE=MyISAM DEFAULT CHARSET=latin1 COLLATE=latin1_general_ci;

--
-- Dumping data for table `staff`
--

INSERT INTO `staff` (`id`, `name`, `designation`, `qualification`, `experience`, `contact`, `email`) VALUES
(1, 'sankhat devraj', 'teacher', 'b.a.b.ed', 2, '9723888910', 'devraj_sankhat34@yahoo.com');

-- --------------------------------------------------------

--
-- Table structure for table `standard`
--

CREATE TABLE `standard` (
  `id` int(3) NOT NULL,
  `standard_name` varchar(30) COLLATE latin1_general_ci NOT NULL,
  `intake` varchar(4) COLLATE latin1_general_ci NOT NULL,
  `fees` varchar(5) COLLATE latin1_general_ci NOT NULL
) ENGINE=MyISAM DEFAULT CHARSET=latin1 COLLATE=latin1_general_ci;

--
-- Dumping data for table `standard`
--

INSERT INTO `standard` (`id`, `standard_name`, `intake`, `fees`) VALUES
(1, 'one', '30', '3000');

--
-- Indexes for dumped tables
--

--
-- Indexes for table `admission`
--
ALTER TABLE `admission`
  ADD PRIMARY KEY (`id`);

--
-- Indexes for table `staff`
--
ALTER TABLE `staff`
  ADD PRIMARY KEY (`id`);

--
-- Indexes for table `standard`
--
ALTER TABLE `standard`
  ADD PRIMARY KEY (`id`);

--
-- AUTO_INCREMENT for dumped tables
--

--
-- AUTO_INCREMENT for table `admission`
--
ALTER TABLE `admission`
  MODIFY `id` int(3) NOT NULL AUTO_INCREMENT, AUTO_INCREMENT=2;
--
-- AUTO_INCREMENT for table `staff`
--
ALTER TABLE `staff`
  MODIFY `id` int(3) NOT NULL AUTO_INCREMENT, AUTO_INCREMENT=2;
--
-- AUTO_INCREMENT for table `standard`
--
ALTER TABLE `standard`
  MODIFY `id` int(3) NOT NULL AUTO_INCREMENT, AUTO_INCREMENT=2;--
-- Database: `studenttransdb`
--
CREATE DATABASE IF NOT EXISTS `studenttransdb` DEFAULT CHARACTER SET latin1 COLLATE latin1_swedish_ci;
USE `studenttransdb`;

-- --------------------------------------------------------

--
-- Table structure for table `ay`
--

CREATE TABLE `ay` (
  `AY_ID` int(11) NOT NULL,
  `ACADYR` varchar(40) NOT NULL
) ENGINE=InnoDB DEFAULT CHARSET=latin1;

-- --------------------------------------------------------

--
-- Table structure for table `class`
--

CREATE TABLE `class` (
  `CLASS_ID` int(11) NOT NULL,
  `CLASS_CODE` varchar(30) NOT NULL,
  `SUBJ_ID` int(11) NOT NULL,
  `INST_ID` int(11) NOT NULL,
  `SYID` int(11) NOT NULL,
  `AY` varchar(11) NOT NULL,
  `DAY` varchar(20) NOT NULL,
  `C_TIME` varchar(11) NOT NULL,
  `IDNO` int(11) NOT NULL,
  `ROOM` varchar(30) NOT NULL DEFAULT 'NONE',
  `SECTION` varchar(30) NOT NULL DEFAULT 'NONE'
) ENGINE=InnoDB DEFAULT CHARSET=latin1;

--
-- Dumping data for table `class`
--

INSERT INTO `class` (`CLASS_ID`, `CLASS_CODE`, `SUBJ_ID`, `INST_ID`, `SYID`, `AY`, `DAY`, `C_TIME`, `IDNO`, `ROOM`, `SECTION`) VALUES
(3, 'Spiral Filipino', 438, 1, 0, '2013-2014', 'MWF', '7:30-8:30', 0, 'Room01', 'A'),
(4, 'Spiral English', 439, 1, 0, '2013-2014', 'NONE', 'NONE', 0, 'NONE', 'NONE');

-- --------------------------------------------------------

--
-- Table structure for table `course`
--

CREATE TABLE `course` (
  `COURSE_ID` int(11) NOT NULL,
  `COURSE_NAME` varchar(30) NOT NULL,
  `COURSE_LEVEL` int(11) NOT NULL DEFAULT '1',
  `COURSE_MAJOR` varchar(30) NOT NULL DEFAULT 'None',
  `COURSE_DESC` varchar(255) NOT NULL,
  `DEPT_ID` int(11) NOT NULL
) ENGINE=InnoDB DEFAULT CHARSET=latin1;

--
-- Dumping data for table `course`
--

INSERT INTO `course` (`COURSE_ID`, `COURSE_NAME`, `COURSE_LEVEL`, `COURSE_MAJOR`, `COURSE_DESC`, `DEPT_ID`) VALUES
(47, 'Grade 7', 7, '', 'Grade 7', 1),
(48, 'Grade 8', 8, '', 'Grade 8 ', 1),
(49, 'Grade 9', 9, '', 'Grade 9', 1),
(50, 'Grade 10', 10, '', 'Grade 10', 1),
(53, 'Grade 11', 11, '', 'Grade 11 ', 1);

-- --------------------------------------------------------

--
-- Table structure for table `department`
--

CREATE TABLE `department` (
  `DEPT_ID` int(11) NOT NULL,
  `DEPARTMENT_NAME` varchar(30) NOT NULL,
  `DEPARTMENT_DESC` varchar(50) NOT NULL
) ENGINE=InnoDB DEFAULT CHARSET=latin1;

--
-- Dumping data for table `department`
--

INSERT INTO `department` (`DEPT_ID`, `DEPARTMENT_NAME`, `DEPARTMENT_DESC`) VALUES
(1, 'High School', 'High School Department');

-- --------------------------------------------------------

--
-- Table structure for table `grades`
--

CREATE TABLE `grades` (
  `GRADE_ID` int(11) NOT NULL,
  `IDNO` int(11) NOT NULL,
  `SUBJ_ID` int(11) NOT NULL,
  `INST_ID` int(11) NOT NULL,
  `SYID` int(30) NOT NULL,
  `FIRST` int(11) NOT NULL,
  `SECOND` int(11) NOT NULL,
  `THIRD` int(11) NOT NULL,
  `FOURTH` int(11) NOT NULL,
  `AVE` float NOT NULL,
  `DAY` varchar(30) NOT NULL,
  `G_TIME` time NOT NULL,
  `ROOM` varchar(30) NOT NULL,
  `REMARKS` text NOT NULL,
  `COMMENT` text NOT NULL
) ENGINE=InnoDB DEFAULT CHARSET=latin1;

--
-- Dumping data for table `grades`
--

INSERT INTO `grades` (`GRADE_ID`, `IDNO`, `SUBJ_ID`, `INST_ID`, `SYID`, `FIRST`, `SECOND`, `THIRD`, `FOURTH`, `AVE`, `DAY`, `G_TIME`, `ROOM`, `REMARKS`, `COMMENT`) VALUES
(1, 20004277, 438, 0, 0, 0, 0, 0, 0, 0, 'NONE', '00:00:00', '', 'NONE', ''),
(2, 20004277, 439, 0, 0, 0, 0, 0, 0, 0, 'NONE', '00:00:00', '', 'NONE', ''),
(3, 20004207, 438, 0, 0, 0, 0, 0, 0, 0, 'NONE', '00:00:00', '', 'NONE', ''),
(4, 20004207, 439, 0, 0, 0, 0, 0, 0, 0, 'NONE', '00:00:00', '', 'NONE', '');

-- --------------------------------------------------------

--
-- Table structure for table `instructor`
--

CREATE TABLE `instructor` (
  `INST_ID` int(30) NOT NULL,
  `INST_FULLNAME` varchar(255) NOT NULL,
  `INST_ADDRESS` varchar(255) NOT NULL,
  `INST_SEX` varchar(20) NOT NULL DEFAULT 'Male',
  `INST_STATUS` varchar(20) NOT NULL DEFAULT 'Single',
  `SPECIALIZATION` text NOT NULL,
  `INST_EMAIL` varchar(255) NOT NULL,
  `EMPLOYMENT_STATUS` varchar(40) NOT NULL DEFAULT 'Probationary'
) ENGINE=InnoDB DEFAULT CHARSET=latin1;

--
-- Dumping data for table `instructor`
--

INSERT INTO `instructor` (`INST_ID`, `INST_FULLNAME`, `INST_ADDRESS`, `INST_SEX`, `INST_STATUS`, `SPECIALIZATION`, `INST_EMAIL`, `EMPLOYMENT_STATUS`) VALUES
(1, 'Joken Villanueva', 'Suay Himamaylan City', 'M', 'Single', 'Computer Etc.', 'joken000189561@gmail.com', 'Probationary'),
(2, 'Erick jason Batuto', 'Kabanakalan City', 'M', 'Married', 'Computer ekc...', 'ejbatuto@hotmail.com', 'Regular'),
(3, 'Joel Bagolcol', 'KCC-TC', 'M', 'Single', 'Automotive', 'joel@yahoo.com', 'Probationary');

-- --------------------------------------------------------

--
-- Table structure for table `level`
--

CREATE TABLE `level` (
  `YR_ID` int(11) NOT NULL,
  `LEVEL` varchar(30) NOT NULL,
  `LEVEL_DESCRIPTION` varchar(255) NOT NULL
) ENGINE=InnoDB DEFAULT CHARSET=latin1;

-- --------------------------------------------------------

--
-- Table structure for table `major`
--

CREATE TABLE `major` (
  `MAJOR_ID` int(11) NOT NULL,
  `MAJOR` varchar(30) NOT NULL
) ENGINE=InnoDB DEFAULT CHARSET=latin1;

--
-- Dumping data for table `major`
--

INSERT INTO `major` (`MAJOR_ID`, `MAJOR`) VALUES
(1, 'English'),
(2, 'General'),
(3, 'Marketing Management'),
(4, 'Financial Management'),
(5, 'Filipino'),
(6, 'Philosophy'),
(7, 'Math');

-- --------------------------------------------------------

--
-- Table structure for table `photo`
--

CREATE TABLE `photo` (
  `PHOTO_ID` int(11) NOT NULL,
  `FILENAME` text NOT NULL,
  `TYPE` varchar(30) NOT NULL,
  `SIZE` int(30) NOT NULL,
  `CAPTION` varchar(255) NOT NULL,
  `IDNO` int(11) NOT NULL,
  `PRIMARY` varchar(20) NOT NULL DEFAULT 'no'
) ENGINE=InnoDB DEFAULT CHARSET=latin1;

-- --------------------------------------------------------

--
-- Table structure for table `room`
--

CREATE TABLE `room` (
  `ROOM_ID` int(11) NOT NULL,
  `ROOM_NAME` varchar(30) NOT NULL,
  `ROOM_DESC` varchar(30) NOT NULL
) ENGINE=InnoDB DEFAULT CHARSET=latin1;

--
-- Dumping data for table `room`
--

INSERT INTO `room` (`ROOM_ID`, `ROOM_NAME`, `ROOM_DESC`) VALUES
(2, 'Room02', 'Room 02'),
(4, 'Room 03', 'Room 03'),
(5, 'Room01', 'Room01');

-- --------------------------------------------------------

--
-- Table structure for table `schoolyr`
--

CREATE TABLE `schoolyr` (
  `SYID` int(11) NOT NULL,
  `AY` varchar(30) NOT NULL,
  `SEMESTER` varchar(20) NOT NULL,
  `COURSE_ID` int(11) NOT NULL,
  `IDNO` int(30) NOT NULL,
  `CATEGORY` varchar(30) NOT NULL DEFAULT 'ENROLLED',
  `DATE_RESERVED` datetime NOT NULL,
  `DATE_ENROLLED` datetime NOT NULL,
  `STATUS` varchar(30) NOT NULL DEFAULT 'New'
) ENGINE=InnoDB DEFAULT CHARSET=latin1;

--
-- Dumping data for table `schoolyr`
--

INSERT INTO `schoolyr` (`SYID`, `AY`, `SEMESTER`, `COURSE_ID`, `IDNO`, `CATEGORY`, `DATE_RESERVED`, `DATE_ENROLLED`, `STATUS`) VALUES
(1, '2013-2014', 'First', 47, 20004277, 'ENROLLED', '2014-03-12 02:10:03', '0000-00-00 00:00:00', 'New'),
(2, '2013-2014', 'First', 47, 20004207, 'ENROLLED', '2014-03-12 02:32:19', '0000-00-00 00:00:00', 'New');

-- --------------------------------------------------------

--
-- Table structure for table `semester`
--

CREATE TABLE `semester` (
  `SEM_ID` int(11) NOT NULL,
  `SEM` varchar(15) NOT NULL DEFAULT 'First'
) ENGINE=InnoDB DEFAULT CHARSET=latin1;

--
-- Dumping data for table `semester`
--

INSERT INTO `semester` (`SEM_ID`, `SEM`) VALUES
(1, 'First'),
(2, 'Second'),
(3, 'Summer');

-- --------------------------------------------------------

--
-- Table structure for table `studentsubjects`
--

CREATE TABLE `studentsubjects` (
  `STUDSUBJ_ID` int(11) NOT NULL,
  `IDNO` int(11) NOT NULL,
  `SUBJ_ID` int(11) NOT NULL,
  `LEVEL` int(11) NOT NULL,
  `SEMESTER` varchar(30) NOT NULL,
  `SY` text NOT NULL
) ENGINE=InnoDB DEFAULT CHARSET=latin1;

--
-- Dumping data for table `studentsubjects`
--

INSERT INTO `studentsubjects` (`STUDSUBJ_ID`, `IDNO`, `SUBJ_ID`, `LEVEL`, `SEMESTER`, `SY`) VALUES
(6, 20004207, 11, 1, 'First', '2013-2014'),
(8, 20004207, 13, 1, 'First', '2013-2014'),
(9, 20004207, 14, 1, 'First', '2013-2014'),
(10, 20004207, 15, 1, 'First', '2013-2014'),
(13, 20004277, 13, 1, 'First', '2013-2014'),
(14, 20004277, 14, 1, 'First', '2013-2014'),
(15, 20004277, 15, 1, 'First', '2013-2014');

-- --------------------------------------------------------

--
-- Table structure for table `subject`
--

CREATE TABLE `subject` (
  `SUBJ_ID` int(11) NOT NULL,
  `SUBJ_CODE` varchar(30) NOT NULL,
  `SUBJ_DESCRIPTION` varchar(255) NOT NULL,
  `UNIT` int(2) NOT NULL,
  `PRE_REQUISITE` varchar(30) NOT NULL DEFAULT 'None',
  `COURSE_ID` int(11) NOT NULL,
  `AY` varchar(30) NOT NULL,
  `SEMESTER` varchar(20) NOT NULL
) ENGINE=InnoDB DEFAULT CHARSET=latin1;

--
-- Dumping data for table `subject`
--

INSERT INTO `subject` (`SUBJ_ID`, `SUBJ_CODE`, `SUBJ_DESCRIPTION`, `UNIT`, `PRE_REQUISITE`, `COURSE_ID`, `AY`, `SEMESTER`) VALUES
(438, 'Spiral Filipino', 'Filipino for Grade 7 - Spiral Filipino', 3, '', 47, '2013-2014', 'First'),
(439, 'Spiral English', 'English for Grade 7', 3, '', 47, '2013-2014', 'First'),
(440, 'Spiral Mathematics', 'Mathematics for Grade 7 - Spiral Math', 3, '', 47, '2013-2014', 'First'),
(441, 'Spiral Science', 'Science for Grade 7', 3, '', 47, '2013-2014', 'First'),
(442, 'Spiral T.L.E', 'T.L.E for Grade 7', 3, '', 47, '2013-2014', 'First'),
(443, 'Spiral A.P', 'Araling Panlipunan for Grade 7', 3, '', 47, '2013-2014', 'First'),
(444, 'Spiral Religion', 'rekligion for Grade 7', 3, '', 47, '2013-2014', 'First'),
(445, 'Spiral EsP.', 'EsP. for Grade 7', 3, '', 47, '2013-2014', 'First'),
(446, 'MAPEH', 'MAPEH for Grade 8 ', 3, '', 48, '2013-2014', 'First'),
(447, 'MAPEH', 'MAPEH for Grade 7', 3, '', 47, '2013-2014', 'First'),
(448, 'Religion', 'Religion for Grade 8', 3, '', 48, '2013-2014', 'First'),
(449, 'Spiral Filipino', 'Filipino for Grade 8 ', 3, '', 48, '2013-2014', 'First'),
(450, 'Spiral English', 'English for Grade 8', 3, '', 48, '2013-2014', 'First'),
(451, 'Spiral Mathematics', 'Mathematics for Grade 8 ', 3, '', 48, '2013-2014', 'First'),
(452, 'Spiral Science', 'Science for Grade ', 3, '', 48, '2013-2014', 'First'),
(453, 'Spiral T.L.E.', 'T.L.E for Grade 7 ', 3, '', 48, '2013-2014', 'First'),
(454, 'Spiral A.P.', 'Araling Panlipunan for Grade 8', 3, '', 48, '2013-2014', 'First'),
(455, 'Spiral EsP.', 'EsP. for Grade 7', 3, '', 48, '2013-2014', 'First'),
(457, 'Spiral Filipino', 'Filipino for Grade 9', 3, '', 49, '2013-2014', 'First'),
(458, 'Spiral English', 'English for Grade 9', 3, '', 49, '2013-2014', 'First'),
(459, 'Spiral Mathematics', 'Mathematics for Grade 9', 3, '', 49, '2013-2014', 'First'),
(460, 'Spiral Science', 'Science for Grade 9', 3, '', 49, '2013-2014', 'First'),
(461, 'Spiral A.P.', 'Araling Panlipunan for Grade 9', 3, '', 49, '2013-2014', 'First'),
(462, 'Spiral T.L.E.', 'T.L.E for Grade 9', 3, '', 49, '2013-2014', 'First'),
(463, 'Spiral MAPEH', 'MAPEH for Grade 9', 3, '', 49, '2013-2014', 'First'),
(464, 'Values Education', 'Values Education for Grade 9', 3, '', 49, '2013-2014', 'First'),
(465, 'Computer', 'Computer for grade 9', 3, '', 49, '2013-2014', 'First'),
(466, 'Religion IV', 'Religion for Grade 10', 3, '', 50, '2013-2014', 'First'),
(467, 'Spiral Filipino', 'Filipino for Grade 10', 3, '', 50, '2013-2014', 'First'),
(468, 'Spiral Mathematics', 'Mathematics for Grade 10', 3, '', 50, '2013-2014', 'First'),
(469, 'Spiral Science', 'Science for Grade 10', 3, '', 50, '2013-2014', 'First'),
(471, 'Spiral T.L.E.', 'T.L.E for Grade 10', 3, '', 50, '2013-2014', 'First'),
(472, 'Spiral MAPEH', 'MAPEH for Grade 10', 3, '', 50, '2013-2014', 'First'),
(473, 'Values Education', 'Values Education for Grade 10', 3, '', 50, '2013-2014', 'First'),
(474, 'CAT', 'Citizens Advancement Training', 3, '', 50, '2013-2014', 'First'),
(475, 'Computer', 'Computer for grade 10', 3, '', 50, '2013-2014', 'First'),
(476, 'hjgjhggh', 'gj', 3, '', 51, '2013-2014', 'First');

-- --------------------------------------------------------

--
-- Table structure for table `tblrequirements`
--

CREATE TABLE `tblrequirements` (
  `REQ_ID` int(30) NOT NULL,
  `NSO` varchar(5) NOT NULL DEFAULT 'no',
  `BAPTISMAL` varchar(5) NOT NULL DEFAULT 'no',
  `ENTRANCE_TEST_RESULT` varchar(5) NOT NULL DEFAULT 'no',
  `MARRIAGE_CONTRACT` varchar(5) NOT NULL DEFAULT 'no',
  `CERTIFICATE_OF_TRANSFER` varchar(5) NOT NULL DEFAULT 'no',
  `IDNO` int(20) NOT NULL
) ENGINE=InnoDB DEFAULT CHARSET=latin1;

--
-- Dumping data for table `tblrequirements`
--

INSERT INTO `tblrequirements` (`REQ_ID`, `NSO`, `BAPTISMAL`, `ENTRANCE_TEST_RESULT`, `MARRIAGE_CONTRACT`, `CERTIFICATE_OF_TRANSFER`, `IDNO`) VALUES
(20, 'Yes', 'Yes', 'Yes', 'No', 'No', 20004277),
(21, 'Yes', 'Yes', 'Yes', 'No', 'No', 20004207),
(22, 'Yes', 'Yes', 'Yes', 'No', 'No', 20004180),
(23, 'Yes', 'Yes', 'Yes', 'No', 'No', 20004425),
(24, 'Yes', 'Yes', 'Yes', 'No', 'No', 20002251),
(25, 'Yes', 'Yes', 'Yes', 'No', 'No', 20002838),
(26, 'Yes', 'Yes', 'Yes', 'No', 'No', 20004623),
(27, 'Yes', 'Yes', 'Yes', 'No', 'No', 2001497),
(28, 'Yes', 'Yes', 'No', 'No', 'No', 20001057),
(29, 'Yes', 'Yes', 'Yes', 'No', 'No', 20004407),
(30, 'Yes', 'Yes', 'Yes', 'No', 'Yes', 20004749),
(31, 'Yes', 'Yes', 'No', 'No', 'No', 20001484),
(32, 'Yes', 'Yes', 'Yes', 'No', 'Yes', 20003333),
(33, 'Yes', 'Yes', 'Yes', 'No', 'No', 20004510),
(34, 'Yes', 'Yes', 'Yes', 'No', 'No', 20001779),
(35, 'Yes', 'Yes', 'No', 'No', 'No', 20001482),
(36, 'Yes', 'Yes', 'Yes', 'No', 'Yes', 20001937),
(37, 'Yes', 'Yes', 'Yes', 'No', 'No', 20001648),
(38, 'Yes', 'Yes', 'Yes', 'No', 'Yes', 20002408),
(39, 'Yes', 'Yes', 'Yes', 'No', 'Yes', 20005936),
(40, 'No', 'No', 'No', 'No', 'No', 20001550),
(41, 'Yes', 'Yes', 'Yes', 'No', 'No', 20002270),
(42, 'Yes', 'Yes', 'Yes', 'No', 'No', 20001932),
(43, 'Yes', 'Yes', 'Yes', 'No', 'Yes', 20001498),
(45, 'Yes', 'Yes', 'Yes', 'No', 'Yes', 20001503),
(46, 'Yes', 'Yes', 'Yes', 'No', 'No', 20001925),
(47, 'Yes', 'Yes', 'Yes', 'No', 'No', 20001658),
(48, 'Yes', 'No', 'No', 'No', 'No', 20001550),
(49, 'Yes', 'Yes', 'Yes', 'No', 'No', 20001957),
(50, 'No', 'No', 'No', 'No', 'No', 20001456),
(51, 'Yes', 'Yes', 'Yes', 'No', 'Yes', 20001673),
(52, 'Yes', 'Yes', 'Yes', 'No', 'Yes', 20001557),
(53, 'Yes', 'Yes', 'Yes', 'No', 'No', 20002311),
(54, 'Yes', 'Yes', 'Yes', 'No', 'Yes', 20001742),
(55, 'Yes', 'Yes', 'Yes', 'No', 'Yes', 20002106),
(56, 'Yes', 'Yes', 'Yes', 'No', 'No', 20001853),
(57, 'Yes', 'Yes', 'No', 'No', 'Yes', 20001645),
(58, 'Yes', 'Yes', 'No', 'Yes', 'No', 123456);

-- --------------------------------------------------------

--
-- Table structure for table `tblstuddetails`
--

CREATE TABLE `tblstuddetails` (
  `DETAIL_ID` int(11) NOT NULL,
  `FATHER` varchar(255) NOT NULL,
  `FATHER_OCCU` varchar(255) NOT NULL,
  `MOTHER` varchar(255) NOT NULL,
  `MOTHER_OCCU` varchar(255) NOT NULL,
  `BOARDING` varchar(5) NOT NULL DEFAULT 'no',
  `WITH_FAMILY` varchar(5) NOT NULL DEFAULT 'yes',
  `GUARDIAN` varchar(255) NOT NULL,
  `GUARDIAN_ADDRESS` varchar(255) NOT NULL,
  `OTHER_PERSON_SUPPORT` varchar(255) NOT NULL,
  `ADDRESS` text NOT NULL,
  `IDNO` int(30) NOT NULL
) ENGINE=InnoDB DEFAULT CHARSET=latin1;

--
-- Dumping data for table `tblstuddetails`
--

INSERT INTO `tblstuddetails` (`DETAIL_ID`, `FATHER`, `FATHER_OCCU`, `MOTHER`, `MOTHER_OCCU`, `BOARDING`, `WITH_FAMILY`, `GUARDIAN`, `GUARDIAN_ADDRESS`, `OTHER_PERSON_SUPPORT`, `ADDRESS`, `IDNO`) VALUES
(20, 'Walter Da-anoy', 'Employee', 'Jessielyn Da-anoy', 'Housewife', 'No', 'No', '', '', '', '', 20004277),
(21, 'Mario P. Amparado', 'OFW', 'Yolly D. Odasco', 'Housewife', 'Yes', 'No', 'Domingga Gomez', '', '', '', 20004207),
(22, 'robert P. ferrer', 'fisherman', 'josephene b. ferrer', 'Housewife', 'Yes', 'Yes', 'josephene b ferrer', 'brgy.cayhagan,sipalay city,neg.occ.', 'sister', '', 20004180),
(23, 'Renelio Pintuan', 'Driver', 'Nanette Pintuan', 'OFW', 'No', 'Yes', 'Ma. Melca Jaranilla', 'Coloso St. Kabankalan City', '', '', 20004425),
(24, '', '', 'dionalita apawan', 'housewife', 'No', 'No', 'sofronia apawan', 'adela st. brgy. 1', '', '', 20002251),
(25, 'Pablito Vicente', 'Laborer', 'Crislie Vicente', 'Laborer', 'No', 'Yes', 'Angelo Lopez', 'Coloso Subd. Kabankalan City', '', '', 20002838),
(26, 'Luis Balico', 'N/A', 'Leonisa Balico', 'N/A', 'No', 'Yes', 'Mary Ann Balico', 'Brgy Isidro Village, Talubangi Kabankalan City', 'N/A', '', 20004623),
(27, 'Panfilo Catalan Buendia', 'Vendors', 'Gloria Aspan Buendia', 'Vendors', 'Yes', 'Yes', 'Mr. and Mrs. Gloria Buendia', 'Brgy. Tapi, Kabankalan City', '', '', 2001497),
(28, 'Ramar salazar', 'hair stylist', 'Kathryn Lucy salazar', 'none', 'No', 'Yes', 'DR. MIlagros Aurea Sabidalas ', '12 Rizal St. kabankalan city', '', '', 20001057),
(29, 'Ronald Martisano', 'laxborer', 'Jean Martisano', 'Housewife', 'No', 'Yes', '', '', '', '', 20004407),
(30, 'Rollen Gealon', 'Laborer', 'Marife Gealon', 'Housewife', 'No', 'Yes', 'Mr. & Mrs Rollen Gealon', 'Brgy.2 Ilog, Neg.Occ', '', '', 20004749),
(31, 'James Andrew Benedicto', 'Cook', 'Ma. Sheila Benedicto', 'DH', 'No', 'Yes', '', '', '', '', 20001484),
(32, 'Leve Voluntate', 'Farmer', 'Lerma Voluntate', 'Deceased', 'No', 'Yes', '', '', 'Mr.Von Martir', 'Bacolod City', 20003333),
(33, 'Rudy B. Magada, Jr', 'Fish Dealer', 'Mary I. Magada', 'Housewife', 'No', 'Yes', '', '', 'Ezperanza Magada', 'Libon, Tuyom, Cauayan, Negros Occidental', 20004510),
(34, 'Dionisio C. Herrera', 'Farmer', 'Rubylan O. Herrera', 'plane housewife', 'No', 'Yes', 'Dionisio c. Herrera', 'Mohon Brgy1 . kab city neg occ', '', '', 20001779),
(35, 'Adriano Bayog', 'Farmer', 'Mamerna Dulana', 'housekeeper', 'Yes', 'No', 'Seminary Fathers', 'Kabankalan City', 'Parish', 'La Castellana', 20001482),
(36, 'Ruben J. Principe', '', 'Evelina Gumawa Principe', '', 'No', 'No', '', '', '', '', 20001937),
(37, 'Deceased', 'Deceased', 'Lorna Bandolos', 'Housewife', 'No', 'Yes', '', 'Lorna Bandolos', '', 'Brgy Dancalan Ilog Negros Occidental', 20001648),
(38, 'AMBROCIO SERION', 'FARMER', 'NORMENDA SERION', 'HOUSE WIFE', 'No', 'No', 'JONALYN BUGALON', 'Kabankalan City', 'JONALYN BUGALON', 'KABANKALAN CITY', 20002408),
(39, 'no', '', 'Merlita Macurio', 'housewife', 'No', 'No', 'Gerom Bello', 'Brgy,1 fzo subd.', '', '', 20005936),
(40, 'b', '', '', '', 'No', 'No', '', '', '', '', 20001550),
(41, 'Mr. Edgar C. Macario', 'Farmer', 'Mrs. Hilda F. Macario', 'Housewife', 'No', 'Yes', 'Mrs. Imelda M. Gatoc', 'Cabintagan, Brgy. Linao Kabankalan City, Negros Occidental', 'Mr. Robert C. Macario', 'Brgy. Salong Kabankalan City', 20002270),
(42, 'Virgilio Puyogao', 'Carpenter', 'Angelica Puyogao', 'Housewife', 'No', 'Yes', 'Virgilio Puyogao', 'Dancalan, Ilog, Negros Occidental', 'Annabel Puyogao', 'Dancalan, Ilog, Negros Occidental', 20001932),
(43, 'William Bulgado', 'Driver', 'Lolita Bulgado', 'Housewife', 'Yes', 'Yes', 'William Bulgado', 'magsaysay tabu ilog neg.occ', 'none', 'none', 20001498),
(45, 'Ricardo Tayoba Cabiten', 'Farmer', 'Nelly Cuenca Cabiten', 'Housewife', 'No', 'Yes', 'Nancy Cuenca Cabiten', 'Mambugsay, Cauayan, Negros Occidental', 'Romar Cuenca Cabiten', 'Mambugsay, Cauayan, Negros Occidental', 20001503),
(46, 'Joenarie Castao', 'Laborer', 'Jeanly Castao', 'Housewife', 'No', 'Yes', 'Melinde Castao', 'Brgy. Daan Banua, Kabankalan City', 'None', 'N.A', 20001925),
(47, 'Alex Flores', 'Carpenter', 'Nelfa L. Flores', 'Brgy. Custodian', 'No', 'Yes', 'Nelfa L. Flores', 'Brgy. Camugao, Kabankalan City', 'Maria Elena T. Flores', 'Brgy. Camugao, Kabankalan City', 20001658),
(48, 'BENIGNO B. CORTEZ', 'FARMER', 'TERESITA P. CORTEZ', 'HOUSE WIFE', 'Yes', 'No', 'BENIGNO B. CORTEZ', 'TABUGON,kABANKALAN CITY', 'NONE', 'NONE', 20001550),
(49, 'Samuel Daulong', 'Construction Worker', 'Mariles Daulong', 'Office employee', 'Yes', 'Yes', 'Mariles Daulong', 'Caliling,Cauayan Negros Occidental', 'Henry L. Jordan', 'Brgy. Binicuil, Kabankalan City', 20001957),
(50, 'Diosdado Arillo', 'Employee', 'Jesusa Arillo', 'House Wife', 'Yes', 'No', 'Nilda Jestopa', 'Nilda Jestopa', '', 'Adela St. Kabankalan City', 20001456),
(51, 'Jesus M. Gamala', 'Farmer', 'Carmen N. Gamala', 'Housewife', 'Yes', 'No', 'Saro Yana', 'Bonifacio St.Kabankalan City', 'Jeza Gamala', 'Dasmarias Cavite', 20001673),
(52, 'Raul D. Deanon', 'Driver', 'Jonah O. Deanon', 'Housewife', 'No', 'Yes', 'Jonah O. Deanon', 'Dancalan Ilog, Neg, Occ', '', '', 20001557),
(53, 'Ernesto Elijan', 'Welder', 'Emilia Elijan', 'Vendor', 'No', 'Yes', 'Ernalyn Elijan Jamon', 'Pinaguinpinan, KAbankalan City', 'Erline Elijan', 'Saudi Rihad', 20002311),
(54, 'Edward E. Geria', 'Seaman', 'Nilfa G. Geria', 'Agriculturist', 'No', 'Yes', 'Nilfa G.Geria', 'Brgy.Guiljungan Cauayan Negros Occidental', '', '', 20001742),
(55, 'Benjie Melanio Sr.', 'Farmer', 'Delia Melanio', 'Housewife', 'No', 'Yes', 'Benjie Melanio', 'Brgy. Linao', '', '', 20002106),
(56, 'Jose Romel T. Silleva', 'Carpenter', 'Daisy O. Silleva', 'House Wife', 'No', 'Yes', 'Daisy O. Silleva', 'Mapait, Su-ay, Himamaylan City, Negros Occidental', 'Romsdaen O. SIlleva', 'iloilo City', 20001853),
(57, 'Dionisio espadero', 'Farming', 'Rosita Espadero', 'House wife', 'No', 'Yes', 'Erlinda Guinson', 'Tapi kab City', 'Sister', 'Tapi kab City', 20001645),
(58, '', '', '', '', 'No', 'No', '', '', '', '', 123456);

-- --------------------------------------------------------

--
-- Table structure for table `tblstudent`
--

CREATE TABLE `tblstudent` (
  `S_ID` int(11) NOT NULL,
  `IDNO` int(20) NOT NULL,
  `FNAME` varchar(40) NOT NULL,
  `LNAME` varchar(40) NOT NULL,
  `MNAME` varchar(40) NOT NULL,
  `SEX` varchar(10) NOT NULL DEFAULT 'Male',
  `BDAY` date NOT NULL,
  `BPLACE` text NOT NULL,
  `STATUS` varchar(30) NOT NULL,
  `AGE` int(30) NOT NULL,
  `NATIONALITY` varchar(40) NOT NULL,
  `RELIGION` varchar(255) NOT NULL,
  `CONTACT_NO` varchar(40) NOT NULL,
  `HOME_ADD` text NOT NULL,
  `EMAIL` varchar(255) NOT NULL
) ENGINE=InnoDB DEFAULT CHARSET=latin1;

--
-- Dumping data for table `tblstudent`
--

INSERT INTO `tblstudent` (`S_ID`, `IDNO`, `FNAME`, `LNAME`, `MNAME`, `SEX`, `BDAY`, `BPLACE`, `STATUS`, `AGE`, `NATIONALITY`, `RELIGION`, `CONTACT_NO`, `HOME_ADD`, `EMAIL`) VALUES
(17, 20004277, 'JESTERRAMY', 'DA-ANOY ', 'PATETE', 'F', '1995-06-14', 'Butuan City', 'Single', 19, 'Filipino', 'roman catholic', '9099754195', 'Brgy Camugao Kabankalan City', 'jesterramy14@yahoo.com'),
(18, 20004207, 'LHENYL GRACE', 'AMPARADO', 'ODASCO', 'F', '1995-08-27', 'Lancaan Dasmarinas Cavite', 'Single', 18, 'Filipino', 'roman catholic', '9263621995', 'Yao Yao Cauayan negros Occidental', 'lhenylgraceamparado@yahoo.com'),
(19, 20004180, 'MYLENE', 'FERRER', 'BALUCAN', 'F', '1972-05-22', 'brgy.cayhagan,sipalay city,neg.occ.', 'Single', 18, 'Filipino', 'roman catholic', '91071717257', 'brgy.cayhagan,sipalay city,neg.occ.', 'macaferrer@yahoo.com'),
(20, 20004425, 'JOHN KENNETH', 'PINTUAN', 'JARANILLA', 'M', '1996-05-14', 'PGH Manila', 'Single', 17, 'Filipino', 'Roman Catholic', '9305373831', 'Villa San jose Brgy. 6 Kabankalan City Negros Occidental', 'Pintuan123@yahoo.com'),
(21, 20002251, 'ADRIAN', 'APAWAN', 'ELLORAN', 'M', '1995-10-26', 'bacolod city', 'Single', 18, 'filipino', 'roman catholic', '9128214525', 'adela st. brgy.1', 'pidska_dian@yahoo.com'),
(22, 20002838, 'MARK ANTHONY', 'VICENTE', 'TITONG', 'M', '1995-10-19', 'Kabankalan Cit y', 'Single', 18, 'Filipino', 'Roman Catholic', '+639071564380', '', 'mav.makeu_19@ymail.com'),
(23, 20004623, 'SHARAH MAE', 'BALICO', 'PILLONES', 'F', '1990-11-01', 'Tagoloan Misamis Oriental', 'Single', 23, 'Filipino', 'Catholic', '9216230993', 'Brgy Isidro Village, Talubangi Kabankalan City', 'Sharahmae_balico@yahoo.com'),
(24, 2001497, 'RAFFY', 'BUENDIA', 'RENDON', 'M', '1993-04-13', 'Tapi, Kabankalan City', 'Single', 20, 'Filipino', 'Roman Catholic', '9483774901', 'Brgy. Tapi, Kabankalan City, Negros Occidental', 'Zieken@yahoo.com'),
(25, 20001057, 'EVAN LLOYD', 'SALAZAR', 'AYALIN', 'M', '1995-05-17', 'Kabankalan City', 'Single', 18, 'filipino', 'roman catholic', '9173077451', '12 rizal St.kabankalan CIty', 'Evanlloydsalazar@yahoo.com'),
(26, 20004407, 'JOHN MARK', 'MARTISANO', 'DEPRA', 'M', '1993-06-17', 'Ilog, Neg. Occ', 'Single', 20, 'Pilipino', 'Catholic', '9469080812', 'So. Malabong Andulauan Ilog, Neg. Occ.', 'freestyle05@yahoo.com'),
(27, 20004749, 'JAMAICA JAIRAH', 'GEALON', 'DELA CRUZ', 'F', '1994-01-12', 'Brgy.2 Ilog,Neg.Occ.', 'Single', 19, 'Filipino', 'Roman Catholic', '9089917220', 'Brgy.2 Ilog Negros Occidental', 'gealon12@yahoo.com.ph'),
(28, 20001484, 'JAMES ANGELO', 'BENEDICTO', 'GARANGANAO', 'M', '1993-11-18', 'Bacolod City', 'Single', 20, 'Filipino', 'Catholic', '9305446790', 'Dancalan Ilog, Negros Occidental', 'jamesangelobenedicto@yahoo.com'),
(29, 20003333, 'JENEBIE', 'VOLUNTATE', 'TABUCON', 'F', '1991-06-17', 'Kabankalan', 'Single', 22, 'Filipino', 'Roman Catholic', '9102247024', 'Brgy.Camansi,Kabankalan City,Neg.Occ.', 'jhen1704_cute@yahoo.com'),
(30, 20004510, 'RUDY', 'MAGADA, I', 'ITONA', 'M', '1995-02-05', 'Calumpang, Cauayan, Negros Occidental', 'Single', 18, 'Filipino', 'Roman Catholic', '9106910482', 'Libon, Tuyom, Cauayan, Negros Occidental', 'magadarudy@yahoo.com'),
(31, 20001779, 'JOEVEL', 'HERRERA', 'GONZALES', 'M', '1993-05-16', 'Negros Occidental', 'Single', 20, 'Filipino', 'Roman Catholic', '9093789858', 'Brgy 1,Kab city ,Neg Occ', 'herrerajovel@yahoo.com'),
(32, 20001482, 'ALDREN', 'BAYOG', 'DULANA ', 'M', '1993-12-27', 'La Castellana', 'Single', 20, 'Filipino', 'Roman Catholic', '9077898435', 'Kabankalan City', 'Aldz_bayog@yahoo.com'),
(33, 20001937, 'MERRY GRACE', 'PRINCIPE', 'GUMAWA', 'F', '1988-03-12', 'Candoni', 'Single', 25, 'Filipino', 'Roman Catholic', '9094397440', 'Pabera St.Brgy.East,Candoni, Negros Occidental', 'merrygraceprincipe@yahoo.com'),
(34, 20001648, 'SHIELA MARIE', 'BANDOLOS', 'TADAYA', 'F', '1990-08-21', 'Brgy. Dancalan Ilog Negros Occidental', 'Single', 22, 'Filipino', 'Roman Catholic', '9095596773', 'Brgy. Dancalan Ilog Negros Occidental', 'Marie_Bandolos@yahoo.com'),
(35, 20002408, 'ANALYN', 'SERION', 'ONLAGADA', 'F', '1993-10-30', 'Bry. TAMPALON KABANKALAN CITY', 'Single', 20, 'Filipino', 'Catholic', '9476154838', 'Kabankalan City', 'Analynserion@yahoo.com'),
(36, 20005936, 'JEAN', 'MACURIO', 'GONDAO', 'F', '1994-10-29', 'Brgy.Bantayan', 'Single', 19, 'Filipino', 'Baptist', '9125341710', 'Brgy. Bantayan Kabankalan City', 'jean_29_jake@yahoo.com'),
(37, 20001550, 'BENIGNO', 'CORTEZ', 'LACPAO', 'M', '1992-02-03', 'DUMAGUETE', 'Single', 21, 'FILIPINO', 'BAPTIST', '9097313999', 'TABUGON,KABANKALAN CITY,NEGROS OCCIDENTAL', 'deadlyjay_23@yahoo.com'),
(38, 20002270, 'ARHIL JUN', 'MACARIO', 'FERNANDEZ', 'M', '1993-06-12', 'Cabintagan, Brgy. Linao', 'Single', 20, 'Filipino', 'Roman Catholic', '9489776185', 'Cabintagan, Brgy. Linao Kabankalan City, Negros Occidental', 'elehra_jun_09@yahoo.com'),
(39, 20001932, 'ANA MAE', 'PUYOGAO', 'LACSON', 'F', '1992-10-11', 'Dancalan, Ilog, Neg. Occ', 'Single', 21, 'Filipino', 'Baptist', '9079002850', 'Brgy. Dancalan, Ilog, Negros Occidental', 'puyogaoanamae@yahoo.com'),
(40, 20001498, 'GINA', 'BULGADO', 'MALABAGO', 'F', '1992-06-28', 'Magsaysay tabu ilog ', 'Single', 21, 'Filipino', 'Roman Catholic', '0912-981-4177', 'magsaysay tabu,ilog negros occidental', 'carlghin_52@yahoo.com'),
(42, 20001503, 'RHEA MAY', 'CABITEN', 'CUENCA', 'F', '1992-05-01', 'Mambugsay, Cauayan, Negros Occidental', 'Single', 21, 'Filipino', 'Roman Catholic', '9097862920', 'Mambugsay, Cauayan, Negros Occidental', 'rean7901@gmail.com'),
(43, 20001925, 'JOJEAN', 'CASTAO', 'SOBERANO', 'F', '1994-09-27', 'Silay City', 'Single', 19, 'Filipino', 'Roman Catholic', '9122543919', 'Brgy. Daan Banua, Kabankalan City', 'Jojean_c@yahoo.com'),
(44, 20001658, 'STEVE', 'FLORES', 'LIPER', 'M', '1993-01-02', 'Brgy. Camugao, Kabankalan City', 'Single', 21, 'Filipino', 'Roman Catholic', '9077659710', 'Brgy. Camugao, Kabankalan City', 'skevinz_23@ymail.com'),
(46, 20001957, 'MA. LAVINIA', 'DAULONG', 'CORSINO', 'F', '1994-06-09', 'Caliling,Cauayan Neg. Occ', 'Single', 19, 'Filipino', 'Roman Catholic', '9073837380', 'Caliling,Cauayan Negros Occidental', 'corsin90@yahoo.com'),
(47, 20001456, 'DIWANNIE', 'ARILLO', 'PAGUNSAN', 'F', '1992-10-12', 'Brgy.Tabugon Kabankalan City Neg. Occ.', 'Single', 21, 'Filipino', 'Roman Catholic', '9484525429', 'Brgy. Tabugon Kabankalan City Neg. Occ.', 'dj_arillo@yahoo.com'),
(48, 20001673, 'CARJEI', 'GAMALA', 'NAZARETH', 'M', '1993-04-28', 'Bulata', 'Single', 20, 'Filipino', 'Catholic', '9484207156', 'Bulata Cauyan Negros Occidental', 'kai_luv@yahoo.com'),
(49, 20001557, 'JENNY JOY', 'DEANON', 'O.', 'F', '1992-12-16', 'Dancalan Ilog,Neg, Occ', 'Single', 22, 'Filipino', 'Roman Catholic', '9466021131', 'Dancalan Ilog Neg,Occ', 'jj_deah16@Yahoo.com'),
(50, 20002311, 'ELSIE', 'ELIJAN', 'TABLIGAN', 'F', '1989-10-08', 'Provincial Hospital Bacolod City', 'Single', 24, 'Filipino', 'Baptist', '9128990012', 'Malinao, Dancalan, Ilog Negros Occidental', 'cute_elz20@yahoo.com'),
(51, 20001742, 'GERGEN MAE', 'GERIA', 'GADOT', 'F', '1994-05-19', 'BAcolod City', 'Single', 19, 'Filipino', 'Roman Catholic', '9129207751', 'Brgy.Guiljungan Cauayan Negros Occidental', 'geriaergenmage@yahoo.com'),
(52, 20002106, 'JEROM', 'MELANIO', 'BANDOLON', 'M', '1992-10-12', 'Kabankalan City', 'Single', 21, 'Filipino', 'Cathilic', '9303950074', 'Brgy. Linao, Kabankalan City', 'melaniojerom@yahoo.com'),
(53, 20001853, 'LIEZL', 'SILLEVA', 'ORDOA', 'F', '1994-05-19', 'Su-ay', 'Single', 19, 'Pilipino', 'Catholic', '9122319960', 'Mapait, Su-ay, Himamaylan City, Negros Occidental', 'lieztryx_16@yahoo.com'),
(54, 20001645, 'ROSELYN', 'ESPADERO', 'T', 'F', '1989-02-11', 'dancalan ilog', 'Single', 24, 'filipino', 'Catholic', '9122292298', 'tapi kab city', 'roselyt.espadero@yahoo.com'),
(55, 123456, 'KEVIN', 'GARGAR', 'DFD', 'M', '2013-07-13', 'bacolod city', 'Single', 12, '', '', '', '', 'Kev@yahoo.cpm');

-- --------------------------------------------------------

--
-- Table structure for table `useraccounts`
--

CREATE TABLE `useraccounts` (
  `ACCOUNT_ID` int(11) NOT NULL,
  `ACCOUNT_NAME` varchar(255) NOT NULL,
  `ACCOUNT_USERNAME` varchar(255) NOT NULL,
  `ACCOUNT_PASSWORD` text NOT NULL,
  `ACCOUNT_TYPE` varchar(30) NOT NULL
) ENGINE=InnoDB DEFAULT CHARSET=latin1;

--
-- Dumping data for table `useraccounts`
--

INSERT INTO `useraccounts` (`ACCOUNT_ID`, `ACCOUNT_NAME`, `ACCOUNT_USERNAME`, `ACCOUNT_PASSWORD`, `ACCOUNT_TYPE`) VALUES
(1, 'Janno Palacios', 'janobe@gmail.com', 'tyyu003', 'Administrator'),
(3, 'Joken Villanueva', 'joken@yahoo.com', '7110eda4d09e062aa5e4a390b0a572ac0d2c0220', 'Administrator'),
(4, 'Hatch Villanueva', 'hatchvillanueva16@gmail.com', '7110eda4d09e062aa5e4a390b0a572ac0d2c0220', 'Registrar'),
(6, 'joenin', 'joenin@yahoo.com', '25f3c6036a19460cd5d3f302fa7b99e5be56cb0e', 'Encoder'),
(7, 'Erick jason Batuto', 'ejbatuto@hotmail.com', 'ee9800e8361e948d0106b38fc6e6311ee238beed', 'Administrator'),
(8, 'joken', 'j@y.c', '7110eda4d09e062aa5e4a390b0a572ac0d2c0220', 'Student');

--
-- Indexes for dumped tables
--

--
-- Indexes for table `ay`
--
ALTER TABLE `ay`
  ADD PRIMARY KEY (`AY_ID`),
  ADD UNIQUE KEY `acadyr` (`ACADYR`);

--
-- Indexes for table `class`
--
ALTER TABLE `class`
  ADD PRIMARY KEY (`CLASS_ID`);

--
-- Indexes for table `course`
--
ALTER TABLE `course`
  ADD PRIMARY KEY (`COURSE_ID`);

--
-- Indexes for table `department`
--
ALTER TABLE `department`
  ADD PRIMARY KEY (`DEPT_ID`);

--
-- Indexes for table `grades`
--
ALTER TABLE `grades`
  ADD PRIMARY KEY (`GRADE_ID`);

--
-- Indexes for table `instructor`
--
ALTER TABLE `instructor`
  ADD PRIMARY KEY (`INST_ID`);

--
-- Indexes for table `level`
--
ALTER TABLE `level`
  ADD PRIMARY KEY (`YR_ID`);

--
-- Indexes for table `major`
--
ALTER TABLE `major`
  ADD PRIMARY KEY (`MAJOR_ID`);

--
-- Indexes for table `photo`
--
ALTER TABLE `photo`
  ADD PRIMARY KEY (`PHOTO_ID`);

--
-- Indexes for table `room`
--
ALTER TABLE `room`
  ADD PRIMARY KEY (`ROOM_ID`);

--
-- Indexes for table `schoolyr`
--
ALTER TABLE `schoolyr`
  ADD PRIMARY KEY (`SYID`);

--
-- Indexes for table `semester`
--
ALTER TABLE `semester`
  ADD PRIMARY KEY (`SEM_ID`);

--
-- Indexes for table `studentsubjects`
--
ALTER TABLE `studentsubjects`
  ADD PRIMARY KEY (`STUDSUBJ_ID`);

--
-- Indexes for table `subject`
--
ALTER TABLE `subject`
  ADD PRIMARY KEY (`SUBJ_ID`);

--
-- Indexes for table `tblrequirements`
--
ALTER TABLE `tblrequirements`
  ADD PRIMARY KEY (`REQ_ID`);

--
-- Indexes for table `tblstuddetails`
--
ALTER TABLE `tblstuddetails`
  ADD PRIMARY KEY (`DETAIL_ID`);

--
-- Indexes for table `tblstudent`
--
ALTER TABLE `tblstudent`
  ADD PRIMARY KEY (`S_ID`),
  ADD UNIQUE KEY `IDNO` (`IDNO`);

--
-- Indexes for table `useraccounts`
--
ALTER TABLE `useraccounts`
  ADD PRIMARY KEY (`ACCOUNT_ID`);

--
-- AUTO_INCREMENT for dumped tables
--

--
-- AUTO_INCREMENT for table `ay`
--
ALTER TABLE `ay`
  MODIFY `AY_ID` int(11) NOT NULL AUTO_INCREMENT;
--
-- AUTO_INCREMENT for table `class`
--
ALTER TABLE `class`
  MODIFY `CLASS_ID` int(11) NOT NULL AUTO_INCREMENT, AUTO_INCREMENT=5;
--
-- AUTO_INCREMENT for table `course`
--
ALTER TABLE `course`
  MODIFY `COURSE_ID` int(11) NOT NULL AUTO_INCREMENT, AUTO_INCREMENT=54;
--
-- AUTO_INCREMENT for table `department`
--
ALTER TABLE `department`
  MODIFY `DEPT_ID` int(11) NOT NULL AUTO_INCREMENT, AUTO_INCREMENT=2;
--
-- AUTO_INCREMENT for table `grades`
--
ALTER TABLE `grades`
  MODIFY `GRADE_ID` int(11) NOT NULL AUTO_INCREMENT, AUTO_INCREMENT=5;
--
-- AUTO_INCREMENT for table `instructor`
--
ALTER TABLE `instructor`
  MODIFY `INST_ID` int(30) NOT NULL AUTO_INCREMENT, AUTO_INCREMENT=4;
--
-- AUTO_INCREMENT for table `level`
--
ALTER TABLE `level`
  MODIFY `YR_ID` int(11) NOT NULL AUTO_INCREMENT;
--
-- AUTO_INCREMENT for table `major`
--
ALTER TABLE `major`
  MODIFY `MAJOR_ID` int(11) NOT NULL AUTO_INCREMENT, AUTO_INCREMENT=8;
--
-- AUTO_INCREMENT for table `photo`
--
ALTER TABLE `photo`
  MODIFY `PHOTO_ID` int(11) NOT NULL AUTO_INCREMENT;
--
-- AUTO_INCREMENT for table `room`
--
ALTER TABLE `room`
  MODIFY `ROOM_ID` int(11) NOT NULL AUTO_INCREMENT, AUTO_INCREMENT=6;
--
-- AUTO_INCREMENT for table `schoolyr`
--
ALTER TABLE `schoolyr`
  MODIFY `SYID` int(11) NOT NULL AUTO_INCREMENT, AUTO_INCREMENT=3;
--
-- AUTO_INCREMENT for table `semester`
--
ALTER TABLE `semester`
  MODIFY `SEM_ID` int(11) NOT NULL AUTO_INCREMENT, AUTO_INCREMENT=4;
--
-- AUTO_INCREMENT for table `studentsubjects`
--
ALTER TABLE `studentsubjects`
  MODIFY `STUDSUBJ_ID` int(11) NOT NULL AUTO_INCREMENT, AUTO_INCREMENT=16;
--
-- AUTO_INCREMENT for table `subject`
--
ALTER TABLE `subject`
  MODIFY `SUBJ_ID` int(11) NOT NULL AUTO_INCREMENT, AUTO_INCREMENT=477;
--
-- AUTO_INCREMENT for table `tblrequirements`
--
ALTER TABLE `tblrequirements`
  MODIFY `REQ_ID` int(30) NOT NULL AUTO_INCREMENT, AUTO_INCREMENT=59;
--
-- AUTO_INCREMENT for table `tblstuddetails`
--
ALTER TABLE `tblstuddetails`
  MODIFY `DETAIL_ID` int(11) NOT NULL AUTO_INCREMENT, AUTO_INCREMENT=59;
--
-- AUTO_INCREMENT for table `tblstudent`
--
ALTER TABLE `tblstudent`
  MODIFY `S_ID` int(11) NOT NULL AUTO_INCREMENT, AUTO_INCREMENT=56;
--
-- AUTO_INCREMENT for table `useraccounts`
--
ALTER TABLE `useraccounts`
  MODIFY `ACCOUNT_ID` int(11) NOT NULL AUTO_INCREMENT, AUTO_INCREMENT=9;--
-- Database: `studinfosms`
--
CREATE DATABASE IF NOT EXISTS `studinfosms` DEFAULT CHARACTER SET latin1 COLLATE latin1_swedish_ci;
USE `studinfosms`;

-- --------------------------------------------------------

--
-- Table structure for table `autonumber`
--

CREATE TABLE `autonumber` (
  `auto_id` int(11) NOT NULL,
  `autocode` varchar(20) NOT NULL,
  `autoname` varchar(20) NOT NULL,
  `appenchar` varchar(10) NOT NULL,
  `autostart` int(11) NOT NULL,
  `autoend` int(11) NOT NULL,
  `incval` int(11) NOT NULL,
  `datecreated` date NOT NULL
) ENGINE=MyISAM DEFAULT CHARSET=latin1;

--
-- Dumping data for table `autonumber`
--

INSERT INTO `autonumber` (`auto_id`, `autocode`, `autoname`, `appenchar`, `autostart`, `autoend`, `incval`, `datecreated`) VALUES
(1, 'asset code', 'Asset Name', 'ASC', 1, 10000, 1, '2013-06-09'),
(13, 'sd', 'sd', 'sd', 12, 1234444, 2, '2013-09-26'),
(4, 'Sponsor', 'Sponsor', 'spons', 29, 10000000, 2, '2013-06-09'),
(5, 'pers', 'Personal', 'pers', 15, 10000, 1, '2013-06-09'),
(14, 'g', 'g', 'g', 0, 0, 0, '2013-06-10'),
(7, 'Prim', 'Primary', 'bapt', 114, 10000000, 1, '2013-06-09'),
(20, 'jokenauto', 'autonum', 'abc', 101, 1000000000, 2, '2013-08-01'),
(21, 'sddfdsf', 'sdfds', 'ddff', 101, 4343, 2, '2013-09-25');

-- --------------------------------------------------------

--
-- Table structure for table `contactemergency`
--

CREATE TABLE `contactemergency` (
  `s_id` int(11) NOT NULL,
  `s_emerg_name` varchar(255) NOT NULL,
  `s_emerg_relation` varchar(255) NOT NULL,
  `s_emerg_add` varchar(255) NOT NULL,
  `s_emerg_tel` int(11) NOT NULL,
  `key` int(11) NOT NULL,
  `yr` int(5) NOT NULL
) ENGINE=MyISAM DEFAULT CHARSET=latin1;

--
-- Dumping data for table `contactemergency`
--

INSERT INTO `contactemergency` (`s_id`, `s_emerg_name`, `s_emerg_relation`, `s_emerg_add`, `s_emerg_tel`, `key`, `yr`) VALUES
(0, '', '', '', 0, 2, 0),
(20004281, '', '', '', 0, 3, 0),
(2147483647, 'nk', 'rk', 'ai', 1, 4, 4),
(234234324, 'sdadd', 'asdsad', 'sdsd', 0, 6, 1);

-- --------------------------------------------------------

--
-- Table structure for table `course`
--

CREATE TABLE `course` (
  `course_id` int(11) NOT NULL,
  `course_name` varchar(30) NOT NULL,
  `description` varchar(50) NOT NULL
) ENGINE=MyISAM DEFAULT CHARSET=latin1;

--
-- Dumping data for table `course`
--

INSERT INTO `course` (`course_id`, `course_name`, `description`) VALUES
(1, 'BSIT', 'Bachelor of Science in Information Technology'),
(2, 'BSCS', 'Bachelor of Science in Computer Science'),
(3, 'BSED', 'Bachelor of Secondary Education'),
(4, 'BEED', 'Bachelor of Elementary Education'),
(5, 'Teacher ED', 'Bachelor of Elementary Education'),
(6, 'Office Add', 'Bachelor of Office Administration'),
(9, 'BSIS', 'Info system');

-- --------------------------------------------------------

--
-- Table structure for table `department`
--

CREATE TABLE `department` (
  `dept_id` int(11) NOT NULL,
  `dept_name` varchar(30) NOT NULL
) ENGINE=MyISAM DEFAULT CHARSET=latin1;

--
-- Dumping data for table `department`
--

INSERT INTO `department` (`dept_id`, `dept_name`) VALUES
(1, 'Teacher Education'),
(2, 'Industrial Technology'),
(3, 'Business Administration');

-- --------------------------------------------------------

--
-- Table structure for table `grades`
--

CREATE TABLE `grades` (
  `grades_id` int(11) NOT NULL,
  `s_id` int(11) NOT NULL,
  `subj_code` int(11) NOT NULL,
  `grades` int(11) NOT NULL,
  `sy` varchar(20) NOT NULL,
  `semester` varchar(11) NOT NULL,
  `yr` int(5) NOT NULL,
  `CA` float DEFAULT NULL,
  `LA` float DEFAULT NULL
) ENGINE=MyISAM DEFAULT CHARSET=latin1;

--
-- Dumping data for table `grades`
--

INSERT INTO `grades` (`grades_id`, `s_id`, `subj_code`, `grades`, `sy`, `semester`, `yr`, `CA`, `LA`) VALUES
(26, 20002048, 5, 90, '', '20002048', 1, 30, 60),
(23, 20002048, 1, 89, '', '20002048', 1, 29, 60),
(25, 20002048, 3, 77, '', '20002048', 1, 27, 50),
(27, 234234324, 1, 0, '', 'First', 1, NULL, NULL),
(28, 234234324, 2, 0, '', 'First', 1, NULL, NULL),
(29, 234234324, 3, 0, '', 'First', 1, NULL, NULL),
(30, 20002048, 3, 0, '', 'First', 1, NULL, NULL),
(31, 20002048, 7, 82, '', 'First', 1, 26, 56),
(32, 0, 39, 0, '', 'First', 2, NULL, NULL),
(34, 0, 39, 0, '', 'First', 2, NULL, NULL),
(35, 20002048, 39, 84, '', 'First', 2, 26, 58),
(36, 20002048, 40, 0, '', 'Second', 2, NULL, NULL),
(37, 20002048, 45, 0, '', 'Second', 3, NULL, NULL),
(38, 20002048, 44, 0, '', 'Second', 3, NULL, NULL);

-- --------------------------------------------------------

--
-- Table structure for table `guardian`
--

CREATE TABLE `guardian` (
  `s_id` int(11) NOT NULL,
  `g_father` varchar(40) NOT NULL,
  `g_fbplace` varchar(255) NOT NULL,
  `g_fedu_level` varchar(30) NOT NULL,
  `g_foccupation` varchar(255) NOT NULL,
  `g_fliving` varchar(255) NOT NULL,
  `g_fdead` varchar(255) NOT NULL,
  `g_fage` varchar(255) NOT NULL,
  `g_fpwork` varchar(40) NOT NULL,
  `g_fadd` varchar(255) NOT NULL,
  `g_ftel` int(11) NOT NULL,
  `g_mother` varchar(11) NOT NULL,
  `g_mbplace` varchar(255) NOT NULL,
  `g_medu_level` varchar(30) NOT NULL,
  `g_moccupation` varchar(255) NOT NULL,
  `g_mliving` varchar(255) NOT NULL,
  `g_mdead` varchar(255) NOT NULL,
  `g_mage` varchar(255) NOT NULL,
  `g_mpwork` varchar(40) NOT NULL,
  `g_madd` varchar(255) NOT NULL,
  `g_mtel` int(11) NOT NULL,
  `key` int(11) NOT NULL,
  `yr` int(5) NOT NULL
) ENGINE=MyISAM DEFAULT CHARSET=latin1;

--
-- Dumping data for table `guardian`
--

INSERT INTO `guardian` (`s_id`, `g_father`, `g_fbplace`, `g_fedu_level`, `g_foccupation`, `g_fliving`, `g_fdead`, `g_fage`, `g_fpwork`, `g_fadd`, `g_ftel`, `g_mother`, `g_mbplace`, `g_medu_level`, `g_moccupation`, `g_mliving`, `g_mdead`, `g_mage`, `g_mpwork`, `g_madd`, `g_mtel`, `key`, `yr`) VALUES
(0, '', '', '', '', '', '', '', '', '', 0, '', '', '', '', '', '', '', '', '', 0, 2, 0),
(20004281, '', '', '', '', '', '', '', '', '', 0, '', '', '', '', '', '', '', '', '', 0, 3, 0),
(2147483647, 'fs', 'ps', 'ls', 'os', 'yes', 'no', '45', 'ws', 'as', 11, 'ms', 'ps', 'ls', 'os', 'yes', 'no', '44', 'ws', 'as', 112, 4, 4),
(234234324, 'sdsdsd', 'sdsd', 'sdsd', 'sdsd', 'no', 'no', '23', 'sdsd', 'sdsd', 0, 'dsasd', 'sdsd', 'sd', 'sdsd', 'no', 'no', '23', 'sdsd', 'sdsd', 0, 6, 1);

-- --------------------------------------------------------

--
-- Table structure for table `instructor`
--

CREATE TABLE `instructor` (
  `instruc_id` int(25) NOT NULL,
  `name` varchar(255) DEFAULT NULL,
  `address` varchar(255) DEFAULT NULL,
  `sex` varchar(255) DEFAULT NULL,
  `email_add` varchar(255) DEFAULT NULL
) ENGINE=MyISAM DEFAULT CHARSET=latin1;

--
-- Dumping data for table `instructor`
--

INSERT INTO `instructor` (`instruc_id`, `name`, `address`, `sex`, `email_add`) VALUES
(1234, 'Janno Palacios', 'kabankalan city', 'Male', 'jannopalacios@yahoo.com'),
(1234557, 'Villanueva Joken', 'Kabanakalan City', 'Male', 'joken000189561@yahoo.com');

-- --------------------------------------------------------

--
-- Table structure for table `instructor_sub`
--

CREATE TABLE `instructor_sub` (
  `instruc_id` int(11) DEFAULT NULL,
  `subj_code` int(11) DEFAULT NULL,
  `time` text,
  `day` text,
  `status` varchar(30) DEFAULT NULL,
  `id` int(11) NOT NULL
) ENGINE=MyISAM DEFAULT CHARSET=latin1;

--
-- Dumping data for table `instructor_sub`
--

INSERT INTO `instructor_sub` (`instruc_id`, `subj_code`, `time`, `day`, `status`, `id`) VALUES
(1234, 2, 'Null', 'Null', 'added', 28),
(12321321, 1, '8:30-9:30am', 'mwf', 'added', 5),
(12321321, 2, '7:30-8:30am', 'mwf', 'added', 6),
(12321321, 3, '7:30-8:30am', 'mwf', 'added', 7);

-- --------------------------------------------------------

--
-- Table structure for table `ozekimessagein`
--

CREATE TABLE `ozekimessagein` (
  `id` int(11) NOT NULL,
  `sender` varchar(30) NOT NULL,
  `receiver` varchar(30) NOT NULL,
  `senttime` date NOT NULL,
  `receivedtime` date NOT NULL,
  `operator` varchar(30) NOT NULL,
  `msgtype` varchar(30) NOT NULL,
  `msg` varchar(50) NOT NULL
) ENGINE=MyISAM DEFAULT CHARSET=latin1;

-- --------------------------------------------------------

--
-- Table structure for table `ozekimessageout`
--

CREATE TABLE `ozekimessageout` (
  `id` int(11) NOT NULL,
  `sender` varchar(30) NOT NULL,
  `receiver` varchar(30) NOT NULL,
  `senttime` date NOT NULL,
  `receivedtime` date NOT NULL,
  `operator` varchar(30) NOT NULL,
  `status` varchar(30) NOT NULL,
  `msgtype` varchar(30) NOT NULL,
  `msg` varchar(50) NOT NULL
) ENGINE=MyISAM DEFAULT CHARSET=latin1;

--
-- Dumping data for table `ozekimessageout`
--

INSERT INTO `ozekimessageout` (`id`, `sender`, `receiver`, `senttime`, `receivedtime`, `operator`, `status`, `msgtype`, `msg`) VALUES
(1, '', '09108610978', '0000-00-00', '0000-00-00', '', 'send', 'SMS:TEXT', '  from: School registrar');

-- --------------------------------------------------------

--
-- Table structure for table `photos`
--

CREATE TABLE `photos` (
  `id` int(11) NOT NULL,
  `filename` varchar(255) NOT NULL,
  `type` varchar(100) NOT NULL,
  `size` int(11) NOT NULL,
  `caption` varchar(255) NOT NULL,
  `member_id` int(11) NOT NULL,
  `primary` varchar(11) NOT NULL DEFAULT 'No'
) ENGINE=InnoDB DEFAULT CHARSET=latin1;

--
-- Dumping data for table `photos`
--

INSERT INTO `photos` (`id`, `filename`, `type`, `size`, `caption`, `member_id`, `primary`) VALUES
(1, 'dsdsd', 'sdsd', 2, 'ssds', 2323, 'No'),
(2, '02.png', 'image/png', 160884, '', 21323, 'No'),
(3, 'Koala.jpg', 'image/jpeg', 780831, '', 20002048, 'No');

-- --------------------------------------------------------

--
-- Table structure for table `schoolcal`
--

CREATE TABLE `schoolcal` (
  `cal_id` int(11) NOT NULL,
  `cal_date` varchar(30) NOT NULL,
  `event` varchar(50) NOT NULL,
  `semester` varchar(30) NOT NULL
) ENGINE=MyISAM DEFAULT CHARSET=latin1;

--
-- Dumping data for table `schoolcal`
--

INSERT INTO `schoolcal` (`cal_id`, `cal_date`, `event`, `semester`) VALUES
(1, '2013/01/13', 'Charter Day', 'First'),
(2, '2013/02/04', 'Nonoy Aquino Day', 'First'),
(3, '2013/02/06', 'Negros Day', 'First'),
(4, '2013/08/09', 'trial day', 'Second '),
(10, '2013/01/28', 'lagaw', 'First'),
(6, '2013/01/23', 'Kadicosca', 'First'),
(7, '2013/02/01', 'Birth day', 'Second ');

-- --------------------------------------------------------

--
-- Stand-in structure for view `stud_course`
--
CREATE TABLE `stud_course` (
`s_id` int(11)
,`s_name` varchar(40)
,`s_address` varchar(30)
,`s_age` int(11)
,`s_bday` varchar(30)
,`s_bplace` varchar(30)
,`sex` varchar(30)
,`s_status` varchar(30)
,`s_contact` varchar(30)
,`s_guardian` varchar(30)
,`course_name` varchar(30)
,`s_guardian_add` varchar(40)
,`s_guardian_contact` varchar(30)
,`sy` varchar(20)
,`semester` varchar(20)
,`key` int(11)
,`yr` int(5)
,`course_id` int(11)
);

-- --------------------------------------------------------

--
-- Table structure for table `student`
--

CREATE TABLE `student` (
  `s_id` int(11) NOT NULL,
  `s_name` varchar(40) NOT NULL,
  `s_lname` varchar(255) DEFAULT NULL,
  `s_mname` varchar(30) DEFAULT NULL,
  `s_address` varchar(30) NOT NULL,
  `s_age` int(11) NOT NULL,
  `s_bday` varchar(30) NOT NULL,
  `s_bplace` varchar(30) NOT NULL,
  `sex` varchar(30) NOT NULL,
  `s_status` varchar(30) NOT NULL,
  `s_contact` varchar(30) NOT NULL,
  `s_guardian` varchar(30) NOT NULL,
  `course_id` int(11) NOT NULL,
  `s_guardian_add` varchar(40) NOT NULL,
  `s_guardian_contact` varchar(30) NOT NULL,
  `sy` varchar(20) NOT NULL,
  `semester` varchar(20) NOT NULL,
  `dept_id` int(11) NOT NULL,
  `key` int(11) NOT NULL,
  `yr` int(5) NOT NULL
) ENGINE=MyISAM DEFAULT CHARSET=latin1;

--
-- Dumping data for table `student`
--

INSERT INTO `student` (`s_id`, `s_name`, `s_lname`, `s_mname`, `s_address`, `s_age`, `s_bday`, `s_bplace`, `sex`, `s_status`, `s_contact`, `s_guardian`, `course_id`, `s_guardian_add`, `s_guardian_contact`, `sy`, `semester`, `dept_id`, `key`, `yr`) VALUES
(20002048, 'Jannossss', 'Palacios', '', 'Dancalan Ilog', 24, '1990/01/25', 'dancalan ilog', 'Male', 'Single', '09203461477', 'Susana Palacios', 1, 'Dancalan Ilog', '1', '2013-2014', 'First', 0, 1, 3),
(20002318, 'Johann Sebastian D. Grande', NULL, NULL, 'Coloso Street , Brgy.6 , Negro', 21, '1991/12/03', 'Riyadh K.S.A Saudi Arabia', 'Male', 'Single', '09306300254', 'Nerilu D. Grande', 1, 'Coloso Street , Brgy. 6 , Negros Occiden', 'n/a', '2012-2013', 'First', 0, 2, 3),
(20001812, 'Airish Tabujara', NULL, NULL, 'Tuyom Cauayan Negros Occidenta', 18, '1994/09/21', 'Tuyom cauayan Neg. Occ.', 'Female', 'Single', '09462832781', 'Sergio Tabujara', 1, 'Tuyom Cauayan Negros Occidental', '09082825758', '2011-2012', 'First', 0, 4, 1),
(20002045, 'Nichol Jun Nogra', NULL, NULL, 'Vallega Street Himamaylan City', 20, '1992/10/31', 'Himamaylan City', 'Male', 'Single', '09475197753', 'Carmenia Nogra', 1, 'Vallega Street Himamaylan City', '09395994946', '2012-2013', 'First', 0, 5, 3),
(20001506, 'Cedrex Caguales', NULL, NULL, 'Burgos st. Brgy 9', 20, '2013/07/28', 'Bacolod City', 'Male', '---Select---', '09488555879', 'Cesar Caguales', 1, 'Burgos st. Brgy 9', '09289392808', '2013-2014', 'First', 0, 6, 3),
(234234324, 'sdsds', NULL, NULL, 'sdsd', 3, '2013/11/11', 'dsdsdsdd', 'Male', 'Single', 'sdf', '', 1, '', '', '2012-2013', 'Second ', 0, 91, 1),
(21323, 'sdsdsd', 'sdsd', NULL, 'sdsd', 23, '2013/11/03', 'sd', 'Male', 'Single', 'sdf', 'sdsd', 1, 'sdsdsd', 'sd', '2011-2012', 'First', 0, 92, 1),
(2005023, 'giemar adolfo', NULL, NULL, 'overflow', 20, '1993/02/18', 'kabankalan', 'Male', 'Single', '09469701100', 'mr. and mr. Adolfo', 1, 'overflow', '09469701100', '2013-2014', 'First', 0, 8, 3),
(20001533, 'Gerlie joy Castaos', NULL, NULL, 'Naga, Binicuil Kabankaln City', 18, '1994/10/09', 'Valladolid', 'Female', 'Single', '09187617385', 'Jose Castaos', 1, 'Valladolid, Negros Occidental', '09482579899', '2013-2014', 'First', 0, 9, 3),
(20001459, 'John Paul Arroz', NULL, NULL, 'Malabong Ilog Neg. Occ', 21, '1992/06/24', 'Malabong Ilog Neg. Occ', 'Female', '---Select---', '', '', 1, '', '', '2011-2012', 'First', 0, 10, 1),
(20002090, 'michael alejano', NULL, NULL, 'Ilog Neg. Occ.', 20, '1992/11/09', 'Dancalan', 'Male', 'Single', '09469696930', 'Merlinda alejano', 1, 'Ilog Neg. Occ.', '09097310333', '2013-2014', 'First', 0, 11, 3),
(20001442, 'Jeszel R. alvarez', NULL, NULL, 'Inayauan Cauayan Neg. Occ.', 23, '1990/01/31', 'Inayauan', 'Female', 'Single', '09076132794', 'Anecita R. Alvarez', 1, 'Inayauan Cauayan Neg. Occ.', '09053189682', '2013-2014', 'First', 0, 12, 3),
(20001856, 'Mary Angelie I. Sitjar', NULL, NULL, 'So. Enclaro Brgy. Vista Alegre', 19, '1994/07/17', 'Pasig City', 'Female', 'Single', '09106079852', 'Judith Sitjar', 1, 'So. Enclaro Brgy. Vista Alegre Ilog Neg.', '09993440842', '2013-2014', 'First', 0, 13, 3),
(20001497, 'Raffy Buendia', NULL, NULL, 'Brgy. Tapi, Kab. City', 20, '', 'Brgy. Tapi, Kab. City', 'Male', 'Single', '09483774901', 'Mr. and Mrs. Gloria Buendia', 1, 'Brgy. Tapi, Kab. City', '09124884846', '2013-2014', 'First', 0, 14, 3),
(20002567, 'Jimmelyn Espraguera', NULL, NULL, 'kcpa village brgy.1 kab city', 20, '1993/02/07', 'Tan-awan', 'Female', 'Single', '09491524928', 'Jenelie Espraguera', 1, 'kcpa village brgy.1 kab city', '09396247092', '2013-2014', 'First', 0, 15, 3),
(20001729, 'joean mar m genit', NULL, NULL, 'j.y perez highway .talubangi .', 21, '1992/07/27', 'kab.city', 'Male', 'Single', '09129811391', 'anna fe genit', 1, 'kabankalan', '09129811391', '2012-2013', 'First', 0, 16, 3),
(20001428, 'RR F. AGUS', NULL, NULL, 'BOCANA,ILOG,NEG.OCC', 22, '1991/03/06', 'BOCANA,ILOG,NEG.OCC', 'Male', 'Single', '09107171279', 'Antonio E. Agus', 1, 'PASAY CITY,MANILA', '', '2013-2014', 'First', 0, 17, 3),
(20002068, 'Krizia Alyssa Oliverio', NULL, NULL, 'Tabuk-Suba, Cauayan, Negros Oc', 20, '1992/12/14', 'Cauayan, Negros Occidental', 'Female', 'Single', '09463828704', 'Nancy M. Oliverio', 1, 'Tabuk-Suba, Cauayan, Negros Occidental', '09464706325', '2012-2013', 'First', 0, 18, 3),
(20002300, 'karrll', NULL, NULL, 'Georgina Homes', 18, '1995/03/09', 'Bacolod', 'Male', 'Single', '09106910428', 'Nolito G. Acha', 1, 'Georgina Homes', '09106910428', '2011-2012', 'First', 0, 19, 3),
(20002015, 'Francis Jake B. Semillano', NULL, NULL, '11, Coloso St. Kabankalan City', 19, '1993/09/05', 'Pasig City, Manila', 'Male', 'Single', '09093113963', 'Mary Faith Semillano', 1, '11, Coloso St. Kabankalan City, Negros O', '09993439299', '2013-2014', 'First', 0, 20, 3),
(20001540, 'Leomie', NULL, NULL, 'Cauayan', 18, '1994/08/15', 'Bacolod City', 'Female', 'Single', '09462819550', 'Mr & Mrs. Leonardo R. Celestia', 1, 'Isio, Cauayan, Neg. Occ.', '09068721805', '2013-2014', 'First', 0, 21, 3),
(20005079, 'Chrizelle Joy Briones', NULL, NULL, 'Brgy. Talubangi, Kab. City', 19, '1994/01/30', 'Kabankalan City', 'Female', 'Single', '09302858875', 'Erwin P. Briones', 1, 'Brgy. Talubangi, Kab. City', '09193333594', '2013-2014', 'First', 0, 22, 2),
(20001662, 'jasper gabat', NULL, NULL, 'tampalon neg occ', 21, '1992/04/04', 'tampalon neg occ', '', 'Single', 'o9294144003', 'teresita gabat', 1, 'tampalon city', '09999999991', '2013-2014', 'First', 0, 23, 3),
(20002565, 'Justine Ann Gomez', NULL, NULL, ' Kabankalan City', 20, '1993/09/18', 'Kabankalan City', 'Female', 'Single', '09498047657', 'Rosile Gomez', 1, ' Kabankalan City', '09213446427', '2013-2014', 'First', 0, 24, 3),
(20001448, 'Amy Rose', NULL, NULL, 'cagay brgy su-ay himamaylan ci', 18, '1994/12/18', 'cagay brgy su-ay himamaylan ci', 'Female', 'Single', '09307195534', 'Alma Antecristo', 1, 'cagay brgy su-ay himamaylan city', '09103814684', '2011-2012', 'First', 0, 25, 3),
(20001553, 'Dolan Cuevas', NULL, NULL, 'Brygy.4 Himamaylan City Negros', 21, '1991/10/18', 'Dingle Iloilo', 'Male', 'Single', '09099604961', 'Danilo Cuevas', 1, 'Brgy. 4 Himamaylan City Negros Occidenta', '09296282929', '2013-2014', 'First', 0, 26, 3),
(200002276, 'clefhord john S macumao', NULL, NULL, 'brgy talubangi kabankalan city', 21, '1991/11/18', 'brgy talubangi kabankalan city', 'Male', 'Single', '09127219465', 'Mr&ms jose maumao', 1, 'brgy talubangi kabankalan city', '09217219465', '2013-2014', 'First', 0, 27, 3),
(20003477, 'Valerie May Apostol', NULL, NULL, 'Washington St. Brgy 1,Ilog Neg', 19, '1994/05/15', 'Cauayan', 'Female', 'Single', '09077948676', 'Teodorico Apostol', 1, 'Washington St. Brgy 1,Ilog Neg. Occ.', '09122543617', '2013-2014', 'First', 0, 28, 3),
(20001610, 'Ma. Riffy D. Derecho', NULL, NULL, 'Dancalan,Ilog,Neg.Occ.', 20, '1993/11/27', 'Dancalan,Ilog,Neg.Occ.', 'Female', '---Select---', '09097685993', 'Mr.&Mrs.Rafael Derecho Sr.', 1, 'Dancalan,Ilog,Neg.Occ.', '09102908649', '2013-2014', 'First', 0, 29, 1),
(20091662, 'Jasper Gabat', NULL, NULL, 'tampalon', 21, '1992/04/04', 'tampalon', 'Male', 'Single', '09294144003', 'Teresita Gabat', 1, 'Tampalon', '09294144003', '2013-2014', 'First', 0, 30, 3),
(20002251, 'adrian', NULL, NULL, 'adela st.brgy1', 17, '1995/10/26', 'bacolod city', 'Male', 'Single', '09128214525', 'sofronia apawan', 1, 'adela st.brgy.1', '', '2011-2012', 'First', 0, 31, 2),
(20004188, 'Februel', NULL, NULL, 'Kabankalan City', 17, '2014/02/14', '', '', '---Select---', '', '', 1, '', '', '2011-2012', 'First', 0, 32, 1),
(20002428, 'Sajade V. Remolleno', NULL, NULL, 'Talisay City', 20, '1992/12/21', 'Silay City', 'Male', 'Single', '09107105862', 'Micheal Remolleno', 1, 'Brgy. 1 Block 5, Kabankalan City', '09193313382', '2013-2014', 'First', 0, 33, 2),
(20000408, 'Earl Nio A. Montero', NULL, NULL, 'Sonedco', 17, '1995/01/22', 'Sonedco', 'Male', '---Select---', '', 'Reynaldo Montero', 1, 'sonedco', '09128975607', '2011-2012', 'First', 0, 34, 1),
(20004556, 'Junjie B. Villanueva', NULL, NULL, 'Brgy.Binicuil Kabankalan City ', 17, '1995/08/26', 'Brgy.Binicuil Kabankalan City ', 'Male', 'Single', '09124448433', 'Mary Jean B. Villanueva', 1, 'Brgy.Binicuil Kabankalan City Negros Occ', '09124448433', '2013-2014', 'First', 0, 35, 2),
(20004488, 'aikoaprildionillo', NULL, NULL, 'brgy.camugao(sonedco)', 20, '2013/07/31', 'sonedco', 'Female', 'Single', '09051728724', 'paolodionillo', 1, 'brgy.camugao(sonedco)', '09184398427', '2013-2014', 'First', 0, 36, 2),
(20004425, 'John Kenneth Pintuan', NULL, NULL, 'Coloso St. Brgy. 6', 17, '1996/05/14', 'Manila', 'Male', 'Single', '09305373831', 'Renelio Pintuan', 1, 'Coloso St. Brgy. 6', '', '2012-2013', 'First', 0, 37, 2),
(20004763, 'bryan drapite', NULL, NULL, 'brgy camugao kabankalan city ', 19, '1994/06/16', 'pasay city, manila', 'Male', 'Single', '09484700453', 'mila fe drapite', 1, 'brgy camugao', '09106061377', '2013-2014', 'First', 0, 38, 2),
(200004620, 'Maricel Zayco', NULL, NULL, 'Adela St.Kabankalan City ', 17, '1995/01/21', 'Kabankalan City', 'Female', 'Single', '09104373625', 'Lazette Zayco', 1, 'Adela St. Kabankalan City', '09103462156', '2011-2012', 'First', 0, 39, 1),
(20004511, 'Jude  D. Abelarde', NULL, NULL, 'Brgy.consuelo ilog,nec .occ.', 17, '1996/07/07', 'kabankalan city', 'Male', 'Single', '09097390989', 'nory abelarde', 1, 'brgy consuelo ilog', '09187629412', '2012-2013', 'First', 0, 40, 2),
(20004749, 'Jamaica Jairah Gealon', NULL, NULL, 'Brgy.2 Ilog,Neg. Occ.', 19, '1994/01/12', 'Ilog, Neg. Occ.', 'Female', 'Single', '09462819670', 'Mr.&Mrs. Gealon ', 1, 'Brgy.2 Ilog, Neg. Occ.', '09462819670', '2013-2014', 'First', 0, 41, 2),
(20004335, 'rea mae garcia', NULL, NULL, 'mabua, cauayan', 19, '1993/12/02', 'project 6 quizon city', 'Male', 'Single', '09125897086', 'reynaldo m. garcia sr.', 1, 'mabua, cauayan ', '09995771875', '2013-2014', 'First', 0, 42, 2),
(20001779, 'Joevel Herrera', NULL, NULL, 'Mohon brgy1 kab city Neg,Occ', 20, '1993/05/16', 'mohon kabankalan city', 'Male', 'Single', '09093789858', 'Dionisio herrera', 1, 'mohon brgy1 kab city Neg,Occ', '', '2013-2014', 'First', 0, 43, 2),
(20001058, 'evan lloyd', NULL, NULL, '12 rizal st.kabankalan city', 18, '1995/05/17', 'kabankalan city', 'Male', 'Single', '09391440773', 'Dr.milagros aurea sabidalas', 1, '12 rizal st. kabankalan city', '09228608492', '2013-2014', 'First', 0, 44, 2),
(20004084, 'Kevin Jake Gindap', NULL, NULL, 'Tiling Cauayan Neg. Occ.', 18, '1994/08/21', 'Tiling', 'Male', 'Single', '09487596100', 'Angeline Gindap', 1, 'Tiling Cauayan', '09215757892', '2013-2014', 'First', 0, 45, 2),
(20004472, 'Jaryl Welsh L. Cubian', NULL, NULL, 'Roa street, brgy8', 17, '1996/04/08', 'Kabankalan City', 'Male', 'Marriage', '09122546027', 'Jackson E. Cubian', 1, 'Roa street, brgy8', '09108588749', '2013-2014', 'First', 0, 46, 2),
(20004680, 'maria arnelyn mollenido', NULL, NULL, 'baranggay2 ilog negros occiden', 18, '1994/12/24', 'hinigaran', 'Female', 'Single', '09097868372', 'mrs arlen muyco', 1, 'baranggay 2 ilog negros occidental', '09097868372', '2013-2014', 'First', 0, 47, 2),
(20004175, 'marvin', NULL, NULL, 'doljo,brgy2 ilog neg.occ.', 18, '1994/09/24', 'Kabankalan City', 'Male', 'Single', '', 'Sherly G.Gonzales', 1, 'doljo,brgy2 ilog neg. occ.', '', '2013-2014', 'First', 0, 48, 2),
(20004514, 'Mary Dane Barrientos', NULL, NULL, 'Sitio Cantonog, Barangay Linao', 20, '1993/06/30', 'Bisalao,Bagbaguin.Valenzuela c', 'Female', 'Single', '09463594114', 'Delia Tabance', 1, 'Sitio Cantonog, Barangay Linao. Kabankal', '09998432254', '2013-2014', 'First', 0, 49, 2),
(20001036, 'Michael Ian C. Ruiz', NULL, NULL, 'Ruiz Subd. Talubangi Kab. City', 17, '', '', '', '---Select---', '', '', 1, '', '', '2011-2012', 'First', 0, 50, 1),
(20001054, 'lourdmaro', NULL, NULL, 'daan banua', 19, '1994/02/12', 'kab.', 'Male', 'Single', '09128689313', 'romeopdrigo', 1, 'daanbanua', '09128689313', '2013-2014', 'First', 0, 51, 2),
(20000661, 'oscar neil s ilao', NULL, NULL, 'brgy. 5 kabankalan city', 17, '1995/10/10', 'Gregoria', 'Male', 'Single', '09129613038', 'Nelly ilao', 1, 'brgy. 5 kabankalan city', '09129613038', '2011-2012', 'Second ', 0, 52, 2),
(40004210, 'lyn rose', NULL, NULL, 'ilog', 22, '1990/08/19', 'ilog negros occidental', 'Female', 'Single', '09482166050', 'marissa depra', 1, '', '', '2013-2014', 'First', 0, 53, 2),
(20004300, 'Ruselo P. Flores', NULL, NULL, 'Buenavista Himamaylan City', 21, '1992/05/23', 'Buenavista,Him. City', 'Male', 'Single', '09129552859', 'Rudy Flores', 1, 'Buenavista Him. City', '', '2013-2014', 'First', 0, 54, 2),
(20002642, 'Dennis Michael U. Berzuela', NULL, NULL, '#11 Colos st. Kab. city', 19, '', 'Taguig Metro Manila', 'Male', 'Single', '09264416916', 'Dennis Berzuela', 1, '#11 Coloso St. Kab. City', '09198552183', '2013-2014', 'First', 0, 55, 2),
(20001661, 'Jasper Gabat', NULL, NULL, 'tampalon', 21, '1992/04/04', 'tampalon', 'Male', 'Single', '09294144003', 'Teresita Gabat', 1, 'Tampalon', '09294144003', '2013-2014', 'First', 0, 56, 2),
(20004263, 'Shanlee Marie Bongaita', NULL, NULL, 'Sipalay City', 17, '1996/04/28', 'Sipalay City', '', '---Select---', '', '', 1, '', '', '2011-2012', 'First', 0, 57, 1),
(20004195, 'ritchelle gatoc', NULL, NULL, 'brgy. binicuil kabankalan city', 21, '1993/01/12', 'kabankalan city', 'Female', 'Single', '09122546087', 'Mr. & Mrs. Rudy F. Gatoc Sr.', 1, 'brgy. binicuil kabankalan city', '09227566399', '2013-2014', 'First', 0, 58, 2),
(20004087, 'Sherlyn F. Dolfo', NULL, NULL, 'Poblacion, Cauayan, Neg. Occ.', 18, '1995/03/27', 'Cauayan', 'Female', 'Single', '09102004434', 'Glorieta F. Dolfo', 1, 'Poblacion, Cauayan, Neg. Occ.', '09302026045', '2013-2014', 'First', 0, 59, 2),
(20004415, 'july ganza', NULL, NULL, 'hda.carmen,daan banua kab,city', 19, '1994/07/12', '', 'Male', 'Single', '09487443762', 'rhea rose ganza', 1, 'hda.carmen,daan banau,kab.city', '09469747268', '2012-2013', 'First', 0, 60, 2),
(20004281, 'lanie pescasiosa', NULL, NULL, 'brgy.mahalang,himamaylan city', 17, '1996/04/13', 'brgy.tampalon,kabankalan city', 'Female', 'Single', '09096383137', 'ronie pescasiosa', 1, 'brgy.mahalang,himamaylan city', '09212590597', '2012-2013', 'First', 0, 61, 1),
(20004727, 'Marjorie', NULL, NULL, 'Brgy.Camansi Kab.City', 18, '1995/06/09', 'Kabankalan City', 'Female', 'Single', '09071134416', 'Jude V. Semillano', 10, 'Brgy.Camansi Kab.City', '0930551952', '2013-2014', 'First', 0, 62, 2),
(20004128, 'Giv Hamsleigh B. Javellana', NULL, NULL, 'Brgy. Binicuil Kabankalan City', 17, '1996/04/12', 'Brgy. Binicuil Kabankalan City', 'Female', 'Single', '09487438667', 'Richie Badayos', 10, 'Brgy. Binicuil Kabankalan city', '09487438667', '2013-2014', 'First', 0, 63, 2),
(20004513, 'Joshua J. Labrador', NULL, NULL, 'coloso street kabankalan city', 20, '1993/07/01', 'kabankalan city', 'Male', 'Single', '09071162210', 'Rose mary j. labrador', 1, 'coloso street kabankalan city', '09128260956', '2013-2014', 'First', 0, 64, 2),
(20000383, 'VANESSA G. BAEZ', NULL, NULL, 'AZCONA SUBD. KAB CITY., ', 18, '1995/02/18', 'KANKALAN CITY', 'Female', 'Single', '09291212757', 'JOSEPHINE G. BAEZ', 10, 'AZCONNA SUBD. KAB CITY', '09291212757', '2013-2014', 'First', 0, 65, 2),
(20004166, 'Margie Rose Tondo', NULL, NULL, 'Repullo St. Kab. City', 17, '1995/10/26', 'Kabankalan City', 'Female', 'Single', '09124432417', 'Mr. Rufino Tondo', 10, 'Repullo St. Kab. City', '09478341181', '2012-2013', 'First', 0, 67, 2),
(20005043, 'Gergil Luz Argamaso', NULL, NULL, 'Flora, Hilamonan, Kabankalan C', 25, '1987/08/19', 'Himamaylan City', 'Female', 'Marriage', '09214044233', 'Angelo D. Argamaso', 10, 'Flora, Hilamonan, Kabankalan City', '09087769225', '2013-2014', 'First', 0, 68, 2),
(2001357, 'BERNADINE Y SIMBIT', NULL, NULL, 'LINAO KAB. CITY', 16, '1996/09/16', 'LINAO KAB. CITY', 'Female', 'Single', '', 'SHIELA GRACE DOCULARA', 1, 'LINAO KAB. CITY', '', '2013-2014', 'First', 0, 69, 2),
(20004613, 'Cheryl Tabasin', NULL, NULL, 'Hilamonan Kab.City', 19, '1993/10/05', 'KABANKALAN CITY', 'Female', 'Single', '09486427346', 'crispin tabasin', 10, 'hilamonan kab.city', '09216871253', '2013-2014', 'First', 0, 70, 2),
(20004385, 'MYLIN I. MONTILLA', NULL, NULL, 'ELIHAN CAUAYAN', 20, '1992/11/17', '', 'Female', 'Single', '09099604764', 'WELFRIDO MONTILLA', 1, 'ELIHAN CAUAYAN', '09282202199', '2013-2014', 'First', 0, 71, 1),
(20004258, 'charkien palmos', NULL, NULL, 'Tuyom ,cauayan ', 17, '1996/07/23', 'Tuyom', 'Female', 'Single', '09486415049', 'Mr. & Mrs. Charlie Palmos', 10, 'Tuyom, Cauayan', '09463891935', '2012-2013', 'First', 0, 72, 2),
(20004482, 'Kim Ruel N Lo-on', NULL, NULL, 'BRGY.6 Coloso St.Kab.City', 17, '1995/11/17', 'District Hospital Kab. City ', 'Male', 'Single', '09465676067', 'Elizabeth N. Lo-on', 10, 'BRGY.6 Coloso St. Kab. City', '09108610978', '2013-2014', 'First', 0, 73, 2),
(2147483647, 'james mesas', NULL, NULL, 'as', 211, '1992/03/12', 'bs', 'Male', '---Select---', '11', '', 10, '', '', '2013-2014', 'First', 0, 89, 4);

-- --------------------------------------------------------

--
-- Table structure for table `student_other_info`
--

CREATE TABLE `student_other_info` (
  `s_id` int(11) NOT NULL,
  `s_div_origin` varchar(90) DEFAULT NULL,
  `s_reg_origin` varchar(90) DEFAULT NULL,
  `s_nationality` varchar(40) NOT NULL,
  `s_handicapped` varchar(30) DEFAULT NULL,
  `s_repeater` varchar(30) NOT NULL,
  `s_nlanguage` varchar(90) DEFAULT NULL,
  `s_emailadd` varchar(11) NOT NULL,
  `s_residence` varchar(30) NOT NULL,
  `s_hobbies` varchar(255) NOT NULL,
  `s_talents` varchar(30) NOT NULL,
  `s_club_org` varchar(255) NOT NULL,
  `s_field_study` varchar(255) NOT NULL,
  `s_level_study` varchar(255) NOT NULL,
  `s_diploma` varchar(255) NOT NULL,
  `s_anti_yr_grad` varchar(40) NOT NULL,
  `s_working` varchar(30) DEFAULT NULL,
  `s_bro_sis` int(11) NOT NULL,
  `s_step_sis` int(11) NOT NULL,
  `s_step_bro` int(11) NOT NULL,
  `s_series` int(11) NOT NULL,
  `s_AL_points` int(11) NOT NULL,
  `s_yr_obtained` int(255) NOT NULL,
  `s_place` varchar(255) NOT NULL,
  `key` int(11) NOT NULL,
  `yr` int(5) NOT NULL
) ENGINE=MyISAM DEFAULT CHARSET=latin1;

--
-- Dumping data for table `student_other_info`
--

INSERT INTO `student_other_info` (`s_id`, `s_div_origin`, `s_reg_origin`, `s_nationality`, `s_handicapped`, `s_repeater`, `s_nlanguage`, `s_emailadd`, `s_residence`, `s_hobbies`, `s_talents`, `s_club_org`, `s_field_study`, `s_level_study`, `s_diploma`, `s_anti_yr_grad`, `s_working`, `s_bro_sis`, `s_step_sis`, `s_step_bro`, `s_series`, `s_AL_points`, `s_yr_obtained`, `s_place`, `key`, `yr`) VALUES
(0, '', '', '', '', '', '', '', '', '', '', '', '', '', '', '', '', 0, 0, 0, 0, 0, 0, '', 2, 0),
(20004281, '', '', '', '', '', '', '', '', '', '', '', '', '', '', '', '', 0, 0, 0, 0, 0, 0, '', 3, 0),
(2147483647, 'ds', 'rs', 'ns', 'no', 'no', 'ls', 'es', 'rs', 'hs', 'ts', 'cs', 'fs', 'ls', 'ds', 'gs', 'no', 11, 11, 11, 11, 11, 21, 'ps', 4, 4),
(234234324, 'sddsdsd', 'sdsd', 'sdsdsd', 'no', 'no', 'sds', 'sdsd', 'sd', 'sdsd', 'sd', 'sdsdsd', 'sd', 'sd', 'sdsd', 'sd', 'no', 23, 3, 23, 23, 23, 0, 'sd', 6, 1);

-- --------------------------------------------------------

--
-- Table structure for table `student_school_attend`
--

CREATE TABLE `student_school_attend` (
  `s_id` int(11) NOT NULL,
  `s_primary` varchar(255) DEFAULT NULL,
  `s_secondary` varchar(255) DEFAULT NULL,
  `s_high` varchar(255) DEFAULT NULL,
  `s_university` varchar(255) DEFAULT NULL,
  `key` int(11) NOT NULL,
  `yr` int(5) NOT NULL
) ENGINE=MyISAM DEFAULT CHARSET=latin1;

--
-- Dumping data for table `student_school_attend`
--

INSERT INTO `student_school_attend` (`s_id`, `s_primary`, `s_secondary`, `s_high`, `s_university`, `key`, `yr`) VALUES
(0, '', '', '', '', 2, 0),
(20004281, '', '', '', '', 3, 0),
(2147483647, 'ps', 'ss', 'hs', 'us', 4, 4),
(234234324, 'sdsd', 'sd', 'sd', 'sd', 6, 1);

-- --------------------------------------------------------

--
-- Table structure for table `subjects`
--

CREATE TABLE `subjects` (
  `subj_code` int(11) NOT NULL,
  `subject` varchar(30) NOT NULL,
  `description` varchar(30) NOT NULL,
  `unit` int(11) NOT NULL,
  `yr` int(5) NOT NULL,
  `semester` varchar(20) NOT NULL,
  `course_id` int(11) NOT NULL,
  `pre` varchar(30) NOT NULL
) ENGINE=MyISAM DEFAULT CHARSET=latin1;

--
-- Dumping data for table `subjects`
--

INSERT INTO `subjects` (`subj_code`, `subject`, `description`, `unit`, `yr`, `semester`, `course_id`, `pre`) VALUES
(1, 'Filipino 1', 'Pagbasa at pagsulat', 3, 1, 'First', 1, 'None'),
(2, 'English 1 ', 'Study and thinking Skills', 3, 1, 'Second ', 2, 'None'),
(3, 'educ 101', 'Social Dimensions', 3, 1, 'Second ', 1, 'None'),
(5, 'Math1', 'Algebra', 3, 1, 'First', 4, 'None'),
(7, 'Math2', 'Calculus', 3, 1, 'First', 2, 'None'),
(8, 'Automata', 'Atomata description', 3, 1, 'First', 1, 'None'),
(9, 'english plus', 'Writing skills', 3, 1, 'First', 4, 'None'),
(10, 'Educ 01', 'Strategies of Teaching', 3, 1, 'First', 3, 'None'),
(11, 'Educ 02', 'Principles of teaching', 3, 1, 'First', 3, 'None'),
(34, 'sad', 'sad', 0, 1, 'First', 1, 'sdaasd'),
(13, 'ENGL11', 'Study and thinking Skills', 3, 1, 'First', 1, 'None'),
(14, 'ENGL 12', 'Writing in the Discipline', 3, 1, 'First', 1, 'ENGL11'),
(15, 'KB1', 'Fundamentals of Typewriting', 3, 1, 'First', 6, 'None'),
(16, 'KB2', 'Advance Typewrinting', 3, 1, 'Second ', 6, 'KB1'),
(17, 'COMP1', 'Computer 1', 3, 1, 'First', 1, 'None'),
(18, 'COMP2', 'Computer 2', 3, 1, 'Second ', 1, 'COMP1'),
(19, 'ComOrg', 'Computer Organization', 3, 1, 'First', 1, 'COMP1'),
(24, 'DBMS', 'Database Management System', 3, 2, 'Second ', 1, 'None'),
(25, 'DBMS II', 'Database Management System II', 3, 3, 'First', 1, 'DBMS'),
(26, 'TS5', 'Software Tools', 3, 3, 'First', 1, 'None'),
(27, 'OOP', 'Object Oriented Programming', 3, 2, 'First', 1, 'None'),
(39, 'Multi', 'Multimedia1', 3, 2, 'First', 1, ''),
(40, 'Multi 1', 'Multimedia 2', 3, 2, 'Second', 1, 'None'),
(45, 'SAD', 'System Analysis And Design', 3, 3, 'First', 1, 'None'),
(44, 'SoftEng', 'Software Engineering', 3, 3, 'Second', 1, 'SAD');

-- --------------------------------------------------------

--
-- Table structure for table `system_info`
--

CREATE TABLE `system_info` (
  `sys_id` int(11) NOT NULL,
  `sysname` varchar(50) NOT NULL,
  `logoname` varchar(255) NOT NULL,
  `logotype` varchar(50) NOT NULL,
  `size` int(15) NOT NULL,
  `description` varchar(255) NOT NULL,
  `active` int(11) NOT NULL
) ENGINE=MyISAM DEFAULT CHARSET=latin1;

--
-- Dumping data for table `system_info`
--

INSERT INTO `system_info` (`sys_id`, `sysname`, `logoname`, `logotype`, `size`, `description`, `active`) VALUES
(2, 'Student Transcript Processing System', '487940_605114892866654_256031780_n.jpg', 'image/jpeg', 75454, 'asdasdasdasdasd', 0),
(3, 'KCC Grades and Student Information System', '403366_247819538629389_985850300_n.jpg', 'image/jpeg', 83045, 'Kcc Grade and and informationsyste description', 0);

-- --------------------------------------------------------

--
-- Table structure for table `testsubj`
--

CREATE TABLE `testsubj` (
  `id` int(11) NOT NULL,
  `subj` varchar(30) DEFAULT NULL
) ENGINE=MyISAM DEFAULT CHARSET=latin1;

-- --------------------------------------------------------

--
-- Table structure for table `users`
--

CREATE TABLE `users` (
  `user_id` int(11) NOT NULL,
  `users_name` varchar(30) NOT NULL,
  `uname` varchar(30) NOT NULL,
  `u_pass` varchar(60) NOT NULL,
  `utype` varchar(30) NOT NULL
) ENGINE=MyISAM DEFAULT CHARSET=latin1;

--
-- Dumping data for table `users`
--

INSERT INTO `users` (`user_id`, `users_name`, `uname`, `u_pass`, `utype`) VALUES
(1234567, 'Joken Villanueva', 'joken', 'c92e8831ed99b9d66cb3fbf11e4d50f4074e1f8b', 'Teacher'),
(6, 'Joken Villanueva', 'admin', 'fa3bb893cc31e191988f3ce5e22dc23e6441fe03', 'Administrator'),
(21323, 'sdsdsd sdsd', 'aa', 'e0c9035898dd52fc65c41454cec9c4d2611bfb37', 'Student'),
(1234, 'Janno Palacios', 'janobe', '356a192b7913b04c54574d18c28d46e6395428ab', 'Teacher'),
(1234570, 'kghjg', 'g', '7323a5431d1c31072983a6a5bf23745b655ddf59', 'Administrator'),
(1234569, 'hello', 'hell', 'aaf4c61ddcc5e8a2dabede0f3b482cd9aea9434d', 'Administrator'),
(12345678, 'joken VILLANUEVA', 'joken', '4cc70a80780e7c3a17f1b6609c0df40825375a0f', 'Student'),
(123456781, 'HATCH VILLANUEVA', 'joken', '4cc70a80780e7c3a17f1b6609c0df40825375a0f', 'Student'),
(1234557, 'Villanueva Joken', 'joken', '03695bcb21799c550528a0f90ea7b8c39f577954', 'Teacher'),
(123456782, 'reg', 'reg', 'e06b95860a6082ae37ef08874f8eb5fade2549da', 'Registrar'),
(12, 'tyyu', 'tyyu', 'tyyu', 'Student');

-- --------------------------------------------------------

--
-- Structure for view `stud_course`
--
DROP TABLE IF EXISTS `stud_course`;

CREATE ALGORITHM=UNDEFINED DEFINER=`root`@`localhost` SQL SECURITY DEFINER VIEW `stud_course`  AS  select `student`.`s_id` AS `s_id`,`student`.`s_name` AS `s_name`,`student`.`s_address` AS `s_address`,`student`.`s_age` AS `s_age`,`student`.`s_bday` AS `s_bday`,`student`.`s_bplace` AS `s_bplace`,`student`.`sex` AS `sex`,`student`.`s_status` AS `s_status`,`student`.`s_contact` AS `s_contact`,`student`.`s_guardian` AS `s_guardian`,`course`.`course_name` AS `course_name`,`student`.`s_guardian_add` AS `s_guardian_add`,`student`.`s_guardian_contact` AS `s_guardian_contact`,`student`.`sy` AS `sy`,`student`.`semester` AS `semester`,`student`.`key` AS `key`,`student`.`yr` AS `yr`,`course`.`course_id` AS `course_id` from (`student` left join `course` on((`student`.`course_id` = `course`.`course_id`))) ;

--
-- Indexes for dumped tables
--

--
-- Indexes for table `autonumber`
--
ALTER TABLE `autonumber`
  ADD PRIMARY KEY (`auto_id`);

--
-- Indexes for table `contactemergency`
--
ALTER TABLE `contactemergency`
  ADD PRIMARY KEY (`key`),
  ADD UNIQUE KEY `s_id` (`s_id`);

--
-- Indexes for table `course`
--
ALTER TABLE `course`
  ADD PRIMARY KEY (`course_id`);

--
-- Indexes for table `department`
--
ALTER TABLE `department`
  ADD PRIMARY KEY (`dept_id`);

--
-- Indexes for table `grades`
--
ALTER TABLE `grades`
  ADD PRIMARY KEY (`grades_id`);

--
-- Indexes for table `guardian`
--
ALTER TABLE `guardian`
  ADD PRIMARY KEY (`key`),
  ADD UNIQUE KEY `s_id` (`s_id`);

--
-- Indexes for table `instructor`
--
ALTER TABLE `instructor`
  ADD UNIQUE KEY `instruc_id` (`instruc_id`);

--
-- Indexes for table `instructor_sub`
--
ALTER TABLE `instructor_sub`
  ADD PRIMARY KEY (`id`);

--
-- Indexes for table `ozekimessagein`
--
ALTER TABLE `ozekimessagein`
  ADD PRIMARY KEY (`id`);

--
-- Indexes for table `ozekimessageout`
--
ALTER TABLE `ozekimessageout`
  ADD PRIMARY KEY (`id`);

--
-- Indexes for table `photos`
--
ALTER TABLE `photos`
  ADD PRIMARY KEY (`id`);

--
-- Indexes for table `schoolcal`
--
ALTER TABLE `schoolcal`
  ADD PRIMARY KEY (`cal_id`),
  ADD UNIQUE KEY `cal_id` (`cal_id`);

--
-- Indexes for table `student`
--
ALTER TABLE `student`
  ADD PRIMARY KEY (`key`),
  ADD UNIQUE KEY `s_id` (`s_id`);

--
-- Indexes for table `student_other_info`
--
ALTER TABLE `student_other_info`
  ADD PRIMARY KEY (`key`),
  ADD UNIQUE KEY `s_id` (`s_id`);

--
-- Indexes for table `student_school_attend`
--
ALTER TABLE `student_school_attend`
  ADD PRIMARY KEY (`key`),
  ADD UNIQUE KEY `s_id` (`s_id`);

--
-- Indexes for table `subjects`
--
ALTER TABLE `subjects`
  ADD PRIMARY KEY (`subj_code`);

--
-- Indexes for table `system_info`
--
ALTER TABLE `system_info`
  ADD PRIMARY KEY (`sys_id`);

--
-- Indexes for table `testsubj`
--
ALTER TABLE `testsubj`
  ADD PRIMARY KEY (`id`);

--
-- Indexes for table `users`
--
ALTER TABLE `users`
  ADD PRIMARY KEY (`user_id`);

--
-- AUTO_INCREMENT for dumped tables
--

--
-- AUTO_INCREMENT for table `autonumber`
--
ALTER TABLE `autonumber`
  MODIFY `auto_id` int(11) NOT NULL AUTO_INCREMENT, AUTO_INCREMENT=22;
--
-- AUTO_INCREMENT for table `contactemergency`
--
ALTER TABLE `contactemergency`
  MODIFY `key` int(11) NOT NULL AUTO_INCREMENT, AUTO_INCREMENT=7;
--
-- AUTO_INCREMENT for table `course`
--
ALTER TABLE `course`
  MODIFY `course_id` int(11) NOT NULL AUTO_INCREMENT, AUTO_INCREMENT=10;
--
-- AUTO_INCREMENT for table `department`
--
ALTER TABLE `department`
  MODIFY `dept_id` int(11) NOT NULL AUTO_INCREMENT, AUTO_INCREMENT=4;
--
-- AUTO_INCREMENT for table `grades`
--
ALTER TABLE `grades`
  MODIFY `grades_id` int(11) NOT NULL AUTO_INCREMENT, AUTO_INCREMENT=39;
--
-- AUTO_INCREMENT for table `guardian`
--
ALTER TABLE `guardian`
  MODIFY `key` int(11) NOT NULL AUTO_INCREMENT, AUTO_INCREMENT=7;
--
-- AUTO_INCREMENT for table `instructor_sub`
--
ALTER TABLE `instructor_sub`
  MODIFY `id` int(11) NOT NULL AUTO_INCREMENT, AUTO_INCREMENT=30;
--
-- AUTO_INCREMENT for table `ozekimessagein`
--
ALTER TABLE `ozekimessagein`
  MODIFY `id` int(11) NOT NULL AUTO_INCREMENT;
--
-- AUTO_INCREMENT for table `ozekimessageout`
--
ALTER TABLE `ozekimessageout`
  MODIFY `id` int(11) NOT NULL AUTO_INCREMENT, AUTO_INCREMENT=2;
--
-- AUTO_INCREMENT for table `photos`
--
ALTER TABLE `photos`
  MODIFY `id` int(11) NOT NULL AUTO_INCREMENT, AUTO_INCREMENT=4;
--
-- AUTO_INCREMENT for table `schoolcal`
--
ALTER TABLE `schoolcal`
  MODIFY `cal_id` int(11) NOT NULL AUTO_INCREMENT, AUTO_INCREMENT=11;
--
-- AUTO_INCREMENT for table `student`
--
ALTER TABLE `student`
  MODIFY `key` int(11) NOT NULL AUTO_INCREMENT, AUTO_INCREMENT=93;
--
-- AUTO_INCREMENT for table `student_other_info`
--
ALTER TABLE `student_other_info`
  MODIFY `key` int(11) NOT NULL AUTO_INCREMENT, AUTO_INCREMENT=7;
--
-- AUTO_INCREMENT for table `student_school_attend`
--
ALTER TABLE `student_school_attend`
  MODIFY `key` int(11) NOT NULL AUTO_INCREMENT, AUTO_INCREMENT=7;
--
-- AUTO_INCREMENT for table `subjects`
--
ALTER TABLE `subjects`
  MODIFY `subj_code` int(11) NOT NULL AUTO_INCREMENT, AUTO_INCREMENT=46;
--
-- AUTO_INCREMENT for table `system_info`
--
ALTER TABLE `system_info`
  MODIFY `sys_id` int(11) NOT NULL AUTO_INCREMENT, AUTO_INCREMENT=4;
--
-- AUTO_INCREMENT for table `testsubj`
--
ALTER TABLE `testsubj`
  MODIFY `id` int(11) NOT NULL AUTO_INCREMENT;
--
-- AUTO_INCREMENT for table `users`
--
ALTER TABLE `users`
  MODIFY `user_id` int(11) NOT NULL AUTO_INCREMENT, AUTO_INCREMENT=123456783;--
-- Database: `tech_forum`
--
CREATE DATABASE IF NOT EXISTS `tech_forum` DEFAULT CHARACTER SET latin1 COLLATE latin1_swedish_ci;
USE `tech_forum`;

-- --------------------------------------------------------

--
-- Table structure for table `answer`
--

CREATE TABLE `answer` (
  `answer_id` int(11) NOT NULL,
  `replied` int(11) NOT NULL,
  `question_id` varchar(50) NOT NULL,
  `answer_detail` varchar(2000) NOT NULL,
  `datetime` timestamp NOT NULL DEFAULT CURRENT_TIMESTAMP,
  `user_id` int(11) NOT NULL,
  `like` int(20) NOT NULL
) ENGINE=InnoDB DEFAULT CHARSET=latin1;

--
-- Dumping data for table `answer`
--

INSERT INTO `answer` (`answer_id`, `replied`, `question_id`, `answer_detail`, `datetime`, `user_id`, `like`) VALUES
(4, 0, '13', 'this is mehuls answer 1.... to the above asked question....', '2012-04-04 16:45:49', 0, 0),
(5, 0, '13', 'rgua ua nt BIRWGEA baWEQWEHkah', '2012-04-05 21:44:56', 0, 0),
(6, 0, '12', 'using the connectivity query', '2012-04-06 16:49:11', 8, 0),
(7, 0, '14', 'the various stages are \r\nNew,Ready,Running,Blocked,Terminate', '2012-04-07 17:33:43', 9, 2),
(8, 0, '16', 'In the star topology there is a centralized hub. The communication between various nodes through the hub.\r\nIn this type of network there is a bottleneck of the centralized hub.It is widely used in LAN connection.', '2012-04-08 16:14:09', 9, 0),
(9, 0, '16', 'In the star topology there is a centralized hub. The communication between various nodes through the hub.\r\nIn this type of network there is a bottleneck of the centralized hub.It is widely used in LAN connection.', '2012-04-09 23:45:22', 9, 0),
(11, 0, '17', 'You can do it withing Borland or VC++ IDE & Compiler.', '2012-04-11 11:15:51', 8, 0),
(12, 0, '17', 'this is reply 1. and this reply is not 2nd...', '2012-04-13 13:49:44', 8, 0),
(13, 0, '17', 'scheduling algorithm is carried out by various methods such as first come first schedule,round robin scheduling,etc;', '2012-04-11 23:33:46', 8, 0),
(15, 0, '17', 'It has many method to explain the sheduling ', '2012-04-13 06:18:28', 12, 0),
(16, 0, '21', 'swing is swing and applet is not swing.', '2012-04-13 22:20:50', 17, 0),
(17, 0, '17', 'scheduling is....', '2012-04-18 21:49:44', 8, 0),
(18, 0, '11', 'i got the answer', '2012-04-18 23:06:22', 9, 0),
(20, 0, '12', 'connectivity with use of execute query and non-execute query\r\n', '2012-04-19 12:27:14', 8, 0),
(21, 0, '17', '\r\n', '2012-04-21 22:30:38', 8, 0),
(22, 0, '29', 'the thread is sub process...', '2012-04-25 00:41:23', 30, 0),
(23, 0, '29', 'are vah', '2012-04-25 00:54:00', 8, 0),
(24, 0, '31', '>This problem is faced with several of people all you have to do is make it stop doing MIME sniffing. You can disable this MIME sniffing by selecting IE the go to tools then to internet options then click custom level after that select Miscellaneous section. After that scroll down in this section then check enable under open files based on content, not the file extension', '2012-04-25 23:48:39', 12, 0),
(25, 0, '32', 'The problem was with the theme. Actually it was customized video game theme that was causing the error. Now its working proper.', '2012-04-25 23:49:35', 12, 0),
(26, 0, '32', 'Can you post a screenshot of the problem ? Even I had never seen such problem that notifications turned black. If possible post the screenshot so that I can see what type of pop message in black color is coming in laptop. Till than you can try setting some another them and see if it works. Hope it will work.', '2012-04-25 23:50:25', 9, 0),
(27, 0, '33', 'As i have doubt if you could reset it from the safe mode. But you can surely do it with the help of an application called "Windows Password Key". Here is the step by step process for doing the same:\r\n\r\n\r\n	Download Windows Password key from http://www.lostwindowspassword.com/downloads/Windows_Password_Key_Standard_Demo.exe.\r\n	Install it on any other PC that you can access easily.\r\n	Now you need to burn a bootable CD/DVD Or better create a USB Flash Drive.\r\n	Connect this USB or insert bootable DVD to your Windows 8 system and recover the password.\r\nThats it. \r\n', '2012-04-25 23:50:59', 9, 0),
(28, 0, '34', 'C:WindowsSystem32shutdown.exe -s -t 0 -f', '2012-04-25 23:54:52', 9, 0),
(29, 0, '35', 'I have read your question and I would keen to tell you that you can use Mozilla Firefox 10 in Linux-32 bit but before you do that you have to visit official site of the Mozilla Firefox. After that you need to select system and language below download option and then choose Linux installed and download that in your machine. Now you have to install it in your machine. I guess this will bring an end to your problem.', '2012-04-26 00:07:16', 12, 0),
(30, 0, '36', 'Hi friends, as o know there are many users who are really in need of the Google chrome themes but are unable to install the same. So I have started this thread to give you people a fair idea regarding the same. So now to install the theme you just need to follow the below mentioned steps:\r\n\r\nStep 1: Start Google Chrome and go to this web address . Google runs its own themes, in fact online.\r\n\r\nStep 2: Navigate in the themes and click Apply Theme, once it is selected.\r\n\r\nStep 3: Downloading and installation are automatic, and your theme is applied instantly. However, you can cancel it by clicking the Cancel button in the upper right of the browser!', '2012-04-26 00:16:37', 9, 0),
(31, 0, '37', 'Happili.com is deeply infiltrated into victims system. To remove Happili.com, please follow below instruction:\r\n1.       reboot your system into safe mode with networking;\r\n2.       download Anvi Smart Defender and install it;\r\n3.       Fully scan your computer;\r\n4.       delete Happili.com Redirect Virus related file:\r\nQuote\r\n    * %AllUsersProfile%{random}\r\n    * %AllUsersProfile%{random}*.lnk\r\n    * HKEY_CURRENT_USERSoftwareMicrosoftWindowsCurrentVersionRunOnce [RANDOM]\r\n    * HKEY_CURRENT_USERSoftwareMicrosoftWindowsCurrentVersionRun [RANDOM]\r\n    * HKEY_LOCAL_MACHINESOFTWAREMicrosoftWindowsCurrentVersionRun [RANDOM].exe\r\n    * HKEY_CURRENT_USERSoftware[RANDOM]\r\n5.  restart your computer;\r\n', '2012-04-26 00:27:26', 15, 0),
(32, 0, '38', 'The Google Redirect Virus is a real and serious threat to PCs around the world.  The main symptom of this virus is that the search results of Google users will be diverted, and instead of being directed to legitimate sites will redirect to malicious websites distributing spyware to sell rogue security tools and distribution of viruses and infections.  The Google Redirect Virus is hidden in your PC, and once activated will make it nearly impossible for the user to use any search engine. What makes Google Redirect Virus hijackers even more dangerous than a normal search engine is the fact that you can use up to 100% of system resources, making the system almost impossible to operate.  Google Redirect Virus will also create a backdoor on the system that other types of malware that exploit the system for easy entry.\r\n\r\nAlthough it is popularly referred to by the title of the virus, the virus is more skillfully Google Redirect classified as a rootkit or Trojan.  This threat is caused by several types of TDSS rootkit, some of which goes by the name of: \r\n	Alureon \r\n	Tidserv \r\n	Backdoor.Tidserv \r\n	Trojan: WinNT / Alureon.D \r\n	TrojanSpy: Win32/Chadem.A and many other\r\nGoogle Redirect Virus blocks ads and Google search pages show random ads that contain dubious and link spammers and malware sites.  In fact, Google search results are hijacked, making it impossible for the user to perform an online search.After the user is redirected to a website unrelated to their initial research, some websites you can use to generate false traffic to increase their payments to affiliate marketing, while others attempt to trick you to buy harmful rogue security tools. Another big problem with Google Redirect Virus is that you can hide from security tools installed.  It will not be picked up by many security tools, and then the user may find it difficult to detect and remove Google Redirect virus from the system.  It does this by injecting the same memory and processes to enabl', '2012-04-26 00:30:56', 15, 4),
(37, 0, '39', 'As for a listing on a wired network, it needs to be physically connected by Wi-Fi, anyone within range of the network can potentially connect to it.  And this is even more annoying than the intruder may not be visible: this can be a neighbor, passing in the street, in short, anyone.  Then he is free to browse the hard drive of your PC connected to the unprotected or using your Internet inappropriately, you yourself are responsible for the acts he might commit.  Fortunately, it is possible to prevent this. \r\n\r\nThe default settings for access points and wireless routers are not secure and allow anyone to connect to your network.  Thus, the majority of users switching to Wi-Fi, seeing that the wireless works straight start, do not go further and do not seek to secure it, which is extremely risky.  Here is how to properly configure your Wi-Fi to make it safer.\r\n\r\nIn our example, we used Orange Livebox. However, the features and options listed are present in most of the box, routers and access points Wi-Fi market.  Do not hesitate to refer to your hardware documentation for more information and find out how to access a specific feature.\r\n', '2012-04-26 00:45:57', 9, 0),
(40, 0, '40', 'If your broadband connection is slower than it should be, it may be due to the configuration of your network or computer.  If you tell your company that your Internet connection is slow, probably say that the problem is on your computer and will not be responsible.  This guide will show you what you can do to improve the speed of your connection. Before making any changes to your settings, turn off the router or access point to Internet and back on.  Sometimes the connection can be slow due to a failure point in the output device to the Internet. ', '2012-04-26 00:53:40', 15, 0),
(41, 0, '14', 'thre are 5 stages witch are ready,running,wait,block,release ', '2012-04-26 22:55:00', 15, 6),
(42, 0, '14', '1.ready\r\n2.running\r\n3.wait\r\n4.block\r\n5.release', '2012-04-26 22:56:15', 8, 9),
(43, 0, '7', 'jjjjjjj', '2012-04-27 14:44:09', 8, 0),
(44, 0, '41', 'THIS HAS FIVE STAPE', '2012-04-27 16:06:41', 8, 1),
(45, 0, '39', 'ddddddddd', '2015-10-25 17:11:16', 8, 0),
(46, 0, '39', 'dfdfdf', '2015-10-25 17:11:31', 8, 0),
(47, 0, '42', 'Rasmus Lerdorfffffffff', '2015-10-25 17:12:40', 8, 0),
(48, 0, '43', 'hallo', '2016-04-30 05:22:05', 5, 0);

-- --------------------------------------------------------

--
-- Table structure for table `chat`
--

CREATE TABLE `chat` (
  `chatdetail_id` int(11) NOT NULL,
  `cdatetime` timestamp NOT NULL DEFAULT CURRENT_TIMESTAMP,
  `message` varchar(1000) NOT NULL,
  `user_id` int(11) NOT NULL,
  `chat_id` int(11) NOT NULL
) ENGINE=InnoDB DEFAULT CHARSET=latin1;

--
-- Dumping data for table `chat`
--

INSERT INTO `chat` (`chatdetail_id`, `cdatetime`, `message`, `user_id`, `chat_id`) VALUES
(13, '2012-04-18 00:28:03', 'hi fabin im hardik', 8, 5),
(14, '2012-04-18 00:28:22', 'ka vikla', 8, 6),
(15, '2012-04-18 00:41:26', 'hi', 9, 5),
(16, '2012-04-18 00:42:12', 'how r u', 9, 5),
(17, '2012-04-18 00:42:55', 'hello', 9, 5),
(18, '2012-04-18 00:43:32', 'hi', 9, 5),
(19, '2012-04-18 00:43:52', 'kaise ho ?', 9, 5),
(20, '2012-04-18 00:43:58', 'm fine', 9, 5),
(21, '2012-04-18 00:44:36', 'this is hardik', 9, 5),
(22, '2012-04-18 00:46:39', 'now its fine', 9, 5),
(23, '2012-04-18 00:46:49', 'hardik here', 8, 5),
(24, '2012-04-18 19:37:31', 'shu karo 6o', 5, 7),
(25, '2012-04-18 19:41:37', 'are hardik hu hato ato', 12, 8),
(26, '2012-04-18 19:46:28', 'are shu photo mast mukyo 6e', 8, 9),
(27, '2012-04-19 22:12:32', 'are dipak avyo 6e ', 12, 8),
(28, '2012-04-21 21:53:43', 'hi\r\n', 8, 10),
(32, '2012-04-24 18:12:28', 'aaaaaaa', 5, 13),
(35, '2012-04-25 00:52:42', 'shu bhai', 30, 16),
(36, '2012-04-26 23:08:05', 'what is message passing system in the distributed application?', 9, 17),
(37, '2012-04-26 23:09:39', 'why synchronization require in the distributed system? ', 9, 18),
(38, '2012-04-27 14:46:00', 'how is your work going on?\r\n', 8, 19),
(39, '2015-10-25 17:08:31', 'ddddddddd', 5, 20),
(40, '2016-03-12 07:46:57', 'hey Mr', 5, 21);

-- --------------------------------------------------------

--
-- Table structure for table `chatmaster`
--

CREATE TABLE `chatmaster` (
  `chat_id` int(11) NOT NULL,
  `user_id_from` int(11) NOT NULL,
  `user_id_to` int(11) NOT NULL
) ENGINE=InnoDB DEFAULT CHARSET=latin1;

--
-- Dumping data for table `chatmaster`
--

INSERT INTO `chatmaster` (`chat_id`, `user_id_from`, `user_id_to`) VALUES
(5, 8, 9),
(6, 8, 12),
(7, 5, 8),
(8, 12, 8),
(9, 8, 5),
(10, 8, 9),
(11, 8, 5),
(12, 8, 5),
(13, 5, 8),
(14, 5, 8),
(15, 29, 8),
(16, 30, 5),
(17, 9, 15),
(18, 9, 12),
(19, 8, 15),
(20, 5, 8),
(21, 5, 32);

-- --------------------------------------------------------

--
-- Table structure for table `question`
--

CREATE TABLE `question` (
  `question_id` int(11) NOT NULL,
  `heading` varchar(50) NOT NULL,
  `question_detail` varchar(2000) NOT NULL,
  `datetime` timestamp NOT NULL DEFAULT CURRENT_TIMESTAMP,
  `user_id` int(11) NOT NULL,
  `subtopic_id` int(11) NOT NULL,
  `views` int(11) NOT NULL
) ENGINE=InnoDB DEFAULT CHARSET=latin1;

--
-- Dumping data for table `question`
--

INSERT INTO `question` (`question_id`, `heading`, `question_detail`, `datetime`, `user_id`, `subtopic_id`, `views`) VALUES
(7, 'table connectivity', 'query of the connecting table with form?', '2012-04-11 19:42:44', 8, 7, 10),
(8, 'Window Xp', 'how to debbuge the ble screen error?', '2012-04-11 10:25:00', 8, 5, 1),
(9, 'Window vista', 'hot to change the administrator password from cmd?', '2012-04-04 03:51:44', 8, 5, 0),
(10, 'Window 7', 'how to make uninstall set up? ', '2012-04-05 12:24:42', 8, 5, 3),
(11, 'linux', 'how to use the live source of l\r\n', '2012-04-07 10:51:42', 9, 5, 6),
(12, 'connectivity', 'how to connect form with database?', '2012-04-09 19:01:36', 8, 2, 5),
(14, 'Thread life cycle', 'What are the different stages of thread life cycle?\r\n', '2012-04-10 09:04:43', 9, 12, 189),
(15, 'applet controls ', 'how to create simple applet program? ', '2012-04-12 22:02:44', 9, 13, 6),
(16, 'STAR topology', 'how connection established in the star topology?\r\n', '2012-04-27 08:14:01', 9, 17, 1),
(17, 'Scheduling', 'Hello,\r\n\r\nI want to create a program that supports multi-threading with scheduling. The program must', '2012-04-18 01:41:54', 8, 12, 79),
(18, 'Sheduling algorithm', 'Explain the various scheduling algorithm?\r\n', '2012-04-11 23:13:25', 8, 0, 0),
(19, 'Sheduling algorithm', 'Explain the various scheduling algorithm?\r\n', '2012-04-11 23:13:54', 8, 0, 1),
(20, 'scheduling algorithm', 'Explain various scheduling algorithm used in the cpu scheduling?', '2012-04-11 23:18:47', 8, 12, 9),
(21, 'Swing Applet', 'I want to know the difference between normal Applet and Swing Applet.....\r\n\r\nAnd I also want to know', '2012-04-13 22:13:35', 16, 13, 12),
(22, 'Applet Class', 'What is applet class ?', '2012-04-13 23:13:37', 26, 13, 2),
(23, 'what is applet ?', 'what is applet ?\r\n\r\nIs it as class or package ?', '2012-04-13 23:18:45', 27, 13, 4),
(24, 'a', '', '2012-04-21 22:53:31', 8, 12, 0),
(25, 'thread ', 'explain the  various stages of thread', '2012-04-22 15:39:06', 8, 12, 6),
(26, '', '', '2012-04-24 14:15:11', 8, 12, 0),
(27, 'a', '', '2012-04-24 14:15:33', 8, 12, 0),
(28, 'a', '', '2012-04-24 14:17:32', 8, 12, 0),
(29, 'what', 'what is what', '2012-04-25 00:18:15', 28, 12, 7),
(30, 'What is thread ?', 'What is thread ?', '2012-04-25 00:38:03', 29, 12, 1),
(31, 'window 7', 'Windows 7, how can I open .jnlp extension in Internet Explorer 9?', '2012-04-25 23:25:05', 8, 12, 5),
(32, 'window vista', 'Unable to see taskbar notifications in Windows Vista SP2?', '2012-04-25 23:26:24', 8, 12, 5),
(33, 'window 8', 'How can i recover lost windows 8 Administrator password?', '2012-04-25 23:27:06', 8, 12, 4),
(34, 'windows 8', ' How to easily Shutdown Windows 8 Consumer preview?', '2012-04-25 23:52:35', 8, 12, 4),
(35, 'Mozila Browser', 'Operate Mozilla Firefox 10 in linux-32 Bit?', '2012-04-26 00:05:47', 9, 18, 11),
(36, 'Google Chrome Browser', 'How to install Google chrome themes?', '2012-04-26 00:14:33', 12, 18, 7),
(37, 'Happili ', 'How to remove Happili redirecting virus?', '2012-04-26 00:24:11', 9, 19, 22),
(38, 'Google Redirect Virus', 'How to remove Google redirect virus from Web browser?', '2012-04-26 00:29:52', 9, 19, 15),
(39, 'Secure Wi-Fi', 'Tips to create secure Wi-Fi', '2012-04-26 00:45:07', 15, 20, 8),
(40, 'Connection speed', 'How to increase the speed of your broadband connection?', '2012-04-26 00:53:08', 9, 20, 2),
(41, 'THREADING', 'WHAT IS THREADING?', '2012-04-27 16:05:09', 32, 12, 12),
(42, 'Who is the father of php', 'Any one tell me who is the father of php ???????', '2015-10-25 17:12:11', 8, 12, 2),
(43, 'THREADERS', 'WHAT DO WE BENEFIT FROM THREADERS', '2016-04-27 16:27:28', 41, 0, 5);

-- --------------------------------------------------------

--
-- Table structure for table `subtopic`
--

CREATE TABLE `subtopic` (
  `subtopic_id` int(11) NOT NULL,
  `subtopic_name` varchar(50) NOT NULL,
  `subtopic_description` varchar(500) NOT NULL,
  `s_status` varchar(20) NOT NULL,
  `topic_id` int(11) NOT NULL
) ENGINE=InnoDB DEFAULT CHARSET=latin1;

--
-- Dumping data for table `subtopic`
--

INSERT INTO `subtopic` (`subtopic_id`, `subtopic_name`, `subtopic_description`, `s_status`, `topic_id`) VALUES
(2, 'php', 'web', 'tr', 10),
(3, 'connectivity', 'data table', 'ss', 11),
(4, 'html', 'web page design', 'ss', 13),
(6, 'Threading', 'Info about Thread & Runnable', 'tr', 7),
(7, 'file management', 'exception handling', 'tr', 8),
(8, 'i/o management', 'data string handler', 'tr', 8),
(11, 'Move', 'how to move file from one location to another', 'tr', 13),
(13, 'applet controls', 'discussion of the controls of applet', 'true', 18),
(14, 'ExecutingQuery in sql', 'types of sql queries', 'true', 19),
(15, 'Non Executing Query', 'Select Query', 'tr', 19),
(16, '8085 processor', 'block diagram discription', 'tr', 21),
(17, 'network types', 'types of topologies', 'tr', 22),
(18, 'Application Related', 'Any querys Related Apps', 'tr', 23),
(19, 'Virus Solution', 'How we solve virus problems', 'tr', 24),
(20, 'Network Related', 'Network Related Querys', 'tr', 25);

-- --------------------------------------------------------

--
-- Table structure for table `topic`
--

CREATE TABLE `topic` (
  `topic_id` int(11) NOT NULL,
  `topic_name` varchar(50) NOT NULL,
  `topic_type` varchar(50) NOT NULL
) ENGINE=InnoDB DEFAULT CHARSET=latin1;

--
-- Dumping data for table `topic`
--

INSERT INTO `topic` (`topic_id`, `topic_name`, `topic_type`) VALUES
(17, 'Operating System', 'Threading'),
(18, 'Applet', 'JAVA'),
(19, 'Php Database connectivity', 'PHP'),
(21, 'Microprocessor', 'Processor'),
(23, 'Applications', 'Os Applications'),
(24, 'Virus', 'Virus solution'),
(25, 'Networks', 'Networks Related Querys'),
(26, 'projects', 'proposals and concept papers');

-- --------------------------------------------------------

--
-- Table structure for table `user`
--

CREATE TABLE `user` (
  `user_id` int(11) NOT NULL,
  `country` varchar(50) NOT NULL,
  `state` varchar(50) NOT NULL,
  `address` varchar(500) NOT NULL,
  `user_type` varchar(50) NOT NULL,
  `username` varchar(50) DEFAULT NULL,
  `fullname` varchar(50) DEFAULT NULL,
  `password` varchar(50) DEFAULT NULL,
  `user_acc_active` tinyint(1) DEFAULT NULL,
  `dob` date NOT NULL,
  `e_mail` varchar(100) DEFAULT NULL,
  `gender` varchar(20) NOT NULL,
  `uimg` varchar(255) NOT NULL,
  `isuser` tinyint(1) NOT NULL
) ENGINE=InnoDB DEFAULT CHARSET=latin1;

--
-- Dumping data for table `user`
--

INSERT INTO `user` (`user_id`, `country`, `state`, `address`, `user_type`, `username`, `fullname`, `password`, `user_acc_active`, `dob`, `e_mail`, `gender`, `uimg`, `isuser`) VALUES
(5, 'U.S.A', 'ahmedabad', '-', 'admin', 'admin', 'administrator', '12345', NULL, '2012-04-17', 'admin@gmail.com', '1', 'ups/admin.jpg', 1),
(33, 'Bugujju', 'ups/', 'kampala', 'user', 'amos', 'ak amos', '12345', NULL, '2000-03-13', 'amos@gmail.com', '1', 'ups/12535834_1730203970542411_1822139480_n_0000004097.jpg', 0),
(35, 'mukono', 'mukono', 'Turkmenistan', 'user', 'A53530', 'mutyaba', 'mutyaba', NULL, '1999-10-10', 'mutyaba@gmail.com', 'male', '', 0),
(36, 'mukono', 'bugujju', 'Turkmenistan', 'user', 'A53530', 'MUTYABA', 'mutyaba', NULL, '1990-10-10', 'mutyaba@gmail.com', 'male', '', 0),
(38, 'mukono', 'bugujju', 'Uganda', 'user', 'A53530', 'MUTYABA', 'mutyaba', NULL, '1990-10-10', 'mutyaba@gmail.com', 'male', '', 0),
(39, 'bugujju', 'mukono', 'Uganda', 'user', 'A53531', 'bugule', 'password', NULL, '1999-10-23', 'mike@gmail.com', 'male', '', 0),
(40, 'bugujju', 'mukono', 'Uganda', 'user', 'A54540', 'mukisa', 'mukisa', NULL, '1994-10-02', 'mukisa@gmail.com', 'male', '', 1),
(41, 'agape', 'bugujju', 'Turkey', 'user', 'A54541', 'TESTERS', 'TEST123', NULL, '1997-10-10', 'test@gmail.com', 'male', '', 0);

--
-- Indexes for dumped tables
--

--
-- Indexes for table `answer`
--
ALTER TABLE `answer`
  ADD PRIMARY KEY (`answer_id`);

--
-- Indexes for table `chat`
--
ALTER TABLE `chat`
  ADD PRIMARY KEY (`chatdetail_id`);

--
-- Indexes for table `chatmaster`
--
ALTER TABLE `chatmaster`
  ADD PRIMARY KEY (`chat_id`);

--
-- Indexes for table `question`
--
ALTER TABLE `question`
  ADD PRIMARY KEY (`question_id`);

--
-- Indexes for table `subtopic`
--
ALTER TABLE `subtopic`
  ADD PRIMARY KEY (`subtopic_id`);

--
-- Indexes for table `topic`
--
ALTER TABLE `topic`
  ADD PRIMARY KEY (`topic_id`);

--
-- Indexes for table `user`
--
ALTER TABLE `user`
  ADD PRIMARY KEY (`user_id`);

--
-- AUTO_INCREMENT for dumped tables
--

--
-- AUTO_INCREMENT for table `answer`
--
ALTER TABLE `answer`
  MODIFY `answer_id` int(11) NOT NULL AUTO_INCREMENT, AUTO_INCREMENT=49;
--
-- AUTO_INCREMENT for table `chat`
--
ALTER TABLE `chat`
  MODIFY `chatdetail_id` int(11) NOT NULL AUTO_INCREMENT, AUTO_INCREMENT=41;
--
-- AUTO_INCREMENT for table `chatmaster`
--
ALTER TABLE `chatmaster`
  MODIFY `chat_id` int(11) NOT NULL AUTO_INCREMENT, AUTO_INCREMENT=22;
--
-- AUTO_INCREMENT for table `question`
--
ALTER TABLE `question`
  MODIFY `question_id` int(11) NOT NULL AUTO_INCREMENT, AUTO_INCREMENT=44;
--
-- AUTO_INCREMENT for table `subtopic`
--
ALTER TABLE `subtopic`
  MODIFY `subtopic_id` int(11) NOT NULL AUTO_INCREMENT, AUTO_INCREMENT=21;
--
-- AUTO_INCREMENT for table `topic`
--
ALTER TABLE `topic`
  MODIFY `topic_id` int(11) NOT NULL AUTO_INCREMENT, AUTO_INCREMENT=27;
--
-- AUTO_INCREMENT for table `user`
--
ALTER TABLE `user`
  MODIFY `user_id` int(11) NOT NULL AUTO_INCREMENT, AUTO_INCREMENT=42;--
-- Database: `test`
--
CREATE DATABASE IF NOT EXISTS `test` DEFAULT CHARACTER SET latin1 COLLATE latin1_swedish_ci;
USE `test`;
--
-- Database: `test2`
--
CREATE DATABASE IF NOT EXISTS `test2` DEFAULT CHARACTER SET latin1 COLLATE latin1_swedish_ci;
USE `test2`;

-- --------------------------------------------------------

--
-- Table structure for table `presentation`
--

CREATE TABLE `presentation` (
  `id` int(11) NOT NULL,
  `subject` varchar(100) NOT NULL,
  `topic` varchar(100) NOT NULL,
  `file` varchar(100) NOT NULL
) ENGINE=InnoDB DEFAULT CHARSET=latin1;

--
-- Dumping data for table `presentation`
--

INSERT INTO `presentation` (`id`, `subject`, `topic`, `file`) VALUES
(26, 'SQL Tutorial', 'SQL PDF', 'sql_tutorial.pdf'),
(30, 'prog1', 'PDF Format', 'python_tutorial.pdf'),
(31, 'prog2', 'PDF Format', 'servlets_tutorial.pdf'),
(32, 'prog4', 'PDF Format', 'jsp_tutorial.pdf'),
(33, 'prog5', 'PDF Format', 'ruby_tutorial.pdf'),
(34, 'prog6', 'PDF Format', 'struts2_tutorial.pdf');

--
-- Indexes for dumped tables
--

--
-- Indexes for table `presentation`
--
ALTER TABLE `presentation`
  ADD PRIMARY KEY (`id`);

--
-- AUTO_INCREMENT for dumped tables
--

--
-- AUTO_INCREMENT for table `presentation`
--
ALTER TABLE `presentation`
  MODIFY `id` int(11) NOT NULL AUTO_INCREMENT, AUTO_INCREMENT=35;--
-- Database: `thesis`
--
CREATE DATABASE IF NOT EXISTS `thesis` DEFAULT CHARACTER SET latin1 COLLATE latin1_swedish_ci;
USE `thesis`;

-- --------------------------------------------------------

--
-- Table structure for table `activity_log`
--

CREATE TABLE `activity_log` (
  `activity_log_id` int(11) NOT NULL,
  `username` varchar(100) NOT NULL,
  `date` varchar(100) NOT NULL,
  `action` varchar(128) NOT NULL
) ENGINE=InnoDB DEFAULT CHARSET=latin1;

-- --------------------------------------------------------

--
-- Table structure for table `admin`
--

CREATE TABLE `admin` (
  `admin_id` int(128) NOT NULL,
  `firstname` varchar(128) NOT NULL,
  `lastname` varchar(128) NOT NULL,
  `username` varchar(128) NOT NULL,
  `password` varchar(128) NOT NULL,
  `adminthumbnails` varchar(300) NOT NULL
) ENGINE=InnoDB DEFAULT CHARSET=latin1;

--
-- Dumping data for table `admin`
--

INSERT INTO `admin` (`admin_id`, `firstname`, `lastname`, `username`, `password`, `adminthumbnails`) VALUES
(4, 'Jonald', 'Sevellejo', 'jonremus', 'me', 'uploads/442048-samsung-galaxy-s5-vs-galaxy-note-3-specs-and-price-comparison-in-austr.jpg'),
(5, 'Hector Neil', 'Cornea', 'admin', 'admin', 'uploads/Sr Hector neil cornea.jpg');

-- --------------------------------------------------------

--
-- Table structure for table `client`
--

CREATE TABLE `client` (
  `client_id` int(128) NOT NULL,
  `username` varchar(128) NOT NULL,
  `password` varchar(128) NOT NULL,
  `firstname` varchar(128) NOT NULL,
  `lastname` varchar(128) NOT NULL,
  `thumbnails` varchar(200) NOT NULL
) ENGINE=InnoDB DEFAULT CHARSET=latin1;

--
-- Dumping data for table `client`
--

INSERT INTO `client` (`client_id`, `username`, `password`, `firstname`, `lastname`, `thumbnails`) VALUES
(10, 'oting', 'oting', 'Reynaldo', 'Tianzon', 'uploads/141113161942-large.jpg'),
(11, 'kiritosan23', 'kirito', 'Joecel', 'Ongsip', 'uploads/10933713_756692371081917_31846816310386324_n.jpg'),
(12, 'asylum1121', 'kevineleven11', 'Kevin Jone', 'Camparecio', 'images/NO-IMAGE-AVAILABLE.jpg');

-- --------------------------------------------------------

--
-- Table structure for table `content`
--

CREATE TABLE `content` (
  `content_id` int(11) NOT NULL,
  `title` varchar(100) NOT NULL,
  `content` mediumtext NOT NULL
) ENGINE=InnoDB DEFAULT CHARSET=latin1;

--
-- Dumping data for table `content`
--

INSERT INTO `content` (`content_id`, `title`, `content`) VALUES
(1, 'Mission', '<pre>\n<span style="font-size:16px"><strong>Mission</strong></span></pre>\n\n<p style="text-align:left"><span style="font-family:arial,helvetica,sans-serif; font-size:medium"><span style="font-size:large">&nbsp; &nbsp; &nbsp; &nbsp; &nbsp; &nbsp; &nbsp;</span></span>&nbsp; &nbsp;<span style="font-size:18px"> &nbsp; &nbsp; &nbsp;Respecting the human dignity and unique talents of each person, Southland College is dedicated in helping its students actualizetheir potentials for the enchancementof their own lives and or nationals Development.&nbsp;</span></p>\n\n<p style="text-align:left">&nbsp;</p>\n'),
(2, 'Vision', '<pre><span style="font-size: large;"><strong>Vision</strong></span></pre>\n<p>&nbsp;&nbsp;&nbsp;&nbsp;&nbsp;&nbsp;&nbsp;&nbsp;&nbsp;&nbsp;&nbsp;&nbsp;&nbsp;&nbsp;&nbsp;&nbsp;&nbsp;&nbsp;&nbsp;&nbsp;&nbsp;&nbsp;&nbsp;<span style="font-size: large;">&nbsp; A progressive educational community where the individual is at the core of his own learning </span><br /><br /></p>'),
(3, 'History', '<pre><span style="font-size: large;">HISTORY &nbsp;</span> </pre>\n<p style="text-align: justify;"><span style="font-family:arial,helvetica,sans-serif; font-size:medium">&nbsp;&nbsp;&nbsp;&nbsp;&nbsp;&nbsp;&nbsp;&nbsp;&nbsp;&nbsp;&nbsp;The southland college story is the intermingling of imposibilities and unbelief, against optimism and faith.the story of this new school is a beatifull retelling of god''s goodness; his hands helping shape the foundation of southland college.<br/>\n&nbsp;&nbsp;&nbsp;&nbsp;&nbsp;&nbsp;&nbsp;&nbsp;&nbsp;&nbsp;&nbsp;Amid Challeges, stumbling blocks, and interfering forces, southland college was established-a shining testamentof God''s wondrous ways and his helping hand for those who trust in Him.<br/>\n&nbsp;&nbsp;&nbsp;&nbsp;&nbsp;&nbsp;&nbsp;&nbsp;&nbsp;&nbsp;&nbsp;Deeply saddened by the anticipated mass resignation of the faculty and staff with the change of leadership of a private school where he was the former president, DR. Anecito D. Villaluz, Jr. Decided to put up his own school where he could freely make use of his publicity acknowledged and admired managerial skills and organizational expertise.<br/>\n&nbsp;&nbsp;&nbsp;&nbsp;&nbsp;&nbsp;&nbsp;&nbsp;&nbsp;&nbsp;&nbsp;the preparations for the new school started in March 2009. The incorporators who compose the Board of directors are Dr.Villaluz, Chairman; Mrs. Annette Z. Villaluz, vice-chairman; Dr. Emiliano L. Sama,Jr.,corporate secretary; Mrs.Yvonne Z. Rocha, Treasurer; and Dr.Rhoda J. Amor,Dr. Grace A. Badrina, Dr. Henly S. Pahilagao, and Mr. Miguel M. Zayco, directors.<br/>\n&nbsp;&nbsp;&nbsp;&nbsp;&nbsp;&nbsp;&nbsp;&nbsp;&nbsp;&nbsp;&nbsp;The securities and Exchange Commision (DepEd) issurd the school registration permiton March 24,2009.<br/>\n&nbsp;&nbsp;&nbsp;&nbsp;&nbsp;&nbsp;&nbsp;&nbsp;The department of Education (DepEd) Western Visayas Regional office issued the permit for the basic education on June 1. 2009. The school established the consortium with the Northern Negros state College of Science and Technology (NONESCOST) for the Nursing Degree program, and with the Negros Oriental State Accounting Technology, BS Business Administrators, BS Hospiitality Management, and the 2-year Midwifery course. The administrators, faculty and staff, parents and strengthen the new school. Each of them undertook the assigned task without expecting any personal reward. it was evidend that God is shaping the southland destiny throught the hearts, hands and minds of these people.<br/>\n&nbsp;&nbsp;&nbsp;&nbsp;&nbsp;&nbsp;&nbsp;The Regional Quality Assesment Team (RQUAT) and Commission on Higher Education (CHEd) Supersvisors readily issuad permits for all degree programs After validating the requirements and inspecting the facilities.<br/>\n&nbsp;&nbsp;&nbsp;&nbsp;&nbsp;&nbsp;&nbsp;The school was formerly launched on May 13, 2009. It was followed by the a grand caravan. The following days saw the advertisements and promotion blitz in variious towns and cities.<br/>&nbsp;&nbsp;&nbsp;&nbsp;&nbsp;&nbsp;&nbsp;&nbsp;By the end of the enrolment period, God gave soutland collegeits needed initial number of students. Enrolled during the school year 2009-2010 were: pre school, 69; elementary, 130; and High school, 122. During the first semester of the same school year, college enrolment reached 177. it was an impressive number for a new school which opened within a few months time after its inception.<br/>\n&nbsp;&nbsp;&nbsp;&nbsp;&nbsp;&nbsp;&nbsp;&nbsp;&nbsp;A thanksgiving service with the theme "Triumph Amid Trials" was held on August 28, 2009 morning. It was immediatly followed by the school''s very first academic convocation. The officers of student councils, faculty and staff club, and the parents and teachers assembleis were inducted in the afternoon. aquaintance parties in all levels followed.<br/>\n&nbsp;&nbsp;&nbsp;&nbsp;&nbsp;&nbsp;&nbsp;&nbsp;amid the trials, Southland College is seen to Survive and Prevail for its story in a tapestry of good relationships, great resposibilities, and God''s redemption<br/>\n&nbsp;&nbsp;&nbsp;&nbsp;&nbsp;&nbsp;&nbsp;&nbsp;&nbsp;&nbsp;&nbsp;&nbsp;&nbsp;&nbsp;&nbsp;&nbsp;&nbsp;&nbsp;&nbsp;&nbsp;&nbsp;&nbsp;&nbsp;&nbsp;&nbsp;&nbsp;&nbsp;&nbsp;&nbsp;&nbsp;&nbsp;&nbsp;&nbsp;&nbsp;&nbsp;&nbsp;&nbsp;&nbsp;&nbsp;&nbsp;&nbsp;&nbsp;&nbsp;&nbsp;&nbsp;&nbsp;&nbsp;&nbsp;&nbsp;&nbsp;&nbsp;&nbsp;&nbsp;&nbsp;&nbsp;&nbsp;&nbsp;&nbsp;&nbsp;&nbsp;&nbsp;&nbsp;&nbsp;&nbsp;&nbsp;&nbsp;&nbsp;&nbsp;&nbsp;&nbsp;&nbsp;&nbsp;&nbsp;&nbsp;&nbsp;&nbsp;&nbsp;&nbsp;&nbsp;&nbsp;&nbsp;&nbsp;&nbsp;&nbsp;&nbsp;&nbsp;&nbsp;&nbsp;&nbsp;&nbsp;&nbsp;&nbsp;&nbsp;&nbsp;&nbsp;&nbsp;&nbsp;Indeed, at Southland College the foundation of God stand''s sure!\n</p>'),
(4, 'Footer', '<p style="text-align:center">Technology Resource Inventory System (T.R.S) Copyright 2015</p>\n\n<p style="text-align:center">All Rights Reserved &reg;2015</p>\n'),
(5, 'Title', '<p><span style="font-family:trebuchet ms,geneva">Technology Resource Inventory System</span></p>\n');

-- --------------------------------------------------------

--
-- Table structure for table `device_name`
--

CREATE TABLE `device_name` (
  `dev_id` int(11) NOT NULL,
  `dev_name` varchar(100) NOT NULL
) ENGINE=InnoDB DEFAULT CHARSET=latin1;

--
-- Dumping data for table `device_name`
--

INSERT INTO `device_name` (`dev_id`, `dev_name`) VALUES
(2, 'kyboard'),
(3, 'Power cord'),
(4, 'mouse'),
(5, 'Central Processing unit (CPU)'),
(6, 'AVR'),
(7, 'aircon'),
(8, 'Monitor'),
(9, 'speaker');

-- --------------------------------------------------------

--
-- Table structure for table `location_details`
--

CREATE TABLE `location_details` (
  `ld_id` int(11) NOT NULL,
  `stdev_id` int(11) NOT NULL,
  `date_deployment` date NOT NULL,
  `id` int(11) NOT NULL
) ENGINE=InnoDB DEFAULT CHARSET=latin1;

-- --------------------------------------------------------

--
-- Table structure for table `notification`
--

CREATE TABLE `notification` (
  `notification_id` int(11) NOT NULL,
  `fullname` varchar(128) NOT NULL,
  `notification` varchar(100) NOT NULL,
  `date_of_notification` varchar(50) NOT NULL,
  `link` varchar(100) NOT NULL
) ENGINE=InnoDB DEFAULT CHARSET=latin1;

-- --------------------------------------------------------

--
-- Table structure for table `notification_read`
--

CREATE TABLE `notification_read` (
  `notification_read_id` int(11) NOT NULL,
  `admin_id` int(11) NOT NULL,
  `admin_read` varchar(50) NOT NULL,
  `notification_id` int(11) NOT NULL
) ENGINE=InnoDB DEFAULT CHARSET=latin1;

-- --------------------------------------------------------

--
-- Table structure for table `stdevice`
--

CREATE TABLE `stdevice` (
  `id` int(11) NOT NULL,
  `dev_id` int(11) NOT NULL,
  `dev_desc` varchar(128) NOT NULL,
  `dev_serial` varchar(128) NOT NULL,
  `dev_brand` varchar(128) NOT NULL,
  `dev_model` varchar(128) NOT NULL,
  `dev_status` varchar(128) NOT NULL
) ENGINE=InnoDB DEFAULT CHARSET=latin1;

-- --------------------------------------------------------

--
-- Table structure for table `stlocation`
--

CREATE TABLE `stlocation` (
  `stdev_id` int(11) NOT NULL,
  `stdev_location_name` varchar(128) NOT NULL,
  `thumbnails` varchar(100) NOT NULL
) ENGINE=InnoDB DEFAULT CHARSET=latin1;

--
-- Dumping data for table `stlocation`
--

INSERT INTO `stlocation` (`stdev_id`, `stdev_location_name`, `thumbnails`) VALUES
(22, 'Comlab A', 'images/thumbnails.jpg'),
(23, 'Comlab B', 'images/thumbnails.jpg'),
(24, 'PCID', 'images/thumbnails.jpg'),
(25, 'Library', 'images/thumbnails.jpg'),
(26, 'OSAS', 'images/thumbnails.jpg'),
(27, 'Admin Office', 'images/thumbnails.jpg'),
(28, 'High school', 'images/thumbnails.jpg'),
(29, 'Elementary', 'images/thumbnails.jpg'),
(30, 'Mj Dorm', 'images/thumbnails.jpg'),
(31, 'kcafe', 'images/thumbnails.jpg'),
(34, 'southland clinic', 'images/thumbnails.jpg'),
(35, 'AVH', 'images/thumbnails.jpg'),
(36, 'new location', 'images/thumbnails.jpg');

-- --------------------------------------------------------

--
-- Table structure for table `user_log`
--

CREATE TABLE `user_log` (
  `user_log_id` int(11) NOT NULL,
  `username` varchar(25) NOT NULL,
  `login_date` varchar(30) NOT NULL,
  `logout_date` varchar(128) NOT NULL,
  `admin_id` int(128) NOT NULL,
  `client_id` int(128) NOT NULL
) ENGINE=InnoDB DEFAULT CHARSET=latin1;

--
-- Dumping data for table `user_log`
--

INSERT INTO `user_log` (`user_log_id`, `username`, `login_date`, `logout_date`, `admin_id`, `client_id`) VALUES
(190, 'admin', '2016-11-23 06:32:28', '', 5, 0);

--
-- Indexes for dumped tables
--

--
-- Indexes for table `activity_log`
--
ALTER TABLE `activity_log`
  ADD PRIMARY KEY (`activity_log_id`);

--
-- Indexes for table `admin`
--
ALTER TABLE `admin`
  ADD PRIMARY KEY (`admin_id`);

--
-- Indexes for table `client`
--
ALTER TABLE `client`
  ADD PRIMARY KEY (`client_id`);

--
-- Indexes for table `content`
--
ALTER TABLE `content`
  ADD PRIMARY KEY (`content_id`);

--
-- Indexes for table `device_name`
--
ALTER TABLE `device_name`
  ADD PRIMARY KEY (`dev_id`);

--
-- Indexes for table `location_details`
--
ALTER TABLE `location_details`
  ADD PRIMARY KEY (`ld_id`);

--
-- Indexes for table `notification`
--
ALTER TABLE `notification`
  ADD PRIMARY KEY (`notification_id`);

--
-- Indexes for table `notification_read`
--
ALTER TABLE `notification_read`
  ADD PRIMARY KEY (`notification_read_id`);

--
-- Indexes for table `stdevice`
--
ALTER TABLE `stdevice`
  ADD PRIMARY KEY (`id`);

--
-- Indexes for table `stlocation`
--
ALTER TABLE `stlocation`
  ADD PRIMARY KEY (`stdev_id`);

--
-- Indexes for table `user_log`
--
ALTER TABLE `user_log`
  ADD PRIMARY KEY (`user_log_id`);

--
-- AUTO_INCREMENT for dumped tables
--

--
-- AUTO_INCREMENT for table `activity_log`
--
ALTER TABLE `activity_log`
  MODIFY `activity_log_id` int(11) NOT NULL AUTO_INCREMENT, AUTO_INCREMENT=281;
--
-- AUTO_INCREMENT for table `admin`
--
ALTER TABLE `admin`
  MODIFY `admin_id` int(128) NOT NULL AUTO_INCREMENT, AUTO_INCREMENT=6;
--
-- AUTO_INCREMENT for table `client`
--
ALTER TABLE `client`
  MODIFY `client_id` int(128) NOT NULL AUTO_INCREMENT, AUTO_INCREMENT=13;
--
-- AUTO_INCREMENT for table `content`
--
ALTER TABLE `content`
  MODIFY `content_id` int(11) NOT NULL AUTO_INCREMENT, AUTO_INCREMENT=6;
--
-- AUTO_INCREMENT for table `device_name`
--
ALTER TABLE `device_name`
  MODIFY `dev_id` int(11) NOT NULL AUTO_INCREMENT, AUTO_INCREMENT=10;
--
-- AUTO_INCREMENT for table `location_details`
--
ALTER TABLE `location_details`
  MODIFY `ld_id` int(11) NOT NULL AUTO_INCREMENT, AUTO_INCREMENT=49;
--
-- AUTO_INCREMENT for table `notification`
--
ALTER TABLE `notification`
  MODIFY `notification_id` int(11) NOT NULL AUTO_INCREMENT, AUTO_INCREMENT=13;
--
-- AUTO_INCREMENT for table `notification_read`
--
ALTER TABLE `notification_read`
  MODIFY `notification_read_id` int(11) NOT NULL AUTO_INCREMENT, AUTO_INCREMENT=3;
--
-- AUTO_INCREMENT for table `stdevice`
--
ALTER TABLE `stdevice`
  MODIFY `id` int(11) NOT NULL AUTO_INCREMENT, AUTO_INCREMENT=122;
--
-- AUTO_INCREMENT for table `stlocation`
--
ALTER TABLE `stlocation`
  MODIFY `stdev_id` int(11) NOT NULL AUTO_INCREMENT, AUTO_INCREMENT=37;
--
-- AUTO_INCREMENT for table `user_log`
--
ALTER TABLE `user_log`
  MODIFY `user_log_id` int(11) NOT NULL AUTO_INCREMENT, AUTO_INCREMENT=191;--
-- Database: `travel_agency`
--
CREATE DATABASE IF NOT EXISTS `travel_agency` DEFAULT CHARACTER SET latin1 COLLATE latin1_swedish_ci;
USE `travel_agency`;

-- --------------------------------------------------------

--
-- Table structure for table `admin`
--

CREATE TABLE `admin` (
  `user_id` int(11) NOT NULL,
  `username` varchar(40) NOT NULL,
  `password` varchar(40) NOT NULL,
  `email` varchar(40) NOT NULL,
  `address` varchar(60) NOT NULL,
  `phone_no` varchar(30) NOT NULL,
  `designation` varchar(30) NOT NULL,
  `date` timestamp NOT NULL DEFAULT CURRENT_TIMESTAMP
) ENGINE=MyISAM DEFAULT CHARSET=latin1;

--
-- Dumping data for table `admin`
--

INSERT INTO `admin` (`user_id`, `username`, `password`, `email`, `address`, `phone_no`, `designation`, `date`) VALUES
(1, 'admin', 'admin', 'email@email.com', 'jalalabad', '9987678987', '', '2015-12-11 18:58:19'),
(5, 'hilal', 'hilal', 'hilal@gmail.com', 'Jbl', '0774590003', 'Smart Boy', '2016-01-02 09:05:29');

-- --------------------------------------------------------

--
-- Table structure for table `cash`
--

CREATE TABLE `cash` (
  `cashID` int(11) NOT NULL,
  `amount` int(11) NOT NULL,
  `date` timestamp NOT NULL DEFAULT CURRENT_TIMESTAMP,
  `debitCredit` enum('Dr','Cr') NOT NULL,
  `description` varchar(200) NOT NULL
) ENGINE=InnoDB DEFAULT CHARSET=utf8;

--
-- Dumping data for table `cash`
--

INSERT INTO `cash` (`cashID`, `amount`, `date`, `debitCredit`, `description`) VALUES
(1, 10, '2015-12-06 05:53:31', 'Cr', 'D1'),
(2, 6543, '2015-12-04 05:58:55', 'Cr', 'dddd'),
(3, 6000, '2015-12-06 06:01:26', 'Dr', 'Des'),
(4, 6000, '2015-12-06 06:02:16', 'Dr', 'Des'),
(5, 454, '2015-12-06 13:24:52', 'Dr', ''),
(6, 555, '2015-12-07 13:25:13', 'Dr', '44asdf'),
(7, 20, '2015-12-06 17:40:16', 'Cr', 'D2'),
(8, 30, '2015-12-06 17:40:46', 'Cr', 'd3'),
(9, 88888, '2015-12-08 07:26:32', 'Cr', 'ddddddd'),
(10, 777, '2015-12-08 07:34:56', 'Cr', 'Salary of January for hamdard'),
(11, 7676, '2015-12-08 07:42:47', 'Cr', 'ddddd'),
(12, 200000, '2015-12-11 18:55:59', 'Cr', 'jjjjj'),
(13, 0, '2015-12-27 18:47:01', 'Cr', ''),
(14, 0, '2015-12-27 18:50:35', 'Cr', ''),
(15, 0, '2015-12-27 18:56:56', 'Cr', ''),
(16, 0, '2015-12-27 19:53:24', 'Cr', ''),
(17, 0, '2015-12-27 19:54:16', 'Cr', ''),
(18, 0, '2015-12-27 19:56:35', 'Cr', ''),
(19, 0, '2015-12-27 19:57:05', 'Cr', ''),
(20, 8787, '2015-12-28 04:45:57', 'Cr', 'ddddd'),
(21, 66666, '2015-12-28 13:17:21', 'Cr', 'cash'),
(22, 66666, '2015-12-28 13:19:46', 'Dr', 'ttttttt'),
(23, 500, '2015-12-28 13:21:02', 'Cr', 'tea for customer '),
(24, 0, '2016-01-02 07:33:20', 'Dr', 'eeee'),
(25, 0, '2016-01-02 07:34:31', 'Cr', ''),
(26, 0, '2016-01-02 08:05:03', 'Cr', ''),
(27, 0, '2016-01-02 08:09:31', 'Cr', ''),
(28, 0, '2016-01-02 08:10:56', 'Cr', ''),
(29, 30000, '2016-01-02 08:11:30', 'Dr', 'From KUNAR TO UK'),
(30, 30400, '2016-01-02 08:12:31', 'Dr', 'From KKR TO UKR'),
(31, 343434, '2016-01-02 08:42:09', 'Dr', 'TICKET FROM UK TO KUNAR'),
(32, 545454, '2016-01-16 07:16:47', 'Dr', 'dddddd');

-- --------------------------------------------------------

--
-- Table structure for table `contact`
--

CREATE TABLE `contact` (
  `contact_id` int(11) NOT NULL,
  `name` varchar(100) NOT NULL,
  `company` varchar(100) NOT NULL,
  `email` varchar(100) NOT NULL,
  `topic` varchar(100) NOT NULL,
  `phone` varchar(100) NOT NULL,
  `comments` varchar(10000) NOT NULL,
  `date` timestamp NOT NULL DEFAULT CURRENT_TIMESTAMP
) ENGINE=InnoDB DEFAULT CHARSET=utf8;

--
-- Dumping data for table `contact`
--

INSERT INTO `contact` (`contact_id`, `name`, `company`, `email`, `topic`, `phone`, `comments`, `date`) VALUES
(1, 'khan', 'Company', 'Email *', 'Topic', 'Phone *', '', '0000-00-00 00:00:00'),
(2, 'Ali', 'home', 'aaa@gmail.com', 'we need ticket', '87777777', '', '0000-00-00 00:00:00'),
(3, 'kkkkk', 'kkkk', 'kkk', 'kkk', 'kkkkk', 'kkkkkkComments', '0000-00-00 00:00:00'),
(4, 'khan', 'HTC', 'khan@gmail.com', 'WE need visa', '9886786787', 'klasfj klajsfklj\r\n\r\nasfjksjkdadf\r\n\r\nas\r\nf\r\nsa\r\ndf\r\nss\r\na\r\n', '2015-12-04 18:31:16'),
(5, 'Amrullah', 'Home', 'amrullah@gmail.com', 'Visa Apply', '05678765455', ' i want to go usa for tour', '2015-12-05 07:34:23'),
(6, 'Name *', 'Company', 'Email *', 'Topic', 'Phone *', 'Comments', '2015-12-05 14:22:26'),
(7, 'khalid', 'CBS ', 'K@gmail.com', 'I need visa', '07776766767', 'i Need urjent', '2015-12-28 13:24:44'),
(8, 'Name *', 'Company', 'Email *', 'Topic', 'Phone *', 'Comments', '2016-11-15 07:50:12');

-- --------------------------------------------------------

--
-- Table structure for table `costomer`
--

CREATE TABLE `costomer` (
  `costomer_id` int(11) NOT NULL,
  `uploadimage` text NOT NULL,
  `full_name` varchar(60) NOT NULL,
  `son_of` varchar(60) NOT NULL,
  `status` varchar(15) NOT NULL,
  `date_of_birth` varchar(15) NOT NULL,
  `place_of_birth` varchar(60) NOT NULL,
  `previous_nationality` varchar(30) NOT NULL,
  `present_nationality` varchar(30) NOT NULL,
  `sex` varchar(30) NOT NULL,
  `marital_status` varchar(30) NOT NULL,
  `sect` varchar(30) NOT NULL,
  `religion` varchar(30) NOT NULL,
  `place_of_issue` varchar(30) NOT NULL,
  `qualification` varchar(30) NOT NULL,
  `profession` varchar(40) NOT NULL,
  `home_address` varchar(90) NOT NULL,
  `telephone_no` varchar(30) NOT NULL,
  `purpose_of_travel` varchar(60) NOT NULL,
  `date_of_passport` varchar(15) NOT NULL,
  `passport_no` varchar(30) NOT NULL,
  `date_of_passport_expiry` varchar(15) NOT NULL,
  `duration_of_stay_in_kindom` float NOT NULL,
  `date_of_arrival` varchar(15) NOT NULL,
  `date_of_departure` varchar(15) NOT NULL,
  `mode_of_payment` varchar(30) NOT NULL,
  `relationship` varchar(30) NOT NULL,
  `destination` varchar(30) NOT NULL,
  `carriers_name` varchar(30) NOT NULL,
  `visa_no` varchar(30) NOT NULL,
  `date_of_insertion` timestamp NOT NULL DEFAULT CURRENT_TIMESTAMP,
  `inserted_by` varchar(11) NOT NULL
) ENGINE=MyISAM DEFAULT CHARSET=latin1;

--
-- Dumping data for table `costomer`
--

INSERT INTO `costomer` (`costomer_id`, `uploadimage`, `full_name`, `son_of`, `status`, `date_of_birth`, `place_of_birth`, `previous_nationality`, `present_nationality`, `sex`, `marital_status`, `sect`, `religion`, `place_of_issue`, `qualification`, `profession`, `home_address`, `telephone_no`, `purpose_of_travel`, `date_of_passport`, `passport_no`, `date_of_passport_expiry`, `duration_of_stay_in_kindom`, `date_of_arrival`, `date_of_departure`, `mode_of_payment`, `relationship`, `destination`, `carriers_name`, `visa_no`, `date_of_insertion`, `inserted_by`) VALUES
(103, 'user/received_889448627790347.jpeg', 'Zabihullah Hayat', 'Hayatullah Hayat', 'APPROVED', '02/12/2015', 'Kabul', 'Afghani', 'Afghani', 'MALE', 'MARRIED', 'Sunni', 'Islam', 'Kabul', 'GRADUATION', 'Kabul Shahrenow ', 'Networking', '0789595299', 'VISIT', '02/12/2015', '9595299', '02/12/2015', 15, '03/12/2015', '02/12/2015', 'Account Transfer', 'Ikram Brother', 'Kabul', 'Zabih Hayat', 'visa_no', '2015-12-02 19:59:01', 'hilal'),
(104, 'user/CYMERA_20151109_130148.jpg', 'Asmat Safi', 'Haji wakeel', 'APPENDED', '08/12/1998', 'Kunar', 'Afghan', 'Afghan', 'MALE', 'MARRIED', 'Sunni', 'Islam', 'Kabul ', 'GRADUATION', 'Kunar Naria', 'Programer', '078787878', 'WORK', '08/12/2015', '989898', '13/12/2016', 12, '15/12/2015', '23/12/2015', 'Bank transfer', 'Uncle of Khalid SHerzad', 'Kabul Afghanistan', 'Attaullah', 'visa_no', '2015-12-27 18:45:13', '1');

-- --------------------------------------------------------

--
-- Table structure for table `daily_expenditure`
--

CREATE TABLE `daily_expenditure` (
  `id` int(11) NOT NULL,
  `voucher_no` int(11) NOT NULL,
  `title` varchar(30) NOT NULL,
  `description` varchar(60) NOT NULL,
  `amount` float NOT NULL,
  `date` timestamp NOT NULL DEFAULT CURRENT_TIMESTAMP,
  `inserted_by` varchar(11) NOT NULL
) ENGINE=MyISAM DEFAULT CHARSET=latin1;

--
-- Dumping data for table `daily_expenditure`
--

INSERT INTO `daily_expenditure` (`id`, `voucher_no`, `title`, `description`, `amount`, `date`, `inserted_by`) VALUES
(1, 1, 'V1', 'D1', 100, '2015-12-08 07:44:42', '1'),
(2, 2, 'V2', 'D2', 20, '2015-12-06 17:40:16', '5'),
(3, 3, 'v3', 'd3', 30, '2015-12-06 17:40:46', '5'),
(4, 55, 'Tea ', 'tea for customer ', 500, '2015-12-28 13:21:02', '1');

-- --------------------------------------------------------

--
-- Table structure for table `document`
--

CREATE TABLE `document` (
  `document_id` int(11) NOT NULL,
  `costomer_id` int(11) NOT NULL,
  `document_type` varchar(30) NOT NULL,
  `document` text NOT NULL,
  `inserted_by` varchar(11) NOT NULL
) ENGINE=MyISAM DEFAULT CHARSET=latin1;

--
-- Dumping data for table `document`
--

INSERT INTO `document` (`document_id`, `costomer_id`, `document_type`, `document`, `inserted_by`) VALUES
(4, 103, 'jjjjjjj', 'user/CYMERA_20150919_145204.jpg', '5'),
(5, 103, 'PIC', 'user/IMG_5982.JPG', '1');

-- --------------------------------------------------------

--
-- Table structure for table `employee`
--

CREATE TABLE `employee` (
  `emp_id` int(100) NOT NULL,
  `emp_name` varchar(100) NOT NULL,
  `emp_picture` varchar(100) NOT NULL,
  `emp_contact` varchar(100) NOT NULL,
  `emp_email` varchar(100) NOT NULL,
  `emp_address` varchar(100) NOT NULL,
  `emp_reference` varchar(100) NOT NULL,
  `emp_desc` varchar(100) NOT NULL,
  `emp_join` varchar(100) NOT NULL,
  `emp_close` varchar(100) NOT NULL
) ENGINE=InnoDB DEFAULT CHARSET=latin1;

--
-- Dumping data for table `employee`
--

INSERT INTO `employee` (`emp_id`, `emp_name`, `emp_picture`, `emp_contact`, `emp_email`, `emp_address`, `emp_reference`, `emp_desc`, `emp_join`, `emp_close`) VALUES
(65, 'Abdullah Hamdard', 'user/aslkdfjlk.jpg', '0799000033', 'Hamdard@gmail.com', 'Kabul Darulaman', 'CPTEAM-Afghanistan', 'Hamdard is a kind boy', '', 'Continue'),
(66, 'Haqdost', 'user/received_1945261712366464.jpeg', '07565756', 'ha@gmail.com', 'Mazar Shareef', 'Hayat saib', 'Started with low salary 300$', '2015-12-01', '2015-12-31'),
(70, 'ali', 'user/DSC03397.JPG', 'jan', 'uuuuu@gamil.com', 'jal', 'khan', '', '2015-12-23', ''),
(74, 'Sijdah', 'user/BeautyPlus_20150902105307_fast.jpg', '98888888', 'ee@gmail.com', 'kkkk', 'kkkkkk', 'jjjjj', '2016-01-12', '2016-01-21');

-- --------------------------------------------------------

--
-- Table structure for table `pages`
--

CREATE TABLE `pages` (
  `page_id` int(100) NOT NULL,
  `title` varchar(100) NOT NULL,
  `description` text NOT NULL,
  `page_type` varchar(100) NOT NULL,
  `picture` varchar(100) NOT NULL,
  `date` timestamp NOT NULL DEFAULT CURRENT_TIMESTAMP
) ENGINE=InnoDB DEFAULT CHARSET=latin1;

--
-- Dumping data for table `pages`
--

INSERT INTO `pages` (`page_id`, `title`, `description`, `page_type`, `picture`, `date`) VALUES
(22, 'TERM & CONDITION', '	\r\n1st contract will be for 2 years\r\nLodging will be free\r\nMedical facility will be free\r\nreturn ticket will be free after two year\r\novertime allowance will be according to local Labour Law \r\nother term & condition will be according to Government Labor Laws', 'term_condition', '', '2015-12-04 17:48:45'),
(29, 'OUR SERVICES :', 'The main purpose of AL-Moqadas is to provide Honest, Efficient and Quick services to the Valued employers in the matter of recruitment and development of man power & To build up positive image/picture of Afghani workers in employment market We aaaarrange manpower on behalf of foreign principals/ employers through advertisement of vacancies in the daily newspaper/ office data after obtaining permission from government protectors office. CVs of interested candidate are short listed and sent to employers. Data and time of interviews are conveyed to the candidates of the required categories as per instruction of employer. Interviews are conducted for final selection of candidates by the representatives of the employer. for technical jobs the candidates are also sent for the trade test in reputed technical centers. selected candidates are advised to have their medical checkup from any GCC approved medical center. passport and other related documents of selected candidates are submitted to concerned embassy for endorsement of visa. recruited workers are registered with protectors of the emigrants government of Afghanistan. Air tickets are arranged for the workers and the employer is informed about the flight detail to make sure that the reprehensive of employer will receive them', 'services', 'services.png', '2015-12-09 06:30:23'),
(30, 'ABOUT ALMOQADAS TRAVEL AND TOUR:', 'The team at ALMOQADAS Travels is committed to delivering quality service to its clients with a personal touch. As a leading industry player', 'aboutus', 'aboutus.jpg', '2015-12-09 06:31:19'),
(31, 'Careers at ALMOQADAS Travels & Tours:', 'AL-MOQADAS Travels is rapidly growing organization, in terms of both people customers. To keep up with this rapid pace of growth, AB Travels is seeking talented & focused individuals who can contribute significantly and be a part of this growth process.', 'career', '1223305719383_image_.jpg', '2015-12-09 06:32:49'),
(32, 'Umra Package', 'Hello this is Umrah Pakage', 'packages', 'luxury-umrah.jpg', '2015-12-28 00:40:12'),
(33, 'ENJOY USA', 'Special Package of USA In this Package we have 15% off for 50 First Customers \r\n\r\nCall now and Chose Package ', 'packages', 'bannerAboard2.gif', '2015-12-27 18:46:26'),
(34, 'BOOK TRIP', 'Travel Now ALmoQadas Travel and Tour Agency 40% off\r\n', 'news', 'news.gif', '2015-12-27 18:54:57'),
(35, 'GOVA OFFER', '\r\nGova oFfer giev you 30% Discount up to October 9', 'news', 'goa-tour-packages-h.gif', '2015-12-27 19:00:49'),
(36, 'HAJ & UMRAH', 'Specail Haj and Umrah Offer now contact us we HURRY', 'news', 'hajj.gif', '2015-12-27 19:04:59');

-- --------------------------------------------------------

--
-- Table structure for table `payment`
--

CREATE TABLE `payment` (
  `payment_id` int(11) NOT NULL,
  `costomer_id` int(11) NOT NULL,
  `payment_type` varchar(30) NOT NULL,
  `amount` int(11) NOT NULL,
  `description` varchar(60) NOT NULL,
  `date_of_insertion` timestamp NOT NULL DEFAULT CURRENT_TIMESTAMP,
  `inserted_by` varchar(11) NOT NULL
) ENGINE=MyISAM DEFAULT CHARSET=latin1;

--
-- Dumping data for table `payment`
--

INSERT INTO `payment` (`payment_id`, `costomer_id`, `payment_type`, `amount`, `description`, `date_of_insertion`, `inserted_by`) VALUES
(1, 103, 'Ticket', 6000, 'Des', '2015-12-06 06:01:26', '5'),
(2, 103, 'Ticket', 6000, 'Des', '2015-12-06 06:02:16', '5'),
(3, 103, 'Ticket', 454, '', '2015-12-06 13:24:52', '5'),
(4, 103, 'Visa', 555, '44asdf', '2015-12-06 13:25:13', '5'),
(5, 103, 'Ticket', 66666, 'ttttttt', '2015-12-28 13:19:45', '1'),
(6, 104, 'Ticket', 0, 'eeee', '2016-01-02 07:33:20', '1'),
(7, 104, 'Ticket', 30000, 'From KUNAR TO UK', '2016-01-02 08:11:30', '1'),
(8, 103, 'Ticket', 30400, 'From KKR TO UKR', '2016-01-02 08:12:31', '1'),
(9, 104, 'Ticket', 343434, 'TICKET FROM UK TO KUNAR', '2016-01-02 08:42:09', '1'),
(10, 103, 'Visa', 545454, 'dddddd', '2016-01-16 07:16:47', '1');

-- --------------------------------------------------------

--
-- Table structure for table `salary`
--

CREATE TABLE `salary` (
  `salary_id` int(100) NOT NULL,
  `employee` varchar(50) NOT NULL,
  `month` varchar(100) NOT NULL,
  `amount` int(100) NOT NULL,
  `description` varchar(10000) NOT NULL,
  `inserted_by` varchar(11) NOT NULL,
  `date` timestamp NOT NULL DEFAULT CURRENT_TIMESTAMP
) ENGINE=InnoDB DEFAULT CHARSET=latin1;

--
-- Dumping data for table `salary`
--

INSERT INTO `salary` (`salary_id`, `employee`, `month`, `amount`, `description`, `inserted_by`, `date`) VALUES
(1, 'Abdullah Ha', 'mar', 6543, 'dddd', '5', '2015-12-06 05:58:55'),
(2, 'Abdullah Ha', 'feb', 88888, 'ddddddd', '1', '2015-12-08 07:26:32'),
(3, 'Abdullah Ha', 'jan', 777, 'Salary of January for hamdard', '1', '2015-12-08 07:34:56'),
(4, 'Abdullah Hamdard', 'jan', 7676, 'ddddd', '1', '2015-12-08 07:42:47'),
(5, 'Abdullah Hamdard', 'jan', 200000, 'jjjjj', '2', '2015-12-11 18:55:59'),
(6, 'Haqdost', 'mar', 8787, 'ddddd', '1', '2015-12-28 04:45:57'),
(7, 'Abdullah Hamdard', 'feb', 66666, 'cash', '1', '2015-12-28 13:17:21');

-- --------------------------------------------------------

--
-- Table structure for table `ticket`
--

CREATE TABLE `ticket` (
  `ticket_id` int(11) NOT NULL,
  `ticket_no` int(11) NOT NULL,
  `costomer_id` int(11) NOT NULL,
  `date` varchar(15) NOT NULL,
  `sector` varchar(30) NOT NULL,
  `sector_from` varchar(30) NOT NULL,
  `sector_to` varchar(30) NOT NULL,
  `airline_name` varchar(30) NOT NULL,
  `airline_no` varchar(30) NOT NULL,
  `pnr_no` varchar(30) NOT NULL,
  `date_of_insertion` timestamp NOT NULL DEFAULT CURRENT_TIMESTAMP,
  `inserted_by` varchar(11) NOT NULL
) ENGINE=MyISAM DEFAULT CHARSET=latin1;

--
-- Dumping data for table `ticket`
--

INSERT INTO `ticket` (`ticket_id`, `ticket_no`, `costomer_id`, `date`, `sector`, `sector_from`, `sector_to`, `airline_name`, `airline_no`, `pnr_no`, `date_of_insertion`, `inserted_by`) VALUES
(15, 787888, 103, '02/12/2015', '', 'kabul', 'uae', 'pamir', '7', '87', '2015-12-02 20:19:28', '5'),
(16, 4545, 104, '15/12/2015', '', 'Kunar', 'jalalabad', 'Flyuae', '4', '66', '2015-12-27 18:47:00', '1'),
(17, 45465, 104, '15/12/2015', '', 'Kunar', 'jalalabad', 'Flyuae', '4', '66', '2015-12-27 18:50:35', '1'),
(18, 433, 104, '30/12/2015', '', 'Noristan', 'Badakhshan', 'ARYANA', '2', '22', '2015-12-27 18:56:56', '1'),
(19, 654, 104, '09/12/2015', '', 'Noristan', 'Badakhshan', 'Fly Dubai', '4', '66', '2015-12-27 19:53:24', '1'),
(20, 4533, 104, '22/12/2015', '', 'KABUL', 'JALALABAD', 'Fly Kabul', '4', '44', '2015-12-27 19:54:16', '1'),
(21, 121, 103, '30/12/2015', '', 'UK', 'USA', 'Fly UK', '9', '55', '2015-12-27 19:56:35', '1'),
(22, 44, 103, '15/12/2015', '', 'KABUL', 'jalalabad', 'Fly UK', '4', '22', '2015-12-27 19:57:05', '1'),
(23, 777, 104, '05/01/2016', '', 'Noristan', 'jalalabad', 'Fly UK', '4', '66', '2016-01-02 07:34:31', '1'),
(24, 6555, 103, '04/01/2016', '', 'UAE', 'KABUL', 'Aryana', '34', '56', '2016-01-02 08:05:03', '1'),
(25, 554, 103, '05/01/2016', '', 'JBL', 'KBL', 'HAYAT AIRLINE', '65', '34', '2016-01-02 08:09:31', '1'),
(26, 565, 104, '05/01/2016', '', 'KUNAR', 'UK', 'Safi Airline', '33', '45', '2016-01-02 08:10:56', '1');

-- --------------------------------------------------------

--
-- Table structure for table `transaction`
--

CREATE TABLE `transaction` (
  `transactionID` int(11) NOT NULL,
  `cashID` int(11) NOT NULL,
  `paymentID` int(11) DEFAULT NULL,
  `expenseID` int(11) DEFAULT NULL,
  `salaryID` int(11) DEFAULT NULL
) ENGINE=InnoDB DEFAULT CHARSET=utf8;

--
-- Dumping data for table `transaction`
--

INSERT INTO `transaction` (`transactionID`, `cashID`, `paymentID`, `expenseID`, `salaryID`) VALUES
(1, 1, NULL, 1, NULL),
(2, 2, NULL, NULL, 1),
(3, 4, 2, NULL, NULL),
(4, 5, 3, NULL, NULL),
(5, 6, 4, NULL, NULL),
(6, 7, NULL, 2, NULL),
(7, 8, NULL, 3, NULL),
(8, 9, NULL, NULL, 2),
(9, 10, NULL, NULL, 3),
(10, 11, NULL, NULL, 4),
(11, 12, NULL, NULL, 5),
(12, 13, NULL, 0, NULL),
(13, 14, NULL, 0, NULL),
(14, 15, NULL, 0, NULL),
(15, 16, NULL, 0, NULL),
(16, 17, NULL, 0, NULL),
(17, 18, NULL, 0, NULL),
(18, 19, NULL, 0, NULL),
(19, 20, NULL, NULL, 6),
(20, 21, NULL, NULL, 7),
(21, 22, 5, NULL, NULL),
(22, 23, NULL, 4, NULL),
(23, 24, 6, NULL, NULL),
(24, 25, NULL, 0, NULL),
(25, 26, NULL, 0, NULL),
(26, 27, NULL, 0, NULL),
(27, 28, NULL, 0, NULL),
(28, 29, 7, NULL, NULL),
(29, 30, 8, NULL, NULL),
(30, 31, 9, NULL, NULL),
(31, 32, 10, NULL, NULL);

--
-- Indexes for dumped tables
--

--
-- Indexes for table `admin`
--
ALTER TABLE `admin`
  ADD PRIMARY KEY (`user_id`),
  ADD UNIQUE KEY `username` (`username`);

--
-- Indexes for table `cash`
--
ALTER TABLE `cash`
  ADD PRIMARY KEY (`cashID`);

--
-- Indexes for table `contact`
--
ALTER TABLE `contact`
  ADD PRIMARY KEY (`contact_id`);

--
-- Indexes for table `costomer`
--
ALTER TABLE `costomer`
  ADD PRIMARY KEY (`costomer_id`),
  ADD UNIQUE KEY `date_of_passport_expiry` (`date_of_passport_expiry`);

--
-- Indexes for table `daily_expenditure`
--
ALTER TABLE `daily_expenditure`
  ADD PRIMARY KEY (`id`),
  ADD UNIQUE KEY `voucher_no` (`voucher_no`);

--
-- Indexes for table `document`
--
ALTER TABLE `document`
  ADD PRIMARY KEY (`document_id`);

--
-- Indexes for table `employee`
--
ALTER TABLE `employee`
  ADD PRIMARY KEY (`emp_id`);

--
-- Indexes for table `pages`
--
ALTER TABLE `pages`
  ADD PRIMARY KEY (`page_id`);

--
-- Indexes for table `payment`
--
ALTER TABLE `payment`
  ADD PRIMARY KEY (`payment_id`);

--
-- Indexes for table `salary`
--
ALTER TABLE `salary`
  ADD PRIMARY KEY (`salary_id`),
  ADD KEY `emp_id` (`employee`);

--
-- Indexes for table `ticket`
--
ALTER TABLE `ticket`
  ADD PRIMARY KEY (`ticket_id`),
  ADD UNIQUE KEY `ticket_no` (`ticket_no`);

--
-- Indexes for table `transaction`
--
ALTER TABLE `transaction`
  ADD PRIMARY KEY (`transactionID`),
  ADD KEY `cashID` (`cashID`),
  ADD KEY `paymentID` (`paymentID`),
  ADD KEY `expenseID` (`expenseID`),
  ADD KEY `salaryID` (`salaryID`);

--
-- AUTO_INCREMENT for dumped tables
--

--
-- AUTO_INCREMENT for table `admin`
--
ALTER TABLE `admin`
  MODIFY `user_id` int(11) NOT NULL AUTO_INCREMENT, AUTO_INCREMENT=7;
--
-- AUTO_INCREMENT for table `cash`
--
ALTER TABLE `cash`
  MODIFY `cashID` int(11) NOT NULL AUTO_INCREMENT, AUTO_INCREMENT=33;
--
-- AUTO_INCREMENT for table `contact`
--
ALTER TABLE `contact`
  MODIFY `contact_id` int(11) NOT NULL AUTO_INCREMENT, AUTO_INCREMENT=9;
--
-- AUTO_INCREMENT for table `costomer`
--
ALTER TABLE `costomer`
  MODIFY `costomer_id` int(11) NOT NULL AUTO_INCREMENT, AUTO_INCREMENT=105;
--
-- AUTO_INCREMENT for table `daily_expenditure`
--
ALTER TABLE `daily_expenditure`
  MODIFY `id` int(11) NOT NULL AUTO_INCREMENT, AUTO_INCREMENT=5;
--
-- AUTO_INCREMENT for table `document`
--
ALTER TABLE `document`
  MODIFY `document_id` int(11) NOT NULL AUTO_INCREMENT, AUTO_INCREMENT=6;
--
-- AUTO_INCREMENT for table `employee`
--
ALTER TABLE `employee`
  MODIFY `emp_id` int(100) NOT NULL AUTO_INCREMENT, AUTO_INCREMENT=75;
--
-- AUTO_INCREMENT for table `pages`
--
ALTER TABLE `pages`
  MODIFY `page_id` int(100) NOT NULL AUTO_INCREMENT, AUTO_INCREMENT=37;
--
-- AUTO_INCREMENT for table `payment`
--
ALTER TABLE `payment`
  MODIFY `payment_id` int(11) NOT NULL AUTO_INCREMENT, AUTO_INCREMENT=11;
--
-- AUTO_INCREMENT for table `salary`
--
ALTER TABLE `salary`
  MODIFY `salary_id` int(100) NOT NULL AUTO_INCREMENT, AUTO_INCREMENT=8;
--
-- AUTO_INCREMENT for table `ticket`
--
ALTER TABLE `ticket`
  MODIFY `ticket_id` int(11) NOT NULL AUTO_INCREMENT, AUTO_INCREMENT=27;
--
-- AUTO_INCREMENT for table `transaction`
--
ALTER TABLE `transaction`
  MODIFY `transactionID` int(11) NOT NULL AUTO_INCREMENT, AUTO_INCREMENT=32;--
-- Database: `union`
--
CREATE DATABASE IF NOT EXISTS `union` DEFAULT CHARACTER SET latin1 COLLATE latin1_swedish_ci;
USE `union`;

-- --------------------------------------------------------

--
-- Table structure for table `acceptedstud`
--

CREATE TABLE `acceptedstud` (
  `idno` varchar(40) NOT NULL,
  `fname` varchar(40) NOT NULL,
  `fathername` varchar(40) NOT NULL,
  `sex` varchar(10) NOT NULL,
  `dept` varchar(40) NOT NULL,
  `year` varchar(20) NOT NULL,
  `case` text NOT NULL,
  `evidence` varchar(200) NOT NULL,
  `mobile` varchar(20) NOT NULL
) ENGINE=InnoDB DEFAULT CHARSET=latin1;

--
-- Dumping data for table `acceptedstud`
--

INSERT INTO `acceptedstud` (`idno`, `fname`, `fathername`, `sex`, `dept`, `year`, `case`, `evidence`, `mobile`) VALUES
('ter/3116/04', 'Zelalem', 'belay', 'male', 'Mechanical Engineering', '2nd', 'I have no helper due to absence of my family ,So I want to get any help from Debremarkos University', 'uploads/picture194.jpg', '+251935481569'),
('ter/3412/04', 'yihenew', 'belay', 'male', 'Civil Engineering', '1st', 'I have no helper for education', 'uploads/picture194.jpg', '+251935481569'),
('ter/3515/04', 'Kelemu', 'Belete', 'male', 'Mechanical Engineering', '1st', 'I have no helper due to absence of my family ,So I want to get any help from Debremarkos University', 'uploads/picture194.jpg', '+251935481569'),
('ter/3516/04', 'Alebel', 'demse', 'male', 'Electrical Engineering', '3rd', 'I have no helper due to absence of my family ,So I want to get any help from Debremarkos University', 'uploads/picture194.jpg', '+251935481569'),
('ter/3545gh', 'yihenew', 'ghfg', 'female', 'Construction Management', '3rd', 'gfh', 'uploads/eg.jpg', '+251935481569');

-- --------------------------------------------------------

--
-- Table structure for table `acceptstud`
--

CREATE TABLE `acceptstud` (
  `idno` varchar(40) NOT NULL,
  `fname` varchar(40) NOT NULL,
  `fathername` varchar(40) NOT NULL,
  `sex` varchar(40) NOT NULL,
  `dept` varchar(40) NOT NULL,
  `year` varchar(40) NOT NULL,
  `date` datetime NOT NULL
) ENGINE=InnoDB DEFAULT CHARSET=latin1;

--
-- Dumping data for table `acceptstud`
--

INSERT INTO `acceptstud` (`idno`, `fname`, `fathername`, `sex`, `dept`, `year`, `date`) VALUES
('ter/1255/04', 'Abebech', 'Hode', 'Female', 'Mechanical Engineering', '3rd', '2015-05-31 04:02:16'),
('TER/3125/04', 'Senayit', 'Amare', 'Female', 'Construction Management', '2nd', '2015-05-10 07:57:02'),
('ter/3212/04', 'yihenew', 'bbbb', 'Male', 'Civil Engineering', '1st', '2015-05-10 07:59:58'),
('ter/3245/04', 'yihenew', 'belay', 'Male', 'Sport Science', '4th', '2015-05-26 09:07:09'),
('ter/3445/04', 'Abebe', 'nahom', 'Male', 'Civil Engineering', '2nd', '2015-05-10 09:51:40'),
('ter/3536/02', 'yihenew', 'belay', 'female', 'Mathimatics', '3rd', '2015-03-11 18:26:26'),
('ter/35455/01', 'yihenew', 'belay', 'male', 'Stattistics', '3rd', '2015-03-11 18:26:26'),
('ter/3545ser', 'yihenew', 'belay', 'Male', 'Sport Science', '3rd', '2015-05-10 07:51:26');

-- --------------------------------------------------------

--
-- Table structure for table `accusedstud`
--

CREATE TABLE `accusedstud` (
  `idno` varchar(20) NOT NULL,
  `fname` varchar(30) NOT NULL,
  `lname` varchar(30) NOT NULL,
  `rd_gen` varchar(10) NOT NULL,
  `dept` varchar(20) NOT NULL,
  `year` varchar(20) NOT NULL,
  `charg` varchar(300) NOT NULL,
  `date` varchar(20) NOT NULL
) ENGINE=InnoDB DEFAULT CHARSET=latin1;

--
-- Dumping data for table `accusedstud`
--

INSERT INTO `accusedstud` (`idno`, `fname`, `lname`, `rd_gen`, `dept`, `year`, `charg`, `date`) VALUES
('ter/3101/04', 'Alemu', 'Mersha', 'Male', 'Information Technolo', '4th', 'Theft of money', '2015/06/03'),
('ter/3102/04', 'Bekalu', 'Alebachew', 'Male', 'Information Technolo', '3rd', 'theft of cloth', '2015/06/01'),
('ter/3103/04', 'Zerihun', 'Bekele', 'Male', 'Mathimatics', '3rd', 'conflict with his friends', '2015/05/05'),
('ter/3202/04', 'Kelkay', 'belay', 'Male', 'Information Technolo', '2nd', 'Conflict With His Friend', '2015/06/03'),
('ter/3205/04', 'yihenew', 'belay', 'Male', 'Civil Engineering', '2nd', 'Conflict With his Dormitory friend', '2015/06/03'),
('ter/3254/04', 'Anmen', 'Habte', 'Male', 'Civil Engineering', '2nd', '', '2015/06/02'),
('ter/3345/04', 'Nakachew', 'Kefale', 'Male', 'Information Technolo', '2nd', 'Conflict with his friend ', '2015/06/04'),
('ter/3401/04', 'Serawit', 'Kebede', 'Male', 'Information Technolo', '3rd', 'Confilict with other student named by Aschale Kefale', '2015/06/03'),
('ter/3525/04', 'Abebech', 'belay', 'Male', 'Mechanical Engineeri', '2nd', 'Conflict with his friend ', '2015/06/04'),
('ter/3541/04', 'Yegnanew', 'belay', 'Male', 'Information Technolo', '2nd', 'Conflict with his friend ', '2015/06/01'),
('ter/3542/04', 'Yihenew', 'Anmaw', 'Male', 'Water Engineering', '2nd', 'Conflict with his friend ', '2015/06/01'),
('ter/3745/04', 'Nagios', 'Zelalem', 'Male', 'Electrical Engineeri', '3rd', 'Conflict with his teacher named by Asnake Kefie', '2015/06/03');

-- --------------------------------------------------------

--
-- Table structure for table `accusedstudent`
--

CREATE TABLE `accusedstudent` (
  `id` int(11) NOT NULL,
  `idno` varchar(50) NOT NULL,
  `firstname` varchar(40) NOT NULL,
  `fathername` varchar(40) NOT NULL,
  `gender` varchar(40) NOT NULL,
  `dept` varchar(40) NOT NULL,
  `year` varchar(40) NOT NULL,
  `disciplineproblems` varchar(300) NOT NULL,
  `disciplinestatues` varchar(100) NOT NULL,
  `decisionmaker` varchar(50) NOT NULL,
  `decisionmakerln` varchar(60) NOT NULL,
  `date` varchar(50) NOT NULL,
  `url` varchar(5000) NOT NULL
) ENGINE=InnoDB DEFAULT CHARSET=latin1;

--
-- Dumping data for table `accusedstudent`
--

INSERT INTO `accusedstudent` (`id`, `idno`, `firstname`, `fathername`, `gender`, `dept`, `year`, `disciplineproblems`, `disciplinestatues`, `decisionmaker`, `decisionmakerln`, `date`, `url`) VALUES
(3, 'ter/3545', 'zemed', 'Abraraw', 'Male', 'Physics', '3rd', 'teft of money', 'high written warning', 'kebede', 'mamo', '2015-06-04 15:16:19', 'upload/table.docx'),
(4, 'ter/3745/04', 'Kebede', 'Bogale', 'Male', 'Electrical Engineering', '3rd', 'Conflict with his teacher named by Asnake \r\nKefie', 'simple written', 'tilahun', 'Mekonen', '2015-06-06 01:38:07', 'upload/new.docx'),
(5, 'ter/3545/04', 'Gashaw', 'Tilahun', 'Male', 'Information Technology', '3rd', 'He hits his friend', 'high written warning', 'Tilahun', 'Kebede', '2015-06-06 01:40:12', 'upload/new.docx');

-- --------------------------------------------------------

--
-- Table structure for table `admin`
--

CREATE TABLE `admin` (
  `id` int(11) NOT NULL,
  `fname` varchar(20) NOT NULL,
  `lname` varchar(20) NOT NULL,
  `sex` varchar(8) NOT NULL,
  `phone` varchar(20) NOT NULL,
  `email` varchar(20) NOT NULL,
  `username` varchar(20) NOT NULL,
  `password` varchar(33) NOT NULL,
  `type` varchar(200) NOT NULL,
  `role1` varchar(50) NOT NULL,
  `startdate` varchar(30) NOT NULL
) ENGINE=InnoDB DEFAULT CHARSET=latin1;

--
-- Dumping data for table `admin`
--

INSERT INTO `admin` (`id`, `fname`, `lname`, `sex`, `phone`, `email`, `username`, `password`, `type`, `role1`, `startdate`) VALUES
(2, 'zemed', 'Abraraw', 'Male', '+251-918565822', 'admin@yahoo.com', 'admin', 'admin', 'union', 'admin', '2015-05-27 07:04:32'),
(8, 'yihenew', 'belay', 'Male', '+251-912463569', 'yihenewb2005@gmail.c', 'board', '1', 'union', 'Election_board_president', '2015-05-27 07:04:32'),
(10, 'tom', 'mekonen', 'Male', '+251-918565822', 'yyyyyy@yahoo.com', 'union', '1', 'union', 'Union_President', '2015-05-31 10:36:27');

-- --------------------------------------------------------

--
-- Table structure for table `announcement`
--

CREATE TABLE `announcement` (
  `id` int(11) NOT NULL,
  `Topic` text NOT NULL,
  `Description` text NOT NULL,
  `poster` varchar(200) NOT NULL,
  `URL` varchar(200) NOT NULL,
  `Date` datetime NOT NULL,
  `from` varchar(200) NOT NULL
) ENGINE=InnoDB DEFAULT CHARSET=latin1;

--
-- Dumping data for table `announcement`
--

INSERT INTO `announcement` (`id`, `Topic`, `Description`, `poster`, `URL`, `Date`, `from`) VALUES
(25, 'Conference For HIV/AIDS Club', 'To students who are member of HIV/AIDS Please Present At Hall 5 on monday', '', 'upload/project outline.docx', '2015-05-08 00:00:00', 'Club president'),
(26, 'Sport participation', 'To all Debremarkos students you should be informed that any student who have the ability to participate in Football can be register by coming to building 35 office 14.', '', 'upload/AmharicDoc.docx', '2015-05-23 00:00:00', 'Sport and Recretion committee'),
(34, 'It is about exchange of food menu', 'To all Debre Markos university students you food menu on Tuesday is changed by Shiro wot with excuse.', '', '', '2015-05-28 00:00:00', 'Cafteria Head'),
(39, 'to Disable students of DMU and self admin students', 'Disable students should report in HIV/AIDS directore of directorate in building 34 on graound level room 5And Self admin students shuold report on students union on building 35 level2 room 23 ', '', 'upload/AmharicDoc.docx', '2015-05-10 07:32:58', 'Special need committee'),
(44, 'for Anti HIV/AIDS club', 'please present on 12-10-2015', '', 'upload/Acctors.docx', '2015-05-22 00:00:00', 'Club president'),
(48, 'this is about color day', 'For students of debremarkos university you can participate the color day on thusday', '', 'upload/Acctors.docx', '2015-05-23 00:00:00', 'public_relation_committee'),
(57, 'Gender, HIV/AIDS and Disabilities', 'The Debre Markos University Gender Office has the following activities:\r\nGiving trainings such as assertiveness, study skill, reproductive health and life skill (campus life) especially for female students together with both governmental and non-governmental organizations.\r\nGiving consultancy services for both students not only in their academic problems but also in other social and family problems.\r\nFinding funds for students who are economically weak.\r\nGiving tutorial classes to female students collaborating with departments and faculties\r\nMainstreaming gender issues in the university.', '', 'upload/new.docx', '2015-06-04 22:01:59', 'public_relation_committee'),
(58, 'research and cretivity services', 'Debre Markos University (DMU) is entrusted with the missions of teaching, research and community services. Accomplishing these responsibilities demanded hung financial and human capital. However, financial resource allocated by the Federal Government to the University is not sufficient to undertake desired activities so as to accomplish the missions of the University. Therefore, the University has established the Business and Development support process to devise efficient and effective income generating system that addresses the resource need of the University. Hence, the office of the vice president for Business and Development in its part will play pivotal role to make DMU the world class University by the year 2030.', '', 'upload/new.docx', '2015-06-04 22:22:56', 'public_relation_committee'),
(59, 'To Discipline Students in Special Education', 'Students who receive special education services receive certain protections under the Individuals with Disabilities Education Improvement Act (IDEA). Certain procedures and rules must be followed when dealing with children who receive special education services.\r\n\r\nThe concept behind these protections is that they ensure that all students receive a free and public education and that school officials cannot use discipline as a means to limit or prohibit students from receiving an education.\r\n\r\nThe laws are not designed to protect disabled students from being disciplined. If a behavior is not related to their disability, they can receive the same discipline that any other student would receive. However, if a behavior is related to their disability, procedures must be followed to ensure that the problem is being addressed.\r\n\r\nA child with a disability cannot be suspended for more than ten days for any behavior as it is considered a change of placement. This includes repeated violations of the same rule.\r\nBefore a school can recommend a change of ', '', 'upload/new.docx', '2015-06-04 22:32:52', 'public_relation_committee'),
(60, 'For Debremarkos university Students', 'Students Who can not be disciplined in the Debremarkos university comes to discarded for example if he/she  can do conflict with his friend or if he theft others property', '', 'upload/new.docx', '2015-06-04 22:47:11', 'public_relation_committee');

-- --------------------------------------------------------

--
-- Table structure for table `cardpayment`
--

CREATE TABLE `cardpayment` (
  `id` int(11) NOT NULL,
  `firstname` varchar(50) NOT NULL,
  `fathername` varchar(50) NOT NULL,
  `responsiblity` varchar(50) NOT NULL,
  `reason` varchar(200) NOT NULL,
  `cardamount` int(11) NOT NULL,
  `date` varchar(50) NOT NULL
) ENGINE=InnoDB DEFAULT CHARSET=latin1;

--
-- Dumping data for table `cardpayment`
--

INSERT INTO `cardpayment` (`id`, `firstname`, `fathername`, `responsiblity`, `reason`, `cardamount`, `date`) VALUES
(1, 'yihenew', 'belay', 'stud', 'dfdsf', 222, '2015-03-05');

-- --------------------------------------------------------

--
-- Table structure for table `cleaverstudent`
--

CREATE TABLE `cleaverstudent` (
  `idno` varchar(40) NOT NULL,
  `firstname` varchar(40) NOT NULL,
  `fathername` varchar(40) NOT NULL,
  `gender` varchar(40) NOT NULL,
  `dept` varchar(40) NOT NULL,
  `year` varchar(30) NOT NULL,
  `grade` varchar(40) NOT NULL,
  `assignedcourse` varchar(40) NOT NULL
) ENGINE=InnoDB DEFAULT CHARSET=latin1;

--
-- Dumping data for table `cleaverstudent`
--

INSERT INTO `cleaverstudent` (`idno`, `firstname`, `fathername`, `gender`, `dept`, `year`, `grade`, `assignedcourse`) VALUES
('3', 'g', 'hhhhhhhhhhhhhh', 'Female', 'Civil Engineering', '2nd', '3.5', 'e'),
('3453453', 'dfgdfgfdgdfg', 'fgfdhd', 'Male', 'Civil Engineering', '2nd', '3.5', 'hgfhgh'),
('sdf', 'asdf', 'asdf', 'Male', 'Civil Engineering', '3rd', '', '');

-- --------------------------------------------------------

--
-- Table structure for table `club`
--

CREATE TABLE `club` (
  `id` int(11) NOT NULL,
  `club_name` varchar(200) NOT NULL,
  `block` varchar(200) NOT NULL,
  `level` int(11) NOT NULL,
  `room` int(11) NOT NULL,
  `president` varchar(20) NOT NULL,
  `presidentln` varchar(60) NOT NULL,
  `clubdate` datetime NOT NULL,
  `description` text NOT NULL
) ENGINE=InnoDB DEFAULT CHARSET=latin1;

--
-- Dumping data for table `club`
--

INSERT INTO `club` (`id`, `club_name`, `block`, `level`, `room`, `president`, `presidentln`, `clubdate`, `description`) VALUES
(1, 'Peace Club', '36', 3, 54, 'Tefer ', 'Ras', '2007-05-14 10:14:49', 'peeeeeeeeeeeeeeeeeeecccccccc'),
(2, 'Anti HIV/AIDS Club', '32', 1, 0, 'Alemu', 'Belay', '2017-03-15 17:34:59', 'ewunetu'),
(3, 'Anti couruption', '44', 0, 0, 'Tile', 'Belay', '2017-03-15 17:35:33', 'ewunetu'),
(34, 'Gender club', 'aaa', 4, 44, 'yihenew', 'belay', '2021-03-15 17:45:56', 'cvvvvvvvvvvvvvvvvvvv'),
(35, 'Geez club', 'b20', 1, 44, 'yihenew', 'Belay', '2021-03-15 17:46:39', 'geez is a language'),
(38, 'Anti. HIV/AIDS', 'b20', 2, 44, 'Alemu ', 'Belay', '2005-06-15 02:34:40', 'Anti. HIV/AIDS is meant protecting HIV/AIDS'),
(39, 'Geez', 'b20', 2, 44, 'Alemu ', 'Belay', '2005-06-15 02:35:56', 'Geez is a language that is distributed in the world'),
(40, ' Ant.Corruption', 'b20', 2, 44, 'Alemu ', 'Belay', '2005-06-15 02:37:16', ' Ant.Corruption is protecting Corruption during the person work time'),
(41, 'Know your country', 'b20', 2, 44, 'Alemu ', 'Belay', '2005-06-15 02:38:10', 'Know your country is one of the manifestation of our country'),
(42, 'Environmental protection', 'b20', 2, 44, 'Alemu ', 'Belay', '2005-06-15 02:39:16', 'Environmental protection is protecting Environment '),
(43, ' Peace Club', 'b20', 2, 44, 'Alemu ', 'Belay', '2005-06-15 02:40:31', ' Peace Club is creating smooth relation ship between individuals'),
(44, ' Minimedia and promotion', 'b20', 2, 44, 'Alemu ', 'Belay', '2005-06-15 02:41:59', ' Minimedia and promotion helps for distributing information to students in DMU'),
(45, ' Ant.Corruption', 'b20', 2, 44, 'Tilahun', 'Kebede', '2005-06-15 03:11:05', ' Ant.Corruption');

-- --------------------------------------------------------

--
-- Table structure for table `clubmember`
--

CREATE TABLE `clubmember` (
  `idno` varchar(20) NOT NULL,
  `fname` varchar(40) NOT NULL,
  `lname` varchar(40) NOT NULL,
  `rd_gen` varchar(10) NOT NULL,
  `dept` varchar(40) NOT NULL,
  `year` varchar(20) NOT NULL,
  `clubs` varchar(50) NOT NULL,
  `phone` varchar(20) NOT NULL,
  `date` varchar(20) NOT NULL
) ENGINE=InnoDB DEFAULT CHARSET=latin1;

--
-- Dumping data for table `clubmember`
--

INSERT INTO `clubmember` (`idno`, `fname`, `lname`, `rd_gen`, `dept`, `year`, `clubs`, `phone`, `date`) VALUES
('1567', 'yihenew', 'belay', 'Male', 'Civil Engineering', '3rd', 'Peace Club', '+251935481569', '2015-03-20'),
('ter/3434', 'Abebe', 'balew', 'Male', 'maths', '4th', 'Gender club', '+251935481569', '2015-03-19'),
('ter/3525/04', 'Aragaw', 'wassie', 'Male', 'Information Technology', '1st', 'Know your country', '0933366666', '2015-06-05 03:49:44'),
('ter/3545/01', 'yihenew', 'belay', 'Male', 'Construction Management', '1st', 'Anti HIV/AIDS Club', '0933366666', '2015-05-30 17:07:08'),
('ter/3545/04', 'birhanie', 'belay', 'Male', 'Physics', '3rd', 'Anti. HIV/AIDS', '0933366666', '2015-06-05 03:48:09'),
('ter/3545/040', 'yihenew', 'belay', 'Male', 'Holitculture', '1st', 'Anti HIV/AIDS Club', '0933366666', '2015-05-30 17:13:32'),
('ter/354554', 'yihenew', 'bbbb', 'Male', 'Physics', '2nd', 'Anti couruption', '09333666666', '2015-03-13');

-- --------------------------------------------------------

--
-- Table structure for table `committee`
--

CREATE TABLE `committee` (
  `id` varchar(10) NOT NULL,
  `Fname` varchar(40) NOT NULL,
  `fathername` varchar(40) NOT NULL,
  `gender` varchar(10) NOT NULL,
  `email` varchar(50) NOT NULL,
  `username` varchar(20) NOT NULL,
  `password` varchar(20) NOT NULL,
  `mobile` varchar(20) NOT NULL,
  `role` varchar(50) NOT NULL,
  `startdate` varchar(30) NOT NULL
) ENGINE=InnoDB DEFAULT CHARSET=latin1;

--
-- Dumping data for table `committee`
--

INSERT INTO `committee` (`id`, `Fname`, `fathername`, `gender`, `email`, `username`, `password`, `mobile`, `role`, `startdate`) VALUES
('1', 'yihenew', 'Abraraw', 'Male', 'abe@yahoo.com', 'ac', '1', '+251-912463569', 'accademic_committee', '24-05-2015'),
('1', 'Belachew', 'Abraraw', 'Male', 'yihenewb2005@gmail.com', 'ca', '1', '+251-918565822', 'Cafteria_Head', '12-05-2015'),
('1', 'Tilahun', 'Admasu', 'Male', 'yihenewb2005@gmail.com', 'cl', '1', '+251-918565822', 'club_president', '13-05-2015'),
('1', 'yihenew', 'belay', 'Male', 'yihenewb2005@gmail.com', 'di', '1', '+251-935481569', 'displine_committee', '12-05-2015'),
('1', 'yihenew', 'belay', 'Male', 'yihenewb2005@gmail.com', 'fi', '1', '+251-918565822', 'Finance_head', '12-05-2015'),
('1', 'Biniyam', 'Alemu', 'Male', 'bini@yahoo.com', 'ge', '1', '+251-918565822', 'General_Service_head', '19-05-2015'),
('1', 'yihenew', 'alemu', 'Male', 'yihenewb2005@gmail.com', 'pu', '1', '+251-918565822', 'public_relation_committee', '12-05-2015'),
('1', 'Yohanes', 'Alekaw', 'Male', 'yihenewb2005@gmail.com', 'sp', '1', '+251-918565822', 'special_need_committee', '13-05-2015'),
('1', 'yihenew', 'belay', 'Male', 'yihenewb2005@gmail.com', 'sport', '1', '+251-918565822', 'sport_recreation_committee', '12-05-2015'),
('1', 'yihenew', 'belay', 'Male', 'yihenewb2005@gmail.com', 'wo', '1', '+251-912463569', 'woman_affairs', '12-05-2015');

-- --------------------------------------------------------

--
-- Table structure for table `disableperson`
--

CREATE TABLE `disableperson` (
  `idno` varchar(50) NOT NULL,
  `firstname` varchar(50) NOT NULL,
  `fathername` varchar(50) NOT NULL,
  `gender` varchar(50) NOT NULL,
  `dept` varchar(50) NOT NULL,
  `year` varchar(50) NOT NULL,
  `build` varchar(40) NOT NULL,
  `dorm` varchar(40) NOT NULL,
  `problemtype` varchar(50) NOT NULL,
  `mobile` varchar(50) NOT NULL,
  `date` varchar(200) NOT NULL,
  `post` varchar(20) NOT NULL,
  `status` varchar(200) NOT NULL
) ENGINE=InnoDB DEFAULT CHARSET=latin1;

--
-- Dumping data for table `disableperson`
--

INSERT INTO `disableperson` (`idno`, `firstname`, `fathername`, `gender`, `dept`, `year`, `build`, `dorm`, `problemtype`, `mobile`, `date`, `post`, `status`) VALUES
('ter/1255/04', 'Abebech', 'Hode', 'Female', 'Mechanical Engineering', '3rd', 'b15', '44', 'hearing problem', '933366663', '29-03-15 17:29:50 PM', 'posted', 'seen'),
('TER/3125/04', 'Senayit', 'Amare', 'Female', 'Construction Management', '2nd', 'b20', '36', 'Eye Problem', '+251935481569', '2015-05-10', 'posted', 'seen'),
('ter/3212/04', 'yihenew', 'bbbb', 'Male', 'Civil Engineering', '1st', 'b721', '44', 'Eye Problem', '0933366666', '2015-05-10', 'posted', 'seen'),
('ter/3245/04', 'yihenew', 'belay', 'Male', 'Sport Science', '4th', 'b20', '36', 'Eye Problem', '+251935481569', '2015-05-26 09:55:33', 'posted', 'seen'),
('ter/3445/04', 'Abebe', 'nahom', 'Male', 'Civil Engineering', '2nd', 'b721', '36', 'Eye Problem', '0933366666', '2015-05-21', 'posted', 'seen'),
('ter/3545/04', 'Alemitu', 'Atnafu', 'Female', 'Holitculture', '1st', 'b15', '36', 'Eye Problem', '0933366666', '2015-05-10', 'posted', 'seen'),
('ter/3545ser', 'yihenew', 'belay', 'Male', 'Sport Science', '3rd', 'b20', '36', 'rtry', '+251935481569', '2015-03-17', 'posted', 'seen'),
('ter/3549/04', 'yihenew', 'belay', 'Male', 'Sport Science', '2nd', 'b15', '36', 'Eye Problem', '0933366666', '2015-06-05 05:07:43', 'unpost', 'seen');

-- --------------------------------------------------------

--
-- Table structure for table `feedback`
--

CREATE TABLE `feedback` (
  `id` int(11) NOT NULL,
  `firstname` varchar(41) NOT NULL,
  `lastname` varchar(40) NOT NULL,
  `mobile` varchar(40) NOT NULL,
  `feedback` text NOT NULL,
  `suggestsolution` text NOT NULL,
  `feedbackto` varchar(40) NOT NULL
) ENGINE=InnoDB DEFAULT CHARSET=latin1;

-- --------------------------------------------------------

--
-- Table structure for table `foodmn`
--

CREATE TABLE `foodmn` (
  `date` varchar(20) NOT NULL,
  `breakfast` varchar(50) NOT NULL,
  `lunch` varchar(500) NOT NULL,
  `dinner` varchar(500) NOT NULL
) ENGINE=InnoDB DEFAULT CHARSET=latin1;

--
-- Dumping data for table `foodmn`
--

INSERT INTO `foodmn` (`date`, `breakfast`, `lunch`, `dinner`) VALUES
('Friday', '150g bread,Engera ferefer,Tea', '150g bread,half engera,wote(messer,shiro)', 'Full engera,wote(kik,shiro):'),
('monday', '150g bread,rice,Tea', '150g bread,half engera,shiro wote', 'Full engera,meat & also potato wote'),
('Saturday', '150g bread,Tea', '150g bread,half engera,wote(messer,shiro)', 'Full engera,meat & potato wote'),
('Sunday', '150g bread,Engera ferefer,Tea', '150g bread,half engera,shiro wote', 'Full engera,wote(kik,shiro)'),
('Thursday', '150g bread,Tea', '150g bread,half engera,wote(messer,shiro)', 'Full engera,meat & potato wote'),
('Thusday', '150g bread,rice,Tea', '150g bread,half engera,shiro wote ', 'Full engera,meat & potato wote '),
('Wendsday', '150g bread,Tomato,Tea', '150g bread,half engera,wote(messer,shiro)', 'Full engera,wote(kik,shiro)');

-- --------------------------------------------------------

--
-- Table structure for table `gender`
--

CREATE TABLE `gender` (
  `ID_No` varchar(20) NOT NULL,
  `First_Name` varchar(15) NOT NULL,
  `Father_Name` varchar(15) NOT NULL,
  `Mother_Name` varchar(15) NOT NULL,
  `Departement` varchar(20) NOT NULL,
  `Mobile` varchar(15) NOT NULL,
  `Buliding_No` varchar(10) NOT NULL,
  `Dorm_No` int(5) NOT NULL,
  `Year` varchar(20) NOT NULL,
  `Case` text NOT NULL,
  `response` varchar(500) NOT NULL,
  `time` varchar(30) NOT NULL
) ENGINE=InnoDB DEFAULT CHARSET=latin1;

--
-- Dumping data for table `gender`
--

INSERT INTO `gender` (`ID_No`, `First_Name`, `Father_Name`, `Mother_Name`, `Departement`, `Mobile`, `Buliding_No`, `Dorm_No`, `Year`, `Case`, `response`, `time`) VALUES
('ter/2012/04', 'senayit', 'bahiru', 'yalem', 'Sport Science', '0933366666', 'b20', 36, '2nd', ' i would like to ask jjjjjjjjjjj			', 'please come on monday at 8:00 oclock \r\n in building 35 office no 9\r\n', '29-03-15 17:29:50 PM'),
('ter/3020/03', 'kidist', 'belay', 'yalem', 'Civil Engineering', '0935481569', 'b20', 36, '1st', 'i have fdfdfsdfd problem', 'wait', '29-03-15 17:29:50 PM'),
('ter/3225/04', 'sds', 'belay', 'birhanie', 'Civil Engineering', '0933366666', 'b15', 44, '3rd', '	dsfffffffffffffffffffffff			', 'wait', '29-03-15 17:29:50 PM'),
('ter/3515/04', 'fgfgfdgfd', 'belay', 'birhanie', 'Construction Managem', '0935481569', 'b20', 36, '4th', 'gffffffffffffffffffffffffffffffffffffffffffffffffffffffffffffffffffffffffffffffffffff				', 'wait', '29-03-15 17:29:50 PM'),
('ter/3545/01', 'Netsanet', 'anteneh', 'tigab', 'Mechanical Engineeri', '0935481569', 'b10', 44, '3rd', '	dfsssssssssssssssssssssssssssssssssffffffffffffffffff			', 'wait', '29-03-15 17:29:50 PM'),
('ter/3545/04', 'Tigist', 'Aleme', 'Enatnesh', 'Sport Science', '0933366666', 'b15', 36, '2nd', '	I have a problem of this ---------------------------------------			', 'wait', '29-03-15 17:29:50 PM');

-- --------------------------------------------------------

--
-- Table structure for table `logfile`
--

CREATE TABLE `logfile` (
  `id` int(11) NOT NULL,
  `data` varchar(100) NOT NULL,
  `action` varchar(200) NOT NULL,
  `date` varchar(50) NOT NULL,
  `user` varchar(50) NOT NULL,
  `status` varchar(50) NOT NULL
) ENGINE=InnoDB DEFAULT CHARSET=latin1;

--
-- Dumping data for table `logfile`
--

INSERT INTO `logfile` (`id`, `data`, `action`, `date`, `user`, `status`) VALUES
(1, 'yihenew Abraraw', 'Login', '2015-05-26 18:52:24', 'Union_President', 'correct login'),
(2, 'yihenew Abraraw', 'Logout', '2015-05-26 18:52:38', 'Union_President', 'sucessful logout'),
(3, 'zemed Abraraw', 'Login', '2015-05-26 18:53:01', 'admin', 'correct login'),
(4, 'zemed Abraraw', 'Logout', '2015-05-26 18:53:23', 'admin', 'sucessful logout'),
(5, 'zemed Abraraw', 'Login', '2015-05-26 18:55:57', 'admin', 'correct login'),
(6, 'yihenew', 'Login', '2015-05-26 18:56:39', 'Union_President', 'tried to login'),
(7, 'yihenew Abraraw', 'Login', '2015-05-26 18:58:36', 'Union_President', 'correct login'),
(8, 'yihenew Abraraw', 'Logout', '2015-05-26 19:15:04', 'Union_President', 'sucessful logout'),
(9, 'yihenew Abraraw', 'Login', '2015-05-26 19:15:26', 'Union_President', 'correct login'),
(10, 'yihenew Abraraw', 'Logout', '2015-05-26 19:16:04', 'Union_President', 'sucessful logout'),
(11, ' ', 'Login', '2015-05-26 19:16:32', 'displine_committee', 'correct login'),
(12, ' ', 'Login', '2015-05-26 19:24:25', 'club_president', 'correct login'),
(13, 'Tilahun Admasu', 'Logout', '2015-05-26 19:26:29', 'club_president', 'sucessful logout'),
(14, ' ', 'Login', '2015-05-26 19:26:49', 'Finance_Head', 'correct login'),
(15, ' ', 'Login', '2015-05-27 06:38:50', 'club_president', 'correct login'),
(16, 'zemed Abraraw', 'Login', '2015-05-27 06:39:44', 'admin', 'correct login'),
(17, 'temesgen', 'Login', '2015-05-27 06:40:55', 'Union_President', 'tried to login'),
(18, 'zemed Abraraw', 'Logout', '2015-05-27 07:15:21', 'admin', 'sucessful logout'),
(19, ' ', 'Login', '2015-05-27 07:19:00', 'special_need_committee', 'correct login'),
(20, 'Yohanes Alekaw', 'Logout', '2015-05-27 07:31:28', 'special_need_committee', 'sucessful logout'),
(21, 'yihenew Abraraw', 'Login', '2015-05-27 07:31:51', 'Union_President', 'correct login'),
(22, 'yihenew Abraraw', 'Logout', '2015-05-27 07:32:46', 'Union_President', 'sucessful logout'),
(23, ' ', 'Login', '2015-05-27 07:33:33', 'special_need_committee', 'correct login'),
(24, ' ', 'Login', '2015-05-27 07:43:11', 'woman_affairs', 'correct login'),
(25, 'yihenew belay', 'Logout', '2015-05-27 07:49:59', 'woman_affairs', 'sucessful logout'),
(26, ' ', 'Login', '2015-05-27 07:50:15', 'club_president', 'correct login'),
(27, 'Tilahun Admasu', 'Logout', '2015-05-27 07:50:28', 'club_president', 'sucessful logout'),
(28, ' ', 'Login', '2015-05-27 07:50:50', 'displine_committee', 'correct login'),
(29, 'zemed Abraraw', 'Login', '2015-05-30 13:50:27', 'admin', 'correct login'),
(30, 'zemed Abraraw', 'Logout', '2015-05-30 13:51:15', 'admin', 'sucessful logout'),
(31, 'yegnanew', 'Login', '2015-05-30 13:53:02', 'admin', 'tried to login'),
(32, 'zemed Abraraw', 'Login', '2015-05-30 13:53:31', 'admin', 'correct login'),
(33, 'zemed Abraraw', 'Logout', '2015-05-30 14:05:37', 'admin', 'sucessful logout'),
(34, 'zemed Abraraw', 'Login', '2015-05-30 14:06:15', 'admin', 'correct login'),
(35, 'yihenew Abraraw', 'Login', '2015-05-30 14:06:37', 'Union_President', 'correct login'),
(36, 'yihenew Abraraw', 'Logout', '2015-05-30 14:20:51', 'Union_President', 'sucessful logout'),
(37, 'yihenew Abraraw', 'Login', '2015-05-30 14:21:33', 'Union_President', 'correct login'),
(38, 'yihenew Abraraw', 'Login', '2015-05-30 14:28:31', 'Union_President', 'correct login'),
(39, 'yihenew Abraraw', 'Login', '2015-05-30 14:29:25', 'Union_President', 'correct login'),
(40, ' ', 'Login', '2015-05-30 14:46:24', 'accademic_committee', 'correct login'),
(41, 'yihenew Abraraw', 'Logout', '2015-05-30 15:28:01', 'accademic_committee', 'sucessful logout'),
(42, 'yihenew Abraraw', 'Login', '2015-05-30 15:29:01', 'Union_President', 'correct login'),
(43, 'yihenew Abraraw', 'Login', '2015-05-30 15:33:45', 'Union_President', 'correct login'),
(44, 'yihenew Abraraw', 'Logout', '2015-05-30 15:41:14', 'Union_President', 'sucessful logout'),
(45, ' ', 'Login', '2015-05-30 15:41:41', 'sport_recreation_committee', 'correct login'),
(46, 'yihenew Abraraw', 'Login', '2015-05-30 16:05:11', 'Union_President', 'correct login'),
(47, ' ', 'Login', '2015-05-30 16:12:47', 'displine_committee', 'correct login'),
(48, ' ', 'Login', '2015-05-30 16:26:58', 'sport_recreation_committee', 'correct login'),
(49, 'yihenew belay', 'Logout', '2015-05-30 16:30:09', 'sport_recreation_committee', 'sucessful logout'),
(50, ' ', 'Login', '2015-05-30 16:30:44', 'club_president', 'correct login'),
(51, 'yihenew Abraraw', 'Login', '2015-05-30 16:35:16', 'Union_President', 'correct login'),
(52, 'yihenew Abraraw', 'Logout', '2015-05-30 16:35:24', 'Union_President', 'sucessful logout'),
(53, ' ', 'Login', '2015-05-30 16:36:54', 'club_president', 'correct login'),
(54, 'yihenew Abraraw', 'Login', '2015-05-30 16:56:19', 'Union_President', 'correct login'),
(55, 'yihenew Abraraw', 'Logout', '2015-05-30 17:02:10', 'Union_President', 'sucessful logout'),
(56, ' ', 'Login', '2015-05-30 17:02:34', 'club_president', 'correct login'),
(57, 'yihenew Abraraw', 'Login', '2015-05-30 17:03:45', 'Union_President', 'correct login'),
(58, 'yihenew Abraraw', 'Logout', '2015-05-30 18:39:34', 'Union_President', 'sucessful logout'),
(59, ' ', 'Login', '2015-05-30 18:39:54', 'displine_committee', 'correct login'),
(60, 'yihenew Abraraw', 'Login', '2015-05-30 18:52:36', 'Union_President', 'correct login'),
(61, ' ', 'Login', '2015-05-31 02:56:42', 'special_need_committee', 'correct login'),
(62, 'yihenew Abraraw', 'Login', '2015-05-31 03:13:39', 'Union_President', 'correct login'),
(63, 'Yohanes Alekaw', 'Logout', '2015-05-31 03:18:50', 'special_need_committee', 'sucessful logout'),
(64, ' ', 'Login', '2015-05-31 03:20:30', 'public_relation_committee', 'correct login'),
(65, 'yihenew alemu', 'Logout', '2015-05-31 03:27:36', 'public_relation_committee', 'sucessful logout'),
(66, 'admin', 'Login', '2015-05-31 03:59:40', 'admin', 'tried to login'),
(67, 'admin', 'Login', '2015-05-31 03:59:57', 'admin', 'tried to login'),
(68, 'admin', 'Login', '2015-05-31 04:00:45', 'admin', 'tried to login'),
(69, 'zemed Abraraw', 'Login', '2015-05-31 04:01:16', 'admin', 'correct login'),
(70, 'yihenew', 'Login', '2015-05-31 04:01:59', 'Union_President', 'tried to login'),
(71, 'zemed Abraraw', 'Logout', '2015-05-31 04:04:09', 'admin', 'sucessful logout'),
(72, 'zemed Abraraw', 'Login', '2015-05-31 04:05:00', 'admin', 'correct login'),
(73, 'zemed Abraraw', 'Logout', '2015-05-31 04:12:08', 'admin', 'sucessful logout'),
(74, ' ', 'Login', '2015-05-31 04:13:57', 'displine_committee', 'correct login'),
(75, 'yihenew belay', 'Logout', '2015-05-31 04:19:56', 'displine_committee', 'sucessful logout'),
(76, 'specialneed', 'Login', '2015-05-31 04:21:31', 'special_need_committee', 'tried to login'),
(77, 'specialneed', 'Login', '2015-05-31 04:21:49', 'special_need_committee', 'tried to login'),
(78, 'yihenew Abraraw', 'Login', '2015-05-31 04:22:10', 'Union_President', 'correct login'),
(79, ' ', 'Login', '2015-05-31 04:22:33', 'special_need_committee', 'correct login'),
(80, 'Yohanes Alekaw', 'Logout', '2015-05-31 04:25:04', 'special_need_committee', 'sucessful logout'),
(81, ' ', 'Login', '2015-05-31 04:42:23', 'public_relation_committee', 'correct login'),
(82, 'yihenew alemu', 'Logout', '2015-05-31 04:57:23', 'public_relation_committee', 'sucessful logout'),
(83, ' ', 'Login', '2015-05-31 04:57:37', 'special_need_committee', 'correct login'),
(84, 'Yohanes Alekaw', 'Logout', '2015-05-31 05:06:25', 'special_need_committee', 'sucessful logout'),
(85, 'finance', 'Login', '2015-05-31 05:07:15', 'Finance_Head', 'tried to login'),
(86, 'finance', 'Login', '2015-05-31 05:07:27', 'Finance_Head', 'tried to login'),
(87, 'finance', 'Login', '2015-05-31 05:07:44', 'Finance_Head', 'tried to login'),
(88, 'yihenew Abraraw', 'Login', '2015-05-31 05:08:05', 'Union_President', 'correct login'),
(89, ' ', 'Login', '2015-05-31 05:08:40', 'Finance_Head', 'correct login'),
(90, 'yihenew belay', 'Logout', '2015-05-31 05:15:34', 'Finance_head', 'sucessful logout'),
(91, ' ', 'Login', '2015-05-31 05:15:51', 'Cafteria_Head', 'correct login'),
(92, ' ', 'Login', '2015-05-31 05:24:52', 'Cafteria_Head', 'correct login'),
(93, 'Belachew Abraraw', 'Logout', '2015-05-31 05:25:28', 'Cafteria_Head', 'sucessful logout'),
(94, ' ', 'Login', '2015-05-31 05:25:45', 'General_Service_head', 'correct login'),
(95, 'Biniyam Alemu', 'Logout', '2015-05-31 05:31:49', 'General_Service_head', 'sucessful logout'),
(96, ' ', 'Login', '2015-05-31 05:32:08', 'woman_affairs', 'correct login'),
(97, 'yihenew belay', 'Logout', '2015-05-31 05:40:53', 'woman_affairs', 'sucessful logout'),
(98, ' ', 'Login', '2015-05-31 05:41:20', 'club_president', 'correct login'),
(99, 'Tilahun Admasu', 'Logout', '2015-05-31 05:42:21', 'club_president', 'sucessful logout'),
(100, ' ', 'Login', '2015-05-31 05:45:17', 'displine_committee', 'correct login'),
(101, ' ', 'Login', '2015-05-31 07:38:52', 'special_need_committee', 'correct login'),
(102, 'zemed Abraraw', 'Login', '2015-05-31 10:05:11', 'admin', 'correct login'),
(103, 'yihenew Abraraw', 'Deleted Committee', '2015-05-31 10:07:56', 'Admin', ''),
(104, 'zemed Abraraw', 'Logout', '2015-05-31 10:37:05', 'admin', 'sucessful logout'),
(105, 'union', 'Login', '2015-05-31 10:37:20', 'Union_President', 'tried to login'),
(106, 'union', 'Login', '2015-05-31 10:37:34', 'Union_President', 'tried to login'),
(107, 'tom mekonen', 'Login', '2015-05-31 10:39:10', 'Union_President', 'correct login'),
(108, 'tom mekonen', 'Logout', '2015-05-31 10:47:43', 'Union_President', 'sucessful logout'),
(109, ' ', 'Login', '2015-05-31 13:22:43', 'displine_committee', 'correct login'),
(110, 'specialneed', 'Login', '2015-05-31 13:29:56', 'special_need_committee', 'tried to login'),
(111, ' ', 'Login', '2015-05-31 13:30:06', 'special_need_committee', 'correct login'),
(112, 'Yohanes Alekaw', 'Logout', '2015-05-31 13:31:09', 'special_need_committee', 'sucessful logout'),
(113, ' ', 'Login', '2015-05-31 13:31:28', 'displine_committee', 'correct login'),
(114, 'yihenew belay', 'Logout', '2015-05-31 13:33:32', 'displine_committee', 'sucessful logout'),
(115, ' ', 'Login', '2015-05-31 13:34:02', 'sport_recreation_committee', 'correct login'),
(116, 'yihenew belay', 'Logout', '2015-05-31 13:36:20', 'sport_recreation_committee', 'sucessful logout'),
(117, 'academic', 'Login', '2015-05-31 13:36:43', 'accademic_committee', 'tried to login'),
(118, 'academic', 'Login', '2015-05-31 13:36:56', 'accademic_committee', 'tried to login'),
(119, 'academic', 'Login', '2015-05-31 13:37:15', 'accademic_committee', 'tried to login'),
(120, ' ', 'Login', '2015-05-31 13:38:42', 'accademic_committee', 'correct login'),
(121, 'yihenew Abraraw', 'Logout', '2015-05-31 13:39:42', 'accademic_committee', 'sucessful logout'),
(122, ' ', 'Login', '2015-05-31 13:51:30', 'displine_committee', 'correct login'),
(123, ' ', 'Login', '2015-05-31 15:28:28', 'displine_committee', 'correct login'),
(124, ' ', 'Login', '2015-05-31 15:58:02', 'special_need_committee', 'correct login'),
(125, 'Yohanes Alekaw', 'Logout', '2015-05-31 16:00:26', 'special_need_committee', 'sucessful logout'),
(126, ' ', 'Login', '2015-05-31 16:01:02', 'displine_committee', 'correct login'),
(127, 'yihenew belay', 'Logout', '2015-05-31 16:12:44', 'displine_committee', 'sucessful logout'),
(128, ' ', 'Login', '2015-05-31 16:13:02', 'sport_recreation_committee', 'correct login'),
(129, 'yihenew belay', 'Logout', '2015-05-31 16:14:27', 'sport_recreation_committee', 'sucessful logout'),
(130, ' ', 'Login', '2015-05-31 16:14:47', 'accademic_committee', 'correct login'),
(131, 'yihenew Abraraw', 'Logout', '2015-05-31 16:47:13', 'accademic_committee', 'sucessful logout'),
(132, 'specialneed', 'Login', '2015-05-31 16:47:37', 'special_need_committee', 'tried to login'),
(133, ' ', 'Login', '2015-05-31 16:48:27', 'special_need_committee', 'correct login'),
(134, 'Yohanes Alekaw', 'Logout', '2015-05-31 16:49:56', 'special_need_committee', 'sucessful logout'),
(135, 'tom mekonen', 'Login', '2015-06-03 13:03:03', 'Union_President', 'correct login'),
(136, 'tom mekonen', 'Logout', '2015-06-03 13:12:32', 'Union_President', 'sucessful logout'),
(137, 'zemed Abraraw', 'Login', '2015-06-03 13:13:51', 'admin', 'correct login'),
(138, ' ', 'Login', '2015-06-05 03:31:01', 'club_president', 'correct login'),
(139, ' ', 'Login', '2015-06-05 04:34:34', 'club_president', 'correct login'),
(140, 'Tilahun Admasu', 'Logout', '2015-06-05 05:08:37', 'club_president', 'sucessful logout'),
(141, ' ', 'Login', '2015-06-05 05:09:02', 'special_need_committee', 'correct login'),
(142, ' ', 'Login', '2015-06-04 14:39:58', 'displine_committee', 'correct login'),
(143, ' ', 'Login', '2015-06-04 14:40:50', 'displine_committee', 'correct login'),
(144, 'tom mekonen', 'Login', '2015-06-04 15:43:59', 'Union_President', 'correct login'),
(145, 'tom mekonen', 'Logout', '2015-06-04 16:24:17', 'Union_President', 'sucessful logout'),
(146, 'discipiline', 'Login', '2015-06-04 16:45:29', 'displine_committee', 'tried to login'),
(147, ' ', 'Login', '2015-06-04 16:45:55', 'displine_committee', 'correct login'),
(148, 'tom mekonen', 'Login', '2015-06-04 16:46:43', 'Union_President', 'correct login'),
(149, 'tom mekonen', 'Login', '2015-06-04 19:49:18', 'Union_President', 'correct login'),
(150, 'zemed Abraraw', 'Login', '2015-06-04 20:47:25', 'admin', 'correct login'),
(151, 'zemed Abraraw', 'Logout', '2015-06-04 21:26:44', 'admin', 'sucessful logout'),
(152, ' ', 'Login', '2015-06-04 21:41:18', 'special_need_committee', 'correct login'),
(153, ' ', 'Login', '2015-06-04 21:58:24', 'woman_affairs', 'correct login'),
(154, 'yihenew belay', 'Logout', '2015-06-04 21:58:42', 'woman_affairs', 'sucessful logout'),
(155, ' ', 'Login', '2015-06-04 21:59:00', 'public_relation_committee', 'correct login'),
(156, 'tom mekonen', 'Login', '2015-06-04 22:09:41', 'Union_President', 'correct login'),
(157, ' ', 'Login', '2015-06-04 22:19:46', 'special_need_committee', 'correct login'),
(158, 'Yohanes Alekaw', 'Logout', '2015-06-04 22:21:26', 'special_need_committee', 'sucessful logout'),
(159, ' ', 'Login', '2015-06-04 22:21:41', 'accademic_committee', 'correct login'),
(160, 'yihenew Abraraw', 'Logout', '2015-06-04 22:21:56', 'accademic_committee', 'sucessful logout'),
(161, ' ', 'Login', '2015-06-04 22:22:15', 'public_relation_committee', 'correct login'),
(162, 'yihenew alemu', 'Logout', '2015-06-04 22:28:09', 'public_relation_committee', 'sucessful logout'),
(163, ' ', 'Login', '2015-06-04 22:28:28', 'displine_committee', 'correct login'),
(164, 'yihenew belay', 'Logout', '2015-06-04 22:30:38', 'displine_committee', 'sucessful logout'),
(165, ' ', 'Login', '2015-06-04 22:31:30', 'public_relation_committee', 'correct login'),
(166, 'cf', 'Login', '2015-06-04 22:58:56', 'Cafteria_Head', 'tried to login'),
(167, 'ca', 'Login', '2015-06-04 22:59:22', 'Cafteria_Head', 'tried to login'),
(168, ' ', 'Login', '2015-06-04 22:59:53', 'Cafteria_Head', 'correct login'),
(169, 'Belachew Abraraw', 'Logout', '2015-06-04 23:09:57', 'Cafteria_Head', 'sucessful logout'),
(170, ' ', 'Login', '2015-06-04 23:18:30', 'special_need_committee', 'correct login'),
(171, 'Yohanes Alekaw', 'Logout', '2015-06-04 23:27:09', 'special_need_committee', 'sucessful logout'),
(172, ' ', 'Login', '2015-06-04 23:27:31', 'displine_committee', 'correct login'),
(173, 'yihenew belay', 'Logout', '2015-06-04 23:34:28', 'displine_committee', 'sucessful logout'),
(174, ' ', 'Login', '2015-06-04 23:34:44', 'special_need_committee', 'correct login'),
(175, 'Yohanes Alekaw', 'Logout', '2015-06-04 23:43:19', 'special_need_committee', 'sucessful logout'),
(176, ' ', 'Login', '2015-06-04 23:54:04', 'Cafteria_Head', 'correct login'),
(177, 'Belachew Abraraw', 'Logout', '2015-06-05 00:05:39', 'Cafteria_Head', 'sucessful logout'),
(178, ' ', 'Login', '2015-06-05 00:05:55', 'displine_committee', 'correct login'),
(179, 'yihenew belay', 'Logout', '2015-06-05 00:21:40', 'displine_committee', 'sucessful logout'),
(180, ' ', 'Login', '2015-06-05 00:22:04', 'displine_committee', 'correct login'),
(181, 'yihenew belay', 'Logout', '2015-06-05 00:25:03', 'displine_committee', 'sucessful logout'),
(182, ' ', 'Login', '2015-06-05 00:33:24', 'special_need_committee', 'correct login'),
(183, 'Yohanes Alekaw', 'Logout', '2015-06-05 00:37:51', 'special_need_committee', 'sucessful logout'),
(184, ' ', 'Login', '2015-06-05 00:38:18', 'public_relation_committee', 'correct login'),
(185, 'yihenew alemu', 'Logout', '2015-06-05 00:48:15', 'public_relation_committee', 'sucessful logout'),
(186, ' ', 'Login', '2015-06-05 00:48:46', 'public_relation_committee', 'correct login'),
(187, ' ', 'Login', '2015-06-05 01:00:48', 'General_Service_head', 'correct login'),
(188, 'Biniyam Alemu', 'Logout', '2015-06-05 01:13:03', 'General_Service_head', 'sucessful logout'),
(189, ' ', 'Login', '2015-06-05 01:13:45', 'Cafteria_Head', 'correct login'),
(190, 'Belachew Abraraw', 'Logout', '2015-06-05 01:18:32', 'Cafteria_Head', 'sucessful logout'),
(191, ' ', 'Login', '2015-06-05 01:22:37', 'club_president', 'correct login'),
(192, 'Tilahun Admasu', 'Logout', '2015-06-05 01:24:04', 'club_president', 'sucessful logout'),
(193, ' ', 'Login', '2015-06-05 15:58:03', 'special_need_committee', 'correct login'),
(194, 'Yohanes Alekaw', 'Logout', '2015-06-05 15:58:49', 'special_need_committee', 'sucessful logout'),
(195, ' ', 'Login', '2015-06-05 19:33:44', 'Finance_Head', 'correct login'),
(196, 'zemed Abraraw', 'Login', '2015-06-05 20:59:15', 'admin', 'correct login'),
(197, 'zemed Abraraw', 'Logout', '2015-06-05 21:07:21', 'admin', 'sucessful logout'),
(198, 'tom mekonen', 'Login', '2015-06-05 21:07:48', 'Union_President', 'correct login'),
(199, 'tom mekonen', 'Logout', '2015-06-05 21:12:10', 'Union_President', 'sucessful logout'),
(200, ' ', 'Login', '2015-06-05 21:38:15', 'displine_committee', 'correct login'),
(201, 'yihenew belay', 'Logout', '2015-06-05 21:41:42', 'displine_committee', 'sucessful logout'),
(202, ' ', 'Login', '2015-06-05 21:41:59', 'special_need_committee', 'correct login'),
(203, 'Yohanes Alekaw', 'Logout', '2015-06-05 21:43:28', 'special_need_committee', 'sucessful logout'),
(204, 'zemed Abraraw', 'Login', '2015-06-05 21:44:02', 'admin', 'correct login'),
(205, ' ', 'Login', '2015-06-05 22:09:08', 'special_need_committee', 'correct login'),
(206, ' ', 'Login', '2015-06-05 23:22:39', 'special_need_committee', 'correct login'),
(207, ' ', 'Login', '2015-06-06 00:27:17', 'special_need_committee', 'correct login'),
(208, 'Yohanes Alekaw', 'Logout', '2015-06-06 00:46:18', 'special_need_committee', 'sucessful logout'),
(209, ' ', 'Login', '2015-06-06 00:46:46', 'displine_committee', 'correct login'),
(210, ' ', 'Login', '2015-06-06 00:57:22', 'displine_committee', 'correct login'),
(211, 'yihenew belay', 'Logout', '2015-06-06 01:40:47', 'displine_committee', 'sucessful logout'),
(212, 'zemed Abraraw', 'Login', '2015-06-06 08:46:32', 'admin', 'correct login'),
(213, 'zemed Abraraw', 'Logout', '2015-06-06 08:47:55', 'admin', 'sucessful logout'),
(214, 'tom mekonen', 'Login', '2015-06-06 08:48:17', 'Union_President', 'correct login'),
(215, 'tom mekonen', 'Logout', '2015-06-06 08:49:17', 'Union_President', 'sucessful logout'),
(216, ' ', 'Login', '2015-06-06 08:49:40', 'displine_committee', 'correct login'),
(217, 'yihenew belay', 'Logout', '2015-06-06 08:50:34', 'displine_committee', 'sucessful logout'),
(218, ' ', 'Login', '2015-06-06 08:50:47', 'special_need_committee', 'correct login'),
(219, 'Yohanes Alekaw', 'Logout', '2015-06-06 08:51:50', 'special_need_committee', 'sucessful logout'),
(220, 'zemed Abraraw', 'Login', '2015-06-06 09:20:58', 'admin', 'correct login'),
(221, 'zemed Abraraw', 'Logout', '2015-06-06 09:22:11', 'admin', 'sucessful logout'),
(222, 'tom mekonen', 'Login', '2015-06-06 09:22:43', 'Union_President', 'correct login'),
(223, 'tom mekonen', 'Logout', '2015-06-06 09:24:05', 'Union_President', 'sucessful logout'),
(224, ' ', 'Login', '2015-06-06 09:24:48', 'displine_committee', 'correct login'),
(225, 'yihenew belay', 'Logout', '2015-06-06 09:26:35', 'displine_committee', 'sucessful logout'),
(226, 'zemed Abraraw', 'Login', '2015-06-06 10:47:46', 'admin', 'correct login');

-- --------------------------------------------------------

--
-- Table structure for table `message`
--

CREATE TABLE `message` (
  `id` int(11) NOT NULL,
  `toto` varchar(50) NOT NULL,
  `from` varchar(50) NOT NULL,
  `subject` varchar(50) NOT NULL,
  `message` text NOT NULL,
  `time` varchar(20) NOT NULL
) ENGINE=InnoDB DEFAULT CHARSET=latin1;

--
-- Dumping data for table `message`
--

INSERT INTO `message` (`id`, `toto`, `from`, `subject`, `message`, `time`) VALUES
(9, 'admin', 'club_president', 'sssssss', 'hgfhfhfgh', '29-03-15 16:53:40 PM'),
(10, 'admin', 'club_president', 'club report', 'I will like to ask queation about club budget', '29-03-15 16:54:27 PM'),
(11, 'Students', 'admin', 'Message to students of dmu', 'The debre Markos university students union can communicate with students to solve the existed problem and to achive education goals.utyutyutudfggggggggggggggggggggggggcgfdhfffffffffffffffffffffffffffffffffffffffffffffftre\ntttttttttttttttttttttttttttttttttttttt\nttttttttttfssdfgssssssssssssssssssss\nsssssssssssssssss\nsssssssssssssssssssssssssssssssssssssscgggg ', '29-03-15 17:29:50 PM'),
(15, 'admin', 'displine_committee', 'fgfgfd', 'fgddddddddddddddddddddddddd', '30-04-15 13:29:26 PM'),
(18, 'Cafteria_Head', 'General_Service_head', 'hi', 'this is fgdgdgggggggggg', '30-04-15 14:01:09 PM'),
(21, 'woman_affairs', 'Cafteria_Head', 'gfgffffffffffffffff', 'fggggggggggggggggggggggggggg', '30-04-15 14:40:26 PM'),
(24, 'Union_President', 'admin', 'about system ', 'your system is being hack please take care', '2015-05-26 16:40:25'),
(25, 'Union_President', 'admin', 'warnning', 'Please keep your system secure because intruder can try to login to the system', '2015-05-26 18:58:10'),
(26, 'Union_President', 'admin', 'Hi tilahun', 'Yenganew  can try to login to your system please secure your system', '2015-05-30 14:05:04'),
(27, 'accademic_committee', 'admin', 'aaaaaaaaaaaaa', 'hihi', '15-05-30 13:32:33 PM'),
(29, 'Union_President', 'accademic_committee', 'yeeeeeeeeee', 'gfdgdgfdg', '2015-05-30 15:15:22'),
(30, 'accademic_committee', 'admin', 'sdafaaaaaaaaaaaaaaaaaaa', 'dsgggggggggggggggggggg', '15-05-30 14:16:34 PM'),
(31, 'accademic_committee', 'admin', 'aaaaaaaaaaa', 'bbbbbbbbbb', '15-05-30 14:19:02 PM'),
(32, 'accademic_committee', 'admin', 'nnnnnnnnnnnn', 'naaaaaaaaaa', '15-05-30 14:21:12 PM'),
(33, 'accademic_committee', 'admin', 'dddddddddddddd', 'dddddddddddd', '2015-05-30 15:22:58'),
(34, 'accademic_committee', 'Union_President', 'gfdfgggg', 'hggggggg', '2015-05-30 15:23:59'),
(35, 'Students', 'Union_President', 'hi student ', 'sdgdgdfg', '2015-05-30 15:29:26'),
(36, 'Students', 'Union_President', 'jfgkdf', 'fdgfdg', '2015-05-30 15:31:02'),
(37, 'Students', 'Union_President', 'To Students of debre markos university', 'Considering all the above factors, analysis and evaluation of business have been made and finally mobile telephone product processing enterprise is selected.\r\nThe project consists in producing mobile telephone in Debre Markos town. The plan will be able to supply mobile telephone to the customer in Debre Markos and other regions of our country and also export to other countries.   \r\nBased on the above requirement, we can produce different size of mobile telephone near by the industry to get money by sealing our product to different company and coustomer when the shortage of the mobile telephone will present. Mobile telephone will be produced efficiently in difference size based on the required of the customer loads to fulfill the satisfaction of the customer.\r\n', '2015-05-30 15:39:04'),
(39, 'sport_recreation_committee', 'Union_President', 'gfgfg', 'bcvvvvvvvv', '2015-05-30 16:06:08'),
(40, 'Union_President', 'club_president', 'club report', 'bvbccccccccc', '2015-05-30 16:55:50'),
(42, 'club_president', 'displine_committee', 'dasd', 'nnnnnnnnnnnnnnnnnnnuuuuuuuuuuuuuu', '30-05-15 16:14:14 PM'),
(43, 'Union_President', 'displine_committee', 'test', 'test 123 123', '30-05-15 17:35:40 PM'),
(44, 'Union_President', 'displine_committee', 'test', 'test 123 123', '30-05-15 17:36:46 PM'),
(45, 'Union_President', 'displine_committee', 'try 123', 'nnnnnnnnn', '30-05-15 17:37:17 PM'),
(47, 'Union_President', 'Union_President', 'test ', 'test 123', '2015-05-30 18:52:12'),
(48, 'displine_committee', 'Union_President', 'test', 'rrrrrrrrrrrrrrrrrrrrr', '2015-05-30 18:53:08'),
(51, 'Union_President', 'public_relation_committee', 'advfd', 'dfdsf', '2015-05-31 04:54:27'),
(52, 'Cafteria_Head', 'accademic_committee', 'club report', 'kl', '2015-05-31 16:18:31'),
(53, 'Union_President', 'club_president', 'About Anti. HIV/AIDS ', 'How can get the mony for the group of Anti. HIV/AIDS members', '2015-06-05 03:45:45'),
(54, 'Students', 'Union_President', 'Office of the President For Student Union ', 'Debre Markos University (DMU) is entrusted with the missions of teaching, research and community services. Accomplishing these responsibilities demanded hung financial and human capital. However, financial resource allocated by the Federal Government to the University is not sufficient to undertake desired activities so as to accomplish the missions of the University. Therefore, the University has established the Business and Development support process to devise efficient and effective income generating system that addresses the resource need of the University. Hence, the office of the vice president for Business and Development in its part will play pivotal role to make DMU the world class University by the year 2030.\r\nCurrently, the Vice president for Business and Development is organized in the following three directorates in order to undertake business and development activities.\r\nDirectorate for Production Related business activities: include revenue to be generated from different production activities (production and processing units).\r\nDirectorate for Service Related business activities: include revenue to be generated trough the provision of goods and services (consultancy and trainings).\r\nDirectorate for Continuing Education Program: include revenue to be generated from extension, summer, distance, as well as correspondence education.\r\nThe vice president for Business and Development is responsible to:\r\nServe as a chief advisor to the president in areas of business and development\r\nCoaches all business and development activities in the University\r\nOversee the implementation of business and development policies in the university\r\nEvaluate and approve business and development strategies of the university\r\nPrepare business and development guidelines and directives\r\nFacilitate business and development collaborations\r\nApprove, allocate and oversee funds related to business and development activities\r\nIntegrate educational and research activities to income generation and vice versa\r\nEstablish systems of efficient resource utilization culture in the university\r\nInitiate, coordinate and support the establishment of enterprises (income generating firms) by the university\r\nFollow up the quality of services provided by the directorates under the VPBD\r\nOrganize teams that could develop university wide income generating projects\r\nHandles media briefings related to activities of the process\r\nEndorse and sign different Memorandum of Understanding with concerned partners.\r\nAdvertise the capacity of the university in providing services in terms of the available staff members and infrastructure\r\nPerforms any other duty as deemed necessary.', '2015-06-04 22:13:11');

-- --------------------------------------------------------

--
-- Table structure for table `moneyforclub`
--

CREATE TABLE `moneyforclub` (
  `id` int(11) NOT NULL,
  `clubpresident` varchar(40) NOT NULL,
  `responsibility` varchar(50) NOT NULL,
  `reason` varchar(60) NOT NULL,
  `amountofmoney` varchar(50) NOT NULL
) ENGINE=InnoDB DEFAULT CHARSET=latin1;

--
-- Dumping data for table `moneyforclub`
--

INSERT INTO `moneyforclub` (`id`, `clubpresident`, `responsibility`, `reason`, `amountofmoney`) VALUES
(1, 'Tilahun nure', 'leading Anti HIV AIDS club', 'To communicate with other university of  Anti HIV/AIDS club', '2000'),
(2, 'Yeshambel Adera', 'leading Anti Couruption club', 'To present ?Anti Corruption plans to other university', '2000');

-- --------------------------------------------------------

--
-- Table structure for table `news`
--

CREATE TABLE `news` (
  `id` int(11) NOT NULL,
  `topic` varchar(100) NOT NULL,
  `description` varchar(300) NOT NULL,
  `url` varchar(500) NOT NULL,
  `from` varchar(50) NOT NULL,
  `time` varchar(30) NOT NULL
) ENGINE=InnoDB DEFAULT CHARSET=latin1;

--
-- Dumping data for table `news`
--

INSERT INTO `news` (`id`, `topic`, `description`, `url`, `from`, `time`) VALUES
(6, 'Debre Markos University Burie campus celebrates the 4th years of the Grand Ethiopian Renaissance Dam', 'Debre Markos University Burie campus celebrates the 4th years of the Grand Ethiopian Renaissance Dam Colorfully by Dr. Tilaye Getie, Debre Markos University president delivering opening speech', 'uploads/7.jpg', 'public_relation_committee', '01-05-15 08:25:48 AM'),
(7, 'this is about sport', 'dssssssssssssssssssss', 'uploads/10.jpg', 'public_relation_committee', '01-05-15 16:09:41 PM'),
(8, 'This is about sport ', 'This spot is held between information technology vs water engineering. Result:IT(3) vs Water Engineering(2)', 'uploads/20141116_115627.jpg', 'public_relation_committee', '01-05-15 16:15:41 PM');

-- --------------------------------------------------------

--
-- Table structure for table `nonhelperstud`
--

CREATE TABLE `nonhelperstud` (
  `idno` varchar(40) NOT NULL,
  `fname` varchar(40) NOT NULL,
  `fathername` varchar(40) NOT NULL,
  `sex` varchar(40) NOT NULL,
  `dept` varchar(40) NOT NULL,
  `year` varchar(40) NOT NULL,
  `case` text NOT NULL,
  `evidence` varchar(200) NOT NULL,
  `mobile` varchar(40) NOT NULL,
  `status` varchar(30) NOT NULL
) ENGINE=InnoDB DEFAULT CHARSET=latin1;

--
-- Dumping data for table `nonhelperstud`
--

INSERT INTO `nonhelperstud` (`idno`, `fname`, `fathername`, `sex`, `dept`, `year`, `case`, `evidence`, `mobile`, `status`) VALUES
('ter/3135/04', 'Gerima', 'Serawit', 'male', 'Information Technology', '3rd', 'I have no helper due to absence of my family ,So I want to get any help from Debremarkos University', 'uploads/picture194.jpg', '+251935481569', 'seen'),
('ter/3145/01', 'Neberu', 'Semaneh', 'male', 'Electrical Engineering', '2nd', 'I have no helper due to absence of my family ,So I want to get any help from Debremarkos University', 'uploads/picture194.jpg', '+251935481569', 'seen'),
('ter/3345/04', 'Serawit', 'Melaku', 'male', 'Construction Management', '3rd', 'I have no helper due to absence of my family ,So I want to get any help from Debremarkos University', 'uploads/picture194.jpg', '+251935481569', 'seen'),
('ter/3452/04', 'Nakachew', 'Alelegn', 'male', 'Construction Management', '2nd', 'I have no helper due to absence of my family ,So I want to get any help from Debremarkos University', 'uploads/picture194.jpg', '+251935481569', 'seen'),
('ter/3523/04', 'Tigist', 'Kebede', 'female', 'Mechanical Engineering', '3rd', 'I have no helper due to absence of my family ,So I want to get any help from Debremarkos University', 'uploads/picture194.jpg', '+251935481569', 'seen'),
('ter/3645/04', 'yihenew', 'belay', 'male', 'Information Technology', '2nd', 'Due to Absence of help', 'uploads/picture194.jpg', '+251935481569', 'seen');

-- --------------------------------------------------------

--
-- Table structure for table `posts`
--

CREATE TABLE `posts` (
  `post_id` int(8) NOT NULL,
  `Name` text NOT NULL,
  `fname` varchar(50) NOT NULL,
  `email` text NOT NULL,
  `content` text NOT NULL,
  `date` datetime NOT NULL,
  `committee` varchar(50) NOT NULL
) ENGINE=InnoDB DEFAULT CHARSET=latin1;

--
-- Dumping data for table `posts`
--

INSERT INTO `posts` (`post_id`, `Name`, `fname`, `email`, `content`, `date`, `committee`) VALUES
(27, 'yihenew belay', '', 'yihenewb2005@yahoo.com', 'ssssssssssssssss', '2015-05-30 16:28:06', 'sport_recreation_committee'),
(28, 'yihenew belay', '', 'yihenewb2005@yahoo.com', 'nnnnnnnnnnnnnn', '2015-05-30 16:31:37', 'club_president'),
(29, 'belay', '', 'yihenewb2005@yahoo.com', 'try 123', '2015-05-31 08:05:47', 'special_need_committee'),
(30, 'yihenew ', 'belay', 'yihenewb2005@gmail.com', 'try321', '2015-05-31 08:07:00', 'special_need_committee'),
(31, 'yihenew ', 'Belete', 'yihenewb2005@yahoo.com', 'it is good work continue as such', '2015-06-05 05:01:50', 'special_need_committee'),
(32, 'yihenew ', 'yihenew', 'yihenewb2005@yahoo.com', 'It is nice work for the time being', '2015-06-05 05:03:31', 'displine_committee'),
(33, 'yihenew ', 'Belete', 'yihenewb2005@yahoo.com', 'You are active in your work but there is some problems in helping All Selfadmin students\r\nplease try to accept based on the given evidence', '2015-06-04 23:39:39', 'special_need_committee');

-- --------------------------------------------------------

--
-- Table structure for table `prevuser`
--

CREATE TABLE `prevuser` (
  `id` int(11) NOT NULL,
  `fname` varchar(50) NOT NULL,
  `fathername` varchar(50) NOT NULL,
  `gender` varchar(10) NOT NULL,
  `email` varchar(50) NOT NULL,
  `username` varchar(50) NOT NULL,
  `mobile` varchar(30) NOT NULL,
  `role` varchar(50) NOT NULL,
  `startdate` varchar(50) NOT NULL,
  `enddate` varchar(30) NOT NULL
) ENGINE=InnoDB DEFAULT CHARSET=latin1;

--
-- Dumping data for table `prevuser`
--

INSERT INTO `prevuser` (`id`, `fname`, `fathername`, `gender`, `email`, `username`, `mobile`, `role`, `startdate`, `enddate`) VALUES
(82, 'Asheber', 'kelkay', 'Male', 'asheber@gmail.com', 'sport', '+251-935481569', 'sport_recreation_committee', '12-01-2015', '12-05-2015'),
(83, 'yihenew', 'belay', 'Male', 'yihenewb2005@gmail.com', 'specialneed', '+251-093548156', 'special_need_committee', '12-05-2015', '13-05-2015'),
(84, 'yihenew', 'Abraraw', 'Male', 'yihenewb2005@gmail.com', 'rr', '+251-932451654', 'special_need_committee', '13-05-2015', '13-05-2015'),
(85, 'yihenew', 'Abraraw', 'Male', 'abe@yahoo.com', 'club', '+251-918565822', 'club_president', '13-05-2015', '13-05-2015'),
(86, 'yihenew', 'Abraraw', 'Male', 'yyyyyy@yahoo.com', 'yihenew', '+251-918565822', 'General_Service_head', '13-05-2015', '13-05-2015'),
(87, 'yihenew', 'belay', 'Male', 'yihenewb2005@gmail.com', 'service', '+251-918565822', 'General_Service_head', '12-05-2015', '13-05-2015'),
(88, 'hayimanot', 'bitew', 'Male', 'hayimanot@yahoo.com', 'hayimanot', '+251-918565822', 'Cafteria_Head', '23-05-2015', '23-05-2015'),
(89, 'aaaaa', 'bbbbbbbbbb', 'Female', 'aaaaa@yahoo.com', 'aaaaaaaaaaaa', '+251-921454748', 'Finance_head', '24-05-2015', '24-05-2015'),
(90, 'gggggggggggg', 'gggggggggg', 'Male', 'yyyyyy@yahoo.com', 'uuuuuuu', '+251-935481569', 'General_Service_head', '24-05-2015', '24-05-2015');

-- --------------------------------------------------------

--
-- Table structure for table `question`
--

CREATE TABLE `question` (
  `msg_id` int(11) NOT NULL,
  `Topic` text,
  `Department` text,
  `AskedBy` text,
  `fname` varchar(50) NOT NULL,
  `email` varchar(200) NOT NULL,
  `Date` datetime DEFAULT NULL,
  `role` varchar(50) NOT NULL,
  `status` varchar(90) NOT NULL
) ENGINE=MyISAM DEFAULT CHARSET=latin1;

--
-- Dumping data for table `question`
--

INSERT INTO `question` (`msg_id`, `Topic`, `Department`, `AskedBy`, `fname`, `email`, `Date`, `role`, `status`) VALUES
(6, 'There is Breakfast Problem please try to make it solved.', 'Information Technology', 'Mulatu ', 'Gebeyaw', '143a4ever@gmail.com', '2006-05-14 10:50:17', 'Cafteria_Head', 'seen'),
(7, 'Water is not Full functionally delivered', 'Water Engineering', 'Mulatu ', 'Gebeyaw', '143a4ever@gmail.com', '2006-05-14 10:51:56', 'General_Service_head', 'seen'),
(13, 'teaching and learning process is not held properly', 'Information Technology', 'yihenew ', 'belay', 'yihe@yahoo.com', '2029-03-15 17:29:50', 'accademic_committee', 'unseen'),
(21, 'Water is not sufficently distributed please inform about shortage of water in the university to assined bodies ', 'Information Technology', 'yihenew', 'belay', 'yihenewb@yahoo.com', '2015-06-05 03:28:08', 'General_Service_head', 'seen'),
(22, 'The light is not working properly in building 30 how can solve such problem', 'Information Technology', 'yihenew', 'belay', 'belay@gmail.com', '2015-06-04 23:46:34', 'General_Service_head', 'unseen'),
(23, 'What are the rule and regulation to be disciplined in the university ', 'Information Technology', 'yihenew', 'belay', 'yihenewb@yahoo.com', '2015-06-05 00:05:10', 'displine_committee', 'seen'),
(24, 'How can I get you to communicate with my problem ', 'Information Technology', 'yihenew', 'belay', 'yihenewb@yahoo.com', '2015-06-05 00:24:08', 'displine_committee', 'unseen'),
(25, 'how I can gate help  from university because i have not parents?', 'NARM', 'temsegen', 'moknn', 'belay@ggg.ggg', '2015-06-05 00:29:17', 'special_need_committee', 'seen'),
(26, 'IS there any help from student union i am disable student', 'Holitculture', 'temsegen', 'Kebede', 'abe@gmail.com', '2015-06-05 00:33:02', 'special_need_committee', 'unseen'),
(27, 'why breakfast bared size decrease? ', 'Biology', 'habtam', 'yadama', 'yadama@gamil.com', '2015-06-05 00:56:20', 'Cafteria_Head', 'unseen'),
(28, ' canI take lunch to dormitory during fast day?', 'Information Technology', 'habtam', 'yadama', 'yadama@gamil.com', '2015-06-05 01:00:20', 'Cafteria_Head', 'seen');

-- --------------------------------------------------------

--
-- Table structure for table `rejectedstud`
--

CREATE TABLE `rejectedstud` (
  `idno` varchar(40) NOT NULL,
  `fname` varchar(40) NOT NULL,
  `fathername` varchar(40) NOT NULL,
  `sex` varchar(10) NOT NULL,
  `dept` varchar(40) NOT NULL,
  `year` varchar(40) NOT NULL,
  `case` varchar(200) NOT NULL,
  `evidence` varchar(200) NOT NULL,
  `mobile` varchar(20) NOT NULL
) ENGINE=InnoDB DEFAULT CHARSET=latin1;

--
-- Dumping data for table `rejectedstud`
--

INSERT INTO `rejectedstud` (`idno`, `fname`, `fathername`, `sex`, `dept`, `year`, `case`, `evidence`, `mobile`) VALUES
('ter/3517/04', 'Girmaw', 'Belete', 'male', 'Electrical Engineering', '2nd', 'I have no helper due to absence of my family ,So I want to get any help from Debremarkos University', 'uploads/picture194.jpg', '+251935481569'),
('ter/351804', 'Bogale', 'Besenebt', 'male', 'Civil Engineering', '2nd', 'I have no helper due to absence of my family ,So I want to get any help from Debremarkos University', 'uploads/picture194.jpg', '+251935481569'),
('ter/3519/04', 'Anteneh', 'Wale', 'male', 'Electrical Engineering', '3rd', 'I have no helper due to absence of my family ,So I want to get any help from Debremarkos University', 'uploads/picture194.jpg', '+251935481569'),
('ter/3545/04', 'yihenew', 'belay', 'male', 'Information Technology', '3rd', 'I have a problem of finance to learn it is difficult for the expense of material', 'uploads/picture194.jpg', '+251935481569');

-- --------------------------------------------------------

--
-- Table structure for table `role`
--

CREATE TABLE `role` (
  `id` int(11) NOT NULL,
  `role` varchar(100) NOT NULL,
  `type` varchar(30) NOT NULL
) ENGINE=InnoDB DEFAULT CHARSET=latin1;

--
-- Dumping data for table `role`
--

INSERT INTO `role` (`id`, `role`, `type`) VALUES
(1, 'accademic_committee', '0'),
(2, 'Cafteria_Head', '0'),
(3, 'club_president', '0'),
(4, 'displine_committee', '0'),
(5, 'Finance_head', '0'),
(6, 'public_relation_committee', '0'),
(7, 'General_Service_head', '0'),
(8, 'special_need_committee', '0'),
(9, 'sport_recreation_committee', '0'),
(10, 'woman_affairs', '0'),
(11, 'admin', '1'),
(12, 'Union_President', '1'),
(13, 'Election_board_president', '1');

-- --------------------------------------------------------

--
-- Table structure for table `rule`
--

CREATE TABLE `rule` (
  `id` int(11) NOT NULL,
  `description` text NOT NULL,
  `postedby` varchar(20) NOT NULL,
  `date` datetime NOT NULL
) ENGINE=InnoDB DEFAULT CHARSET=latin1;

--
-- Dumping data for table `rule`
--

INSERT INTO `rule` (`id`, `description`, `postedby`, `date`) VALUES
(1, 'Dont Wash your clothe near cafterias', 'Cafteria_Head', '2007-05-14 10:27:04'),
(34, 'Any member of Anti. HIV/AIDS club should give 7 birr for the Anti. HIV/AIDS ', 'club_president', '2015-06-05 03:47:05'),
(35, 'Return servicse and nekial  after using', 'Foodcommitteehome', '2004-06-15 22:03:38'),
(36, 'Do not wash hand in side cafeteria', 'Foodcommitteehome', '2004-06-15 22:05:27'),
(37, 'Follow cultural hair style of Ethiopian ', 'Foodcommitteehome', '2004-06-15 22:09:33'),
(39, 'TO All DebreMarkos University Students Any student should not do non discipline activity like conflicting with his friend and other students ', 'displine_committee', '2004-06-15 22:30:21');

-- --------------------------------------------------------

--
-- Table structure for table `sport`
--

CREATE TABLE `sport` (
  `idno` varchar(50) NOT NULL,
  `fname` varchar(50) NOT NULL,
  `lname` varchar(50) NOT NULL,
  `rd_gen` varchar(50) NOT NULL,
  `dept` varchar(50) NOT NULL,
  `year` varchar(30) NOT NULL,
  `clubs` varchar(50) NOT NULL,
  `phone` varchar(20) NOT NULL,
  `date` varchar(20) NOT NULL
) ENGINE=InnoDB DEFAULT CHARSET=latin1;

--
-- Dumping data for table `sport`
--

INSERT INTO `sport` (`idno`, `fname`, `lname`, `rd_gen`, `dept`, `year`, `clubs`, `phone`, `date`) VALUES
('324234', 'yihenew', 'belay', 'Male', 'Construction Management', '1st', 'Football', '0933366666', '2015-05-30 16:20:45'),
('ter/3445/01', 'yihenew', 'belay', 'Male', 'Electrical Engineering', '4th', 'Football', '0933366666', '2015-04-02'),
('ter/3445/04', 'Abebe', 'Alekaw', 'Male', 'Electrical Engineering', '2nd', 'Football', '0933366666', '2015-03-12'),
('ter/3545/01', 'yihenew', 'belay', 'Male', 'Information Technology', '1st', 'Vollyball', '0933366666', '2015-03-25'),
('ter/3545/03', 'yihenew', 'dsfsdf', 'Male', 'Electrical Engineering', '3rd', 'Gymnastics', '0933366666', '2015-03-25'),
('ter/3545/04', 'yihenew', 'belay', 'Male', 'Stattistics', '4th', 'teakwondow', '0933366666', '2015-03-05');

-- --------------------------------------------------------

--
-- Table structure for table `sportschedule`
--

CREATE TABLE `sportschedule` (
  `id` int(11) NOT NULL,
  `dept` varchar(50) NOT NULL,
  `club` varchar(50) NOT NULL,
  `location` varchar(70) NOT NULL,
  `date` varchar(20) NOT NULL,
  `time` varchar(20) NOT NULL
) ENGINE=InnoDB DEFAULT CHARSET=latin1;

--
-- Dumping data for table `sportschedule`
--

INSERT INTO `sportschedule` (`id`, `dept`, `club`, `location`, `date`, `time`) VALUES
(25, 'Water Engineering VS Water Engineering', 'Football', 'wuseta', '2015-03-19', '08:10:14'),
(26, 'Civil Engineering VS Civil Engineering', 'Football', 'wuseta', '2015-03-12', '02:11:10'),
(27, 'Electrical Engineering VS Electrical Engineering', 'Football', 'wuseta', '2015-03-12', '04:10:14'),
(28, 'Mathimatics VS Mathimatics', 'Football', 'wuseta', '2015-03-12', '08:17:11'),
(29, 'Civil Engineering VS Civil Engineering', 'Gymnastics', 'wuseta', '2015-05-07', '11:16:14'),
(30, 'Civil Engineering VS Civil Engineering', 'Gymnastics', 'wuseta', '2015-05-07', '11:16:14'),
(31, 'Electrical Engineering VS Electrical Engineering', 'Football', 'wuseta', '2015/05/06', '01:17:14');

-- --------------------------------------------------------

--
-- Table structure for table `studentcretivity`
--

CREATE TABLE `studentcretivity` (
  `idno` varchar(40) NOT NULL,
  `firstname` varchar(40) NOT NULL,
  `fathername` varchar(40) NOT NULL,
  `gender` varchar(40) NOT NULL,
  `dept` varchar(40) NOT NULL,
  `year` varchar(40) NOT NULL,
  `cretivity` varchar(80) NOT NULL,
  `mobile` varchar(20) NOT NULL
) ENGINE=InnoDB DEFAULT CHARSET=latin1;

--
-- Dumping data for table `studentcretivity`
--

INSERT INTO `studentcretivity` (`idno`, `firstname`, `fathername`, `gender`, `dept`, `year`, `cretivity`, `mobile`) VALUES
('1', 'yihenew', 'bbbb', 'male', 'Construction Management', '3rd', '+251935481569', 'sdf'),
('13', 'yihenew', 'belay', 'female', 'Civil Engineering', '2nd', 'cxcx', '+251935481569'),
('jdskfs', 'fnsdfks', 'fgdfg', 'female', 'Mathimatics', '2nd', 'fgdfgd', '0933366666'),
('ter/3545', 'yihenew', 'belay', '', 'Civil Engineering', '2nd', '+251935481569', '');

-- --------------------------------------------------------

--
-- Table structure for table `sugession`
--

CREATE TABLE `sugession` (
  `com_id` int(11) NOT NULL,
  `sugessions` text,
  `username` text,
  `date` datetime DEFAULT NULL,
  `msg_id_fk` int(11) DEFAULT NULL
) ENGINE=MyISAM DEFAULT CHARSET=latin1;

--
-- Dumping data for table `sugession`
--

INSERT INTO `sugession` (`com_id`, `sugessions`, `username`, `date`, `msg_id_fk`) VALUES
(37, 'Yes You can', 'Food_service_committee', '2015-06-05 01:16:54', 28),
(36, 'Because of budget', 'Food_service_committee', '2015-06-05 01:14:35', 27),
(34, 'Technicians are gone to A.A just wait until they return back', 'General service committee', '2015-06-05 01:06:14', 22),
(33, 'yes you can submit you personal information with idno', 'special_need_committee', '2015-06-05 00:34:31', 26),
(32, 'just wait ', 'displine_committee', '2004-06-15 23:16:20', 23),
(31, 'It will posted in announcement site of student union until that you should not confilict with other ', 'displine_committee', '2004-06-15 23:13:35', 23),
(30, 'This is a condition for the university managment it will solve to the future.', 'Food_service_committee', '2004-06-15 22:56:02', 6);

-- --------------------------------------------------------

--
-- Table structure for table `transportation`
--

CREATE TABLE `transportation` (
  `id` int(11) NOT NULL,
  `firstname` varchar(50) NOT NULL,
  `fathername` varchar(50) NOT NULL,
  `workplace` varchar(50) NOT NULL,
  `dailyallowance` varchar(50) NOT NULL,
  `waitingday` int(50) NOT NULL,
  `totalallowance` varchar(50) NOT NULL,
  `transport` varchar(50) NOT NULL,
  `totalpayement` varchar(50) NOT NULL,
  `date` varchar(50) NOT NULL
) ENGINE=InnoDB DEFAULT CHARSET=latin1;

--
-- Dumping data for table `transportation`
--

INSERT INTO `transportation` (`id`, `firstname`, `fathername`, `workplace`, `dailyallowance`, `waitingday`, `totalallowance`, `transport`, `totalpayement`, `date`) VALUES
(1, 'yihenew', 'belay', 'Addis ababa', '50', 3, '150', '200', '350', '2015-05-07'),
(3, 'Belete', 'Mitiku', 'BDU', '60', 5, '300', '200', '500', '2015-05-08');

-- --------------------------------------------------------

--
-- Table structure for table `tv`
--

CREATE TABLE `tv` (
  `id` int(11) NOT NULL,
  `bid` varchar(20) NOT NULL,
  `serviced` varchar(20) NOT NULL,
  `notserviced` varchar(20) NOT NULL,
  `absent` varchar(20) NOT NULL,
  `reason` varchar(20) NOT NULL
) ENGINE=InnoDB DEFAULT CHARSET=latin1;

--
-- Dumping data for table `tv`
--

INSERT INTO `tv` (`id`, `bid`, `serviced`, `notserviced`, `absent`, `reason`) VALUES
(1, '01', '10', 'ff', 'ff', 'fffffffff'),
(2, '', 'f', 'f', 'g', 'g'),
(3, '619', 'yihenew', 'belay', 'dsfdsdfsdf', 'xcsds'),
(4, '02', '10', '4', '0', 'cfcfcccccccccccccccc'),
(5, '02', '10', '2', '1', 'xcvvvvvvvvvvvv\r\ncvvv');

-- --------------------------------------------------------

--
-- Table structure for table `witnessaceptance`
--

CREATE TABLE `witnessaceptance` (
  `idno` varchar(50) NOT NULL,
  `lname` varchar(100) NOT NULL,
  `cfname` varchar(100) NOT NULL,
  `aname` varchar(110) NOT NULL,
  `alname` varchar(100) NOT NULL,
  `rd_gen` varchar(100) NOT NULL,
  `dept` varchar(50) NOT NULL,
  `year` varchar(50) NOT NULL,
  `case` varchar(500) NOT NULL,
  `idno1` varchar(100) NOT NULL,
  `w1name` varchar(50) NOT NULL,
  `fw1name` varchar(100) NOT NULL,
  `res1` varchar(200) NOT NULL,
  `idno2` varchar(50) NOT NULL,
  `w2name` varchar(50) NOT NULL,
  `fw2name` varchar(50) NOT NULL,
  `res2` varchar(200) NOT NULL,
  `idno3` varchar(50) NOT NULL,
  `w3name` varchar(100) NOT NULL,
  `fw3name` varchar(50) NOT NULL,
  `res3` varchar(200) NOT NULL,
  `date` varchar(110) NOT NULL
) ENGINE=InnoDB DEFAULT CHARSET=latin1;

--
-- Dumping data for table `witnessaceptance`
--

INSERT INTO `witnessaceptance` (`idno`, `lname`, `cfname`, `aname`, `alname`, `rd_gen`, `dept`, `year`, `case`, `idno1`, `w1name`, `fw1name`, `res1`, `idno2`, `w2name`, `fw2name`, `res2`, `idno3`, `w3name`, `fw3name`, `res3`, `date`) VALUES
('ter/3542/04', 'Haregu', 'Geza', 'Yihenew', 'Anmaw', 'Male', 'Water Engineering', '2nd', 'Theft of cloth from looker', 'ter/3511/04', 'Senbetu', 'Abebe', ' Theft of cloth from looker', 'ter/3443/05', 'Nargi', 'Desalegn', 'Theft of cloth from looker ', 'ter/3221/02', 'Habte', 'kefe', ' Theft of cloth from looker', '2015-06-06 01:27:29'),
('ter/3545', 'Belay', 'Benalf', 'Yegnanew', 'Belay', 'Male', 'Sport Science', '2nd', 'Conflict with other friend', 'ter/2345/02', 'Aragaw', 'Wonde', 'Conflict with other friend', 'ter/2541/03', 'Adamu', 'Denekew', 'Conflict with other friend', 'ter/3672/05', 'Selemon', 'Gebeyehu', 'Conflict with other friend', '2015-05-31 14:38:15'),
('ter/3545/04', 'Gashaw', 'Tilahun', 'yihenew', 'belay', 'Male', 'Information Technology', '3rd', 'He hits his friend', 'ter/3526/04', 'Amare', 'Wagaw', 'He hits his friend ', 'ter/4443/05', 'Semon', 'Kelkay', 'He hits his friend ', 'ter/4526/07', 'Asnake', 'Degu', ' He hits his friend', '2015-06-06 01:11:52'),
('ter/3745/04', 'Kebede', 'Bogale', 'Nagios', 'Zelalem', 'Male', 'Electrical Engineering', '3rd', 'Conflict with his teacher named by Asnake Kefie', 'ter/3546/04', 'Senbetu', 'Abebe', 'He is actually not right, he made a mistake, he can hit his friends ', 'ter/4673/05', 'kelkay', 'belete', ' He is actually not right, he made a mistake, he can hit his friends ', 'ter/4566/07', 'kahilu', 'Selomon', ' He is actually not right, he made a mistake, he can hit his friends ', '2015-06-06 01:08:02');

--
-- Indexes for dumped tables
--

--
-- Indexes for table `acceptedstud`
--
ALTER TABLE `acceptedstud`
  ADD PRIMARY KEY (`idno`);

--
-- Indexes for table `acceptstud`
--
ALTER TABLE `acceptstud`
  ADD PRIMARY KEY (`idno`),
  ADD KEY `id1` (`date`);

--
-- Indexes for table `accusedstud`
--
ALTER TABLE `accusedstud`
  ADD PRIMARY KEY (`idno`);

--
-- Indexes for table `accusedstudent`
--
ALTER TABLE `accusedstudent`
  ADD PRIMARY KEY (`id`),
  ADD UNIQUE KEY `idno` (`idno`),
  ADD KEY `idno_2` (`idno`);

--
-- Indexes for table `admin`
--
ALTER TABLE `admin`
  ADD PRIMARY KEY (`id`),
  ADD KEY `id` (`id`);

--
-- Indexes for table `announcement`
--
ALTER TABLE `announcement`
  ADD PRIMARY KEY (`id`),
  ADD KEY `id` (`id`);

--
-- Indexes for table `cardpayment`
--
ALTER TABLE `cardpayment`
  ADD PRIMARY KEY (`id`);

--
-- Indexes for table `cleaverstudent`
--
ALTER TABLE `cleaverstudent`
  ADD PRIMARY KEY (`idno`);

--
-- Indexes for table `club`
--
ALTER TABLE `club`
  ADD PRIMARY KEY (`id`);

--
-- Indexes for table `clubmember`
--
ALTER TABLE `clubmember`
  ADD PRIMARY KEY (`idno`);

--
-- Indexes for table `committee`
--
ALTER TABLE `committee`
  ADD PRIMARY KEY (`username`),
  ADD KEY `id` (`username`,`id`);

--
-- Indexes for table `disableperson`
--
ALTER TABLE `disableperson`
  ADD PRIMARY KEY (`idno`);

--
-- Indexes for table `feedback`
--
ALTER TABLE `feedback`
  ADD PRIMARY KEY (`id`);

--
-- Indexes for table `foodmn`
--
ALTER TABLE `foodmn`
  ADD PRIMARY KEY (`date`);

--
-- Indexes for table `gender`
--
ALTER TABLE `gender`
  ADD PRIMARY KEY (`ID_No`);

--
-- Indexes for table `logfile`
--
ALTER TABLE `logfile`
  ADD PRIMARY KEY (`id`);

--
-- Indexes for table `message`
--
ALTER TABLE `message`
  ADD PRIMARY KEY (`id`);

--
-- Indexes for table `moneyforclub`
--
ALTER TABLE `moneyforclub`
  ADD PRIMARY KEY (`id`);

--
-- Indexes for table `news`
--
ALTER TABLE `news`
  ADD PRIMARY KEY (`id`);

--
-- Indexes for table `nonhelperstud`
--
ALTER TABLE `nonhelperstud`
  ADD PRIMARY KEY (`idno`);

--
-- Indexes for table `posts`
--
ALTER TABLE `posts`
  ADD PRIMARY KEY (`post_id`);

--
-- Indexes for table `prevuser`
--
ALTER TABLE `prevuser`
  ADD PRIMARY KEY (`id`);

--
-- Indexes for table `question`
--
ALTER TABLE `question`
  ADD PRIMARY KEY (`msg_id`);

--
-- Indexes for table `rejectedstud`
--
ALTER TABLE `rejectedstud`
  ADD PRIMARY KEY (`idno`);

--
-- Indexes for table `role`
--
ALTER TABLE `role`
  ADD PRIMARY KEY (`id`);

--
-- Indexes for table `rule`
--
ALTER TABLE `rule`
  ADD PRIMARY KEY (`id`);

--
-- Indexes for table `sport`
--
ALTER TABLE `sport`
  ADD PRIMARY KEY (`idno`);

--
-- Indexes for table `sportschedule`
--
ALTER TABLE `sportschedule`
  ADD PRIMARY KEY (`id`);

--
-- Indexes for table `studentcretivity`
--
ALTER TABLE `studentcretivity`
  ADD PRIMARY KEY (`idno`);

--
-- Indexes for table `sugession`
--
ALTER TABLE `sugession`
  ADD PRIMARY KEY (`com_id`),
  ADD KEY `msg_id_fk` (`msg_id_fk`);

--
-- Indexes for table `transportation`
--
ALTER TABLE `transportation`
  ADD PRIMARY KEY (`id`);

--
-- Indexes for table `tv`
--
ALTER TABLE `tv`
  ADD PRIMARY KEY (`id`);

--
-- Indexes for table `witnessaceptance`
--
ALTER TABLE `witnessaceptance`
  ADD PRIMARY KEY (`idno`);

--
-- AUTO_INCREMENT for dumped tables
--

--
-- AUTO_INCREMENT for table `accusedstudent`
--
ALTER TABLE `accusedstudent`
  MODIFY `id` int(11) NOT NULL AUTO_INCREMENT, AUTO_INCREMENT=6;
--
-- AUTO_INCREMENT for table `admin`
--
ALTER TABLE `admin`
  MODIFY `id` int(11) NOT NULL AUTO_INCREMENT, AUTO_INCREMENT=11;
--
-- AUTO_INCREMENT for table `announcement`
--
ALTER TABLE `announcement`
  MODIFY `id` int(11) NOT NULL AUTO_INCREMENT, AUTO_INCREMENT=61;
--
-- AUTO_INCREMENT for table `cardpayment`
--
ALTER TABLE `cardpayment`
  MODIFY `id` int(11) NOT NULL AUTO_INCREMENT, AUTO_INCREMENT=2;
--
-- AUTO_INCREMENT for table `club`
--
ALTER TABLE `club`
  MODIFY `id` int(11) NOT NULL AUTO_INCREMENT, AUTO_INCREMENT=46;
--
-- AUTO_INCREMENT for table `feedback`
--
ALTER TABLE `feedback`
  MODIFY `id` int(11) NOT NULL AUTO_INCREMENT;
--
-- AUTO_INCREMENT for table `logfile`
--
ALTER TABLE `logfile`
  MODIFY `id` int(11) NOT NULL AUTO_INCREMENT, AUTO_INCREMENT=227;
--
-- AUTO_INCREMENT for table `message`
--
ALTER TABLE `message`
  MODIFY `id` int(11) NOT NULL AUTO_INCREMENT, AUTO_INCREMENT=55;
--
-- AUTO_INCREMENT for table `moneyforclub`
--
ALTER TABLE `moneyforclub`
  MODIFY `id` int(11) NOT NULL AUTO_INCREMENT, AUTO_INCREMENT=3;
--
-- AUTO_INCREMENT for table `news`
--
ALTER TABLE `news`
  MODIFY `id` int(11) NOT NULL AUTO_INCREMENT, AUTO_INCREMENT=9;
--
-- AUTO_INCREMENT for table `posts`
--
ALTER TABLE `posts`
  MODIFY `post_id` int(8) NOT NULL AUTO_INCREMENT, AUTO_INCREMENT=34;
--
-- AUTO_INCREMENT for table `prevuser`
--
ALTER TABLE `prevuser`
  MODIFY `id` int(11) NOT NULL AUTO_INCREMENT, AUTO_INCREMENT=91;
--
-- AUTO_INCREMENT for table `question`
--
ALTER TABLE `question`
  MODIFY `msg_id` int(11) NOT NULL AUTO_INCREMENT, AUTO_INCREMENT=32;
--
-- AUTO_INCREMENT for table `role`
--
ALTER TABLE `role`
  MODIFY `id` int(11) NOT NULL AUTO_INCREMENT, AUTO_INCREMENT=14;
--
-- AUTO_INCREMENT for table `rule`
--
ALTER TABLE `rule`
  MODIFY `id` int(11) NOT NULL AUTO_INCREMENT, AUTO_INCREMENT=40;
--
-- AUTO_INCREMENT for table `sportschedule`
--
ALTER TABLE `sportschedule`
  MODIFY `id` int(11) NOT NULL AUTO_INCREMENT, AUTO_INCREMENT=32;
--
-- AUTO_INCREMENT for table `sugession`
--
ALTER TABLE `sugession`
  MODIFY `com_id` int(11) NOT NULL AUTO_INCREMENT, AUTO_INCREMENT=39;
--
-- AUTO_INCREMENT for table `transportation`
--
ALTER TABLE `transportation`
  MODIFY `id` int(11) NOT NULL AUTO_INCREMENT, AUTO_INCREMENT=4;
--
-- AUTO_INCREMENT for table `tv`
--
ALTER TABLE `tv`
  MODIFY `id` int(11) NOT NULL AUTO_INCREMENT, AUTO_INCREMENT=6;
--
-- Constraints for dumped tables
--

--
-- Constraints for table `accusedstudent`
--
ALTER TABLE `accusedstudent`
  ADD CONSTRAINT `accusedstudent_ibfk_1` FOREIGN KEY (`idno`) REFERENCES `witnessaceptance` (`idno`);
--
-- Database: `users`
--
CREATE DATABASE IF NOT EXISTS `users` DEFAULT CHARACTER SET latin1 COLLATE latin1_swedish_ci;
USE `users`;

-- --------------------------------------------------------

--
-- Table structure for table `information`
--

CREATE TABLE `information` (
  `ID` int(3) NOT NULL,
  `firstname` varchar(50) NOT NULL,
  `lastname` varchar(50) NOT NULL,
  `email` varchar(50) NOT NULL,
  `phonenumber` varchar(15) NOT NULL
) ENGINE=MyISAM DEFAULT CHARSET=latin1;

--
-- Dumping data for table `information`
--

INSERT INTO `information` (`ID`, `firstname`, `lastname`, `email`, `phonenumber`) VALUES
(1, 'John', 'Doe', 'johnDoe@yahoo.com', '235-25445'),
(2, 'Jane', 'Doe', 'janeDoe@yahoo.com', '586-3542'),
(3, 'Ben', 'Tung', 'ben_Tung@gmail.com', '567-9024'),
(4, 'Maybeline', 'Avon', 'avonMaybe@gmail.com', '123-3552'),
(5, 'John', 'Lemon', 'lemon@yahoo.com', '987-2351'),
(6, 'Johnny', 'Walker', 'walker@gmail.com', '456-23579');

--
-- Indexes for dumped tables
--

--
-- Indexes for table `information`
--
ALTER TABLE `information`
  ADD PRIMARY KEY (`ID`);

--
-- AUTO_INCREMENT for dumped tables
--

--
-- AUTO_INCREMENT for table `information`
--
ALTER TABLE `information`
  MODIFY `ID` int(3) NOT NULL AUTO_INCREMENT, AUTO_INCREMENT=7;--
-- Database: `waterbilling`
--
CREATE DATABASE IF NOT EXISTS `waterbilling` DEFAULT CHARACTER SET latin1 COLLATE latin1_swedish_ci;
USE `waterbilling`;

-- --------------------------------------------------------

--
-- Table structure for table `bill`
--

CREATE TABLE `bill` (
  `id` int(10) NOT NULL,
  `owners_id` int(10) NOT NULL,
  `prev` varchar(20) NOT NULL,
  `pres` varchar(20) NOT NULL,
  `price` varchar(20) NOT NULL,
  `date` varchar(20) NOT NULL
) ENGINE=MyISAM DEFAULT CHARSET=latin1;

--
-- Dumping data for table `bill`
--

INSERT INTO `bill` (`id`, `owners_id`, `prev`, `pres`, `price`, `date`) VALUES
(1, 1, '56', '78', '10', '16/02/04 03:28:20'),
(2, 1, '78', '67', '10', '16/02/04 03:42:03'),
(3, 1, '67', '67', '0', '16/02/04 03:52:51'),
(4, 1, '67', '80', '130', '16/02/04 03:53:44'),
(5, 1, '80', '100', '200', '16/02/04 03:54:19'),
(6, 1, '100', '500', '4000', '16/02/04 08:15:33'),
(7, 1, '500', '', '-5000', '16/11/18 07:00:10');

-- --------------------------------------------------------

--
-- Table structure for table `owners`
--

CREATE TABLE `owners` (
  `id` int(10) NOT NULL,
  `lname` varchar(60) NOT NULL,
  `fname` varchar(60) NOT NULL,
  `mi` varchar(2) NOT NULL,
  `address` varchar(60) NOT NULL,
  `contact` varchar(15) NOT NULL
) ENGINE=MyISAM DEFAULT CHARSET=latin1;

--
-- Dumping data for table `owners`
--

INSERT INTO `owners` (`id`, `lname`, `fname`, `mi`, `address`, `contact`) VALUES
(1, 'Eda', 'kimei', '90', 'Mbinga', '0654100235');

-- --------------------------------------------------------

--
-- Table structure for table `tempo_bill`
--

CREATE TABLE `tempo_bill` (
  `id` int(11) NOT NULL,
  `Prev` varchar(40) NOT NULL,
  `Client` varchar(30) NOT NULL
) ENGINE=InnoDB DEFAULT CHARSET=latin1;

--
-- Dumping data for table `tempo_bill`
--

INSERT INTO `tempo_bill` (`id`, `Prev`, `Client`) VALUES
(1, '', 'kimei');

-- --------------------------------------------------------

--
-- Table structure for table `user`
--

CREATE TABLE `user` (
  `id` int(10) NOT NULL,
  `username` varchar(50) NOT NULL,
  `password` varchar(60) NOT NULL,
  `name` varchar(60) NOT NULL
) ENGINE=MyISAM DEFAULT CHARSET=latin1;

--
-- Dumping data for table `user`
--

INSERT INTO `user` (`id`, `username`, `password`, `name`) VALUES
(4, 'Eddy ', 'o', 'Edgar  Komba');

-- --------------------------------------------------------

--
-- Table structure for table `user_levels`
--

CREATE TABLE `user_levels` (
  `id` int(11) NOT NULL,
  `username` varchar(20) NOT NULL,
  `password` varchar(20) NOT NULL,
  `userlevel` varchar(20) NOT NULL
) ENGINE=MyISAM DEFAULT CHARSET=latin1;

--
-- Dumping data for table `user_levels`
--

INSERT INTO `user_levels` (`id`, `username`, `password`, `userlevel`) VALUES
(1, 'user1', 'user1', '1'),
(2, 'user2', 'user2', '2'),
(3, 'user3', 'user3', '3'),
(4, 'user4', 'user4', '4');

--
-- Indexes for dumped tables
--

--
-- Indexes for table `bill`
--
ALTER TABLE `bill`
  ADD PRIMARY KEY (`id`);

--
-- Indexes for table `owners`
--
ALTER TABLE `owners`
  ADD PRIMARY KEY (`id`);

--
-- Indexes for table `tempo_bill`
--
ALTER TABLE `tempo_bill`
  ADD PRIMARY KEY (`id`);

--
-- Indexes for table `user`
--
ALTER TABLE `user`
  ADD PRIMARY KEY (`id`);

--
-- Indexes for table `user_levels`
--
ALTER TABLE `user_levels`
  ADD PRIMARY KEY (`id`);

--
-- AUTO_INCREMENT for dumped tables
--

--
-- AUTO_INCREMENT for table `bill`
--
ALTER TABLE `bill`
  MODIFY `id` int(10) NOT NULL AUTO_INCREMENT, AUTO_INCREMENT=8;
--
-- AUTO_INCREMENT for table `owners`
--
ALTER TABLE `owners`
  MODIFY `id` int(10) NOT NULL AUTO_INCREMENT, AUTO_INCREMENT=2;
--
-- AUTO_INCREMENT for table `tempo_bill`
--
ALTER TABLE `tempo_bill`
  MODIFY `id` int(11) NOT NULL AUTO_INCREMENT, AUTO_INCREMENT=2;
--
-- AUTO_INCREMENT for table `user`
--
ALTER TABLE `user`
  MODIFY `id` int(10) NOT NULL AUTO_INCREMENT, AUTO_INCREMENT=8;
--
-- AUTO_INCREMENT for table `user_levels`
--
ALTER TABLE `user_levels`
  MODIFY `id` int(11) NOT NULL AUTO_INCREMENT, AUTO_INCREMENT=5;
/*!40101 SET CHARACTER_SET_CLIENT=@OLD_CHARACTER_SET_CLIENT */;
/*!40101 SET CHARACTER_SET_RESULTS=@OLD_CHARACTER_SET_RESULTS */;
/*!40101 SET COLLATION_CONNECTION=@OLD_COLLATION_CONNECTION */;
